ISO-10303-21;
HEADER;
FILE_DESCRIPTION (( 'STEP AP214' ),
    '1' );
FILE_NAME ('MagneticEncoder_AS5600.STEP',
    '2024-08-05T02:42:20',
    ( '' ),
    ( '' ),
    'SwSTEP 2.0',
    'SolidWorks 2022',
    '' );
FILE_SCHEMA (( 'AUTOMOTIVE_DESIGN' ));
ENDSEC;

DATA;
#1 = EDGE_CURVE ( 'NONE', #9775, #1356, #8313, .T. ) ;
#2 = MECHANICAL_DESIGN_GEOMETRIC_PRESENTATION_REPRESENTATION (  '', ( #5331 ), #6418 ) ;
#3 = CARTESIAN_POINT ( 'NONE',  ( -2.000000000000000888, 2.500000000000002220, -11.50000000000000000 ) ) ;
#4 = DIRECTION ( 'NONE',  ( 0.7071067811865511255, 0.000000000000000000, -0.7071067811865440200 ) ) ;
#5 = PRESENTATION_STYLE_ASSIGNMENT (( #6733 ) ) ;
#6 = ORIENTED_EDGE ( 'NONE', *, *, #5323, .T. ) ;
#7 = MECHANICAL_DESIGN_GEOMETRIC_PRESENTATION_REPRESENTATION (  '', ( #4086 ), #4434 ) ;
#8 = AXIS2_PLACEMENT_3D ( 'NONE', #8208, #4894, #4998 ) ;
#9 = EDGE_CURVE ( 'NONE', #10005, #1399, #6334, .T. ) ;
#10 = EDGE_CURVE ( 'NONE', #1690, #10044, #6386, .T. ) ;
#11 = CARTESIAN_POINT ( 'NONE',  ( -8.000000000000007105, 0.000000000000000000, 8.000000000000007105 ) ) ;
#12 = VERTEX_POINT ( 'NONE', #5487 ) ;
#13 = LINE ( 'NONE', #7886, #9528 ) ;
#14 = DIRECTION ( 'NONE',  ( -0.000000000000000000, -1.000000000000000000, -0.000000000000000000 ) ) ;
#15 = PRESENTATION_STYLE_ASSIGNMENT (( #3345 ) ) ;
#16 =( LENGTH_UNIT ( ) NAMED_UNIT ( * ) SI_UNIT ( .MILLI., .METRE. ) );
#17 = ORIENTED_EDGE ( 'NONE', *, *, #10768, .T. ) ;
#18 = PLANE ( 'NONE',  #4065 ) ;
#19 = DIRECTION ( 'NONE',  ( 0.7071067811865485719, 0.000000000000000000, -0.7071067811865465735 ) ) ;
#20 = CARTESIAN_POINT ( 'NONE',  ( 7.769999999999999574, -2.399999999999999911, 2.530000000000002025 ) ) ;
#21 = ORIENTED_EDGE ( 'NONE', *, *, #7519, .T. ) ;
#22 = DIRECTION ( 'NONE',  ( 0.7071067811865484609, -0.7071067811865466846, 0.000000000000000000 ) ) ;
#23 = EDGE_CURVE ( 'NONE', #213, #302, #8175, .T. ) ;
#24 = LINE ( 'NONE', #8318, #387 ) ;
#25 = EDGE_CURVE ( 'NONE', #2357, #10699, #10690, .T. ) ;
#26 = STYLED_ITEM ( 'NONE', ( #4448 ), #1837 ) ;
#27 = VECTOR ( 'NONE', #1883, 1000.000000000000000 ) ;
#28 = ORIENTED_EDGE ( 'NONE', *, *, #4772, .T. ) ;
#29 = DIRECTION ( 'NONE',  ( 1.000000000000000000, 0.000000000000000000, 0.000000000000000000 ) ) ;
#30 = DIRECTION ( 'NONE',  ( 0.7071067811865465735, 0.7071067811865483499, -0.000000000000000000 ) ) ;
#31 = FACE_BOUND ( 'NONE', #107, .T. ) ;
#32 = DIRECTION ( 'NONE',  ( -0.000000000000000000, -0.000000000000000000, 1.000000000000000000 ) ) ;
#33 = ORIENTED_EDGE ( 'NONE', *, *, #9744, .T. ) ;
#34 = CARTESIAN_POINT ( 'NONE',  ( 6.500000000000000888, 1.600000000000000089, -4.119999999999994778 ) ) ;
#35 = COLOUR_RGB ( '',0.8941176470588234615, 0.9137254901960784048, 0.9294117647058823817 ) ;
#36 = ORIENTED_EDGE ( 'NONE', *, *, #3147, .T. ) ;
#37 = PRESENTATION_LAYER_ASSIGNMENT (  '', '', ( #6825 ) ) ;
#38 = ORIENTED_EDGE ( 'NONE', *, *, #1767, .T. ) ;
#39 = ORIENTED_EDGE ( 'NONE', *, *, #1876, .T. ) ;
#40 = VERTEX_POINT ( 'NONE', #6566 ) ;
#41 = VECTOR ( 'NONE', #2429, 1000.000000000000000 ) ;
#42 = CARTESIAN_POINT ( 'NONE',  ( 6.499999999999999112, 2.600000000000000089, 3.512267411434145004 ) ) ;
#43 = VECTOR ( 'NONE', #1901, 1000.000000000000000 ) ;
#45 = FILL_AREA_STYLE_COLOUR ( '', #8099 ) ;
#44 = DIRECTION ( 'NONE',  ( -0.000000000000000000, 0.000000000000000000, 1.000000000000000000 ) ) ;
#46 = LINE ( 'NONE', #7757, #6225 ) ;
#47 = LINE ( 'NONE', #4265, #6049 ) ;
#48 = DIRECTION ( 'NONE',  ( 0.000000000000000000, 0.000000000000000000, 1.000000000000000000 ) ) ;
#49 = UNCERTAINTY_MEASURE_WITH_UNIT (LENGTH_MEASURE( 1.000000000000000082E-05 ), #10613, 'distance_accuracy_value', 'NONE');
#50 = VECTOR ( 'NONE', #3311, 1000.000000000000000 ) ;
#51 = PRESENTATION_STYLE_ASSIGNMENT (( #5110 ) ) ;
#52 = LINE ( 'NONE', #9518, #8841 ) ;
#53 = PLANE ( 'NONE',  #3430 ) ;
#54 = SURFACE_SIDE_STYLE ('',( #3614 ) ) ;
#55 = MECHANICAL_DESIGN_GEOMETRIC_PRESENTATION_REPRESENTATION (  '', ( #10449 ), #4671 ) ;
#56 = MECHANICAL_DESIGN_GEOMETRIC_PRESENTATION_REPRESENTATION (  '', ( #1310 ), #2188 ) ;
#57 = UNCERTAINTY_MEASURE_WITH_UNIT (LENGTH_MEASURE( 1.000000000000000082E-05 ), #6608, 'distance_accuracy_value', 'NONE');
#58 = ORIENTED_EDGE ( 'NONE', *, *, #1800, .T. ) ;
#59 = FILL_AREA_STYLE_COLOUR ( '', #7651 ) ;
#60 = VECTOR ( 'NONE', #10404, 1000.000000000000000 ) ;
#61 = VECTOR ( 'NONE', #2112, 1000.000000000000000 ) ;
#62 = UNCERTAINTY_MEASURE_WITH_UNIT (LENGTH_MEASURE( 1.000000000000000082E-05 ), #10606, 'distance_accuracy_value', 'NONE');
#63 =( NAMED_UNIT ( * ) SI_UNIT ( $, .STERADIAN. ) SOLID_ANGLE_UNIT ( ) );
#64 = VERTEX_POINT ( 'NONE', #2975 ) ;
#65 = PLANE ( 'NONE',  #8729 ) ;
#66 = VECTOR ( 'NONE', #5231, 1000.000000000000000 ) ;
#67 = EDGE_CURVE ( 'NONE', #10286, #2073, #2148, .T. ) ;
#68 = CARTESIAN_POINT ( 'NONE',  ( 3.231990237815518530, 1.704120873295594141, -1.000000000000000444 ) ) ;
#69 = ORIENTED_EDGE ( 'NONE', *, *, #5245, .T. ) ;
#70 = AXIS2_PLACEMENT_3D ( 'NONE', #1307, #1194, #364 ) ;
#71 = CIRCLE ( 'NONE', #10108, 2.000000000000000000 ) ;
#72 = DIRECTION ( 'NONE',  ( -1.000000000000000000, 0.000000000000000000, 0.000000000000000000 ) ) ;
#73 = ORIENTED_EDGE ( 'NONE', *, *, #4274, .T. ) ;
#74 = DIRECTION ( 'NONE',  ( 0.000000000000000000, 0.000000000000000000, -1.000000000000000000 ) ) ;
#75 = PRESENTATION_STYLE_ASSIGNMENT (( #4297 ) ) ;
#76 = PRESENTATION_LAYER_ASSIGNMENT (  '', '', ( #9742 ) ) ;
#77 = DIRECTION ( 'NONE',  ( 0.000000000000000000, 1.000000000000000000, 0.000000000000000000 ) ) ;
#78 = EDGE_CURVE ( 'NONE', #147, #8205, #488, .T. ) ;
#79 = LINE ( 'NONE', #7732, #208 ) ;
#80 =( GEOMETRIC_REPRESENTATION_CONTEXT ( 3 ) GLOBAL_UNCERTAINTY_ASSIGNED_CONTEXT ( ( #9898 ) ) GLOBAL_UNIT_ASSIGNED_CONTEXT ( ( #5782, #7626, #5891 ) ) REPRESENTATION_CONTEXT ( 'NONE', 'WORKASPACE' ) );
#81 = MECHANICAL_DESIGN_GEOMETRIC_PRESENTATION_REPRESENTATION (  '', ( #10832 ), #3968 ) ;
#82 = VERTEX_POINT ( 'NONE', #7616 ) ;
#83 =( LENGTH_UNIT ( ) NAMED_UNIT ( * ) SI_UNIT ( .MILLI., .METRE. ) );
#84 = SURFACE_STYLE_USAGE ( .BOTH. , #322 ) ;
#85 = FACE_BOUND ( 'NONE', #626, .T. ) ;
#86 = ORIENTED_EDGE ( 'NONE', *, *, #10151, .T. ) ;
#87 = COLOUR_RGB ( '',0.8941176470588234615, 0.9137254901960784048, 0.9294117647058823817 ) ;
#88 = CARTESIAN_POINT ( 'NONE',  ( 3.231990237815518530, 1.704120873295594141, -1.000000000000000444 ) ) ;
#89 = ORIENTED_EDGE ( 'NONE', *, *, #1540, .T. ) ;
#90 = ADVANCED_FACE ( 'NONE', ( #1642 ), #9380, .F. ) ;
#91 = CARTESIAN_POINT ( 'NONE',  ( 2.000000000000000000, 2.500000000000001332, -11.50000000000000000 ) ) ;
#92 = ADVANCED_FACE ( 'NONE', ( #6149 ), #9594, .F. ) ;
#93 = FACE_OUTER_BOUND ( 'NONE', #665, .T. ) ;
#94 = SURFACE_SIDE_STYLE ('',( #1925 ) ) ;
#95 = ORIENTED_EDGE ( 'NONE', *, *, #8350, .F. ) ;
#96 = MECHANICAL_DESIGN_GEOMETRIC_PRESENTATION_REPRESENTATION (  '', ( #6305 ), #6856 ) ;
#97 = EDGE_LOOP ( 'NONE', ( #3444, #5193, #739, #1263 ) ) ;
#98 =( LENGTH_UNIT ( ) NAMED_UNIT ( * ) SI_UNIT ( .MILLI., .METRE. ) );
#99 = FACE_OUTER_BOUND ( 'NONE', #9008, .T. ) ;
#100 = COLOUR_RGB ( '',0.8313725490196077761, 0.6705882352941175961, 0.1294117647058823373 ) ;
#101 = ORIENTED_EDGE ( 'NONE', *, *, #8632, .F. ) ;
#102 =( NAMED_UNIT ( * ) PLANE_ANGLE_UNIT ( ) SI_UNIT ( $, .RADIAN. ) );
#103 = CARTESIAN_POINT ( 'NONE',  ( -3.231990237815517641, 1.704120873295593253, -1.000000000000000444 ) ) ;
#104 = DIRECTION ( 'NONE',  ( 0.000000000000000000, 0.000000000000000000, 1.000000000000000000 ) ) ;
#105 = ADVANCED_FACE ( 'NONE', ( #7281 ), #8008, .T. ) ;
#106 = SURFACE_SIDE_STYLE ('',( #2818 ) ) ;
#107 = EDGE_LOOP ( 'NONE', ( #5640, #4645, #389, #8768 ) ) ;
#108 = DIRECTION ( 'NONE',  ( -1.000000000000000000, 0.000000000000000000, 0.000000000000000000 ) ) ;
#109 = DIRECTION ( 'NONE',  ( 0.000000000000000000, 0.000000000000000000, -1.000000000000000000 ) ) ;
#110 = STYLED_ITEM ( 'NONE', ( #4416 ), #9399 ) ;
#111 = CARTESIAN_POINT ( 'NONE',  ( 6.678066852858560942, -7.899999999999999467, 0.7819331471414698864 ) ) ;
#112 = CARTESIAN_POINT ( 'NONE',  ( -5.229999999999998650, 0.000000000000000000, -0.9700000000000029710 ) ) ;
#113 = ORIENTED_EDGE ( 'NONE', *, *, #6979, .F. ) ;
#114 = SURFACE_SIDE_STYLE ('',( #3394 ) ) ;
#115 = VECTOR ( 'NONE', #3560, 1000.000000000000000 ) ;
#116 = LINE ( 'NONE', #7709, #631 ) ;
#117 = ORIENTED_EDGE ( 'NONE', *, *, #8688, .T. ) ;
#118 =( NAMED_UNIT ( * ) SI_UNIT ( $, .STERADIAN. ) SOLID_ANGLE_UNIT ( ) );
#119 = AXIS2_PLACEMENT_3D ( 'NONE', #1928, #4469, #10354 ) ;
#120 = LINE ( 'NONE', #3511, #9709 ) ;
#121 = FACE_OUTER_BOUND ( 'NONE', #4381, .T. ) ;
#122 = EDGE_LOOP ( 'NONE', ( #4128, #10239, #878, #5377 ) ) ;
#123 = LINE ( 'NONE', #6834, #8634 ) ;
#124 = CARTESIAN_POINT ( 'NONE',  ( 6.500000000000000888, 2.600000000000000089, -4.119999999999994778 ) ) ;
#125 = CARTESIAN_POINT ( 'NONE',  ( 5.529999999999995808, -2.399999999999999911, 2.230000000000004867 ) ) ;
#126 = CARTESIAN_POINT ( 'NONE',  ( 11.49999999999999645, 1.600000000000000089, 11.50000000000000000 ) ) ;
#127 = SURFACE_SIDE_STYLE ('',( #8697 ) ) ;
#128 = PRESENTATION_LAYER_ASSIGNMENT (  '', '', ( #6004 ) ) ;
#129 = EDGE_CURVE ( 'NONE', #1094, #8372, #3909, .T. ) ;
#130 = ORIENTED_EDGE ( 'NONE', *, *, #2649, .T. ) ;
#131 = DIRECTION ( 'NONE',  ( -8.330334836186190947E-15, 1.000000000000000000, 0.000000000000000000 ) ) ;
#132 = FACE_OUTER_BOUND ( 'NONE', #9932, .T. ) ;
#133 = SURFACE_STYLE_USAGE ( .BOTH. , #9491 ) ;
#134 = SURFACE_SIDE_STYLE ('',( #980 ) ) ;
#135 = SURFACE_STYLE_FILL_AREA ( #7795 ) ;
#136 = DIRECTION ( 'NONE',  ( 0.000000000000000000, 0.000000000000000000, -1.000000000000000000 ) ) ;
#137 = ORIENTED_EDGE ( 'NONE', *, *, #9790, .F. ) ;
#138 = DIRECTION ( 'NONE',  ( -0.000000000000000000, 1.000000000000000000, -0.000000000000000000 ) ) ;
#139 = EDGE_LOOP ( 'NONE', ( #4740, #5165, #9431, #1199 ) ) ;
#140 = DIRECTION ( 'NONE',  ( 0.000000000000000000, 0.000000000000000000, 1.000000000000000000 ) ) ;
#141 =( GEOMETRIC_REPRESENTATION_CONTEXT ( 3 ) GLOBAL_UNCERTAINTY_ASSIGNED_CONTEXT ( ( #3287 ) ) GLOBAL_UNIT_ASSIGNED_CONTEXT ( ( #192, #4453, #2686 ) ) REPRESENTATION_CONTEXT ( 'NONE', 'WORKASPACE' ) );
#142 = FACE_BOUND ( 'NONE', #2439, .T. ) ;
#143 = ADVANCED_FACE ( 'NONE', ( #2136 ), #2294, .T. ) ;
#144 = FACE_OUTER_BOUND ( 'NONE', #548, .T. ) ;
#145 = ORIENTED_EDGE ( 'NONE', *, *, #1991, .F. ) ;
#146 = CARTESIAN_POINT ( 'NONE',  ( 0.6499999999999999112, 2.100000000000000089, 6.000000000000000000 ) ) ;
#147 = VERTEX_POINT ( 'NONE', #10898 ) ;
#148 = VECTOR ( 'NONE', #9810, 1000.000000000000000 ) ;
#149 = ORIENTED_EDGE ( 'NONE', *, *, #8375, .F. ) ;
#150 = ADVANCED_FACE ( 'NONE', ( #9259 ), #2512, .F. ) ;
#151 =( LENGTH_UNIT ( ) NAMED_UNIT ( * ) SI_UNIT ( .MILLI., .METRE. ) );
#152 = EDGE_CURVE ( 'NONE', #7523, #6018, #6778, .T. ) ;
#153 = ORIENTED_EDGE ( 'NONE', *, *, #1149, .T. ) ;
#154 = CARTESIAN_POINT ( 'NONE',  ( 7.470000000000000639, -5.992102448427662154, -2.849999999999994316 ) ) ;
#155 = PLANE ( 'NONE',  #8901 ) ;
#156 = CARTESIAN_POINT ( 'NONE',  ( 1.999999999999999556, 3.400000000000000355, 2.499999999999999556 ) ) ;
#157 = DIRECTION ( 'NONE',  ( -0.000000000000000000, 1.000000000000000000, -0.000000000000000000 ) ) ;
#158 = DIRECTION ( 'NONE',  ( -0.000000000000000000, 1.000000000000000000, -0.000000000000000000 ) ) ;
#159 = UNCERTAINTY_MEASURE_WITH_UNIT (LENGTH_MEASURE( 1.000000000000000082E-05 ), #2230, 'distance_accuracy_value', 'NONE');
#160 = FACE_OUTER_BOUND ( 'NONE', #8925, .T. ) ;
#161 = CARTESIAN_POINT ( 'NONE',  ( 7.470000000000000639, 0.000000000000000000, -2.849999999999994316 ) ) ;
#162 = EDGE_LOOP ( 'NONE', ( #9592, #4095 ) ) ;
#163 =( GEOMETRIC_REPRESENTATION_CONTEXT ( 3 ) GLOBAL_UNCERTAINTY_ASSIGNED_CONTEXT ( ( #730 ) ) GLOBAL_UNIT_ASSIGNED_CONTEXT ( ( #7279, #5422, #4619 ) ) REPRESENTATION_CONTEXT ( 'NONE', 'WORKASPACE' ) );
#164 =( GEOMETRIC_REPRESENTATION_CONTEXT ( 3 ) GLOBAL_UNCERTAINTY_ASSIGNED_CONTEXT ( ( #4856 ) ) GLOBAL_UNIT_ASSIGNED_CONTEXT ( ( #7049, #300, #118 ) ) REPRESENTATION_CONTEXT ( 'NONE', 'WORKASPACE' ) );
#165 = MECHANICAL_DESIGN_GEOMETRIC_PRESENTATION_REPRESENTATION (  '', ( #10191 ), #5122 ) ;
#166 = ADVANCED_FACE ( 'NONE', ( #802 ), #5811, .F. ) ;
#167 = CARTESIAN_POINT ( 'NONE',  ( -2.994689754873801846, 1.600000000000000755, 0.4999999999999995559 ) ) ;
#168 = CARTESIAN_POINT ( 'NONE',  ( 2.186111111111113114, 2.550000000000002487, 0.9999999999999995559 ) ) ;
#169 = EDGE_CURVE ( 'NONE', #9386, #8070, #7550, .T. ) ;
#170 = SURFACE_STYLE_USAGE ( .BOTH. , #3617 ) ;
#171 = UNCERTAINTY_MEASURE_WITH_UNIT (LENGTH_MEASURE( 1.000000000000000082E-05 ), #6928, 'distance_accuracy_value', 'NONE');
#172 = DIRECTION ( 'NONE',  ( -0.000000000000000000, 1.000000000000000000, -0.000000000000000000 ) ) ;
#173 = MECHANICAL_DESIGN_GEOMETRIC_PRESENTATION_REPRESENTATION (  '', ( #1947 ), #2301 ) ;
#174 = UNCERTAINTY_MEASURE_WITH_UNIT (LENGTH_MEASURE( 1.000000000000000082E-05 ), #264, 'distance_accuracy_value', 'NONE');
#175 = CARTESIAN_POINT ( 'NONE',  ( -2.144689754873802645, 2.450000000000001954, -2.500000000000000888 ) ) ;
#176 = FACE_OUTER_BOUND ( 'NONE', #7997, .T. ) ;
#177 = FILL_AREA_STYLE_COLOUR ( '', #3062 ) ;
#178 =( GEOMETRIC_REPRESENTATION_CONTEXT ( 3 ) GLOBAL_UNCERTAINTY_ASSIGNED_CONTEXT ( ( #4175 ) ) GLOBAL_UNIT_ASSIGNED_CONTEXT ( ( #3880, #7996, #3858 ) ) REPRESENTATION_CONTEXT ( 'NONE', 'WORKASPACE' ) );
#179 = PRESENTATION_LAYER_ASSIGNMENT (  '', '', ( #543 ) ) ;
#180 = STYLED_ITEM ( 'NONE', ( #6757 ), #4221 ) ;
#181 = DIRECTION ( 'NONE',  ( -1.000000000000000000, -0.000000000000000000, -0.000000000000000000 ) ) ;
#182 = SURFACE_SIDE_STYLE ('',( #9333 ) ) ;
#183 = SURFACE_STYLE_USAGE ( .BOTH. , #972 ) ;
#184 = SURFACE_SIDE_STYLE ('',( #4396 ) ) ;
#185 = CARTESIAN_POINT ( 'NONE',  ( -5.229999999999998650, -2.399999999999999911, 3.510000000000002451 ) ) ;
#186 = PRESENTATION_STYLE_ASSIGNMENT (( #3576 ) ) ;
#187 = SURFACE_STYLE_FILL_AREA ( #5124 ) ;
#188 = ORIENTED_EDGE ( 'NONE', *, *, #10082, .F. ) ;
#189 = DIRECTION ( 'NONE',  ( 1.000000000000000000, 0.000000000000000000, 0.000000000000000000 ) ) ;
#190 = LINE ( 'NONE', #1804, #3812 ) ;
#191 =( GEOMETRIC_REPRESENTATION_CONTEXT ( 3 ) GLOBAL_UNCERTAINTY_ASSIGNED_CONTEXT ( ( #3720 ) ) GLOBAL_UNIT_ASSIGNED_CONTEXT ( ( #4375, #3549, #4476 ) ) REPRESENTATION_CONTEXT ( 'NONE', 'WORKASPACE' ) );
#192 =( LENGTH_UNIT ( ) NAMED_UNIT ( * ) SI_UNIT ( .MILLI., .METRE. ) );
#193 =( NAMED_UNIT ( * ) SI_UNIT ( $, .STERADIAN. ) SOLID_ANGLE_UNIT ( ) );
#194 = DIRECTION ( 'NONE',  ( 0.000000000000000000, 0.000000000000000000, 1.000000000000000000 ) ) ;
#195 = ORIENTED_EDGE ( 'NONE', *, *, #2455, .T. ) ;
#196 = ORIENTED_EDGE ( 'NONE', *, *, #2662, .F. ) ;
#197 = CARTESIAN_POINT ( 'NONE',  ( 2.186111111111113114, 2.550000000000002487, -0.5000000000000004441 ) ) ;
#198 = MECHANICAL_DESIGN_GEOMETRIC_PRESENTATION_REPRESENTATION (  '', ( #4633 ), #3040 ) ;
#199 = COLOUR_RGB ( '',1.000000000000000000, 0.9372549019607843146, 0.1372549019607843257 ) ;
#200 = CARTESIAN_POINT ( 'NONE',  ( -5.229999999999998650, -2.399999999999999911, -3.510000000000003340 ) ) ;
#201 = FACE_BOUND ( 'NONE', #2522, .T. ) ;
#202 =( NAMED_UNIT ( * ) SI_UNIT ( $, .STERADIAN. ) SOLID_ANGLE_UNIT ( ) );
#203 =( NAMED_UNIT ( * ) PLANE_ANGLE_UNIT ( ) SI_UNIT ( $, .RADIAN. ) );
#204 = CARTESIAN_POINT ( 'NONE',  ( 5.529999999999995808, -2.399999999999999911, -0.3099999999999951683 ) ) ;
#205 =( NAMED_UNIT ( * ) SI_UNIT ( $, .STERADIAN. ) SOLID_ANGLE_UNIT ( ) );
#206 = ORIENTED_EDGE ( 'NONE', *, *, #9262, .T. ) ;
#207 = AXIS2_PLACEMENT_3D ( 'NONE', #7612, #4808, #8249 ) ;
#208 = VECTOR ( 'NONE', #6906, 1000.000000000000000 ) ;
#209 =( NAMED_UNIT ( * ) PLANE_ANGLE_UNIT ( ) SI_UNIT ( $, .RADIAN. ) );
#210 = ADVANCED_FACE ( 'NONE', ( #11054 ), #5918, .T. ) ;
#211 = EDGE_CURVE ( 'NONE', #9714, #2630, #8578, .T. ) ;
#212 =( GEOMETRIC_REPRESENTATION_CONTEXT ( 3 ) GLOBAL_UNCERTAINTY_ASSIGNED_CONTEXT ( ( #9577 ) ) GLOBAL_UNIT_ASSIGNED_CONTEXT ( ( #2851, #4746, #9823 ) ) REPRESENTATION_CONTEXT ( 'NONE', 'WORKASPACE' ) );
#213 = VERTEX_POINT ( 'NONE', #9478 ) ;
#214 = ORIENTED_EDGE ( 'NONE', *, *, #7104, .F. ) ;
#215 = STYLED_ITEM ( 'NONE', ( #8274 ), #1900 ) ;
#216 =( NAMED_UNIT ( * ) SI_UNIT ( $, .STERADIAN. ) SOLID_ANGLE_UNIT ( ) );
#217 = DIRECTION ( 'NONE',  ( 0.000000000000000000, 1.000000000000000000, 0.000000000000000000 ) ) ;
#218 = SURFACE_STYLE_USAGE ( .BOTH. , #335 ) ;
#219 = DIRECTION ( 'NONE',  ( 1.000000000000000000, 0.000000000000000000, 0.000000000000000000 ) ) ;
#220 = CARTESIAN_POINT ( 'NONE',  ( -1.986111111111112049, 2.450000000000001954, -2.500000000000000888 ) ) ;
#221 = FACE_OUTER_BOUND ( 'NONE', #6466, .T. ) ;
#222 = ORIENTED_EDGE ( 'NONE', *, *, #10777, .F. ) ;
#223 = ADVANCED_FACE ( 'NONE', ( #2572 ), #4282, .T. ) ;
#224 = AXIS2_PLACEMENT_3D ( 'NONE', #11, #10384, #8739 ) ;
#225 = DIRECTION ( 'NONE',  ( 0.000000000000000000, -0.000000000000000000, -1.000000000000000000 ) ) ;
#226 = DIRECTION ( 'NONE',  ( 0.2676438637860944492, 0.9635179096299407719, 0.000000000000000000 ) ) ;
#227 = PLANE ( 'NONE',  #1011 ) ;
#228 = DIRECTION ( 'NONE',  ( 0.000000000000000000, -0.000000000000000000, 1.000000000000000000 ) ) ;
#229 = FILL_AREA_STYLE_COLOUR ( '', #3978 ) ;
#230 = CARTESIAN_POINT ( 'NONE',  ( -6.678066852858505875, -7.899999999999999467, -0.1780668528585335197 ) ) ;
#231 = AXIS2_PLACEMENT_3D ( 'NONE', #6699, #5936, #29 ) ;
#232 = ADVANCED_FACE ( 'NONE', ( #5174 ), #65, .T. ) ;
#233 = CARTESIAN_POINT ( 'NONE',  ( 5.229999999999998650, 0.000000000000000000, -3.149999999999992362 ) ) ;
#234 = EDGE_CURVE ( 'NONE', #10123, #7567, #2227, .T. ) ;
#235 = DIRECTION ( 'NONE',  ( 0.000000000000000000, 0.000000000000000000, 1.000000000000000000 ) ) ;
#236 = CARTESIAN_POINT ( 'NONE',  ( -3.231990237815517641, 1.600000000000000755, -2.500000000000000888 ) ) ;
#237 = ORIENTED_EDGE ( 'NONE', *, *, #1465, .F. ) ;
#238 = CARTESIAN_POINT ( 'NONE',  ( 3.031990237815518796, 1.704120873295593919, -1.000000000000000444 ) ) ;
#239 = ORIENTED_EDGE ( 'NONE', *, *, #8075, .F. ) ;
#240 = PLANE ( 'NONE',  #10982 ) ;
#241 = DIRECTION ( 'NONE',  ( 1.000000000000000000, 0.000000000000000000, 0.000000000000000000 ) ) ;
#242 = PRESENTATION_LAYER_ASSIGNMENT (  '', '', ( #9012 ) ) ;
#243 = ORIENTED_EDGE ( 'NONE', *, *, #1249, .T. ) ;
#244 = CARTESIAN_POINT ( 'NONE',  ( -6.199999999999945999, -7.899999999999999467, -2.240000000000000657 ) ) ;
#245 = FILL_AREA_STYLE ('',( #5884 ) ) ;
#246 = COLOUR_RGB ( '',0.8941176470588234615, 0.9137254901960784048, 0.9294117647058823817 ) ;
#247 = AXIS2_PLACEMENT_3D ( 'NONE', #6874, #2765, #8675 ) ;
#248 = CARTESIAN_POINT ( 'NONE',  ( 11.49999999999999645, 1.600000000000000089, 11.50000000000000000 ) ) ;
#249 = PLANE ( 'NONE',  #9341 ) ;
#250 = EDGE_LOOP ( 'NONE', ( #8363, #36, #6861, #10043 ) ) ;
#251 = FACE_OUTER_BOUND ( 'NONE', #5905, .T. ) ;
#252 = ORIENTED_EDGE ( 'NONE', *, *, #5178, .T. ) ;
#253 = AXIS2_PLACEMENT_3D ( 'NONE', #2900, #8231, #3119 ) ;
#254 = MECHANICAL_DESIGN_GEOMETRIC_PRESENTATION_REPRESENTATION (  '', ( #5032 ), #1139 ) ;
#255 = AXIS2_PLACEMENT_3D ( 'NONE', #2529, #9496, #6047 ) ;
#256 = PRESENTATION_LAYER_ASSIGNMENT (  '', '', ( #5942 ) ) ;
#257 = CARTESIAN_POINT ( 'NONE',  ( -9.499999999999996447, 1.600000000000000089, -9.499999999999996447 ) ) ;
#258 = ORIENTED_EDGE ( 'NONE', *, *, #8287, .T. ) ;
#259 = DIRECTION ( 'NONE',  ( 0.000000000000000000, 0.000000000000000000, 1.000000000000000000 ) ) ;
#260 = VECTOR ( 'NONE', #3168, 1000.000000000000000 ) ;
#261 = ORIENTED_EDGE ( 'NONE', *, *, #4069, .F. ) ;
#262 = VECTOR ( 'NONE', #1976, 1000.000000000000000 ) ;
#263 = CARTESIAN_POINT ( 'NONE',  ( -2.000000000000001332, 2.500000000000002665, -0.5000000000000004441 ) ) ;
#264 =( LENGTH_UNIT ( ) NAMED_UNIT ( * ) SI_UNIT ( .MILLI., .METRE. ) );
#265 = DIRECTION ( 'NONE',  ( 0.000000000000000000, 0.000000000000000000, -1.000000000000000000 ) ) ;
#266 = AXIS2_PLACEMENT_3D ( 'NONE', #10023, #569, #5566 ) ;
#267 =( NAMED_UNIT ( * ) PLANE_ANGLE_UNIT ( ) SI_UNIT ( $, .RADIAN. ) );
#268 = LINE ( 'NONE', #4515, #8766 ) ;
#269 =( LENGTH_UNIT ( ) NAMED_UNIT ( * ) SI_UNIT ( .MILLI., .METRE. ) );
#270 = CARTESIAN_POINT ( 'NONE',  ( 0.000000000000000000, -7.899999999999999467, 2.718066852858533000 ) ) ;
#271 = EDGE_LOOP ( 'NONE', ( #5966, #4254, #6324, #5814 ) ) ;
#272 = SURFACE_STYLE_USAGE ( .BOTH. , #2757 ) ;
#273 = COLOUR_RGB ( '',0.8313725490196077761, 0.6705882352941175961, 0.1294117647058823373 ) ;
#274 = SURFACE_STYLE_FILL_AREA ( #6970 ) ;
#275 = ORIENTED_EDGE ( 'NONE', *, *, #7302, .F. ) ;
#276 =( LENGTH_UNIT ( ) NAMED_UNIT ( * ) SI_UNIT ( .MILLI., .METRE. ) );
#277 =( LENGTH_UNIT ( ) NAMED_UNIT ( * ) SI_UNIT ( .MILLI., .METRE. ) );
#278 = DIRECTION ( 'NONE',  ( 1.000000000000000000, 0.000000000000000000, 0.000000000000000000 ) ) ;
#279 = EDGE_CURVE ( 'NONE', #6989, #4322, #2072, .T. ) ;
#280 = EDGE_CURVE ( 'NONE', #5638, #11072, #6420, .T. ) ;
#281 = UNCERTAINTY_MEASURE_WITH_UNIT (LENGTH_MEASURE( 1.000000000000000082E-05 ), #3989, 'distance_accuracy_value', 'NONE');
#282 = PRESENTATION_LAYER_ASSIGNMENT (  '', '', ( #9226 ) ) ;
#283 = LINE ( 'NONE', #2878, #9557 ) ;
#284 = COLOUR_RGB ( '',1.000000000000000000, 0.9372549019607843146, 0.1372549019607843257 ) ;
#285 = ORIENTED_EDGE ( 'NONE', *, *, #8159, .F. ) ;
#286 = PRESENTATION_LAYER_ASSIGNMENT (  '', '', ( #9048 ) ) ;
#288 = PLANE ( 'NONE',  #4257 ) ;
#287 = LINE ( 'NONE', #5393, #8966 ) ;
#289 = SURFACE_SIDE_STYLE ('',( #4485 ) ) ;
#290 =( NAMED_UNIT ( * ) PLANE_ANGLE_UNIT ( ) SI_UNIT ( $, .RADIAN. ) );
#291 = CARTESIAN_POINT ( 'NONE',  ( 3.231990237815519418, 1.600000000000001643, -0.5000000000000004441 ) ) ;
#292 = UNCERTAINTY_MEASURE_WITH_UNIT (LENGTH_MEASURE( 1.000000000000000082E-05 ), #4315, 'distance_accuracy_value', 'NONE');
#293 = ORIENTED_EDGE ( 'NONE', *, *, #10572, .F. ) ;
#294 = DIRECTION ( 'NONE',  ( -0.000000000000000000, -1.000000000000000000, -0.000000000000000000 ) ) ;
#295 = AXIS2_PLACEMENT_3D ( 'NONE', #5424, #5533, #7332 ) ;
#296 = UNCERTAINTY_MEASURE_WITH_UNIT (LENGTH_MEASURE( 1.000000000000000082E-05 ), #2858, 'distance_accuracy_value', 'NONE');
#297 = LINE ( 'NONE', #8049, #6511 ) ;
#298 = SURFACE_STYLE_USAGE ( .BOTH. , #1952 ) ;
#299 = FACE_OUTER_BOUND ( 'NONE', #777, .T. ) ;
#300 =( NAMED_UNIT ( * ) PLANE_ANGLE_UNIT ( ) SI_UNIT ( $, .RADIAN. ) );
#301 = VECTOR ( 'NONE', #9082, 1000.000000000000114 ) ;
#302 = VERTEX_POINT ( 'NONE', #9757 ) ;
#303 = ADVANCED_FACE ( 'NONE', ( #8166 ), #9039, .F. ) ;
#304 = EDGE_CURVE ( 'NONE', #7798, #7674, #8926, .T. ) ;
#305 = DIRECTION ( 'NONE',  ( 0.000000000000000000, 0.000000000000000000, 1.000000000000000000 ) ) ;
#306 =( NAMED_UNIT ( * ) PLANE_ANGLE_UNIT ( ) SI_UNIT ( $, .RADIAN. ) );
#307 = FILL_AREA_STYLE_COLOUR ( '', #8479 ) ;
#308 = MECHANICAL_DESIGN_GEOMETRIC_PRESENTATION_REPRESENTATION (  '', ( #10132 ), #1889 ) ;
#309 =( NAMED_UNIT ( * ) PLANE_ANGLE_UNIT ( ) SI_UNIT ( $, .RADIAN. ) );
#310 = DIRECTION ( 'NONE',  ( 0.000000000000000000, -1.000000000000000000, 0.000000000000000000 ) ) ;
#311 = VERTEX_POINT ( 'NONE', #5626 ) ;
#312 =( GEOMETRIC_REPRESENTATION_CONTEXT ( 3 ) GLOBAL_UNCERTAINTY_ASSIGNED_CONTEXT ( ( #1944 ) ) GLOBAL_UNIT_ASSIGNED_CONTEXT ( ( #6274, #209, #3598 ) ) REPRESENTATION_CONTEXT ( 'NONE', 'WORKASPACE' ) );
#313 = FACE_OUTER_BOUND ( 'NONE', #5922, .T. ) ;
#314 = LINE ( 'NONE', #8009, #1538 ) ;
#315 = SURFACE_SIDE_STYLE ('',( #1911 ) ) ;
#316 = CONICAL_SURFACE ( 'NONE', #7080, 0.01226741143414006308, 0.4537856055185231496 ) ;
#317 = ORIENTED_EDGE ( 'NONE', *, *, #6154, .F. ) ;
#318 = VERTEX_POINT ( 'NONE', #9915 ) ;
#319 = LINE ( 'NONE', #7844, #598 ) ;
#320 = ADVANCED_FACE ( 'NONE', ( #10720 ), #1234, .T. ) ;
#321 = ORIENTED_EDGE ( 'NONE', *, *, #4625, .T. ) ;
#322 = SURFACE_SIDE_STYLE ('',( #2694 ) ) ;
#323 = CARTESIAN_POINT ( 'NONE',  ( -3.031990237815517908, 1.704120873295593253, 0.4999999999999995559 ) ) ;
#324 = DIRECTION ( 'NONE',  ( 1.000000000000000000, 0.000000000000000000, -0.000000000000000000 ) ) ;
#325 = FILL_AREA_STYLE_COLOUR ( '', #4872 ) ;
#326 = DIRECTION ( 'NONE',  ( -0.000000000000000000, -1.000000000000000000, -0.000000000000000000 ) ) ;
#327 = VERTEX_POINT ( 'NONE', #3953 ) ;
#328 = VECTOR ( 'NONE', #2422, 1000.000000000000000 ) ;
#329 = VERTEX_POINT ( 'NONE', #7364 ) ;
#330 = FILL_AREA_STYLE ('',( #10479 ) ) ;
#331 = ORIENTED_EDGE ( 'NONE', *, *, #8773, .T. ) ;
#332 = FILL_AREA_STYLE_COLOUR ( '', #479 ) ;
#333 = DIRECTION ( 'NONE',  ( 1.000000000000000000, 0.000000000000000000, -0.000000000000000000 ) ) ;
#334 = FILL_AREA_STYLE ('',( #6398 ) ) ;
#335 = SURFACE_SIDE_STYLE ('',( #6927 ) ) ;
#336 = CARTESIAN_POINT ( 'NONE',  ( 7.999999999999992895, 0.000000000000000000, -8.000000000000007105 ) ) ;
#337 = STYLED_ITEM ( 'NONE', ( #8736 ), #232 ) ;
#338 = DIRECTION ( 'NONE',  ( 1.000000000000000000, -0.000000000000000000, -0.000000000000000000 ) ) ;
#339 = ORIENTED_EDGE ( 'NONE', *, *, #1665, .F. ) ;
#340 = CARTESIAN_POINT ( 'NONE',  ( 3.949999999999997957, 1.600000000000000089, -6.500000000000005329 ) ) ;
#341 = ORIENTED_EDGE ( 'NONE', *, *, #3055, .F. ) ;
#342 = EDGE_CURVE ( 'NONE', #3121, #5807, #2278, .T. ) ;
#343 = VECTOR ( 'NONE', #1048, 1000.000000000000000 ) ;
#344 = DIRECTION ( 'NONE',  ( -0.000000000000000000, 1.000000000000000000, -0.000000000000000000 ) ) ;
#345 = FACE_OUTER_BOUND ( 'NONE', #2625, .T. ) ;
#346 = LINE ( 'NONE', #3891, #10460 ) ;
#347 = ORIENTED_EDGE ( 'NONE', *, *, #5152, .F. ) ;
#348 = CARTESIAN_POINT ( 'NONE',  ( -0.6500000000000001332, 2.100000000000000089, 6.000000000000000000 ) ) ;
#349 = CARTESIAN_POINT ( 'NONE',  ( 1.749999999999999334, 1.600000000000000089, 2.499999999999999556 ) ) ;
#350 = DIRECTION ( 'NONE',  ( 0.000000000000000000, 1.000000000000000000, 0.000000000000000000 ) ) ;
#351 = FILL_AREA_STYLE_COLOUR ( '', #3373 ) ;
#352 = STYLED_ITEM ( 'NONE', ( #1024 ), #3934 ) ;
#353 = ORIENTED_EDGE ( 'NONE', *, *, #5510, .F. ) ;
#354 =( LENGTH_UNIT ( ) NAMED_UNIT ( * ) SI_UNIT ( .MILLI., .METRE. ) );
#355 = EDGE_CURVE ( 'NONE', #5256, #3755, #5678, .T. ) ;
#356 = VERTEX_POINT ( 'NONE', #4844 ) ;
#357 = SURFACE_SIDE_STYLE ('',( #8115 ) ) ;
#358 = VECTOR ( 'NONE', #344, 1000.000000000000000 ) ;
#359 = CIRCLE ( 'NONE', #9999, 2.000000000000000000 ) ;
#360 =( NAMED_UNIT ( * ) SI_UNIT ( $, .STERADIAN. ) SOLID_ANGLE_UNIT ( ) );
#361 =( GEOMETRIC_REPRESENTATION_CONTEXT ( 3 ) GLOBAL_UNCERTAINTY_ASSIGNED_CONTEXT ( ( #2394 ) ) GLOBAL_UNIT_ASSIGNED_CONTEXT ( ( #391, #6347, #3883 ) ) REPRESENTATION_CONTEXT ( 'NONE', 'WORKASPACE' ) );
#362 = SURFACE_STYLE_FILL_AREA ( #4051 ) ;
#363 = ORIENTED_EDGE ( 'NONE', *, *, #8787, .F. ) ;
#364 = DIRECTION ( 'NONE',  ( -1.000000000000000000, 0.000000000000000000, -0.000000000000000000 ) ) ;
#365 = ADVANCED_FACE ( 'NONE', ( #10342 ), #5189, .T. ) ;
#366 = EDGE_CURVE ( 'NONE', #6636, #7140, #2099, .T. ) ;
#367 = VECTOR ( 'NONE', #294, 1000.000000000000000 ) ;
#368 = CARTESIAN_POINT ( 'NONE',  ( -8.000000000000007105, 1.600000000000000089, -9.750000000000000000 ) ) ;
#369 = VERTEX_POINT ( 'NONE', #2122 ) ;
#370 = EDGE_CURVE ( 'NONE', #6698, #939, #2888, .T. ) ;
#371 = ORIENTED_EDGE ( 'NONE', *, *, #6615, .F. ) ;
#372 = SURFACE_STYLE_FILL_AREA ( #8179 ) ;
#373 = ORIENTED_EDGE ( 'NONE', *, *, #8441, .T. ) ;
#374 = FILL_AREA_STYLE ('',( #9982 ) ) ;
#375 = DIRECTION ( 'NONE',  ( -1.000000000000000000, 0.000000000000000000, -0.000000000000000000 ) ) ;
#376 = COLOUR_RGB ( '',0.8941176470588234615, 0.9137254901960784048, 0.9294117647058823817 ) ;
#377 = PRESENTATION_STYLE_ASSIGNMENT (( #8887 ) ) ;
#378 = CIRCLE ( 'NONE', #7487, 0.01226741143414006308 ) ;
#379 = FACE_OUTER_BOUND ( 'NONE', #6867, .T. ) ;
#380 = CARTESIAN_POINT ( 'NONE',  ( -6.199999999999945999, -7.649999999999995026, -2.240000000000000657 ) ) ;
#381 = ADVANCED_FACE ( 'NONE', ( #6839 ), #2012, .F. ) ;
#383 = EDGE_CURVE ( 'NONE', #2583, #2679, #8861, .T. ) ;
#382 = DIRECTION ( 'NONE',  ( 0.2676438637860944492, 0.9635179096299407719, 0.000000000000000000 ) ) ;
#384 = ORIENTED_EDGE ( 'NONE', *, *, #7702, .T. ) ;
#385 = ORIENTED_EDGE ( 'NONE', *, *, #3712, .T. ) ;
#386 = AXIS2_PLACEMENT_3D ( 'NONE', #9736, #7297, #2259 ) ;
#387 = VECTOR ( 'NONE', #4085, 1000.000000000000000 ) ;
#388 = SURFACE_SIDE_STYLE ('',( #5656 ) ) ;
#389 = ORIENTED_EDGE ( 'NONE', *, *, #2727, .F. ) ;
#390 = LINE ( 'NONE', #2813, #2763 ) ;
#391 =( LENGTH_UNIT ( ) NAMED_UNIT ( * ) SI_UNIT ( .MILLI., .METRE. ) );
#392 = FILL_AREA_STYLE ('',( #8038 ) ) ;
#393 = PRESENTATION_STYLE_ASSIGNMENT (( #3777 ) ) ;
#394 = VECTOR ( 'NONE', #1256, 1000.000000000000114 ) ;
#395 = UNCERTAINTY_MEASURE_WITH_UNIT (LENGTH_MEASURE( 1.000000000000000082E-05 ), #7648, 'distance_accuracy_value', 'NONE');
#396 = STYLED_ITEM ( 'NONE', ( #51 ), #6167 ) ;
#397 = CARTESIAN_POINT ( 'NONE',  ( -5.529999999999998472, 0.000000000000000000, 1.269999999999999352 ) ) ;
#398 = PRESENTATION_LAYER_ASSIGNMENT (  '', '', ( #2505 ) ) ;
#399 = ORIENTED_EDGE ( 'NONE', *, *, #10149, .F. ) ;
#400 = CARTESIAN_POINT ( 'NONE',  ( 6.499999999999999112, 2.600000000000000089, -1.567732588565855512 ) ) ;
#401 = ORIENTED_EDGE ( 'NONE', *, *, #6278, .T. ) ;
#402 = VECTOR ( 'NONE', #5184, 1000.000000000000000 ) ;
#403 = MECHANICAL_DESIGN_GEOMETRIC_PRESENTATION_REPRESENTATION (  '', ( #10236 ), #583 ) ;
#404 = PLANE ( 'NONE',  #8743 ) ;
#405 = DIRECTION ( 'NONE',  ( -0.000000000000000000, -1.000000000000000000, -0.000000000000000000 ) ) ;
#406 = PLANE ( 'NONE',  #5397 ) ;
#407 = UNCERTAINTY_MEASURE_WITH_UNIT (LENGTH_MEASURE( 1.000000000000000082E-05 ), #5657, 'distance_accuracy_value', 'NONE');
#408 = UNCERTAINTY_MEASURE_WITH_UNIT (LENGTH_MEASURE( 1.000000000000000082E-05 ), #1964, 'distance_accuracy_value', 'NONE');
#409 = CARTESIAN_POINT ( 'NONE',  ( 2.186111111111113114, 2.550000000000002487, -2.500000000000000888 ) ) ;
#410 = CARTESIAN_POINT ( 'NONE',  ( -6.799999999999972289, -7.899999999999999467, 0.2999999999999994893 ) ) ;
#411 = EDGE_LOOP ( 'NONE', ( #879, #10707, #9205, #4168 ) ) ;
#412 = SURFACE_STYLE_USAGE ( .BOTH. , #4609 ) ;
#413 = VERTEX_POINT ( 'NONE', #349 ) ;
#414 = LINE ( 'NONE', #3796, #778 ) ;
#415 = DIRECTION ( 'NONE',  ( -8.330334836186190947E-15, 1.000000000000000000, 0.000000000000000000 ) ) ;
#416 = CARTESIAN_POINT ( 'NONE',  ( 0.000000000000000000, 0.000000000000000000, 1.999999999999999556 ) ) ;
#417 = AXIS2_PLACEMENT_3D ( 'NONE', #1868, #3699, #2640 ) ;
#418 = PRESENTATION_STYLE_ASSIGNMENT (( #4615 ) ) ;
#419 = VECTOR ( 'NONE', #7827, 1000.000000000000000 ) ;
#420 = ADVANCED_FACE ( 'NONE', ( #8921 ), #3734, .F. ) ;
#421 = PRESENTATION_STYLE_ASSIGNMENT (( #10732 ) ) ;
#422 = EDGE_CURVE ( 'NONE', #7164, #2478, #8724, .T. ) ;
#423 = FILL_AREA_STYLE ('',( #3807 ) ) ;
#424 = VECTOR ( 'NONE', #1019, 1000.000000000000000 ) ;
#425 = SURFACE_STYLE_USAGE ( .BOTH. , #4626 ) ;
#426 = STYLED_ITEM ( 'NONE', ( #2017 ), #9815 ) ;
#427 = DIRECTION ( 'NONE',  ( -0.7071067811865479058, -0.7071067811865471286, 0.000000000000000000 ) ) ;
#428 = ORIENTED_EDGE ( 'NONE', *, *, #4319, .T. ) ;
#429 =( NAMED_UNIT ( * ) SI_UNIT ( $, .STERADIAN. ) SOLID_ANGLE_UNIT ( ) );
#430 = CARTESIAN_POINT ( 'NONE',  ( 0.000000000000000000, 0.000000000000000000, -0.5000000000000004441 ) ) ;
#431 =( NAMED_UNIT ( * ) PLANE_ANGLE_UNIT ( ) SI_UNIT ( $, .RADIAN. ) );
#432 = CARTESIAN_POINT ( 'NONE',  ( 6.321933147141518106, -7.899999999999999467, -1.758066852858530371 ) ) ;
#433 =( GEOMETRIC_REPRESENTATION_CONTEXT ( 3 ) GLOBAL_UNCERTAINTY_ASSIGNED_CONTEXT ( ( #8916 ) ) GLOBAL_UNIT_ASSIGNED_CONTEXT ( ( #1835, #9467, #7597 ) ) REPRESENTATION_CONTEXT ( 'NONE', 'WORKASPACE' ) );
#434 = EDGE_CURVE ( 'NONE', #9811, #2840, #6231, .T. ) ;
#435 = COLOUR_RGB ( '',1.000000000000000000, 0.9372549019607843146, 0.1372549019607843257 ) ;
#436 = LINE ( 'NONE', #3876, #6884 ) ;
#437 = ORIENTED_EDGE ( 'NONE', *, *, #6873, .T. ) ;
#438 = VECTOR ( 'NONE', #6649, 1000.000000000000227 ) ;
#439 = VERTEX_POINT ( 'NONE', #10759 ) ;
#440 = COLOUR_RGB ( '',1.000000000000000000, 1.000000000000000000, 1.000000000000000000 ) ;
#441 = CARTESIAN_POINT ( 'NONE',  ( -6.678066852858531632, -7.899999999999999467, 0.000000000000000000 ) ) ;
#442 = PRESENTATION_LAYER_ASSIGNMENT (  '', '', ( #3622 ) ) ;
#443 = PLANE ( 'NONE',  #6156 ) ;
#444 = EDGE_CURVE ( 'NONE', #2897, #9180, #6458, .T. ) ;
#445 = STYLED_ITEM ( 'NONE', ( #5637 ), #2460 ) ;
#446 = LINE ( 'NONE', #5659, #6618 ) ;
#447 = EDGE_CURVE ( 'NONE', #5042, #2139, #4655, .T. ) ;
#448 =( GEOMETRIC_REPRESENTATION_CONTEXT ( 3 ) GLOBAL_UNCERTAINTY_ASSIGNED_CONTEXT ( ( #10688 ) ) GLOBAL_UNIT_ASSIGNED_CONTEXT ( ( #1666, #6870, #6717 ) ) REPRESENTATION_CONTEXT ( 'NONE', 'WORKASPACE' ) );
#449 = CARTESIAN_POINT ( 'NONE',  ( 1.999999999999999556, 3.400000000000000355, -2.500000000000000444 ) ) ;
#450 = SURFACE_SIDE_STYLE ('',( #6518 ) ) ;
#451 = LINE ( 'NONE', #6578, #1842 ) ;
#452 = PRESENTATION_LAYER_ASSIGNMENT (  '', '', ( #10290 ) ) ;
#453 = VECTOR ( 'NONE', #636, 1000.000000000000000 ) ;
#454 = DIRECTION ( 'NONE',  ( 0.000000000000000000, 0.000000000000000000, -1.000000000000000000 ) ) ;
#455 =( GEOMETRIC_REPRESENTATION_CONTEXT ( 3 ) GLOBAL_UNCERTAINTY_ASSIGNED_CONTEXT ( ( #5734 ) ) GLOBAL_UNIT_ASSIGNED_CONTEXT ( ( #10099, #9975, #6553 ) ) REPRESENTATION_CONTEXT ( 'NONE', 'WORKASPACE' ) );
#456 = ORIENTED_EDGE ( 'NONE', *, *, #7846, .T. ) ;
#457 = ORIENTED_EDGE ( 'NONE', *, *, #422, .T. ) ;
#458 = LINE ( 'NONE', #10539, #3911 ) ;
#459 = AXIS2_PLACEMENT_3D ( 'NONE', #5837, #826, #875 ) ;
#460 = ORIENTED_EDGE ( 'NONE', *, *, #7165, .F. ) ;
#461 = FILL_AREA_STYLE_COLOUR ( '', #6395 ) ;
#462 = EDGE_CURVE ( 'NONE', #10699, #6878, #6580, .T. ) ;
#463 = CARTESIAN_POINT ( 'NONE',  ( -3.231990237815517641, 1.600000000000000755, -1.000000000000000444 ) ) ;
#464 = DIRECTION ( 'NONE',  ( -0.000000000000000000, -1.000000000000000000, -0.000000000000000000 ) ) ;
#465 = DIRECTION ( 'NONE',  ( 0.000000000000000000, 0.000000000000000000, 1.000000000000000000 ) ) ;
#466 =( NAMED_UNIT ( * ) PLANE_ANGLE_UNIT ( ) SI_UNIT ( $, .RADIAN. ) );
#467 = LINE ( 'NONE', #6472, #9664 ) ;
#468 = ORIENTED_EDGE ( 'NONE', *, *, #3161, .T. ) ;
#469 = ORIENTED_EDGE ( 'NONE', *, *, #5819, .F. ) ;
#470 = DIRECTION ( 'NONE',  ( 0.000000000000000000, 0.000000000000000000, 1.000000000000000000 ) ) ;
#471 = VECTOR ( 'NONE', #1113, 1000.000000000000000 ) ;
#472 =( LENGTH_UNIT ( ) NAMED_UNIT ( * ) SI_UNIT ( .MILLI., .METRE. ) );
#473 = DIRECTION ( 'NONE',  ( 0.000000000000000000, 0.000000000000000000, 1.000000000000000000 ) ) ;
#474 =( GEOMETRIC_REPRESENTATION_CONTEXT ( 3 ) GLOBAL_UNCERTAINTY_ASSIGNED_CONTEXT ( ( #9800 ) ) GLOBAL_UNIT_ASSIGNED_CONTEXT ( ( #3413, #7838, #193 ) ) REPRESENTATION_CONTEXT ( 'NONE', 'WORKASPACE' ) );
#475 = FILL_AREA_STYLE_COLOUR ( '', #9536 ) ;
#476 = DIRECTION ( 'NONE',  ( 0.000000000000000000, 0.000000000000000000, 1.000000000000000000 ) ) ;
#477 = ORIENTED_EDGE ( 'NONE', *, *, #7326, .T. ) ;
#478 = SURFACE_STYLE_FILL_AREA ( #4560 ) ;
#479 = COLOUR_RGB ( '',1.000000000000000000, 0.9372549019607843146, 0.1372549019607843257 ) ;
#480 = DIRECTION ( 'NONE',  ( 0.7071067811865500152, 0.000000000000000000, 0.7071067811865450192 ) ) ;
#481 = ORIENTED_EDGE ( 'NONE', *, *, #6615, .T. ) ;
#482 = EDGE_LOOP ( 'NONE', ( #8883, #1799, #3766, #8774 ) ) ;
#483 = DIRECTION ( 'NONE',  ( 0.000000000000000000, -1.000000000000000000, 0.000000000000000000 ) ) ;
#484 = VERTEX_POINT ( 'NONE', #6520 ) ;
#485 = ADVANCED_FACE ( 'NONE', ( #6634 ), #6403, .F. ) ;
#486 =( LENGTH_UNIT ( ) NAMED_UNIT ( * ) SI_UNIT ( .MILLI., .METRE. ) );
#487 = FILL_AREA_STYLE_COLOUR ( '', #1095 ) ;
#488 = LINE ( 'NONE', #1380, #8373 ) ;
#489 = MECHANICAL_DESIGN_GEOMETRIC_PRESENTATION_REPRESENTATION (  '', ( #8890 ), #2777 ) ;
#490 = LINE ( 'NONE', #9943, #8509 ) ;
#491 = ORIENTED_EDGE ( 'NONE', *, *, #2461, .F. ) ;
#492 = EDGE_LOOP ( 'NONE', ( #6838, #7436, #1894, #855 ) ) ;
#493 = LINE ( 'NONE', #4578, #6631 ) ;
#494 = VECTOR ( 'NONE', #4248, 1000.000000000000000 ) ;
#495 = EDGE_LOOP ( 'NONE', ( #6669, #7688, #6946, #3445 ) ) ;
#496 = EDGE_CURVE ( 'NONE', #2807, #933, #6105, .T. ) ;
#497 = PRESENTATION_STYLE_ASSIGNMENT (( #4984 ) ) ;
#498 = FACE_OUTER_BOUND ( 'NONE', #3270, .T. ) ;
#499 =( NAMED_UNIT ( * ) SI_UNIT ( $, .STERADIAN. ) SOLID_ANGLE_UNIT ( ) );
#500 = SURFACE_STYLE_FILL_AREA ( #334 ) ;
#501 = VECTOR ( 'NONE', #1546, 1000.000000000000000 ) ;
#502 = SURFACE_SIDE_STYLE ('',( #9017 ) ) ;
#503 = DIRECTION ( 'NONE',  ( 0.000000000000000000, 1.000000000000000000, -0.000000000000000000 ) ) ;
#505 = EDGE_CURVE ( 'NONE', #9906, #6762, #1092, .T. ) ;
#504 = DIRECTION ( 'NONE',  ( 1.000000000000000000, 0.000000000000000000, 0.000000000000000000 ) ) ;
#506 = ADVANCED_FACE ( 'NONE', ( #7907 ), #1984, .T. ) ;
#507 = VERTEX_POINT ( 'NONE', #3594 ) ;
#508 = EDGE_LOOP ( 'NONE', ( #3236, #9716, #5274, #10727 ) ) ;
#509 = CARTESIAN_POINT ( 'NONE',  ( -1.986111111111112049, 2.450000000000001066, 2.000000000000000000 ) ) ;
#510 = CARTESIAN_POINT ( 'NONE',  ( -7.469999999999999751, -2.399999999999999911, -1.270000000000000684 ) ) ;
#511 = DIRECTION ( 'NONE',  ( -0.2676438637860944492, 0.9635179096299407719, 0.000000000000000000 ) ) ;
#512 = LINE ( 'NONE', #5563, #2905 ) ;
#513 = DIRECTION ( 'NONE',  ( -0.000000000000000000, -1.000000000000000000, -0.000000000000000000 ) ) ;
#514 = UNCERTAINTY_MEASURE_WITH_UNIT (LENGTH_MEASURE( 1.000000000000000082E-05 ), #3324, 'distance_accuracy_value', 'NONE');
#515 =( LENGTH_UNIT ( ) NAMED_UNIT ( * ) SI_UNIT ( .MILLI., .METRE. ) );
#516 = FACE_OUTER_BOUND ( 'NONE', #9990, .T. ) ;
#517 = CARTESIAN_POINT ( 'NONE',  ( -2.649999999999995914, 2.100000000000000089, 6.000000000000000000 ) ) ;
#518 = CARTESIAN_POINT ( 'NONE',  ( -6.500000000000000000, 2.600000000000000089, -0.01226741143414006308 ) ) ;
#519 = EDGE_CURVE ( 'NONE', #4629, #369, #7968, .T. ) ;
#520 = EDGE_LOOP ( 'NONE', ( #1963, #5449, #5600, #1082 ) ) ;
#521 =( GEOMETRIC_REPRESENTATION_CONTEXT ( 3 ) GLOBAL_UNCERTAINTY_ASSIGNED_CONTEXT ( ( #62 ) ) GLOBAL_UNIT_ASSIGNED_CONTEXT ( ( #10606, #8224, #10771 ) ) REPRESENTATION_CONTEXT ( 'NONE', 'WORKASPACE' ) );
#522 = EDGE_CURVE ( 'NONE', #2458, #10923, #2863, .T. ) ;
#523 = DIRECTION ( 'NONE',  ( -0.7071067811865462405, -0.7071067811865489050, 0.000000000000000000 ) ) ;
#524 = DIRECTION ( 'NONE',  ( -0.8987940462991674817, -0.4383711467890764601, 0.000000000000000000 ) ) ;
#525 = CARTESIAN_POINT ( 'NONE',  ( 7.770000000000000462, -2.399999999999999911, -0.6099999999999933253 ) ) ;
#526 = ORIENTED_EDGE ( 'NONE', *, *, #5832, .T. ) ;
#527 = CARTESIAN_POINT ( 'NONE',  ( -3.231990237815517641, 1.704120873295593253, -1.000000000000000444 ) ) ;
#528 = ORIENTED_EDGE ( 'NONE', *, *, #6506, .T. ) ;
#529 = DIRECTION ( 'NONE',  ( -0.2676438637860947822, 0.9635179096299405499, 2.901800585692984212E-17 ) ) ;
#530 = CARTESIAN_POINT ( 'NONE',  ( 6.678066852858611568, -7.899999999999999467, -3.819999999999995399 ) ) ;
#531 = SURFACE_STYLE_FILL_AREA ( #2189 ) ;
#532 = CARTESIAN_POINT ( 'NONE',  ( -2.144689754873802645, 2.450000000000001954, 2.499999999999999556 ) ) ;
#533 = EDGE_LOOP ( 'NONE', ( #9606, #8680, #3725, #10693 ) ) ;
#534 = ORIENTED_EDGE ( 'NONE', *, *, #279, .T. ) ;
#535 = COLOUR_RGB ( '',0.8941176470588234615, 0.9137254901960784048, 0.9294117647058823817 ) ;
#536 = FILL_AREA_STYLE_COLOUR ( '', #7561 ) ;
#537 = LINE ( 'NONE', #5363, #10989 ) ;
#538 = DIRECTION ( 'NONE',  ( -0.000000000000000000, 1.000000000000000000, -0.000000000000000000 ) ) ;
#539 = FILL_AREA_STYLE_COLOUR ( '', #6180 ) ;
#540 = ORIENTED_EDGE ( 'NONE', *, *, #716, .T. ) ;
#541 = SURFACE_STYLE_USAGE ( .BOTH. , #3037 ) ;
#542 = AXIS2_PLACEMENT_3D ( 'NONE', #1572, #6423, #8168 ) ;
#543 = STYLED_ITEM ( 'NONE', ( #782 ), #5246 ) ;
#544 = AXIS2_PLACEMENT_3D ( 'NONE', #8556, #5150, #6974 ) ;
#545 = ORIENTED_EDGE ( 'NONE', *, *, #4429, .T. ) ;
#546 = VERTEX_POINT ( 'NONE', #1206 ) ;
#547 = FILL_AREA_STYLE ('',( #6510 ) ) ;
#548 = EDGE_LOOP ( 'NONE', ( #2402, #10518 ) ) ;
#549 = DIRECTION ( 'NONE',  ( 0.000000000000000000, 0.000000000000000000, -1.000000000000000000 ) ) ;
#550 = VERTEX_POINT ( 'NONE', #380 ) ;
#551 = CARTESIAN_POINT ( 'NONE',  ( 1.999999999999999556, 3.400000000000000355, -2.500000000000000444 ) ) ;
#552 = MECHANICAL_DESIGN_GEOMETRIC_PRESENTATION_REPRESENTATION (  '', ( #8593 ), #2310 ) ;
#553 = AXIS2_PLACEMENT_3D ( 'NONE', #9117, #5040, #4201 ) ;
#554 =( NAMED_UNIT ( * ) PLANE_ANGLE_UNIT ( ) SI_UNIT ( $, .RADIAN. ) );
#555 = SURFACE_STYLE_USAGE ( .BOTH. , #450 ) ;
#556 = EDGE_CURVE ( 'NONE', #4056, #9626, #6937, .T. ) ;
#557 = ORIENTED_EDGE ( 'NONE', *, *, #4785, .T. ) ;
#558 = MECHANICAL_DESIGN_GEOMETRIC_PRESENTATION_REPRESENTATION (  '', ( #1625 ), #4812 ) ;
#559 = ORIENTED_EDGE ( 'NONE', *, *, #1517, .T. ) ;
#560 = SURFACE_SIDE_STYLE ('',( #3212 ) ) ;
#561 = DIRECTION ( 'NONE',  ( 0.000000000000000000, 0.000000000000000000, 1.000000000000000000 ) ) ;
#562 = PRESENTATION_STYLE_ASSIGNMENT (( #9907 ) ) ;
#563 =( GEOMETRIC_REPRESENTATION_CONTEXT ( 3 ) GLOBAL_UNCERTAINTY_ASSIGNED_CONTEXT ( ( #849 ) ) GLOBAL_UNIT_ASSIGNED_CONTEXT ( ( #4934, #10061, #9389 ) ) REPRESENTATION_CONTEXT ( 'NONE', 'WORKASPACE' ) );
#564 = PLANE ( 'NONE',  #8253 ) ;
#565 = ORIENTED_EDGE ( 'NONE', *, *, #1593, .F. ) ;
#566 = SURFACE_SIDE_STYLE ('',( #8215 ) ) ;
#567 =( GEOMETRIC_REPRESENTATION_CONTEXT ( 3 ) GLOBAL_UNCERTAINTY_ASSIGNED_CONTEXT ( ( #10713 ) ) GLOBAL_UNIT_ASSIGNED_CONTEXT ( ( #4817, #602, #5828 ) ) REPRESENTATION_CONTEXT ( 'NONE', 'WORKASPACE' ) );
#568 = PLANE ( 'NONE',  #8518 ) ;
#569 = DIRECTION ( 'NONE',  ( 1.000000000000000000, 0.000000000000000000, 0.000000000000000000 ) ) ;
#570 = DIRECTION ( 'NONE',  ( 0.7071067811865474617, -0.000000000000000000, 0.7071067811865474617 ) ) ;
#571 = EDGE_LOOP ( 'NONE', ( #2530, #8442, #10253, #10617 ) ) ;
#572 = COLOUR_RGB ( '',1.000000000000000000, 0.9372549019607843146, 0.1372549019607843257 ) ;
#573 = AXIS2_PLACEMENT_3D ( 'NONE', #7478, #10087, #10833 ) ;
#575 = SURFACE_STYLE_FILL_AREA ( #4737 ) ;
#574 = DIRECTION ( 'NONE',  ( 1.000000000000000000, -0.000000000000000000, -0.000000000000000000 ) ) ;
#576 = VECTOR ( 'NONE', #3645, 1000.000000000000227 ) ;
#577 = CARTESIAN_POINT ( 'NONE',  ( 6.678066852858560942, -7.899999999999999467, 1.138066852858539590 ) ) ;
#578 = DIRECTION ( 'NONE',  ( 0.7071067811865484609, -0.7071067811865466846, 0.000000000000000000 ) ) ;
#579 =( NAMED_UNIT ( * ) SI_UNIT ( $, .STERADIAN. ) SOLID_ANGLE_UNIT ( ) );
#580 = EDGE_CURVE ( 'NONE', #7600, #9585, #10058, .T. ) ;
#581 = EDGE_CURVE ( 'NONE', #10772, #7438, #11076, .T. ) ;
#582 = PRESENTATION_LAYER_ASSIGNMENT (  '', '', ( #10417 ) ) ;
#583 =( GEOMETRIC_REPRESENTATION_CONTEXT ( 3 ) GLOBAL_UNCERTAINTY_ASSIGNED_CONTEXT ( ( #2709 ) ) GLOBAL_UNIT_ASSIGNED_CONTEXT ( ( #1449, #4822, #7512 ) ) REPRESENTATION_CONTEXT ( 'NONE', 'WORKASPACE' ) );
#584 = ORIENTED_EDGE ( 'NONE', *, *, #9352, .T. ) ;
#585 = LINE ( 'NONE', #2185, #7475 ) ;
#586 = SURFACE_STYLE_USAGE ( .BOTH. , #6268 ) ;
#587 = PLANE ( 'NONE',  #979 ) ;
#588 = COLOUR_RGB ( '',0.8941176470588234615, 0.9137254901960784048, 0.9294117647058823817 ) ;
#589 = ORIENTED_EDGE ( 'NONE', *, *, #3879, .T. ) ;
#590 = DIRECTION ( 'NONE',  ( 0.000000000000000000, -1.000000000000000000, 0.000000000000000000 ) ) ;
#591 = EDGE_LOOP ( 'NONE', ( #8886, #10307, #2087, #3258 ) ) ;
#592 = EDGE_LOOP ( 'NONE', ( #3765, #7144, #6761, #33 ) ) ;
#593 = ORIENTED_EDGE ( 'NONE', *, *, #5665, .F. ) ;
#594 = CARTESIAN_POINT ( 'NONE',  ( 5.529999999999995808, -2.399999999999999911, -0.3099999999999951683 ) ) ;
#595 =( NAMED_UNIT ( * ) PLANE_ANGLE_UNIT ( ) SI_UNIT ( $, .RADIAN. ) );
#596 = ADVANCED_FACE ( 'NONE', ( #5935 ), #8431, .T. ) ;
#597 = DIRECTION ( 'NONE',  ( 0.000000000000000000, 0.4383711467890764601, -0.8987940462991674817 ) ) ;
#598 = VECTOR ( 'NONE', #5194, 1000.000000000000000 ) ;
#599 = DIRECTION ( 'NONE',  ( 0.7071067811865465735, 0.7071067811865483499, -0.000000000000000000 ) ) ;
#600 = EDGE_LOOP ( 'NONE', ( #9924, #1596, #2665, #9315 ) ) ;
#601 = PRESENTATION_LAYER_ASSIGNMENT (  '', '', ( #5379 ) ) ;
#602 =( NAMED_UNIT ( * ) PLANE_ANGLE_UNIT ( ) SI_UNIT ( $, .RADIAN. ) );
#603 = EDGE_LOOP ( 'NONE', ( #6235, #774, #2437, #10721 ) ) ;
#604 = CARTESIAN_POINT ( 'NONE',  ( 2.186111111111113114, 2.550000000000002487, 0.4999999999999995559 ) ) ;
#605 = PLANE ( 'NONE',  #231 ) ;
#606 = DIRECTION ( 'NONE',  ( -0.000000000000000000, -1.000000000000000000, -0.000000000000000000 ) ) ;
#607 = COLOUR_RGB ( '',1.000000000000000000, 0.9372549019607843146, 0.1372549019607843257 ) ;
#608 = FACE_OUTER_BOUND ( 'NONE', #3240, .T. ) ;
#609 = CARTESIAN_POINT ( 'NONE',  ( -5.529999999999998472, -2.399999999999999911, 3.809999999999999609 ) ) ;
#610 = DIRECTION ( 'NONE',  ( 0.000000000000000000, -1.000000000000000000, 0.000000000000000000 ) ) ;
#611 = MECHANICAL_DESIGN_GEOMETRIC_PRESENTATION_REPRESENTATION (  '', ( #10267 ), #7027 ) ;
#612 = VECTOR ( 'NONE', #9868, 1000.000000000000000 ) ;
#613 = SURFACE_STYLE_USAGE ( .BOTH. , #4829 ) ;
#614 = ORIENTED_EDGE ( 'NONE', *, *, #7522, .T. ) ;
#615 = MECHANICAL_DESIGN_GEOMETRIC_PRESENTATION_REPRESENTATION (  '', ( #6688 ), #10465 ) ;
#616 = VECTOR ( 'NONE', #6487, 1000.000000000000000 ) ;
#617 = PRESENTATION_LAYER_ASSIGNMENT (  '', '', ( #6305 ) ) ;
#618 = PLANE ( 'NONE',  #8781 ) ;
#619 = DIRECTION ( 'NONE',  ( 0.000000000000000000, 0.000000000000000000, -1.000000000000000000 ) ) ;
#620 =( NAMED_UNIT ( * ) PLANE_ANGLE_UNIT ( ) SI_UNIT ( $, .RADIAN. ) );
#621 =( LENGTH_UNIT ( ) NAMED_UNIT ( * ) SI_UNIT ( .MILLI., .METRE. ) );
#622 = PRESENTATION_LAYER_ASSIGNMENT (  '', '', ( #5410 ) ) ;
#623 = ADVANCED_FACE ( 'NONE', ( #1370 ), #4749, .F. ) ;
#624 = AXIS2_PLACEMENT_3D ( 'NONE', #4049, #10139, #8273 ) ;
#625 = DIRECTION ( 'NONE',  ( -0.7071067811865474617, 0.000000000000000000, -0.7071067811865474617 ) ) ;
#626 = EDGE_LOOP ( 'NONE', ( #10160, #4346, #593, #10900 ) ) ;
#627 = LINE ( 'NONE', #1402, #3553 ) ;
#628 = VECTOR ( 'NONE', #11041, 1000.000000000000000 ) ;
#629 = UNCERTAINTY_MEASURE_WITH_UNIT (LENGTH_MEASURE( 1.000000000000000082E-05 ), #10974, 'distance_accuracy_value', 'NONE');
#630 =( NAMED_UNIT ( * ) SI_UNIT ( $, .STERADIAN. ) SOLID_ANGLE_UNIT ( ) );
#631 = VECTOR ( 'NONE', #3509, 1000.000000000000000 ) ;
#632 = DIRECTION ( 'NONE',  ( -0.000000000000000000, 1.000000000000000000, -0.000000000000000000 ) ) ;
#633 = ORIENTED_EDGE ( 'NONE', *, *, #6799, .T. ) ;
#634 = VECTOR ( 'NONE', #6616, 1000.000000000000000 ) ;
#635 = CARTESIAN_POINT ( 'NONE',  ( -6.499999999999999112, 2.600000000000000089, -2.540000000000000036 ) ) ;
#636 = DIRECTION ( 'NONE',  ( 1.000000000000000000, 9.137799966060740935E-16, 0.000000000000000000 ) ) ;
#637 =( NAMED_UNIT ( * ) SI_UNIT ( $, .STERADIAN. ) SOLID_ANGLE_UNIT ( ) );
#638 = ORIENTED_EDGE ( 'NONE', *, *, #9677, .F. ) ;
#639 = CARTESIAN_POINT ( 'NONE',  ( 1.986111111111112937, 2.450000000000002398, 0.9999999999999995559 ) ) ;
#640 = VECTOR ( 'NONE', #9446, 1000.000000000000000 ) ;
#641 = UNCERTAINTY_MEASURE_WITH_UNIT (LENGTH_MEASURE( 1.000000000000000082E-05 ), #7834, 'distance_accuracy_value', 'NONE');
#642 = VERTEX_POINT ( 'NONE', #4430 ) ;
#643 = DIRECTION ( 'NONE',  ( 0.7071067811865485719, 0.000000000000000000, -0.7071067811865465735 ) ) ;
#644 = FILL_AREA_STYLE_COLOUR ( '', #607 ) ;
#645 = VECTOR ( 'NONE', #10665, 1000.000000000000000 ) ;
#646 = AXIS2_PLACEMENT_3D ( 'NONE', #1129, #6259, #977 ) ;
#647 = EDGE_CURVE ( 'NONE', #7999, #10066, #1169, .T. ) ;
#648 = ORIENTED_EDGE ( 'NONE', *, *, #2201, .T. ) ;
#649 = ADVANCED_FACE ( 'NONE', ( #9748 ), #404, .T. ) ;
#650 = ORIENTED_EDGE ( 'NONE', *, *, #5819, .T. ) ;
#651 =( GEOMETRIC_REPRESENTATION_CONTEXT ( 3 ) GLOBAL_UNCERTAINTY_ASSIGNED_CONTEXT ( ( #3729 ) ) GLOBAL_UNIT_ASSIGNED_CONTEXT ( ( #8252, #1324, #2044 ) ) REPRESENTATION_CONTEXT ( 'NONE', 'WORKASPACE' ) );
#652 = ORIENTED_EDGE ( 'NONE', *, *, #4771, .F. ) ;
#653 = CARTESIAN_POINT ( 'NONE',  ( -7.769999999999999574, -2.399999999999999911, -0.9700000000000029710 ) ) ;
#654 =( LENGTH_UNIT ( ) NAMED_UNIT ( * ) SI_UNIT ( .MILLI., .METRE. ) );
#655 = SURFACE_SIDE_STYLE ('',( #9098 ) ) ;
#656 = DIRECTION ( 'NONE',  ( 0.000000000000000000, 1.000000000000000000, 0.000000000000000000 ) ) ;
#657 = DIRECTION ( 'NONE',  ( 1.000000000000000000, 8.330334836186190947E-15, -0.000000000000000000 ) ) ;
#658 = APPLICATION_CONTEXT ( 'automotive_design' ) ;
#659 =( NAMED_UNIT ( * ) PLANE_ANGLE_UNIT ( ) SI_UNIT ( $, .RADIAN. ) );
#660 = LINE ( 'NONE', #11016, #2399 ) ;
#661 = FILL_AREA_STYLE ('',( #2472 ) ) ;
#662 = ORIENTED_EDGE ( 'NONE', *, *, #4723, .F. ) ;
#663 = SURFACE_STYLE_USAGE ( .BOTH. , #5772 ) ;
#664 = EDGE_CURVE ( 'NONE', #9774, #6287, #2061, .T. ) ;
#665 = EDGE_LOOP ( 'NONE', ( #2865, #5088, #5119, #6711 ) ) ;
#666 =( GEOMETRIC_REPRESENTATION_CONTEXT ( 3 ) GLOBAL_UNCERTAINTY_ASSIGNED_CONTEXT ( ( #5512 ) ) GLOBAL_UNIT_ASSIGNED_CONTEXT ( ( #1939, #8784, #3670 ) ) REPRESENTATION_CONTEXT ( 'NONE', 'WORKASPACE' ) );
#667 = ADVANCED_FACE ( 'NONE', ( #3673 ), #10489, .F. ) ;
#668 = CARTESIAN_POINT ( 'NONE',  ( 0.6499999999999982458, 2.100000000000000089, -4.500000000000003553 ) ) ;
#669 = FILL_AREA_STYLE_COLOUR ( '', #8951 ) ;
#670 = VECTOR ( 'NONE', #3785, 1000.000000000000000 ) ;
#671 = CARTESIAN_POINT ( 'NONE',  ( 6.200000000000078337, -7.649999999999995026, -4.419999999999995488 ) ) ;
#672 = SURFACE_STYLE_USAGE ( .BOTH. , #8330 ) ;
#673 = CARTESIAN_POINT ( 'NONE',  ( 5.529999999999995808, -2.399999999999999911, -5.389999999999996128 ) ) ;
#674 = ORIENTED_EDGE ( 'NONE', *, *, #6424, .T. ) ;
#675 = DIRECTION ( 'NONE',  ( -1.000000000000000000, 0.000000000000000000, -0.000000000000000000 ) ) ;
#676 = ORIENTED_EDGE ( 'NONE', *, *, #9599, .F. ) ;
#677 = EDGE_LOOP ( 'NONE', ( #2091, #8679 ) ) ;
#678 = ORIENTED_EDGE ( 'NONE', *, *, #10931, .F. ) ;
#679 = LINE ( 'NONE', #3941, #2348 ) ;
#680 = PRESENTATION_LAYER_ASSIGNMENT (  '', '', ( #8359 ) ) ;
#681 = SURFACE_STYLE_USAGE ( .BOTH. , #3214 ) ;
#682 = SURFACE_STYLE_FILL_AREA ( #4678 ) ;
#683 = DIRECTION ( 'NONE',  ( 4.470936793754646013E-16, 0.000000000000000000, 1.000000000000000000 ) ) ;
#684 = LINE ( 'NONE', #4055, #7859 ) ;
#685 = ORIENTED_EDGE ( 'NONE', *, *, #447, .T. ) ;
#686 = EDGE_CURVE ( 'NONE', #10447, #8402, #8043, .T. ) ;
#687 = FACE_OUTER_BOUND ( 'NONE', #4873, .T. ) ;
#688 = FACE_OUTER_BOUND ( 'NONE', #3649, .T. ) ;
#689 = SURFACE_SIDE_STYLE ('',( #8291 ) ) ;
#690 = ORIENTED_EDGE ( 'NONE', *, *, #8411, .T. ) ;
#691 = CARTESIAN_POINT ( 'NONE',  ( -6.649363734231338974, -7.958850114386585517, -0.1493637342313666738 ) ) ;
#692 = ORIENTED_EDGE ( 'NONE', *, *, #8150, .F. ) ;
#693 =( NAMED_UNIT ( * ) SI_UNIT ( $, .STERADIAN. ) SOLID_ANGLE_UNIT ( ) );
#694 = FILL_AREA_STYLE ('',( #5070 ) ) ;
#695 = SURFACE_STYLE_FILL_AREA ( #1536 ) ;
#696 = EDGE_CURVE ( 'NONE', #8402, #9033, #2884, .T. ) ;
#697 = EDGE_CURVE ( 'NONE', #4629, #3126, #10429, .T. ) ;
#698 = ORIENTED_EDGE ( 'NONE', *, *, #10715, .F. ) ;
#699 = EDGE_LOOP ( 'NONE', ( #1033, #9269, #4852, #1315 ) ) ;
#700 = SURFACE_STYLE_USAGE ( .BOTH. , #8366 ) ;
#701 = ORIENTED_EDGE ( 'NONE', *, *, #5595, .F. ) ;
#702 = SURFACE_SIDE_STYLE ('',( #3344 ) ) ;
#703 = VERTEX_POINT ( 'NONE', #1400 ) ;
#704 = CARTESIAN_POINT ( 'NONE',  ( -6.199999999999972644, -7.649999999999995026, -0.3000000000000003775 ) ) ;
#705 = EDGE_CURVE ( 'NONE', #1698, #10355, #9856, .T. ) ;
#706 = LINE ( 'NONE', #3188, #2286 ) ;
#707 = ADVANCED_FACE ( 'NONE', ( #7466 ), #4833, .T. ) ;
#708 = EDGE_LOOP ( 'NONE', ( #6003, #10440, #7214, #4064 ) ) ;
#709 = PRESENTATION_LAYER_ASSIGNMENT (  '', '', ( #5497 ) ) ;
#710 = DIRECTION ( 'NONE',  ( 0.000000000000000000, -1.000000000000000000, 0.000000000000000000 ) ) ;
#711 = COLOUR_RGB ( '',0.8941176470588234615, 0.9137254901960784048, 0.9294117647058823817 ) ;
#712 = CARTESIAN_POINT ( 'NONE',  ( -2.649999999999999467, 2.100000000000000089, -4.500000000000003553 ) ) ;
#713 = LINE ( 'NONE', #4199, #10217 ) ;
#714 = VECTOR ( 'NONE', #3120, 1000.000000000000227 ) ;
#715 = EDGE_CURVE ( 'NONE', #10064, #10071, #2268, .T. ) ;
#716 = EDGE_CURVE ( 'NONE', #2143, #10005, #2543, .T. ) ;
#717 = LINE ( 'NONE', #9394, #7578 ) ;
#718 = ORIENTED_EDGE ( 'NONE', *, *, #1921, .F. ) ;
#719 = ORIENTED_EDGE ( 'NONE', *, *, #2806, .T. ) ;
#720 = VECTOR ( 'NONE', #8193, 1000.000000000000000 ) ;
#721 = VECTOR ( 'NONE', #3787, 1000.000000000000000 ) ;
#722 = EDGE_LOOP ( 'NONE', ( #698, #1830, #8755, #2993 ) ) ;
#723 = DIRECTION ( 'NONE',  ( -0.000000000000000000, 1.000000000000000000, -0.000000000000000000 ) ) ;
#724 = ORIENTED_EDGE ( 'NONE', *, *, #8903, .T. ) ;
#725 = FILL_AREA_STYLE_COLOUR ( '', #4331 ) ;
#726 = CARTESIAN_POINT ( 'NONE',  ( 3.231990237815518530, 1.704120873295594141, -0.5000000000000004441 ) ) ;
#727 = FACE_OUTER_BOUND ( 'NONE', #139, .T. ) ;
#728 = CARTESIAN_POINT ( 'NONE',  ( -7.769999999999999574, -2.399999999999999911, -1.569999999999997176 ) ) ;
#729 = VECTOR ( 'NONE', #6394, 1000.000000000000000 ) ;
#730 = UNCERTAINTY_MEASURE_WITH_UNIT (LENGTH_MEASURE( 1.000000000000000082E-05 ), #7279, 'distance_accuracy_value', 'NONE');
#731 = PRESENTATION_LAYER_ASSIGNMENT (  '', '', ( #2841 ) ) ;
#732 = COLOUR_RGB ( '',0.8313725490196077761, 0.6705882352941175961, 0.1294117647058823373 ) ;
#733 = CARTESIAN_POINT ( 'NONE',  ( 5.529999999999995808, 0.000000000000000000, -5.389999999999996128 ) ) ;
#734 = VERTEX_POINT ( 'NONE', #42 ) ;
#736 = CARTESIAN_POINT ( 'NONE',  ( 1.986111111111112937, 2.450000000000002398, -1.000000000000000444 ) ) ;
#735 = LINE ( 'NONE', #6659, #6440 ) ;
#737 = PRESENTATION_LAYER_ASSIGNMENT (  '', '', ( #4633 ) ) ;
#738 = LINE ( 'NONE', #1576, #7912 ) ;
#739 = ORIENTED_EDGE ( 'NONE', *, *, #9873, .T. ) ;
#740 = PLANE ( 'NONE',  #6224 ) ;
#741 = UNCERTAINTY_MEASURE_WITH_UNIT (LENGTH_MEASURE( 1.000000000000000082E-05 ), #2088, 'distance_accuracy_value', 'NONE');
#742 = ORIENTED_EDGE ( 'NONE', *, *, #5167, .T. ) ;
#743 =( NAMED_UNIT ( * ) PLANE_ANGLE_UNIT ( ) SI_UNIT ( $, .RADIAN. ) );
#744 = PLANE ( 'NONE',  #5584 ) ;
#745 = ORIENTED_EDGE ( 'NONE', *, *, #3114, .F. ) ;
#746 = VECTOR ( 'NONE', #8422, 1000.000000000000114 ) ;
#747 = AXIS2_PLACEMENT_3D ( 'NONE', #6491, #4627, #7226 ) ;
#748 = DIRECTION ( 'NONE',  ( -1.000000000000000000, 0.000000000000000000, -4.336808689942013792E-16 ) ) ;
#749 = FILL_AREA_STYLE_COLOUR ( '', #100 ) ;
#750 = AXIS2_PLACEMENT_3D ( 'NONE', #1265, #10805, #6569 ) ;
#751 = ORIENTED_EDGE ( 'NONE', *, *, #10585, .F. ) ;
#752 = ORIENTED_EDGE ( 'NONE', *, *, #9055, .T. ) ;
#753 = ORIENTED_EDGE ( 'NONE', *, *, #152, .F. ) ;
#754 = VECTOR ( 'NONE', #7177, 1000.000000000000000 ) ;
#755 = EDGE_CURVE ( 'NONE', #10136, #1386, #6815, .T. ) ;
#756 = CARTESIAN_POINT ( 'NONE',  ( -1.986111111111112049, 2.450000000000001954, 0.9999999999999995559 ) ) ;
#757 = DIRECTION ( 'NONE',  ( 0.7071067811865454633, 0.000000000000000000, -0.7071067811865495711 ) ) ;
#758 = ORIENTED_EDGE ( 'NONE', *, *, #7268, .T. ) ;
#759 = VECTOR ( 'NONE', #2929, 1000.000000000000000 ) ;
#760 = SURFACE_SIDE_STYLE ('',( #9326 ) ) ;
#761 = LINE ( 'NONE', #7568, #2317 ) ;
#762 = ORIENTED_EDGE ( 'NONE', *, *, #7167, .F. ) ;
#763 = SURFACE_SIDE_STYLE ('',( #6628 ) ) ;
#764 = CARTESIAN_POINT ( 'NONE',  ( 6.200000000000078337, -2.399999999999999911, -3.819999999999995399 ) ) ;
#765 = SURFACE_SIDE_STYLE ('',( #8434 ) ) ;
#766 = PRESENTATION_STYLE_ASSIGNMENT (( #7509 ) ) ;
#767 = CARTESIAN_POINT ( 'NONE',  ( 6.800000000000025580, -7.649999999999998579, 1.260000000000004672 ) ) ;
#768 = EDGE_CURVE ( 'NONE', #5025, #7523, #7525, .T. ) ;
#769 = VECTOR ( 'NONE', #9659, 1000.000000000000000 ) ;
#770 = FILL_AREA_STYLE_COLOUR ( '', #6318 ) ;
#771 = ORIENTED_EDGE ( 'NONE', *, *, #3131, .T. ) ;
#772 = ORIENTED_EDGE ( 'NONE', *, *, #3454, .F. ) ;
#773 = MECHANICAL_DESIGN_GEOMETRIC_PRESENTATION_REPRESENTATION (  '', ( #10068 ), #5573 ) ;
#775 = EDGE_CURVE ( 'NONE', #6264, #10862, #11084, .T. ) ;
#774 = ORIENTED_EDGE ( 'NONE', *, *, #2978, .T. ) ;
#776 = EDGE_CURVE ( 'NONE', #7285, #877, #1616, .T. ) ;
#777 = EDGE_LOOP ( 'NONE', ( #3090, #4640, #8493, #2195 ) ) ;
#778 = VECTOR ( 'NONE', #470, 1000.000000000000000 ) ;
#779 = FILL_AREA_STYLE ('',( #6714 ) ) ;
#780 = LINE ( 'NONE', #9457, #2690 ) ;
#781 = CARTESIAN_POINT ( 'NONE',  ( 7.470000000000000639, 0.000000000000000000, 2.230000000000004867 ) ) ;
#782 = PRESENTATION_STYLE_ASSIGNMENT (( #5847 ) ) ;
#783 = COLOUR_RGB ( '',0.8313725490196077761, 0.6705882352941175961, 0.1294117647058823373 ) ;
#784 = COLOUR_RGB ( '',0.8941176470588234615, 0.9137254901960784048, 0.9294117647058823817 ) ;
#785 = DIRECTION ( 'NONE',  ( 0.000000000000000000, 1.000000000000000000, 0.000000000000000000 ) ) ;
#786 = ORIENTED_EDGE ( 'NONE', *, *, #2848, .F. ) ;
#788 = SURFACE_SIDE_STYLE ('',( #9301 ) ) ;
#787 = SURFACE_SIDE_STYLE ('',( #4847 ) ) ;
#789 = ADVANCED_FACE ( 'NONE', ( #8510 ), #2444, .F. ) ;
#790 = AXIS2_PLACEMENT_3D ( 'NONE', #7338, #9161, #6497 ) ;
#791 = LINE ( 'NONE', #3329, #9186 ) ;
#792 = DIRECTION ( 'NONE',  ( 0.2676438637860947822, -0.9635179096299405499, 0.000000000000000000 ) ) ;
#793 = PRESENTATION_LAYER_ASSIGNMENT (  '', '', ( #6688 ) ) ;
#794 = VECTOR ( 'NONE', #9523, 1000.000000000000000 ) ;
#795 = DIRECTION ( 'NONE',  ( 0.000000000000000000, 0.000000000000000000, 1.000000000000000000 ) ) ;
#796 = CARTESIAN_POINT ( 'NONE',  ( -2.144689754873802645, 2.450000000000001954, 0.4999999999999995559 ) ) ;
#797 = FILL_AREA_STYLE_COLOUR ( '', #8512 ) ;
#798 = DIRECTION ( 'NONE',  ( 0.000000000000000000, 1.000000000000000000, 0.000000000000000000 ) ) ;
#799 = MECHANICAL_DESIGN_GEOMETRIC_PRESENTATION_REPRESENTATION (  '', ( #10648 ), #4690 ) ;
#800 = DIRECTION ( 'NONE',  ( 1.000000000000000000, 0.000000000000000000, -0.000000000000000000 ) ) ;
#801 = ORIENTED_EDGE ( 'NONE', *, *, #9122, .F. ) ;
#802 = FACE_OUTER_BOUND ( 'NONE', #5601, .T. ) ;
#803 = SURFACE_STYLE_USAGE ( .BOTH. , #10039 ) ;
#804 = MECHANICAL_DESIGN_GEOMETRIC_PRESENTATION_REPRESENTATION (  '', ( #2553 ), #3820 ) ;
#805 = SURFACE_STYLE_USAGE ( .BOTH. , #10159 ) ;
#806 = STYLED_ITEM ( 'NONE', ( #1932 ), #2083 ) ;
#807 = VERTEX_POINT ( 'NONE', #5000 ) ;
#808 = CARTESIAN_POINT ( 'NONE',  ( 6.500000000000000888, 2.600000000000000089, -4.132267411434135340 ) ) ;
#809 = CARTESIAN_POINT ( 'NONE',  ( 6.678066852858532521, -7.899999999999999467, 0.000000000000000000 ) ) ;
#810 = ORIENTED_EDGE ( 'NONE', *, *, #2179, .F. ) ;
#811 =( NAMED_UNIT ( * ) SI_UNIT ( $, .STERADIAN. ) SOLID_ANGLE_UNIT ( ) );
#812 = COLOUR_RGB ( '',0.2980392156862745057, 0.2980392156862745057, 0.2980392156862745057 ) ;
#813 = VECTOR ( 'NONE', #5486, 1000.000000000000000 ) ;
#814 = CARTESIAN_POINT ( 'NONE',  ( -6.678066852858531632, -7.899999999999999467, 0.000000000000000000 ) ) ;
#815 = VECTOR ( 'NONE', #991, 1000.000000000000000 ) ;
#816 = ORIENTED_EDGE ( 'NONE', *, *, #1053, .F. ) ;
#817 = CARTESIAN_POINT ( 'NONE',  ( 2.144689754873803533, 2.450000000000002398, 0.9999999999999995559 ) ) ;
#818 = EDGE_CURVE ( 'NONE', #7890, #8427, #2603, .T. ) ;
#819 = ORIENTED_EDGE ( 'NONE', *, *, #1805, .T. ) ;
#820 = AXIS2_PLACEMENT_3D ( 'NONE', #5913, #8574, #6775 ) ;
#821 = ORIENTED_EDGE ( 'NONE', *, *, #8375, .T. ) ;
#822 = DIRECTION ( 'NONE',  ( -8.330334836186190947E-15, 1.000000000000000000, 0.000000000000000000 ) ) ;
#823 = SURFACE_SIDE_STYLE ('',( #5834 ) ) ;
#824 = CARTESIAN_POINT ( 'NONE',  ( 3.031990237815518796, 1.704120873295593919, -1.000000000000000444 ) ) ;
#825 = PLANE ( 'NONE',  #553 ) ;
#826 = DIRECTION ( 'NONE',  ( 0.000000000000000000, -1.000000000000000000, 0.000000000000000000 ) ) ;
#827 = ORIENTED_EDGE ( 'NONE', *, *, #10514, .T. ) ;
#828 = DIRECTION ( 'NONE',  ( 0.000000000000000000, 0.000000000000000000, 1.000000000000000000 ) ) ;
#829 = ORIENTED_EDGE ( 'NONE', *, *, #5457, .F. ) ;
#830 = MECHANICAL_DESIGN_GEOMETRIC_PRESENTATION_REPRESENTATION (  '', ( #10135 ), #8520 ) ;
#831 = VERTEX_POINT ( 'NONE', #9505 ) ;
#832 = SURFACE_STYLE_USAGE ( .BOTH. , #2441 ) ;
#833 = DIRECTION ( 'NONE',  ( 0.7071067811865470176, -0.7071067811865479058, 0.000000000000000000 ) ) ;
#834 = PRESENTATION_LAYER_ASSIGNMENT (  '', '', ( #4734 ) ) ;
#835 =( LENGTH_UNIT ( ) NAMED_UNIT ( * ) SI_UNIT ( .MILLI., .METRE. ) );
#836 = SURFACE_SIDE_STYLE ('',( #7528 ) ) ;
#837 = FILL_AREA_STYLE_COLOUR ( '', #9827 ) ;
#838 = DIRECTION ( 'NONE',  ( 0.000000000000000000, 0.000000000000000000, -1.000000000000000000 ) ) ;
#839 = CARTESIAN_POINT ( 'NONE',  ( 6.200000000000000178, -2.399999999999999911, 3.800000000000004707 ) ) ;
#840 = UNCERTAINTY_MEASURE_WITH_UNIT (LENGTH_MEASURE( 1.000000000000000082E-05 ), #2347, 'distance_accuracy_value', 'NONE');
#841 = ADVANCED_FACE ( 'NONE', ( #6008 ), #1721, .F. ) ;
#842 = EDGE_CURVE ( 'NONE', #2291, #4697, #999, .T. ) ;
#843 = SURFACE_STYLE_USAGE ( .BOTH. , #1670 ) ;
#844 = ORIENTED_EDGE ( 'NONE', *, *, #2142, .F. ) ;
#845 = EDGE_CURVE ( 'NONE', #2570, #9973, #4592, .T. ) ;
#846 = MECHANICAL_DESIGN_GEOMETRIC_PRESENTATION_REPRESENTATION (  '', ( #8359 ), #3137 ) ;
#847 = VERTEX_POINT ( 'NONE', #9561 ) ;
#848 = DIRECTION ( 'NONE',  ( 0.7071067811865465735, 0.7071067811865483499, 0.000000000000000000 ) ) ;
#849 = UNCERTAINTY_MEASURE_WITH_UNIT (LENGTH_MEASURE( 1.000000000000000082E-05 ), #4934, 'distance_accuracy_value', 'NONE');
#850 = DIRECTION ( 'NONE',  ( 0.000000000000000000, 0.000000000000000000, 1.000000000000000000 ) ) ;
#851 = EDGE_CURVE ( 'NONE', #9625, #10877, #6113, .T. ) ;
#852 = LINE ( 'NONE', #4225, #6689 ) ;
#853 = COLOUR_RGB ( '',0.8941176470588234615, 0.9137254901960784048, 0.9294117647058823817 ) ;
#854 = DIRECTION ( 'NONE',  ( -0.000000000000000000, 0.000000000000000000, -1.000000000000000000 ) ) ;
#855 = ORIENTED_EDGE ( 'NONE', *, *, #3343, .T. ) ;
#856 = SURFACE_STYLE_FILL_AREA ( #1687 ) ;
#857 = EDGE_CURVE ( 'NONE', #10639, #5934, #8227, .T. ) ;
#858 = PLANE ( 'NONE',  #5912 ) ;
#859 = ORIENTED_EDGE ( 'NONE', *, *, #10151, .F. ) ;
#860 = LINE ( 'NONE', #808, #2735 ) ;
#861 = PRESENTATION_LAYER_ASSIGNMENT (  '', '', ( #6598 ) ) ;
#862 = ORIENTED_EDGE ( 'NONE', *, *, #4470, .F. ) ;
#863 = DIRECTION ( 'NONE',  ( 0.7071067811865471286, -0.7071067811865479058, 0.000000000000000000 ) ) ;
#864 = ORIENTED_EDGE ( 'NONE', *, *, #8651, .T. ) ;
#865 = SURFACE_SIDE_STYLE ('',( #3250 ) ) ;
#866 = DIRECTION ( 'NONE',  ( 0.000000000000000000, 0.000000000000000000, 1.000000000000000000 ) ) ;
#867 = MECHANICAL_DESIGN_GEOMETRIC_PRESENTATION_REPRESENTATION (  '', ( #5844 ), #10902 ) ;
#868 = ORIENTED_EDGE ( 'NONE', *, *, #8374, .T. ) ;
#869 = FACE_BOUND ( 'NONE', #4893, .T. ) ;
#870 = DIRECTION ( 'NONE',  ( 0.000000000000000000, 0.000000000000000000, 1.000000000000000000 ) ) ;
#871 = CARTESIAN_POINT ( 'NONE',  ( 7.769999999999998685, 0.000000000000000000, -3.149999999999993694 ) ) ;
#872 = ORIENTED_EDGE ( 'NONE', *, *, #1377, .F. ) ;
#873 = CARTESIAN_POINT ( 'NONE',  ( 3.949999999999999734, 1.600000000000000089, 8.000000000000000000 ) ) ;
#874 = DIRECTION ( 'NONE',  ( -1.000000000000000000, 0.000000000000000000, 0.000000000000000000 ) ) ;
#875 = DIRECTION ( 'NONE',  ( 0.000000000000000000, -0.000000000000000000, -1.000000000000000000 ) ) ;
#876 = VERTEX_POINT ( 'NONE', #7479 ) ;
#877 = VERTEX_POINT ( 'NONE', #3064 ) ;
#878 = ORIENTED_EDGE ( 'NONE', *, *, #2613, .F. ) ;
#879 = ORIENTED_EDGE ( 'NONE', *, *, #10616, .T. ) ;
#880 =( GEOMETRIC_REPRESENTATION_CONTEXT ( 3 ) GLOBAL_UNCERTAINTY_ASSIGNED_CONTEXT ( ( #1738 ) ) GLOBAL_UNIT_ASSIGNED_CONTEXT ( ( #6181, #7929, #8100 ) ) REPRESENTATION_CONTEXT ( 'NONE', 'WORKASPACE' ) );
#881 = AXIS2_PLACEMENT_3D ( 'NONE', #8173, #1579, #4066 ) ;
#882 = CARTESIAN_POINT ( 'NONE',  ( 7.999999999999992895, 0.000000000000000000, 7.999999999999992895 ) ) ;
#884 = DIRECTION ( 'NONE',  ( 0.000000000000000000, 0.000000000000000000, 1.000000000000000000 ) ) ;
#883 = PLANE ( 'NONE',  #1472 ) ;
#885 = EDGE_CURVE ( 'NONE', #546, #7581, #9041, .T. ) ;
#886 = ADVANCED_FACE ( 'NONE', ( #7367 ), #3010, .F. ) ;
#887 = VECTOR ( 'NONE', #838, 1000.000000000000000 ) ;
#888 = COLOUR_RGB ( '',0.8941176470588234615, 0.9137254901960784048, 0.9294117647058823817 ) ;
#889 = ORIENTED_EDGE ( 'NONE', *, *, #6992, .F. ) ;
#891 = CARTESIAN_POINT ( 'NONE',  ( -2.186111111111112226, 2.550000000000002043, -2.000000000000000888 ) ) ;
#890 =( LENGTH_UNIT ( ) NAMED_UNIT ( * ) SI_UNIT ( .MILLI., .METRE. ) );
#892 = CARTESIAN_POINT ( 'NONE',  ( 6.499999999999999112, 2.600000000000000089, 3.500000000000004885 ) ) ;
#893 =( NAMED_UNIT ( * ) SI_UNIT ( $, .STERADIAN. ) SOLID_ANGLE_UNIT ( ) );
#894 = COLOUR_RGB ( '',0.8941176470588234615, 0.9137254901960784048, 0.9294117647058823817 ) ;
#895 = DIRECTION ( 'NONE',  ( 0.000000000000000000, 0.000000000000000000, 1.000000000000000000 ) ) ;
#896 = PRESENTATION_LAYER_ASSIGNMENT (  '', '', ( #6969 ) ) ;
#897 = DIRECTION ( 'NONE',  ( 0.000000000000000000, 0.000000000000000000, 1.000000000000000000 ) ) ;
#898 = DIRECTION ( 'NONE',  ( -0.000000000000000000, -1.000000000000000000, -0.000000000000000000 ) ) ;
#899 = VERTEX_POINT ( 'NONE', #4951 ) ;
#900 =( LENGTH_UNIT ( ) NAMED_UNIT ( * ) SI_UNIT ( .MILLI., .METRE. ) );
#901 = COLOUR_RGB ( '',0.8941176470588234615, 0.9137254901960784048, 0.9294117647058823817 ) ;
#902 = SURFACE_STYLE_FILL_AREA ( #3630 ) ;
#903 = DIRECTION ( 'NONE',  ( 0.000000000000000000, -0.8987940462991682589, -0.4383711467890747948 ) ) ;
#904 = EDGE_LOOP ( 'NONE', ( #5039, #1693, #4759, #10273 ) ) ;
#905 = EDGE_CURVE ( 'NONE', #1581, #2206, #6476, .T. ) ;
#906 = CARTESIAN_POINT ( 'NONE',  ( -7.769999999999999574, 0.000000000000000000, -3.510000000000003340 ) ) ;
#907 = ADVANCED_FACE ( 'NONE', ( #7766 ), #6724, .F. ) ;
#908 = PLANE ( 'NONE',  #2571 ) ;
#909 = DIRECTION ( 'NONE',  ( 0.000000000000000000, 0.000000000000000000, -1.000000000000000000 ) ) ;
#910 = DIRECTION ( 'NONE',  ( -1.000000000000000000, 0.000000000000000000, -0.000000000000000000 ) ) ;
#911 = CARTESIAN_POINT ( 'NONE',  ( -5.229999999999998650, 0.000000000000000000, 1.569999999999997176 ) ) ;
#912 = COLOUR_RGB ( '',0.8941176470588234615, 0.9137254901960784048, 0.9294117647058823817 ) ;
#913 = VECTOR ( 'NONE', #5800, 999.9999999999998863 ) ;
#914 = VERTEX_POINT ( 'NONE', #5059 ) ;
#915 = DIRECTION ( 'NONE',  ( 1.000000000000000000, -0.000000000000000000, -0.000000000000000000 ) ) ;
#916 = CARTESIAN_POINT ( 'NONE',  ( 3.231990237815519418, 1.600000000000001643, 1.999999999999999556 ) ) ;
#917 = STYLED_ITEM ( 'NONE', ( #9655 ), #9574 ) ;
#918 = CARTESIAN_POINT ( 'NONE',  ( 1.986111111111112937, 2.450000000000002398, -2.500000000000000888 ) ) ;
#919 = CARTESIAN_POINT ( 'NONE',  ( -3.949999999999998845, 1.600000000000000089, -6.500000000000004441 ) ) ;
#920 = VECTOR ( 'NONE', #6685, 1000.000000000000000 ) ;
#921 = MECHANICAL_DESIGN_GEOMETRIC_PRESENTATION_REPRESENTATION (  '', ( #10959 ), #2691 ) ;
#922 = ORIENTED_EDGE ( 'NONE', *, *, #1856, .T. ) ;
#923 = CARTESIAN_POINT ( 'NONE',  ( 5.529999999999995808, -2.399999999999999911, 4.770000000000004903 ) ) ;
#924 =( GEOMETRIC_REPRESENTATION_CONTEXT ( 3 ) GLOBAL_UNCERTAINTY_ASSIGNED_CONTEXT ( ( #4726 ) ) GLOBAL_UNIT_ASSIGNED_CONTEXT ( ( #4301, #5298, #2741 ) ) REPRESENTATION_CONTEXT ( 'NONE', 'WORKASPACE' ) );
#925 =( NAMED_UNIT ( * ) SI_UNIT ( $, .STERADIAN. ) SOLID_ANGLE_UNIT ( ) );
#926 = ORIENTED_EDGE ( 'NONE', *, *, #234, .T. ) ;
#927 = CARTESIAN_POINT ( 'NONE',  ( 1.749999999999999778, 3.400000000000000355, -2.500000000000000444 ) ) ;
#928 = LINE ( 'NONE', #91, #5878 ) ;
#929 = DIRECTION ( 'NONE',  ( 1.000000000000000000, 0.000000000000000000, 0.000000000000000000 ) ) ;
#930 =( GEOMETRIC_REPRESENTATION_CONTEXT ( 3 ) GLOBAL_UNCERTAINTY_ASSIGNED_CONTEXT ( ( #6188 ) ) GLOBAL_UNIT_ASSIGNED_CONTEXT ( ( #6590, #309, #7162 ) ) REPRESENTATION_CONTEXT ( 'NONE', 'WORKASPACE' ) );
#931 = MECHANICAL_DESIGN_GEOMETRIC_PRESENTATION_REPRESENTATION (  '', ( #2175 ), #6645 ) ;
#932 = CARTESIAN_POINT ( 'NONE',  ( 2.649999999999999911, 2.100000000000000089, 6.000000000000000000 ) ) ;
#933 = VERTEX_POINT ( 'NONE', #1788 ) ;
#934 = MECHANICAL_DESIGN_GEOMETRIC_PRESENTATION_REPRESENTATION (  '', ( #4834 ), #8618 ) ;
#935 = CARTESIAN_POINT ( 'NONE',  ( 7.770000000000000462, 0.000000000000000000, 4.470000000000009521 ) ) ;
#936 = EDGE_LOOP ( 'NONE', ( #7686, #3402, #4644, #6000 ) ) ;
#937 = SURFACE_STYLE_USAGE ( .BOTH. , #6525 ) ;
#938 =( NAMED_UNIT ( * ) PLANE_ANGLE_UNIT ( ) SI_UNIT ( $, .RADIAN. ) );
#939 = VERTEX_POINT ( 'NONE', #891 ) ;
#940 = MECHANICAL_DESIGN_GEOMETRIC_PRESENTATION_REPRESENTATION (  '', ( #2531 ), #5378 ) ;
#941 =( LENGTH_UNIT ( ) NAMED_UNIT ( * ) SI_UNIT ( .MILLI., .METRE. ) );
#942 = COLOUR_RGB ( '',0.8313725490196077761, 0.6705882352941175961, 0.1294117647058823373 ) ;
#943 = PRESENTATION_STYLE_ASSIGNMENT (( #3435 ) ) ;
#944 =( NAMED_UNIT ( * ) PLANE_ANGLE_UNIT ( ) SI_UNIT ( $, .RADIAN. ) );
#945 = CARTESIAN_POINT ( 'NONE',  ( 3.231990237815519418, 1.600000000000001643, -1.000000000000000444 ) ) ;
#946 = CARTESIAN_POINT ( 'NONE',  ( 5.229999999999997762, -2.399999999999999911, 2.530000000000002469 ) ) ;
#947 = UNCERTAINTY_MEASURE_WITH_UNIT (LENGTH_MEASURE( 1.000000000000000082E-05 ), #3018, 'distance_accuracy_value', 'NONE');
#948 = LINE ( 'NONE', #220, #3088 ) ;
#949 = ORIENTED_EDGE ( 'NONE', *, *, #2990, .T. ) ;
#950 =( NAMED_UNIT ( * ) PLANE_ANGLE_UNIT ( ) SI_UNIT ( $, .RADIAN. ) );
#951 = ADVANCED_FACE ( 'NONE', ( #4169 ), #8404, .T. ) ;
#952 = DIRECTION ( 'NONE',  ( 0.000000000000000000, 1.000000000000000000, 0.000000000000000000 ) ) ;
#953 = LINE ( 'NONE', #10430, #4202 ) ;
#954 = AXIS2_PLACEMENT_3D ( 'NONE', #4556, #3068, #3961 ) ;
#955 = AXIS2_PLACEMENT_3D ( 'NONE', #635, #4118, #10891 ) ;
#956 = DIRECTION ( 'NONE',  ( -0.4014883995042272113, 0.8231732078530423768, 0.4014883995042272113 ) ) ;
#957 = UNCERTAINTY_MEASURE_WITH_UNIT (LENGTH_MEASURE( 1.000000000000000082E-05 ), #10222, 'distance_accuracy_value', 'NONE');
#958 = VECTOR ( 'NONE', #7234, 1000.000000000000114 ) ;
#959 = MECHANICAL_DESIGN_GEOMETRIC_PRESENTATION_REPRESENTATION (  '', ( #5211 ), #10990 ) ;
#960 = SURFACE_STYLE_FILL_AREA ( #7824 ) ;
#961 = ORIENTED_EDGE ( 'NONE', *, *, #10433, .F. ) ;
#962 = SURFACE_SIDE_STYLE ('',( #8628 ) ) ;
#963 = VECTOR ( 'NONE', #1350, 1000.000000000000000 ) ;
#964 = VECTOR ( 'NONE', #6208, 1000.000000000000114 ) ;
#965 = CARTESIAN_POINT ( 'NONE',  ( 0.6500000000000000222, 2.100000000000000089, 8.000000000000000000 ) ) ;
#966 =( GEOMETRIC_REPRESENTATION_CONTEXT ( 3 ) GLOBAL_UNCERTAINTY_ASSIGNED_CONTEXT ( ( #2717 ) ) GLOBAL_UNIT_ASSIGNED_CONTEXT ( ( #2418, #5021, #5872 ) ) REPRESENTATION_CONTEXT ( 'NONE', 'WORKASPACE' ) );
#967 = FILL_AREA_STYLE ('',( #8580 ) ) ;
#968 = EDGE_CURVE ( 'NONE', #2139, #10981, #6125, .T. ) ;
#969 = COLOUR_RGB ( '',1.000000000000000000, 0.9372549019607843146, 0.1372549019607843257 ) ;
#970 = ORIENTED_EDGE ( 'NONE', *, *, #10654, .F. ) ;
#971 = SURFACE_STYLE_USAGE ( .BOTH. , #8692 ) ;
#972 = SURFACE_SIDE_STYLE ('',( #8638 ) ) ;
#973 = PLANE ( 'NONE',  #1296 ) ;
#974 = AXIS2_PLACEMENT_3D ( 'NONE', #10485, #2766, #6177 ) ;
#975 = VERTEX_POINT ( 'NONE', #7871 ) ;
#976 = FILL_AREA_STYLE ('',( #8644 ) ) ;
#977 = DIRECTION ( 'NONE',  ( 0.7071067811865471286, -0.7071067811865479058, 0.000000000000000000 ) ) ;
#978 = ADVANCED_FACE ( 'NONE', ( #5226 ), #288, .F. ) ;
#979 = AXIS2_PLACEMENT_3D ( 'NONE', #6672, #1580, #4070 ) ;
#981 = ADVANCED_FACE ( 'NONE', ( #1771 ), #3491, .T. ) ;
#980 = SURFACE_STYLE_FILL_AREA ( #8647 ) ;
#982 = CARTESIAN_POINT ( 'NONE',  ( -2.186111111111112226, 2.550000000000002043, 0.9999999999999995559 ) ) ;
#983 = ORIENTED_EDGE ( 'NONE', *, *, #7661, .T. ) ;
#984 = VERTEX_POINT ( 'NONE', #5050 ) ;
#985 = LINE ( 'NONE', #6959, #6473 ) ;
#986 = FACE_OUTER_BOUND ( 'NONE', #1550, .T. ) ;
#987 = ORIENTED_EDGE ( 'NONE', *, *, #8862, .F. ) ;
#988 = DIRECTION ( 'NONE',  ( -0.000000000000000000, 1.000000000000000000, -0.000000000000000000 ) ) ;
#989 = VECTOR ( 'NONE', #7565, 1000.000000000000000 ) ;
#990 = CARTESIAN_POINT ( 'NONE',  ( -6.678066852858505875, -7.899999999999999467, 0.1780668528585326871 ) ) ;
#992 = EDGE_CURVE ( 'NONE', #2381, #8508, #6232, .T. ) ;
#991 = DIRECTION ( 'NONE',  ( 4.336808689942017736E-16, 0.000000000000000000, -1.000000000000000000 ) ) ;
#993 = ORIENTED_EDGE ( 'NONE', *, *, #7448, .T. ) ;
#994 = ORIENTED_EDGE ( 'NONE', *, *, #1027, .T. ) ;
#995 = EDGE_CURVE ( 'NONE', #5934, #3327, #10530, .T. ) ;
#996 = DIRECTION ( 'NONE',  ( 0.2676438637860948377, 0.9635179096299405499, -2.901800585692984828E-17 ) ) ;
#997 = AXIS2_PLACEMENT_3D ( 'NONE', #6322, #7114, #3693 ) ;
#998 = ORIENTED_EDGE ( 'NONE', *, *, #78, .T. ) ;
#999 = LINE ( 'NONE', #3544, #1435 ) ;
#1000 = SURFACE_STYLE_USAGE ( .BOTH. , #2815 ) ;
#1001 = DIRECTION ( 'NONE',  ( -1.000000000000000000, 0.000000000000000000, 0.000000000000000000 ) ) ;
#1002 = MECHANICAL_DESIGN_GEOMETRIC_PRESENTATION_REPRESENTATION (  '', ( #7070 ), #7594 ) ;
#1003 = LINE ( 'NONE', #7921, #6309 ) ;
#1004 = MECHANICAL_DESIGN_GEOMETRIC_PRESENTATION_REPRESENTATION (  '', ( #1548 ), #7246 ) ;
#1005 = VERTEX_POINT ( 'NONE', #10579 ) ;
#1006 = CARTESIAN_POINT ( 'NONE',  ( 1.986111111111112937, 2.450000000000002398, 1.999999999999999556 ) ) ;
#1007 =( NAMED_UNIT ( * ) SI_UNIT ( $, .STERADIAN. ) SOLID_ANGLE_UNIT ( ) );
#1008 = DIRECTION ( 'NONE',  ( -0.7071067811865485719, 0.000000000000000000, 0.7071067811865465735 ) ) ;
#1009 = CARTESIAN_POINT ( 'NONE',  ( 2.144689754873803533, 2.450000000000002398, 0.4999999999999995559 ) ) ;
#1010 = FILL_AREA_STYLE_COLOUR ( '', #812 ) ;
#1011 = AXIS2_PLACEMENT_3D ( 'NONE', #7821, #4273, #6183 ) ;
#1012 =( LENGTH_UNIT ( ) NAMED_UNIT ( * ) SI_UNIT ( .MILLI., .METRE. ) );
#1013 =( LENGTH_UNIT ( ) NAMED_UNIT ( * ) SI_UNIT ( .MILLI., .METRE. ) );
#1014 = EDGE_CURVE ( 'NONE', #8658, #2963, #5208, .T. ) ;
#1015 = EDGE_LOOP ( 'NONE', ( #5547, #692, #9104, #4504 ) ) ;
#1016 = VECTOR ( 'NONE', #2605, 1000.000000000000000 ) ;
#1017 = CARTESIAN_POINT ( 'NONE',  ( -3.031990237815517908, 1.704120873295593253, 1.999999999999999556 ) ) ;
#1018 = DIRECTION ( 'NONE',  ( -0.000000000000000000, 0.000000000000000000, 1.000000000000000000 ) ) ;
#1019 = DIRECTION ( 'NONE',  ( -0.000000000000000000, 1.000000000000000000, -0.000000000000000000 ) ) ;
#1020 = DIRECTION ( 'NONE',  ( 0.000000000000000000, -1.000000000000000000, 0.000000000000000000 ) ) ;
#1021 = DIRECTION ( 'NONE',  ( -2.262682794752357637E-16, 0.000000000000000000, -1.000000000000000000 ) ) ;
#1022 =( LENGTH_UNIT ( ) NAMED_UNIT ( * ) SI_UNIT ( .MILLI., .METRE. ) );
#1023 = ORIENTED_EDGE ( 'NONE', *, *, #3819, .T. ) ;
#1024 = PRESENTATION_STYLE_ASSIGNMENT (( #3803 ) ) ;
#1025 = ORIENTED_EDGE ( 'NONE', *, *, #8156, .F. ) ;
#1026 = SURFACE_STYLE_FILL_AREA ( #8698 ) ;
#1027 = EDGE_CURVE ( 'NONE', #10627, #7600, #7810, .T. ) ;
#1028 = ADVANCED_FACE ( 'NONE', ( #2758 ), #7022, .T. ) ;
#1029 = CONICAL_SURFACE ( 'NONE', #3149, 0.01226741143414049676, 0.4537856055185227611 ) ;
#1030 = SURFACE_STYLE_USAGE ( .BOTH. , #2795 ) ;
#1031 = SURFACE_SIDE_STYLE ('',( #8702 ) ) ;
#1032 = ORIENTED_EDGE ( 'NONE', *, *, #8930, .T. ) ;
#1033 = ORIENTED_EDGE ( 'NONE', *, *, #7384, .T. ) ;
#1034 = FILL_AREA_STYLE ('',( #2744 ) ) ;
#1035 = EDGE_CURVE ( 'NONE', #8180, #5785, #3770, .T. ) ;
#1036 = SURFACE_STYLE_USAGE ( .BOTH. , #8707 ) ;
#1037 = SURFACE_STYLE_USAGE ( .BOTH. , #6913 ) ;
#1038 = ADVANCED_FACE ( 'NONE', ( #10807 ), #6450, .T. ) ;
#1039 = DIRECTION ( 'NONE',  ( -1.000000000000000000, -0.000000000000000000, -0.000000000000000000 ) ) ;
#1040 = DIRECTION ( 'NONE',  ( 1.000000000000000000, 0.000000000000000000, 0.000000000000000000 ) ) ;
#1041 = ORIENTED_EDGE ( 'NONE', *, *, #5607, .T. ) ;
#1042 = PRESENTATION_LAYER_ASSIGNMENT (  '', '', ( #5844 ) ) ;
#1043 = ORIENTED_EDGE ( 'NONE', *, *, #1189, .T. ) ;
#1044 = EDGE_CURVE ( 'NONE', #2150, #5760, #1443, .T. ) ;
#1045 = EDGE_CURVE ( 'NONE', #4697, #5373, #3988, .T. ) ;
#1046 = FACE_OUTER_BOUND ( 'NONE', #7925, .T. ) ;
#1047 = CARTESIAN_POINT ( 'NONE',  ( -3.231990237815517641, 1.600000000000000089, 2.499999999999999556 ) ) ;
#1048 = DIRECTION ( 'NONE',  ( -0.7071067811865480168, -0.000000000000000000, -0.7071067811865470176 ) ) ;
#1049 = ORIENTED_EDGE ( 'NONE', *, *, #7749, .F. ) ;
#1050 = EDGE_LOOP ( 'NONE', ( #3609, #5614, #2736, #2266 ) ) ;
#1051 = AXIS2_PLACEMENT_3D ( 'NONE', #9591, #6317, #7219 ) ;
#1052 = LINE ( 'NONE', #5062, #2551 ) ;
#1053 = EDGE_CURVE ( 'NONE', #4471, #8658, #5551, .T. ) ;
#1054 = FILL_AREA_STYLE ('',( #2716 ) ) ;
#1055 = UNCERTAINTY_MEASURE_WITH_UNIT (LENGTH_MEASURE( 1.000000000000000082E-05 ), #4961, 'distance_accuracy_value', 'NONE');
#1056 = DIRECTION ( 'NONE',  ( -0.4014883995042272113, -0.8231732078530423768, -0.4014883995042272113 ) ) ;
#1057 = MECHANICAL_DESIGN_GEOMETRIC_PRESENTATION_REPRESENTATION (  '', ( #9835 ), #3901 ) ;
#1058 = COLOUR_RGB ( '',0.8941176470588234615, 0.9137254901960784048, 0.9294117647058823817 ) ;
#1059 = DIRECTION ( 'NONE',  ( 0.000000000000000000, 0.000000000000000000, 1.000000000000000000 ) ) ;
#1060 = MECHANICAL_DESIGN_GEOMETRIC_PRESENTATION_REPRESENTATION (  '', ( #3181 ), #2488 ) ;
#1061 = DIRECTION ( 'NONE',  ( -1.000000000000000000, 0.000000000000000000, -1.445602896647339903E-15 ) ) ;
#1062 = LINE ( 'NONE', #7940, #4500 ) ;
#1063 = ORIENTED_EDGE ( 'NONE', *, *, #8864, .F. ) ;
#1064 = DIRECTION ( 'NONE',  ( -4.336808689942017736E-16, 0.000000000000000000, -1.000000000000000000 ) ) ;
#1065 = CARTESIAN_POINT ( 'NONE',  ( 1.986111111111112937, 2.450000000000002398, 0.9999999999999995559 ) ) ;
#1066 = AXIS2_PLACEMENT_3D ( 'NONE', #5903, #8557, #2497 ) ;
#1067 = VERTEX_POINT ( 'NONE', #9172 ) ;
#1068 = PRESENTATION_LAYER_ASSIGNMENT (  '', '', ( #6053 ) ) ;
#1069 =( LENGTH_UNIT ( ) NAMED_UNIT ( * ) SI_UNIT ( .MILLI., .METRE. ) );
#1070 = PRESENTATION_STYLE_ASSIGNMENT (( #183 ) ) ;
#1071 =( NAMED_UNIT ( * ) SI_UNIT ( $, .STERADIAN. ) SOLID_ANGLE_UNIT ( ) );
#1072 = ORIENTED_EDGE ( 'NONE', *, *, #851, .F. ) ;
#1073 = FILL_AREA_STYLE ('',( #1908 ) ) ;
#1074 = FILL_AREA_STYLE ('',( #4298 ) ) ;
#1075 =( GEOMETRIC_REPRESENTATION_CONTEXT ( 3 ) GLOBAL_UNCERTAINTY_ASSIGNED_CONTEXT ( ( #5963 ) ) GLOBAL_UNIT_ASSIGNED_CONTEXT ( ( #7864, #2764, #6174 ) ) REPRESENTATION_CONTEXT ( 'NONE', 'WORKASPACE' ) );
#1076 = FILL_AREA_STYLE_COLOUR ( '', #8378 ) ;
#1077 = CYLINDRICAL_SURFACE ( 'NONE', #3298, 2.000000000000000000 ) ;
#1078 = SURFACE_STYLE_USAGE ( .BOTH. , #315 ) ;
#1079 = CARTESIAN_POINT ( 'NONE',  ( 6.321933147141518106, -7.899999999999999467, -1.879999999999995453 ) ) ;
#1080 = ORIENTED_EDGE ( 'NONE', *, *, #4764, .F. ) ;
#1081 =( NAMED_UNIT ( * ) PLANE_ANGLE_UNIT ( ) SI_UNIT ( $, .RADIAN. ) );
#1082 = ORIENTED_EDGE ( 'NONE', *, *, #8997, .T. ) ;
#1083 = EDGE_CURVE ( 'NONE', #5249, #2128, #5711, .T. ) ;
#1084 = DIRECTION ( 'NONE',  ( 0.000000000000000000, 0.000000000000000000, 1.000000000000000000 ) ) ;
#1085 = ORIENTED_EDGE ( 'NONE', *, *, #1149, .F. ) ;
#1086 = DIRECTION ( 'NONE',  ( -0.000000000000000000, -1.000000000000000000, -0.000000000000000000 ) ) ;
#1087 = LINE ( 'NONE', #1981, #754 ) ;
#1088 = PRESENTATION_LAYER_ASSIGNMENT (  '', '', ( #10591 ) ) ;
#1089 = VERTEX_POINT ( 'NONE', #1268 ) ;
#1090 = LINE ( 'NONE', #7853, #10010 ) ;
#1091 = LINE ( 'NONE', #5105, #3110 ) ;
#1092 = LINE ( 'NONE', #4367, #9637 ) ;
#1093 = CARTESIAN_POINT ( 'NONE',  ( -5.229999999999998650, 0.000000000000000000, -3.510000000000003340 ) ) ;
#1094 = VERTEX_POINT ( 'NONE', #3138 ) ;
#1095 = COLOUR_RGB ( '',0.8941176470588234615, 0.9137254901960784048, 0.9294117647058823817 ) ;
#1096 = MECHANICAL_DESIGN_GEOMETRIC_PRESENTATION_REPRESENTATION (  '', ( #5901 ), #1801 ) ;
#1097 = DIRECTION ( 'NONE',  ( 0.7071067811865470176, -0.7071067811865479058, 0.000000000000000000 ) ) ;
#1098 = ORIENTED_EDGE ( 'NONE', *, *, #4042, .F. ) ;
#1099 = ADVANCED_FACE ( 'NONE', ( #6571 ), #6419, .T. ) ;
#1100 = CARTESIAN_POINT ( 'NONE',  ( -6.199999999999999289, -7.649999999999995026, 2.240000000000000657 ) ) ;
#1101 = VECTOR ( 'NONE', #2331, 1000.000000000000000 ) ;
#1102 = VECTOR ( 'NONE', #3591, 1000.000000000000000 ) ;
#1103 = CARTESIAN_POINT ( 'NONE',  ( 7.770000000000000462, -2.399999999999999911, 4.470000000000006857 ) ) ;
#1104 = AXIS2_PLACEMENT_3D ( 'NONE', #5073, #6610, #8362 ) ;
#1105 = CARTESIAN_POINT ( 'NONE',  ( -6.321933147141412412, -7.899999999999999467, -2.718066852858533888 ) ) ;
#1106 = EDGE_CURVE ( 'NONE', #2206, #2897, #7154, .T. ) ;
#1107 = EDGE_CURVE ( 'NONE', #3425, #413, #467, .T. ) ;
#1108 = ORIENTED_EDGE ( 'NONE', *, *, #1027, .F. ) ;
#1109 = AXIS2_PLACEMENT_3D ( 'NONE', #7884, #1018, #9479 ) ;
#1110 = LINE ( 'NONE', #7309, #6109 ) ;
#1111 = PRESENTATION_STYLE_ASSIGNMENT (( #4486 ) ) ;
#1112 = PLANE ( 'NONE',  #8752 ) ;
#1113 = DIRECTION ( 'NONE',  ( -0.000000000000000000, 1.000000000000000000, -0.000000000000000000 ) ) ;
#1114 = CARTESIAN_POINT ( 'NONE',  ( -6.199999999999972644, -7.649999999999995026, 0.2999999999999996003 ) ) ;
#1115 = SURFACE_SIDE_STYLE ('',( #6887 ) ) ;
#1116 = ORIENTED_EDGE ( 'NONE', *, *, #9141, .F. ) ;
#1117 = PRESENTATION_LAYER_ASSIGNMENT (  '', '', ( #5026 ) ) ;
#1118 = ADVANCED_FACE ( 'NONE', ( #7099 ), #6365, .F. ) ;
#1119 = ORIENTED_EDGE ( 'NONE', *, *, #4140, .T. ) ;
#1120 = LINE ( 'NONE', #7028, #5923 ) ;
#1121 = DIRECTION ( 'NONE',  ( 0.8987940462991675927, -0.4383711467890764046, 0.000000000000000000 ) ) ;
#1122 = CARTESIAN_POINT ( 'NONE',  ( -2.994689754873801846, 1.600000000000000755, 0.4999999999999995559 ) ) ;
#1123 = COLOUR_RGB ( '',0.8313725490196077761, 0.6705882352941175961, 0.1294117647058823373 ) ;
#1124 = VECTOR ( 'NONE', #4252, 1000.000000000000000 ) ;
#1125 = SURFACE_STYLE_USAGE ( .BOTH. , #10390 ) ;
#1126 = SURFACE_STYLE_USAGE ( .BOTH. , #5731 ) ;
#1127 = VERTEX_POINT ( 'NONE', #518 ) ;
#1128 = ORIENTED_EDGE ( 'NONE', *, *, #1035, .F. ) ;
#1129 = CARTESIAN_POINT ( 'NONE',  ( 2.144689754873803533, 2.450000000000002398, 0.4999999999999995559 ) ) ;
#1130 = MECHANICAL_DESIGN_GEOMETRIC_PRESENTATION_REPRESENTATION (  '', ( #9538 ), #7726 ) ;
#1131 = SURFACE_SIDE_STYLE ('',( #8816 ) ) ;
#1132 =( GEOMETRIC_REPRESENTATION_CONTEXT ( 3 ) GLOBAL_UNCERTAINTY_ASSIGNED_CONTEXT ( ( #6299 ) ) GLOBAL_UNIT_ASSIGNED_CONTEXT ( ( #8503, #10063, #4093 ) ) REPRESENTATION_CONTEXT ( 'NONE', 'WORKASPACE' ) );
#1133 = DIRECTION ( 'NONE',  ( -0.7071067811865506814, 0.000000000000000000, 0.7071067811865443531 ) ) ;
#1134 = CYLINDRICAL_SURFACE ( 'NONE', #3936, 2.000000000000000000 ) ;
#1135 = EDGE_LOOP ( 'NONE', ( #1456, #949, #373, #6155 ) ) ;
#1136 = EDGE_LOOP ( 'NONE', ( #3063, #9395, #1043, #9979 ) ) ;
#1137 = VECTOR ( 'NONE', #895, 1000.000000000000000 ) ;
#1138 = ORIENTED_EDGE ( 'NONE', *, *, #7813, .F. ) ;
#1139 =( GEOMETRIC_REPRESENTATION_CONTEXT ( 3 ) GLOBAL_UNCERTAINTY_ASSIGNED_CONTEXT ( ( #2819 ) ) GLOBAL_UNIT_ASSIGNED_CONTEXT ( ( #8912, #4309, #10983 ) ) REPRESENTATION_CONTEXT ( 'NONE', 'WORKASPACE' ) );
#1140 = FILL_AREA_STYLE_COLOUR ( '', #5949 ) ;
#1141 = SURFACE_STYLE_FILL_AREA ( #5366 ) ;
#1142 = VECTOR ( 'NONE', #3790, 1000.000000000000000 ) ;
#1143 = ORIENTED_EDGE ( 'NONE', *, *, #9917, .F. ) ;
#1144 = SURFACE_SIDE_STYLE ('',( #5545 ) ) ;
#1145 = LINE ( 'NONE', #7124, #5786 ) ;
#1146 = PLANE ( 'NONE',  #6302 ) ;
#1147 = DIRECTION ( 'NONE',  ( 0.4014883995042272113, -0.8231732078530423768, -0.4014883995042272113 ) ) ;
#1148 = ORIENTED_EDGE ( 'NONE', *, *, #10164, .F. ) ;
#1149 = EDGE_CURVE ( 'NONE', #7549, #5171, #7265, .T. ) ;
#1150 = ORIENTED_EDGE ( 'NONE', *, *, #5106, .F. ) ;
#1151 = COLOUR_RGB ( '',1.000000000000000000, 0.9372549019607843146, 0.1372549019607843257 ) ;
#1152 =( NAMED_UNIT ( * ) SI_UNIT ( $, .STERADIAN. ) SOLID_ANGLE_UNIT ( ) );
#1153 = SURFACE_SIDE_STYLE ('',( #274 ) ) ;
#1154 =( GEOMETRIC_REPRESENTATION_CONTEXT ( 3 ) GLOBAL_UNCERTAINTY_ASSIGNED_CONTEXT ( ( #5749 ) ) GLOBAL_UNIT_ASSIGNED_CONTEXT ( ( #269, #4409, #3656 ) ) REPRESENTATION_CONTEXT ( 'NONE', 'WORKASPACE' ) );
#1155 = VECTOR ( 'NONE', #4891, 1000.000000000000114 ) ;
#1156 = CARTESIAN_POINT ( 'NONE',  ( 6.200000000000025935, -7.899999999999999467, 0.6600000000000048050 ) ) ;
#1157 = DIRECTION ( 'NONE',  ( 0.000000000000000000, -1.000000000000000000, 0.000000000000000000 ) ) ;
#1158 = CARTESIAN_POINT ( 'NONE',  ( 6.200000000000052580, -7.899999999999999467, -1.879999999999995453 ) ) ;
#1159 = LINE ( 'NONE', #7919, #1496 ) ;
#1160 = UNCERTAINTY_MEASURE_WITH_UNIT (LENGTH_MEASURE( 1.000000000000000082E-05 ), #10078, 'distance_accuracy_value', 'NONE');
#1161 = DIRECTION ( 'NONE',  ( -1.000000000000000000, 0.000000000000000000, 0.000000000000000000 ) ) ;
#1162 = EDGE_CURVE ( 'NONE', #10593, #9033, #10719, .T. ) ;
#1163 = DIRECTION ( 'NONE',  ( -0.000000000000000000, 0.000000000000000000, -1.000000000000000000 ) ) ;
#1164 = ORIENTED_EDGE ( 'NONE', *, *, #2786, .F. ) ;
#1165 = ORIENTED_EDGE ( 'NONE', *, *, #9955, .F. ) ;
#1166 = VECTOR ( 'NONE', #599, 1000.000000000000114 ) ;
#1167 = DIRECTION ( 'NONE',  ( -1.000000000000000000, -0.000000000000000000, -0.000000000000000000 ) ) ;
#1168 = EDGE_LOOP ( 'NONE', ( #2009, #2082, #1794, #1279 ) ) ;
#1169 = LINE ( 'NONE', #3783, #1761 ) ;
#1170 =( NAMED_UNIT ( * ) PLANE_ANGLE_UNIT ( ) SI_UNIT ( $, .RADIAN. ) );
#1171 = EDGE_CURVE ( 'NONE', #3664, #2783, #4780, .T. ) ;
#1172 = UNCERTAINTY_MEASURE_WITH_UNIT (LENGTH_MEASURE( 1.000000000000000082E-05 ), #8010, 'distance_accuracy_value', 'NONE');
#1173 = EDGE_CURVE ( 'NONE', #10207, #4997, #8165, .T. ) ;
#1174 = FILL_AREA_STYLE_COLOUR ( '', #1246 ) ;
#1175 = UNCERTAINTY_MEASURE_WITH_UNIT (LENGTH_MEASURE( 1.000000000000000082E-05 ), #8085, 'distance_accuracy_value', 'NONE');
#1176 = CARTESIAN_POINT ( 'NONE',  ( 6.678066852858611568, -7.899999999999999467, -3.941933147141462257 ) ) ;
#1177 = CARTESIAN_POINT ( 'NONE',  ( -3.231990237815517641, 1.600000000000000755, -0.5000000000000004441 ) ) ;
#1178 = FILL_AREA_STYLE ('',( #10770 ) ) ;
#1179 = VERTEX_POINT ( 'NONE', #3895 ) ;
#1180 = FILL_AREA_STYLE ('',( #7213 ) ) ;
#1181 = MECHANICAL_DESIGN_GEOMETRIC_PRESENTATION_REPRESENTATION (  '', ( #8340 ), #2243 ) ;
#1182 = ORIENTED_EDGE ( 'NONE', *, *, #2296, .F. ) ;
#1183 = FILL_AREA_STYLE_COLOUR ( '', #3611 ) ;
#1184 = DIRECTION ( 'NONE',  ( -0.4014883995042271558, -0.8231732078530423768, -0.4014883995042272113 ) ) ;
#1185 = ORIENTED_EDGE ( 'NONE', *, *, #1083, .F. ) ;
#1186 = DIRECTION ( 'NONE',  ( 1.000000000000000000, 8.330334836186190947E-15, -0.000000000000000000 ) ) ;
#1187 = PLANE ( 'NONE',  #7251 ) ;
#1188 = SURFACE_STYLE_USAGE ( .BOTH. , #1303 ) ;
#1189 = EDGE_CURVE ( 'NONE', #3525, #5634, #9038, .T. ) ;
#1190 = ADVANCED_FACE ( 'NONE', ( #299 ), #3681, .F. ) ;
#1191 = PLANE ( 'NONE',  #1051 ) ;
#1192 = CYLINDRICAL_SURFACE ( 'NONE', #6586, 2.000000000000000000 ) ;
#1193 = VECTOR ( 'NONE', #3711, 1000.000000000000000 ) ;
#1194 = DIRECTION ( 'NONE',  ( 0.000000000000000000, 0.000000000000000000, -1.000000000000000000 ) ) ;
#1195 = EDGE_CURVE ( 'NONE', #6353, #1600, #6536, .T. ) ;
#1196 =( LENGTH_UNIT ( ) NAMED_UNIT ( * ) SI_UNIT ( .MILLI., .METRE. ) );
#1197 = DIRECTION ( 'NONE',  ( 0.000000000000000000, 0.000000000000000000, -1.000000000000000000 ) ) ;
#1198 = ORIENTED_EDGE ( 'NONE', *, *, #9415, .F. ) ;
#1199 = ORIENTED_EDGE ( 'NONE', *, *, #10201, .T. ) ;
#1200 = STYLED_ITEM ( 'NONE', ( #2095 ), #3741 ) ;
#1201 = VERTEX_POINT ( 'NONE', #6595 ) ;
#1202 = EDGE_CURVE ( 'NONE', #8433, #10123, #3952, .T. ) ;
#1203 = FILL_AREA_STYLE ('',( #9723 ) ) ;
#1204 = PLANE ( 'NONE',  #1958 ) ;
#1205 = CARTESIAN_POINT ( 'NONE',  ( 1.986111111111112937, 2.450000000000002398, -2.000000000000000888 ) ) ;
#1206 = CARTESIAN_POINT ( 'NONE',  ( 6.200000000000078337, -7.649999999999995026, -4.419999999999995488 ) ) ;
#1207 = ORIENTED_EDGE ( 'NONE', *, *, #2142, .T. ) ;
#1208 = STYLED_ITEM ( 'NONE', ( #11060 ), #3846 ) ;
#1209 = ORIENTED_EDGE ( 'NONE', *, *, #6055, .F. ) ;
#1210 = DIRECTION ( 'NONE',  ( 0.000000000000000000, -1.000000000000000000, 0.000000000000000000 ) ) ;
#1211 = DIRECTION ( 'NONE',  ( -1.138412281109778670E-15, 0.000000000000000000, -1.000000000000000000 ) ) ;
#1212 = ORIENTED_EDGE ( 'NONE', *, *, #10349, .T. ) ;
#1213 = PLANE ( 'NONE',  #4521 ) ;
#1214 = FILL_AREA_STYLE ('',( #10584 ) ) ;
#1215 = DIRECTION ( 'NONE',  ( 0.000000000000000000, 0.000000000000000000, 1.000000000000000000 ) ) ;
#1216 = AXIS2_PLACEMENT_3D ( 'NONE', #1355, #5521, #4733 ) ;
#1217 = EDGE_LOOP ( 'NONE', ( #10945, #2930, #9447, #2322 ) ) ;
#1218 = DIRECTION ( 'NONE',  ( 0.000000000000000000, 0.000000000000000000, 1.000000000000000000 ) ) ;
#1219 = ORIENTED_EDGE ( 'NONE', *, *, #9219, .F. ) ;
#1220 = CARTESIAN_POINT ( 'NONE',  ( -2.994689754873801846, 1.600000000000000755, -1.000000000000000444 ) ) ;
#1221 = ORIENTED_EDGE ( 'NONE', *, *, #7397, .T. ) ;
#1222 = AXIS2_PLACEMENT_3D ( 'NONE', #8835, #10473, #4412 ) ;
#1223 = SURFACE_SIDE_STYLE ('',( #5277 ) ) ;
#1224 = SURFACE_STYLE_FILL_AREA ( #8913 ) ;
#1225 = EDGE_CURVE ( 'NONE', #5288, #10107, #2337, .T. ) ;
#1226 = SURFACE_STYLE_FILL_AREA ( #4777 ) ;
#1227 = ORIENTED_EDGE ( 'NONE', *, *, #5238, .F. ) ;
#1228 = CARTESIAN_POINT ( 'NONE',  ( -5.302882188681560471, -5.810635905104692078, -1.342882188681614242 ) ) ;
#1229 = FILL_AREA_STYLE_COLOUR ( '', #9981 ) ;
#1230 = CARTESIAN_POINT ( 'NONE',  ( 2.186111111111113114, 2.550000000000002487, 1.999999999999999556 ) ) ;
#1231 = SURFACE_STYLE_USAGE ( .BOTH. , #2071 ) ;
#1232 = ORIENTED_EDGE ( 'NONE', *, *, #4302, .T. ) ;
#1233 =( GEOMETRIC_REPRESENTATION_CONTEXT ( 3 ) GLOBAL_UNCERTAINTY_ASSIGNED_CONTEXT ( ( #3162 ) ) GLOBAL_UNIT_ASSIGNED_CONTEXT ( ( #4399, #7789, #5926 ) ) REPRESENTATION_CONTEXT ( 'NONE', 'WORKASPACE' ) );
#1234 = PLANE ( 'NONE',  #4050 ) ;
#1235 = VERTEX_POINT ( 'NONE', #9966 ) ;
#1236 = CARTESIAN_POINT ( 'NONE',  ( -6.799999999999945643, -7.899999999999999467, -2.840000000000000302 ) ) ;
#1237 = DIRECTION ( 'NONE',  ( -0.000000000000000000, 1.000000000000000000, -0.000000000000000000 ) ) ;
#1238 = EDGE_CURVE ( 'NONE', #369, #6665, #684, .T. ) ;
#1239 = COLOUR_RGB ( '',0.2980392156862745057, 0.2980392156862745057, 0.2980392156862745057 ) ;
#1240 =( GEOMETRIC_REPRESENTATION_CONTEXT ( 3 ) GLOBAL_UNCERTAINTY_ASSIGNED_CONTEXT ( ( #3274 ) ) GLOBAL_UNIT_ASSIGNED_CONTEXT ( ( #9206, #743, #2235 ) ) REPRESENTATION_CONTEXT ( 'NONE', 'WORKASPACE' ) );
#1241 = LINE ( 'NONE', #5631, #5030 ) ;
#1242 =( GEOMETRIC_REPRESENTATION_CONTEXT ( 3 ) GLOBAL_UNCERTAINTY_ASSIGNED_CONTEXT ( ( #4492 ) ) GLOBAL_UNIT_ASSIGNED_CONTEXT ( ( #8720, #1933, #7916 ) ) REPRESENTATION_CONTEXT ( 'NONE', 'WORKASPACE' ) );
#1243 = DIRECTION ( 'NONE',  ( 0.000000000000000000, 0.000000000000000000, -1.000000000000000000 ) ) ;
#1244 = DIRECTION ( 'NONE',  ( 0.000000000000000000, 0.000000000000000000, 1.000000000000000000 ) ) ;
#1245 = CARTESIAN_POINT ( 'NONE',  ( 6.500000000000000888, 1.600000000000000089, -4.619999999999993889 ) ) ;
#1246 = COLOUR_RGB ( '',0.2980392156862745057, 0.2980392156862745057, 0.2980392156862745057 ) ;
#1247 = EDGE_CURVE ( 'NONE', #3843, #4312, #5676, .T. ) ;
#1248 =( GEOMETRIC_REPRESENTATION_CONTEXT ( 3 ) GLOBAL_UNCERTAINTY_ASSIGNED_CONTEXT ( ( #7992 ) ) GLOBAL_UNIT_ASSIGNED_CONTEXT ( ( #6333, #9054, #7076 ) ) REPRESENTATION_CONTEXT ( 'NONE', 'WORKASPACE' ) );
#1249 = EDGE_CURVE ( 'NONE', #10662, #2451, #1469, .T. ) ;
#1250 = VERTEX_POINT ( 'NONE', #9189 ) ;
#1251 = VERTEX_POINT ( 'NONE', #4005 ) ;
#1252 = LINE ( 'NONE', #2855, #1500 ) ;
#1253 = ORIENTED_EDGE ( 'NONE', *, *, #505, .T. ) ;
#1254 = DIRECTION ( 'NONE',  ( 0.7071067811865465735, 0.7071067811865483499, -0.000000000000000000 ) ) ;
#1255 = DIRECTION ( 'NONE',  ( 1.000000000000000000, -0.000000000000000000, 1.445602896647339903E-15 ) ) ;
#1256 = DIRECTION ( 'NONE',  ( -0.7071067811865474617, 0.000000000000000000, -0.7071067811865474617 ) ) ;
#1257 = SURFACE_SIDE_STYLE ('',( #5544 ) ) ;
#1258 = MECHANICAL_DESIGN_GEOMETRIC_PRESENTATION_REPRESENTATION (  '', ( #7850 ), #8598 ) ;
#1259 = VECTOR ( 'NONE', #2158, 1000.000000000000114 ) ;
#1260 = CARTESIAN_POINT ( 'NONE',  ( 2.994689754873803622, 1.600000000000001421, 0.4999999999999995559 ) ) ;
#1261 = MECHANICAL_DESIGN_GEOMETRIC_PRESENTATION_REPRESENTATION (  '', ( #10396 ), #5525 ) ;
#1262 = CARTESIAN_POINT ( 'NONE',  ( -6.199999999999999289, -7.899999999999999467, 2.240000000000000657 ) ) ;
#1263 = ORIENTED_EDGE ( 'NONE', *, *, #370, .T. ) ;
#1264 = EDGE_LOOP ( 'NONE', ( #8608, #3248, #10570, #4968 ) ) ;
#1265 = CARTESIAN_POINT ( 'NONE',  ( 6.678066852858611568, -7.899999999999999467, 0.000000000000000000 ) ) ;
#1266 = EDGE_CURVE ( 'NONE', #5652, #5522, #446, .T. ) ;
#1267 = STYLED_ITEM ( 'NONE', ( #5084 ), #5853 ) ;
#1268 = CARTESIAN_POINT ( 'NONE',  ( 1.986111111111110716, 2.550000000000002487, -0.5000000000000004441 ) ) ;
#1269 = SURFACE_STYLE_USAGE ( .BOTH. , #388 ) ;
#1270 = DIRECTION ( 'NONE',  ( 0.000000000000000000, 0.000000000000000000, -1.000000000000000000 ) ) ;
#1271 = DIRECTION ( 'NONE',  ( 0.7071067811865487940, 0.7071067811865463515, -0.000000000000000000 ) ) ;
#1272 = FACE_OUTER_BOUND ( 'NONE', #7655, .T. ) ;
#1273 = UNCERTAINTY_MEASURE_WITH_UNIT (LENGTH_MEASURE( 1.000000000000000082E-05 ), #9587, 'distance_accuracy_value', 'NONE');
#1274 = STYLED_ITEM ( 'NONE', ( #10456 ), #5962 ) ;
#1275 = CARTESIAN_POINT ( 'NONE',  ( 0.000000000000000000, -2.399999999999999911, 0.000000000000000000 ) ) ;
#1276 =( GEOMETRIC_REPRESENTATION_CONTEXT ( 3 ) GLOBAL_UNCERTAINTY_ASSIGNED_CONTEXT ( ( #4600 ) ) GLOBAL_UNIT_ASSIGNED_CONTEXT ( ( #9841, #5602, #9059 ) ) REPRESENTATION_CONTEXT ( 'NONE', 'WORKASPACE' ) );
#1277 = CARTESIAN_POINT ( 'NONE',  ( 0.6500000000000000222, 2.100000000000000089, 8.000000000000000000 ) ) ;
#1278 = ORIENTED_EDGE ( 'NONE', *, *, #422, .F. ) ;
#1279 = ORIENTED_EDGE ( 'NONE', *, *, #7126, .T. ) ;
#1280 = CARTESIAN_POINT ( 'NONE',  ( -2.186111111111112226, 2.550000000000002043, 0.9999999999999995559 ) ) ;
#1281 = FACE_OUTER_BOUND ( 'NONE', #10685, .T. ) ;
#1282 = VECTOR ( 'NONE', #8369, 1000.000000000000000 ) ;
#1283 = AXIS2_PLACEMENT_3D ( 'NONE', #7470, #1779, #5215 ) ;
#1284 = CARTESIAN_POINT ( 'NONE',  ( -6.799999999999972289, -2.399999999999999911, 0.2999999999999994893 ) ) ;
#1285 = DIRECTION ( 'NONE',  ( -1.000000000000000000, 0.000000000000000000, 0.000000000000000000 ) ) ;
#1286 = LINE ( 'NONE', #463, #3438 ) ;
#1287 = UNCERTAINTY_MEASURE_WITH_UNIT (LENGTH_MEASURE( 1.000000000000000082E-05 ), #354, 'distance_accuracy_value', 'NONE');
#1288 = EDGE_LOOP ( 'NONE', ( #4864, #8837, #1347, #5882, #719, #1990, #117, #1221, #1608 ) ) ;
#1289 = CARTESIAN_POINT ( 'NONE',  ( -3.949999999999999734, 2.100000000000000089, 8.000000000000000000 ) ) ;
#1290 = UNCERTAINTY_MEASURE_WITH_UNIT (LENGTH_MEASURE( 1.000000000000000082E-05 ), #5417, 'distance_accuracy_value', 'NONE');
#1291 = CARTESIAN_POINT ( 'NONE',  ( -2.186111111111112226, 2.550000000000002043, -2.500000000000000888 ) ) ;
#1292 = FACE_OUTER_BOUND ( 'NONE', #3164, .T. ) ;
#1293 = LINE ( 'NONE', #4902, #1142 ) ;
#1294 = SURFACE_STYLE_FILL_AREA ( #1178 ) ;
#1295 = ORIENTED_EDGE ( 'NONE', *, *, #3209, .T. ) ;
#1296 = AXIS2_PLACEMENT_3D ( 'NONE', #126, #7060, #2519 ) ;
#1297 = MECHANICAL_DESIGN_GEOMETRIC_PRESENTATION_REPRESENTATION (  '', ( #4653 ), #9705 ) ;
#1298 = FILL_AREA_STYLE ('',( #8868 ) ) ;
#1299 = ORIENTED_EDGE ( 'NONE', *, *, #3830, .T. ) ;
#1300 = EDGE_CURVE ( 'NONE', #11047, #2164, #2156, .T. ) ;
#1301 = FILL_AREA_STYLE_COLOUR ( '', #784 ) ;
#1302 =( GEOMETRIC_REPRESENTATION_CONTEXT ( 3 ) GLOBAL_UNCERTAINTY_ASSIGNED_CONTEXT ( ( #3607 ) ) GLOBAL_UNIT_ASSIGNED_CONTEXT ( ( #6326, #2089, #6436 ) ) REPRESENTATION_CONTEXT ( 'NONE', 'WORKASPACE' ) );
#1303 = SURFACE_SIDE_STYLE ('',( #5528 ) ) ;
#1304 = PLANE ( 'NONE',  #11083 ) ;
#1305 = FILL_AREA_STYLE_COLOUR ( '', #8564 ) ;
#1306 = ORIENTED_EDGE ( 'NONE', *, *, #1669, .T. ) ;
#1307 = CARTESIAN_POINT ( 'NONE',  ( 6.200000000000000178, -7.899999999999999467, 3.800000000000004707 ) ) ;
#1308 = DIRECTION ( 'NONE',  ( -0.000000000000000000, -0.4383711467890764601, -0.8987940462991674817 ) ) ;
#1309 = VERTEX_POINT ( 'NONE', #2052 ) ;
#1310 = STYLED_ITEM ( 'NONE', ( #7491 ), #6991 ) ;
#1311 = FILL_AREA_STYLE_COLOUR ( '', #4283 ) ;
#1312 = VERTEX_POINT ( 'NONE', #8898 ) ;
#1313 =( GEOMETRIC_REPRESENTATION_CONTEXT ( 3 ) GLOBAL_UNCERTAINTY_ASSIGNED_CONTEXT ( ( #1287 ) ) GLOBAL_UNIT_ASSIGNED_CONTEXT ( ( #354, #10671, #9702 ) ) REPRESENTATION_CONTEXT ( 'NONE', 'WORKASPACE' ) );
#1314 = ORIENTED_EDGE ( 'NONE', *, *, #3480, .T. ) ;
#1315 = ORIENTED_EDGE ( 'NONE', *, *, #8150, .T. ) ;
#1316 = CARTESIAN_POINT ( 'NONE',  ( 7.999999999999992895, 0.000000000000000000, 9.749999999999992895 ) ) ;
#1317 = FILL_AREA_STYLE ('',( #4695 ) ) ;
#1318 = PRESENTATION_LAYER_ASSIGNMENT (  '', '', ( #1499 ) ) ;
#1319 = COLOUR_RGB ( '',0.2980392156862745057, 0.2980392156862745057, 0.2980392156862745057 ) ;
#1320 = EDGE_CURVE ( 'NONE', #8603, #10577, #2932, .T. ) ;
#1321 =( NAMED_UNIT ( * ) PLANE_ANGLE_UNIT ( ) SI_UNIT ( $, .RADIAN. ) );
#1322 = EDGE_CURVE ( 'NONE', #3585, #1600, #7189, .T. ) ;
#1323 = VECTOR ( 'NONE', #9216, 1000.000000000000000 ) ;
#1324 =( NAMED_UNIT ( * ) PLANE_ANGLE_UNIT ( ) SI_UNIT ( $, .RADIAN. ) );
#1325 = ORIENTED_EDGE ( 'NONE', *, *, #8998, .T. ) ;
#1326 = EDGE_CURVE ( 'NONE', #7798, #2151, #3834, .T. ) ;
#1327 = VERTEX_POINT ( 'NONE', #9013 ) ;
#1328 = VECTOR ( 'NONE', #8677, 1000.000000000000000 ) ;
#1329 = DIRECTION ( 'NONE',  ( -0.000000000000000000, 1.000000000000000000, -0.000000000000000000 ) ) ;
#1330 = VECTOR ( 'NONE', #9441, 1000.000000000000000 ) ;
#1331 = EDGE_LOOP ( 'NONE', ( #7869, #1646, #2866, #8160 ) ) ;
#1332 = DIRECTION ( 'NONE',  ( -0.7071067811865505703, 0.000000000000000000, -0.7071067811865444641 ) ) ;
#1333 = CARTESIAN_POINT ( 'NONE',  ( -7.469999999999999751, 0.000000000000000000, -1.270000000000000684 ) ) ;
#1334 = SURFACE_STYLE_FILL_AREA ( #9848 ) ;
#1335 = CARTESIAN_POINT ( 'NONE',  ( 7.470000000000000639, 0.000000000000000000, -2.849999999999994316 ) ) ;
#1336 =( LENGTH_UNIT ( ) NAMED_UNIT ( * ) SI_UNIT ( .MILLI., .METRE. ) );
#1337 = ADVANCED_FACE ( 'NONE', ( #8149 ), #10209, .T. ) ;
#1338 = CARTESIAN_POINT ( 'NONE',  ( 6.321933147141490572, -7.899999999999999467, 1.138066852858539590 ) ) ;
#1339 = CIRCLE ( 'NONE', #6319, 0.5000000000000008882 ) ;
#1340 = PLANE ( 'NONE',  #459 ) ;
#1341 = ADVANCED_FACE ( 'NONE', ( #10701 ), #10812, .T. ) ;
#1342 = VECTOR ( 'NONE', #3389, 1000.000000000000000 ) ;
#1343 = CARTESIAN_POINT ( 'NONE',  ( -2.501432664756447100, 0.6948424068767902195, -11.50000000000000000 ) ) ;
#1344 = ORIENTED_EDGE ( 'NONE', *, *, #7355, .F. ) ;
#1345 = AXIS2_PLACEMENT_3D ( 'NONE', #1156, #333, #2658 ) ;
#1346 = SURFACE_SIDE_STYLE ('',( #6291 ) ) ;
#1347 = ORIENTED_EDGE ( 'NONE', *, *, #5534, .T. ) ;
#1348 = DIRECTION ( 'NONE',  ( -0.7071067811865505703, 0.000000000000000000, -0.7071067811865444641 ) ) ;
#1349 = DIRECTION ( 'NONE',  ( 1.000000000000000000, -0.000000000000000000, 0.000000000000000000 ) ) ;
#1350 = DIRECTION ( 'NONE',  ( 0.000000000000000000, 0.000000000000000000, 1.000000000000000000 ) ) ;
#1351 = CARTESIAN_POINT ( 'NONE',  ( 7.999999999999992895, 0.000000000000000000, 7.999999999999992895 ) ) ;
#1352 = CARTESIAN_POINT ( 'NONE',  ( 3.949999999999997957, 2.100000000000000089, -6.500000000000005329 ) ) ;
#1353 = AXIS2_PLACEMENT_3D ( 'NONE', #9103, #3764, #10692 ) ;
#1354 = DIRECTION ( 'NONE',  ( 0.000000000000000000, -0.8987940462991681478, -0.4383711467890750724 ) ) ;
#1355 = CARTESIAN_POINT ( 'NONE',  ( 2.649999999999999911, 2.100000000000000089, 8.000000000000000000 ) ) ;
#1356 = VERTEX_POINT ( 'NONE', #10755 ) ;
#1357 =( LENGTH_UNIT ( ) NAMED_UNIT ( * ) SI_UNIT ( .MILLI., .METRE. ) );
#1358 = SURFACE_SIDE_STYLE ('',( #575 ) ) ;
#1359 = PRESENTATION_STYLE_ASSIGNMENT (( #8000 ) ) ;
#1360 = AXIS2_PLACEMENT_3D ( 'NONE', #918, #4351, #1909 ) ;
#1361 = PLANE ( 'NONE',  #8476 ) ;
#1362 = CARTESIAN_POINT ( 'NONE',  ( -3.231990237815517641, 1.704120873295593253, 0.4999999999999995559 ) ) ;
#1363 = ORIENTED_EDGE ( 'NONE', *, *, #4027, .T. ) ;
#1364 = LINE ( 'NONE', #3072, #9762 ) ;
#1365 =( NAMED_UNIT ( * ) SI_UNIT ( $, .STERADIAN. ) SOLID_ANGLE_UNIT ( ) );
#1366 = AXIS2_PLACEMENT_3D ( 'NONE', #1277, #454, #675 ) ;
#1367 = ORIENTED_EDGE ( 'NONE', *, *, #5085, .F. ) ;
#1368 = EDGE_LOOP ( 'NONE', ( #11006, #3832 ) ) ;
#1369 = VECTOR ( 'NONE', #10778, 1000.000000000000000 ) ;
#1370 = FACE_OUTER_BOUND ( 'NONE', #3351, .T. ) ;
#1371 = DIRECTION ( 'NONE',  ( -1.000000000000000000, 0.000000000000000000, -0.000000000000000000 ) ) ;
#1372 = APPLICATION_PROTOCOL_DEFINITION ( 'draft international standard', 'automotive_design', 1998, #4598 ) ;
#1373 = ORIENTED_EDGE ( 'NONE', *, *, #4782, .F. ) ;
#1374 = FILL_AREA_STYLE ('',( #4569 ) ) ;
#1375 = FACE_OUTER_BOUND ( 'NONE', #699, .T. ) ;
#1376 = PRESENTATION_LAYER_ASSIGNMENT (  '', '', ( #10331 ) ) ;
#1377 = EDGE_CURVE ( 'NONE', #7462, #3146, #8381, .T. ) ;
#1378 = LINE ( 'NONE', #8311, #9289 ) ;
#1379 = FACE_OUTER_BOUND ( 'NONE', #250, .T. ) ;
#1380 = CARTESIAN_POINT ( 'NONE',  ( 1.986111111111112937, 2.450000000000002398, 2.499999999999999556 ) ) ;
#1381 =( GEOMETRIC_REPRESENTATION_CONTEXT ( 3 ) GLOBAL_UNCERTAINTY_ASSIGNED_CONTEXT ( ( #6533 ) ) GLOBAL_UNIT_ASSIGNED_CONTEXT ( ( #10323, #290, #893 ) ) REPRESENTATION_CONTEXT ( 'NONE', 'WORKASPACE' ) );
#1382 = FACE_OUTER_BOUND ( 'NONE', #10405, .T. ) ;
#1383 = EDGE_LOOP ( 'NONE', ( #4287, #1560, #9027, #3927 ) ) ;
#1384 = FILL_AREA_STYLE ('',( #9888 ) ) ;
#1385 = COLOUR_RGB ( '',0.8313725490196077761, 0.6705882352941175961, 0.1294117647058823373 ) ;
#1386 = VERTEX_POINT ( 'NONE', #767 ) ;
#1387 =( NAMED_UNIT ( * ) SI_UNIT ( $, .STERADIAN. ) SOLID_ANGLE_UNIT ( ) );
#1388 =( NAMED_UNIT ( * ) PLANE_ANGLE_UNIT ( ) SI_UNIT ( $, .RADIAN. ) );
#1389 = EDGE_CURVE ( 'NONE', #5995, #4636, #10868, .T. ) ;
#1390 =( NAMED_UNIT ( * ) SI_UNIT ( $, .STERADIAN. ) SOLID_ANGLE_UNIT ( ) );
#1391 =( NAMED_UNIT ( * ) SI_UNIT ( $, .STERADIAN. ) SOLID_ANGLE_UNIT ( ) );
#1392 = SURFACE_SIDE_STYLE ('',( #5608 ) ) ;
#1393 = UNCERTAINTY_MEASURE_WITH_UNIT (LENGTH_MEASURE( 1.000000000000000082E-05 ), #2646, 'distance_accuracy_value', 'NONE');
#1394 = SURFACE_STYLE_FILL_AREA ( #4590 ) ;
#1395 = ORIENTED_EDGE ( 'NONE', *, *, #3414, .T. ) ;
#1396 = EDGE_CURVE ( 'NONE', #3525, #9714, #713, .T. ) ;
#1398 = EDGE_CURVE ( 'NONE', #3425, #7285, #9997, .T. ) ;
#1397 = FILL_AREA_STYLE_COLOUR ( '', #2523 ) ;
#1399 = VERTEX_POINT ( 'NONE', #7623 ) ;
#1400 = CARTESIAN_POINT ( 'NONE',  ( 5.229999999999997762, -2.399999999999999911, 2.530000000000002469 ) ) ;
#1401 = FACE_OUTER_BOUND ( 'NONE', #6965, .T. ) ;
#1402 = CARTESIAN_POINT ( 'NONE',  ( 6.800000000000052225, -2.399999999999999911, -1.879999999999995453 ) ) ;
#1403 = UNCERTAINTY_MEASURE_WITH_UNIT (LENGTH_MEASURE( 1.000000000000000082E-05 ), #3163, 'distance_accuracy_value', 'NONE');
#1404 = DIRECTION ( 'NONE',  ( -1.084202172485504434E-16, 0.000000000000000000, -1.000000000000000000 ) ) ;
#1405 = LINE ( 'NONE', #10021, #11023 ) ;
#1406 = DIRECTION ( 'NONE',  ( -0.000000000000000000, 1.000000000000000000, -0.000000000000000000 ) ) ;
#1407 = EDGE_LOOP ( 'NONE', ( #1373, #8731, #3970, #2285 ) ) ;
#1408 = SURFACE_STYLE_USAGE ( .BOTH. , #1358 ) ;
#1409 = EDGE_CURVE ( 'NONE', #8335, #6459, #5940, .T. ) ;
#1410 = LINE ( 'NONE', #1526, #4321 ) ;
#1411 = CARTESIAN_POINT ( 'NONE',  ( 2.994689754873803622, 1.600000000000001421, -0.5000000000000004441 ) ) ;
#1412 =( NAMED_UNIT ( * ) PLANE_ANGLE_UNIT ( ) SI_UNIT ( $, .RADIAN. ) );
#1413 = PRESENTATION_LAYER_ASSIGNMENT (  '', '', ( #8562 ) ) ;
#1414 = ORIENTED_EDGE ( 'NONE', *, *, #5413, .T. ) ;
#1415 = LINE ( 'NONE', #7375, #2292 ) ;
#1416 = MECHANICAL_DESIGN_GEOMETRIC_PRESENTATION_REPRESENTATION (  '', ( #3007 ), #2127 ) ;
#1417 = CARTESIAN_POINT ( 'NONE',  ( 7.999999999999992895, 0.000000000000000000, -9.750000000000007105 ) ) ;
#1418 = FACE_OUTER_BOUND ( 'NONE', #533, .T. ) ;
#1419 = SURFACE_SIDE_STYLE ('',( #2186 ) ) ;
#1420 = CARTESIAN_POINT ( 'NONE',  ( 6.499999999999999112, 2.600000000000000089, 3.500000000000004885 ) ) ;
#1421 = ORIENTED_EDGE ( 'NONE', *, *, #5916, .T. ) ;
#1422 = PRESENTATION_LAYER_ASSIGNMENT (  '', '', ( #3352 ) ) ;
#1423 = MECHANICAL_DESIGN_GEOMETRIC_PRESENTATION_REPRESENTATION (  '', ( #10379 ), #1240 ) ;
#1424 = VERTEX_POINT ( 'NONE', #9284 ) ;
#1425 = STYLED_ITEM ( 'NONE', ( #2410 ), #166 ) ;
#1426 = AXIS2_PLACEMENT_3D ( 'NONE', #5381, #1157, #3932 ) ;
#1427 =( NAMED_UNIT ( * ) SI_UNIT ( $, .STERADIAN. ) SOLID_ANGLE_UNIT ( ) );
#1428 = ORIENTED_EDGE ( 'NONE', *, *, #10054, .F. ) ;
#1429 =( NAMED_UNIT ( * ) PLANE_ANGLE_UNIT ( ) SI_UNIT ( $, .RADIAN. ) );
#1430 = DIRECTION ( 'NONE',  ( -0.7071067811865462405, -0.7071067811865489050, 0.000000000000000000 ) ) ;
#1431 = EDGE_LOOP ( 'NONE', ( #9515, #1185, #4683, #1032 ) ) ;
#1432 = DIRECTION ( 'NONE',  ( -8.330334836186190947E-15, 1.000000000000000000, 0.000000000000000000 ) ) ;
#1433 = CARTESIAN_POINT ( 'NONE',  ( -3.231990237815517641, 1.704120873295593253, 1.999999999999999556 ) ) ;
#1434 = PLANE ( 'NONE',  #6137 ) ;
#1435 = VECTOR ( 'NONE', #6972, 1000.000000000000000 ) ;
#1436 =( GEOMETRIC_REPRESENTATION_CONTEXT ( 3 ) GLOBAL_UNCERTAINTY_ASSIGNED_CONTEXT ( ( #7760 ) ) GLOBAL_UNIT_ASSIGNED_CONTEXT ( ( #6242, #4601, #7150 ) ) REPRESENTATION_CONTEXT ( 'NONE', 'WORKASPACE' ) );
#1437 = COLOUR_RGB ( '',1.000000000000000000, 0.9372549019607843146, 0.1372549019607843257 ) ;
#1438 = CARTESIAN_POINT ( 'NONE',  ( 3.231990237815518530, 1.704120873295594141, 2.499999999999999556 ) ) ;
#1439 = VERTEX_POINT ( 'NONE', #8498 ) ;
#1440 =( NAMED_UNIT ( * ) SI_UNIT ( $, .STERADIAN. ) SOLID_ANGLE_UNIT ( ) );
#1441 = ADVANCED_FACE ( 'NONE', ( #11025 ), #1603, .T. ) ;
#1442 = ORIENTED_EDGE ( 'NONE', *, *, #4972, .T. ) ;
#1443 = LINE ( 'NONE', #604, #10018 ) ;
#1444 = SURFACE_STYLE_USAGE ( .BOTH. , #9948 ) ;
#1445 = ORIENTED_EDGE ( 'NONE', *, *, #5116, .F. ) ;
#1446 = MECHANICAL_DESIGN_GEOMETRIC_PRESENTATION_REPRESENTATION (  '', ( #8959 ), #3023 ) ;
#1447 = VECTOR ( 'NONE', #4484, 1000.000000000000000 ) ;
#1448 = MECHANICAL_DESIGN_GEOMETRIC_PRESENTATION_REPRESENTATION (  '', ( #180 ), #7483 ) ;
#1449 =( LENGTH_UNIT ( ) NAMED_UNIT ( * ) SI_UNIT ( .MILLI., .METRE. ) );
#1450 = PLANE ( 'NONE',  #3556 ) ;
#1451 = FACE_OUTER_BOUND ( 'NONE', #4608, .T. ) ;
#1452 = LINE ( 'NONE', #2057, #10289 ) ;
#1453 = AXIS2_PLACEMENT_3D ( 'NONE', #6654, #8223, #10084 ) ;
#1454 = AXIS2_PLACEMENT_3D ( 'NONE', #3152, #1458, #5788 ) ;
#1455 = FILL_AREA_STYLE_COLOUR ( '', #8885 ) ;
#1456 = ORIENTED_EDGE ( 'NONE', *, *, #5264, .T. ) ;
#1457 = VERTEX_POINT ( 'NONE', #2373 ) ;
#1458 = DIRECTION ( 'NONE',  ( 1.000000000000000000, 0.000000000000000000, 0.000000000000000000 ) ) ;
#1459 = ORIENTED_EDGE ( 'NONE', *, *, #3486, .F. ) ;
#1460 = FILL_AREA_STYLE_COLOUR ( '', #1566 ) ;
#1461 = STYLED_ITEM ( 'NONE', ( #3141 ), #1441 ) ;
#1462 = VECTOR ( 'NONE', #574, 1000.000000000000000 ) ;
#1463 = CARTESIAN_POINT ( 'NONE',  ( 0.000000000000000000, -7.899999999999999467, -0.1780668528585335197 ) ) ;
#1464 =( GEOMETRIC_REPRESENTATION_CONTEXT ( 3 ) GLOBAL_UNCERTAINTY_ASSIGNED_CONTEXT ( ( #9692 ) ) GLOBAL_UNIT_ASSIGNED_CONTEXT ( ( #2365, #1551, #3694 ) ) REPRESENTATION_CONTEXT ( 'NONE', 'WORKASPACE' ) );
#1465 = EDGE_CURVE ( 'NONE', #3327, #6611, #1706, .T. ) ;
#1466 = FACE_OUTER_BOUND ( 'NONE', #9464, .T. ) ;
#1467 = EDGE_CURVE ( 'NONE', #6192, #10032, #1650, .T. ) ;
#1468 = LINE ( 'NONE', #10885, #10478 ) ;
#1469 = LINE ( 'NONE', #8279, #3034 ) ;
#1470 = DIRECTION ( 'NONE',  ( 0.000000000000000000, 0.000000000000000000, 1.000000000000000000 ) ) ;
#1471 = ORIENTED_EDGE ( 'NONE', *, *, #4853, .T. ) ;
#1472 = AXIS2_PLACEMENT_3D ( 'NONE', #7815, #7694, #44 ) ;
#1473 = DIRECTION ( 'NONE',  ( 1.000000000000000000, 0.000000000000000000, 0.000000000000000000 ) ) ;
#1474 = CARTESIAN_POINT ( 'NONE',  ( -3.949999999999998845, 1.600000000000000089, 6.000000000000000000 ) ) ;
#1475 = SURFACE_STYLE_USAGE ( .BOTH. , #6772 ) ;
#1476 = ORIENTED_EDGE ( 'NONE', *, *, #7638, .F. ) ;
#1477 = LINE ( 'NONE', #4677, #10188 ) ;
#1478 = MECHANICAL_DESIGN_GEOMETRIC_PRESENTATION_REPRESENTATION (  '', ( #6086 ), #4467 ) ;
#1479 = VERTEX_POINT ( 'NONE', #4885 ) ;
#1480 = DIRECTION ( 'NONE',  ( -0.2676438637860948377, -0.9635179096299405499, 0.000000000000000000 ) ) ;
#1481 = EDGE_CURVE ( 'NONE', #4030, #4056, #3362, .T. ) ;
#1482 = FILL_AREA_STYLE ('',( #8474 ) ) ;
#1483 = EDGE_CURVE ( 'NONE', #2355, #413, #4037, .T. ) ;
#1484 = ORIENTED_EDGE ( 'NONE', *, *, #7384, .F. ) ;
#1485 = ORIENTED_EDGE ( 'NONE', *, *, #7382, .T. ) ;
#1486 = FILL_AREA_STYLE ('',( #8482 ) ) ;
#1487 = EDGE_LOOP ( 'NONE', ( #9934, #2440, #8501, #2651, #10750, #8704, #1165, #196, #6206, #6957, #3898, #469, #1484, #3029, #10317, #5870, #10839, #1138, #1025, #2364 ) ) ;
#1488 =( LENGTH_UNIT ( ) NAMED_UNIT ( * ) SI_UNIT ( .MILLI., .METRE. ) );
#1489 =( NAMED_UNIT ( * ) SI_UNIT ( $, .STERADIAN. ) SOLID_ANGLE_UNIT ( ) );
#1490 =( LENGTH_UNIT ( ) NAMED_UNIT ( * ) SI_UNIT ( .MILLI., .METRE. ) );
#1491 = DIRECTION ( 'NONE',  ( 0.000000000000000000, 0.000000000000000000, -1.000000000000000000 ) ) ;
#1492 = CARTESIAN_POINT ( 'NONE',  ( -3.031990237815517908, 1.704120873295593253, 2.499999999999999556 ) ) ;
#1493 = AXIS2_PLACEMENT_3D ( 'NONE', #9483, #1186, #415 ) ;
#1494 = LINE ( 'NONE', #2363, #2933 ) ;
#1495 = VERTEX_POINT ( 'NONE', #9229 ) ;
#1496 = VECTOR ( 'NONE', #9682, 1000.000000000000000 ) ;
#1497 = ORIENTED_EDGE ( 'NONE', *, *, #7232, .F. ) ;
#1498 = FILL_AREA_STYLE ('',( #2153 ) ) ;
#1499 = STYLED_ITEM ( 'NONE', ( #418 ), #8052 ) ;
#1500 = VECTOR ( 'NONE', #3814, 999.9999999999998863 ) ;
#1501 = CARTESIAN_POINT ( 'NONE',  ( -6.499999999999999112, 2.600000000000000089, 2.540000000000000036 ) ) ;
#1502 =( NAMED_UNIT ( * ) PLANE_ANGLE_UNIT ( ) SI_UNIT ( $, .RADIAN. ) );
#1503 = ADVANCED_FACE ( 'NONE', ( #6632, #5778, #6701, #1557, #7510, #2433, #4986, #201, #142, #869, #85, #2749, #3420, #5307, #3532, #4311, #10294, #4247, #7679, #7074, #8760, #9442, #4461, #10521, #2591, #7738, #31 ), #5364, .T. ) ;
#1504 = CARTESIAN_POINT ( 'NONE',  ( -11.49999999999999645, 1.600000000000000089, 9.500000000000005329 ) ) ;
#1505 = LINE ( 'NONE', #2538, #1155 ) ;
#1506 = VERTEX_POINT ( 'NONE', #9498 ) ;
#1507 = AXIS2_PLACEMENT_3D ( 'NONE', #6185, #5340, #6826 ) ;
#1508 = STYLED_ITEM ( 'NONE', ( #3065 ), #7188 ) ;
#1509 = FACE_OUTER_BOUND ( 'NONE', #3103, .T. ) ;
#1510 = ORIENTED_EDGE ( 'NONE', *, *, #5180, .F. ) ;
#1511 = MECHANICAL_DESIGN_GEOMETRIC_PRESENTATION_REPRESENTATION (  '', ( #4143 ), #966 ) ;
#1512 = VECTOR ( 'NONE', #4958, 1000.000000000000000 ) ;
#1513 = COLOUR_RGB ( '',0.8941176470588234615, 0.9137254901960784048, 0.9294117647058823817 ) ;
#1514 = FILL_AREA_STYLE_COLOUR ( '', #1846 ) ;
#1515 =( GEOMETRIC_REPRESENTATION_CONTEXT ( 3 ) GLOBAL_UNCERTAINTY_ASSIGNED_CONTEXT ( ( #6285 ) ) GLOBAL_UNIT_ASSIGNED_CONTEXT ( ( #1488, #1429, #3975 ) ) REPRESENTATION_CONTEXT ( 'NONE', 'WORKASPACE' ) );
#1516 = FILL_AREA_STYLE_COLOUR ( '', #9480 ) ;
#1517 = EDGE_CURVE ( 'NONE', #9714, #10136, #6850, .T. ) ;
#1518 = UNCERTAINTY_MEASURE_WITH_UNIT (LENGTH_MEASURE( 1.000000000000000082E-05 ), #1013, 'distance_accuracy_value', 'NONE');
#1519 = LINE ( 'NONE', #4901, #9052 ) ;
#1520 = VECTOR ( 'NONE', #7431, 1000.000000000000000 ) ;
#1521 =( NAMED_UNIT ( * ) SI_UNIT ( $, .STERADIAN. ) SOLID_ANGLE_UNIT ( ) );
#1522 = ORIENTED_EDGE ( 'NONE', *, *, #3643, .T. ) ;
#1523 = CONICAL_SURFACE ( 'NONE', #7939, 0.01226741143414006308, 0.4537856055185231496 ) ;
#1524 = DIRECTION ( 'NONE',  ( -0.000000000000000000, -1.000000000000000000, -0.000000000000000000 ) ) ;
#1525 = ADVANCED_FACE ( 'NONE', ( #3481 ), #2695, .T. ) ;
#1526 = CARTESIAN_POINT ( 'NONE',  ( -2.501432664756447100, 0.6948424068767902195, 0.9999999999999991118 ) ) ;
#1527 = DIRECTION ( 'NONE',  ( -0.7071067811865485719, 0.000000000000000000, 0.7071067811865465735 ) ) ;
#1528 = ADVANCED_FACE ( 'NONE', ( #986 ), #1871, .F. ) ;
#1529 = VECTOR ( 'NONE', #2552, 1000.000000000000000 ) ;
#1530 = DIRECTION ( 'NONE',  ( -0.000000000000000000, -0.000000000000000000, -1.000000000000000000 ) ) ;
#1531 = STYLED_ITEM ( 'NONE', ( #10859 ), #8948 ) ;
#1532 = UNCERTAINTY_MEASURE_WITH_UNIT (LENGTH_MEASURE( 1.000000000000000082E-05 ), #1196, 'distance_accuracy_value', 'NONE');
#1533 = VERTEX_POINT ( 'NONE', #4571 ) ;
#1534 = CARTESIAN_POINT ( 'NONE',  ( 7.470000000000000639, -2.399999999999999911, -0.3099999999999951683 ) ) ;
#1535 = FACE_OUTER_BOUND ( 'NONE', #8583, .T. ) ;
#1536 = FILL_AREA_STYLE ('',( #7432 ) ) ;
#1537 = ORIENTED_EDGE ( 'NONE', *, *, #9889, .F. ) ;
#1538 = VECTOR ( 'NONE', #2085, 1000.000000000000000 ) ;
#1539 = EDGE_LOOP ( 'NONE', ( #1802, #7751 ) ) ;
#1540 = EDGE_CURVE ( 'NONE', #1235, #11010, #10740, .T. ) ;
#1541 = ADVANCED_FACE ( 'NONE', ( #7122 ), #5172, .T. ) ;
#1542 = ORIENTED_EDGE ( 'NONE', *, *, #4542, .F. ) ;
#1543 = CARTESIAN_POINT ( 'NONE',  ( 5.229999999999997762, -2.399999999999999911, 1.930000000000006821 ) ) ;
#1544 = VECTOR ( 'NONE', #1556, 1000.000000000000000 ) ;
#1545 = DIRECTION ( 'NONE',  ( -0.7071067811865489050, 0.7071067811865462405, 0.000000000000000000 ) ) ;
#1546 = DIRECTION ( 'NONE',  ( -0.000000000000000000, 1.000000000000000000, -0.000000000000000000 ) ) ;
#1547 = CARTESIAN_POINT ( 'NONE',  ( -2.994689754873801846, 1.600000000000000755, -2.000000000000000888 ) ) ;
#1548 = STYLED_ITEM ( 'NONE', ( #10183 ), #9276 ) ;
#1549 = PRESENTATION_STYLE_ASSIGNMENT (( #5927 ) ) ;
#1550 = EDGE_LOOP ( 'NONE', ( #4097, #4280, #9477, #9254, #1306, #2593, #7941, #1414, #7716 ) ) ;
#1551 =( NAMED_UNIT ( * ) PLANE_ANGLE_UNIT ( ) SI_UNIT ( $, .RADIAN. ) );
#1552 = STYLED_ITEM ( 'NONE', ( #9970 ), #3275 ) ;
#1553 = VERTEX_POINT ( 'NONE', #10628 ) ;
#1554 = CARTESIAN_POINT ( 'NONE',  ( 2.186111111111113114, 2.550000000000002487, -2.500000000000000888 ) ) ;
#1555 = ORIENTED_EDGE ( 'NONE', *, *, #7139, .T. ) ;
#1556 = DIRECTION ( 'NONE',  ( 1.000000000000000000, 0.000000000000000000, 1.807003620809174878E-16 ) ) ;
#1557 = FACE_BOUND ( 'NONE', #9367, .T. ) ;
#1558 = SURFACE_STYLE_USAGE ( .BOTH. , #2434 ) ;
#1559 = SURFACE_SIDE_STYLE ('',( #3994 ) ) ;
#1560 = ORIENTED_EDGE ( 'NONE', *, *, #3779, .T. ) ;
#1561 =( GEOMETRIC_REPRESENTATION_CONTEXT ( 3 ) GLOBAL_UNCERTAINTY_ASSIGNED_CONTEXT ( ( #11040 ) ) GLOBAL_UNIT_ASSIGNED_CONTEXT ( ( #941, #102, #4262 ) ) REPRESENTATION_CONTEXT ( 'NONE', 'WORKASPACE' ) );
#1562 = EDGE_LOOP ( 'NONE', ( #5787, #237, #7352, #4661 ) ) ;
#1563 =( LENGTH_UNIT ( ) NAMED_UNIT ( * ) SI_UNIT ( .MILLI., .METRE. ) );
#1564 = SURFACE_STYLE_USAGE ( .BOTH. , #560 ) ;
#1565 = CARTESIAN_POINT ( 'NONE',  ( -5.529999999999998472, 0.000000000000000000, 3.809999999999999609 ) ) ;
#1566 = COLOUR_RGB ( '',0.8313725490196077761, 0.6705882352941175961, 0.1294117647058823373 ) ;
#1567 = FILL_AREA_STYLE ('',( #45 ) ) ;
#1568 = VECTOR ( 'NONE', #10711, 1000.000000000000000 ) ;
#1569 = PLANE ( 'NONE',  #2038 ) ;
#1570 = ORIENTED_EDGE ( 'NONE', *, *, #3676, .F. ) ;
#1572 = CARTESIAN_POINT ( 'NONE',  ( 7.769999999999999574, -2.399999999999999911, -2.549999999999998490 ) ) ;
#1571 = LINE ( 'NONE', #3166, #913 ) ;
#1573 = EDGE_CURVE ( 'NONE', #3870, #5896, #8072, .T. ) ;
#1574 = FILL_AREA_STYLE_COLOUR ( '', #9021 ) ;
#1575 = LINE ( 'NONE', #6426, #1688 ) ;
#1576 = CARTESIAN_POINT ( 'NONE',  ( -8.000000000000007105, 0.000000000000000000, 9.750000000000007105 ) ) ;
#1577 = DIRECTION ( 'NONE',  ( 0.000000000000000000, 1.000000000000000000, 0.000000000000000000 ) ) ;
#1578 = ORIENTED_EDGE ( 'NONE', *, *, #5595, .T. ) ;
#1579 = DIRECTION ( 'NONE',  ( 0.000000000000000000, -1.000000000000000000, 0.000000000000000000 ) ) ;
#1580 = DIRECTION ( 'NONE',  ( 1.807003620809174878E-16, 0.000000000000000000, -1.000000000000000000 ) ) ;
#1581 = VERTEX_POINT ( 'NONE', #2919 ) ;
#1582 = MECHANICAL_DESIGN_GEOMETRIC_PRESENTATION_REPRESENTATION (  '', ( #2459 ), #11069 ) ;
#1583 = SURFACE_STYLE_USAGE ( .BOTH. , #6674 ) ;
#1584 = EDGE_LOOP ( 'NONE', ( #3529, #3795, #481, #69 ) ) ;
#1585 = ORIENTED_EDGE ( 'NONE', *, *, #8631, .F. ) ;
#1586 =( LENGTH_UNIT ( ) NAMED_UNIT ( * ) SI_UNIT ( .MILLI., .METRE. ) );
#1587 = ORIENTED_EDGE ( 'NONE', *, *, #9939, .F. ) ;
#1588 = DIRECTION ( 'NONE',  ( 0.000000000000000000, 0.000000000000000000, 1.000000000000000000 ) ) ;
#1589 = STYLED_ITEM ( 'NONE', ( #8123 ), #105 ) ;
#1590 = CARTESIAN_POINT ( 'NONE',  ( -3.231990237815517641, 1.704120873295593253, -0.5000000000000004441 ) ) ;
#1591 = CARTESIAN_POINT ( 'NONE',  ( 1.986111111111110716, 2.550000000000002487, 0.9999999999999991118 ) ) ;
#1592 = DIRECTION ( 'NONE',  ( 0.000000000000000000, 1.000000000000000000, 0.000000000000000000 ) ) ;
#1593 = EDGE_CURVE ( 'NONE', #2570, #7438, #7963, .T. ) ;
#1595 = ADVANCED_FACE ( 'NONE', ( #6330 ), #2036, .T. ) ;
#1594 = CARTESIAN_POINT ( 'NONE',  ( -1.986111111111110716, 2.550000000000002043, 2.499999999999999556 ) ) ;
#1596 = ORIENTED_EDGE ( 'NONE', *, *, #4643, .F. ) ;
#1597 = ORIENTED_EDGE ( 'NONE', *, *, #9763, .T. ) ;
#1598 = FILL_AREA_STYLE_COLOUR ( '', #4275 ) ;
#1599 = VECTOR ( 'NONE', #4617, 1000.000000000000000 ) ;
#1600 = VERTEX_POINT ( 'NONE', #4023 ) ;
#1601 =( LENGTH_UNIT ( ) NAMED_UNIT ( * ) SI_UNIT ( .MILLI., .METRE. ) );
#1602 = LINE ( 'NONE', #6630, #9770 ) ;
#1603 = PLANE ( 'NONE',  #9152 ) ;
#1604 = STYLED_ITEM ( 'NONE', ( #5166 ), #4930 ) ;
#1605 = FACE_OUTER_BOUND ( 'NONE', #1050, .T. ) ;
#1606 =( NAMED_UNIT ( * ) PLANE_ANGLE_UNIT ( ) SI_UNIT ( $, .RADIAN. ) );
#1607 = EDGE_CURVE ( 'NONE', #10851, #1811, #11013, .T. ) ;
#1608 = ORIENTED_EDGE ( 'NONE', *, *, #4554, .T. ) ;
#1609 = EDGE_LOOP ( 'NONE', ( #3860, #9927, #4818, #4209 ) ) ;
#1610 = VECTOR ( 'NONE', #9697, 1000.000000000000000 ) ;
#1611 = STYLED_ITEM ( 'NONE', ( #9578 ), #5048 ) ;
#1612 = EDGE_LOOP ( 'NONE', ( #8481, #1750 ) ) ;
#1613 = VECTOR ( 'NONE', #2313, 1000.000000000000000 ) ;
#1614 = FILL_AREA_STYLE ('',( #6813 ) ) ;
#1615 = VERTEX_POINT ( 'NONE', #4921 ) ;
#1616 = LINE ( 'NONE', #1775, #10745 ) ;
#1617 = DIRECTION ( 'NONE',  ( 0.000000000000000000, 0.000000000000000000, -1.000000000000000000 ) ) ;
#1618 = DIRECTION ( 'NONE',  ( 0.000000000000000000, 0.000000000000000000, 1.000000000000000000 ) ) ;
#1619 = UNCERTAINTY_MEASURE_WITH_UNIT (LENGTH_MEASURE( 1.000000000000000082E-05 ), #3292, 'distance_accuracy_value', 'NONE');
#1620 = MECHANICAL_DESIGN_GEOMETRIC_PRESENTATION_REPRESENTATION (  '', ( #10020 ), #2146 ) ;
#1621 = CARTESIAN_POINT ( 'NONE',  ( 7.770000000000000462, 0.000000000000000000, -0.6099999999999907718 ) ) ;
#1622 = ORIENTED_EDGE ( 'NONE', *, *, #5455, .F. ) ;
#1623 = CARTESIAN_POINT ( 'NONE',  ( 6.200000000000052580, -7.899999999999999467, -1.401933147141460667 ) ) ;
#1624 =( GEOMETRIC_REPRESENTATION_CONTEXT ( 3 ) GLOBAL_UNCERTAINTY_ASSIGNED_CONTEXT ( ( #7650 ) ) GLOBAL_UNIT_ASSIGNED_CONTEXT ( ( #4694, #8134, #9830 ) ) REPRESENTATION_CONTEXT ( 'NONE', 'WORKASPACE' ) );
#1625 = STYLED_ITEM ( 'NONE', ( #5279 ), #5751 ) ;
#1626 = DIRECTION ( 'NONE',  ( 0.000000000000000000, 1.000000000000000000, 0.000000000000000000 ) ) ;
#1627 = FILL_AREA_STYLE_COLOUR ( '', #6675 ) ;
#1628 = CARTESIAN_POINT ( 'NONE',  ( -6.499999999999999112, 1.600000000000000089, 2.540000000000000036 ) ) ;
#1629 = EDGE_CURVE ( 'NONE', #10862, #5897, #10215, .T. ) ;
#1630 = EDGE_LOOP ( 'NONE', ( #1049, #6046, #8635, #214 ) ) ;
#1631 = VECTOR ( 'NONE', #8827, 1000.000000000000000 ) ;
#1632 = CIRCLE ( 'NONE', #7873, 2.000000000000000000 ) ;
#1633 = COLOUR_RGB ( '',0.8941176470588234615, 0.9137254901960784048, 0.9294117647058823817 ) ;
#1634 =( LENGTH_UNIT ( ) NAMED_UNIT ( * ) SI_UNIT ( .MILLI., .METRE. ) );
#1635 = ORIENTED_EDGE ( 'NONE', *, *, #9858, .T. ) ;
#1636 = VECTOR ( 'NONE', #8602, 1000.000000000000000 ) ;
#1637 = DIRECTION ( 'NONE',  ( 0.000000000000000000, -0.8987940462991681478, -0.4383711467890751279 ) ) ;
#1638 = FILL_AREA_STYLE_COLOUR ( '', #2719 ) ;
#1639 = DIRECTION ( 'NONE',  ( -0.000000000000000000, -1.000000000000000000, -0.000000000000000000 ) ) ;
#1640 = FILL_AREA_STYLE_COLOUR ( '', #6036 ) ;
#1641 =( LENGTH_UNIT ( ) NAMED_UNIT ( * ) SI_UNIT ( .MILLI., .METRE. ) );
#1642 = FACE_OUTER_BOUND ( 'NONE', #11062, .T. ) ;
#1643 = ORIENTED_EDGE ( 'NONE', *, *, #1083, .T. ) ;
#1644 = VECTOR ( 'NONE', #6138, 1000.000000000000000 ) ;
#1645 = CARTESIAN_POINT ( 'NONE',  ( 9.499999999999996447, 1.600000000000000089, -11.50000000000000000 ) ) ;
#1646 = ORIENTED_EDGE ( 'NONE', *, *, #3760, .F. ) ;
#1647 = LINE ( 'NONE', #7675, #4843 ) ;
#1648 = FILL_AREA_STYLE ('',( #4198 ) ) ;
#1649 = EDGE_CURVE ( 'NONE', #5522, #9159, #5822, .T. ) ;
#1650 = LINE ( 'NONE', #5033, #4270 ) ;
#1651 = EDGE_CURVE ( 'NONE', #10662, #7164, #6742, .T. ) ;
#1652 = DIRECTION ( 'NONE',  ( 0.000000000000000000, 1.000000000000000000, 0.000000000000000000 ) ) ;
#1653 = STYLED_ITEM ( 'NONE', ( #7573 ), #6728 ) ;
#1654 = DIRECTION ( 'NONE',  ( -0.000000000000000000, 1.000000000000000000, -0.000000000000000000 ) ) ;
#1655 = EDGE_CURVE ( 'NONE', #9775, #329, #5900, .T. ) ;
#1656 =( NAMED_UNIT ( * ) SI_UNIT ( $, .STERADIAN. ) SOLID_ANGLE_UNIT ( ) );
#1657 = FILL_AREA_STYLE ('',( #770 ) ) ;
#1658 = VERTEX_POINT ( 'NONE', #8484 ) ;
#1659 = VERTEX_POINT ( 'NONE', #4080 ) ;
#1660 = PRESENTATION_LAYER_ASSIGNMENT (  '', '', ( #1310 ) ) ;
#1661 = ORIENTED_EDGE ( 'NONE', *, *, #5796, .T. ) ;
#1662 = DIRECTION ( 'NONE',  ( -1.000000000000000000, -1.084202172485504040E-15, 0.000000000000000000 ) ) ;
#1663 = VECTOR ( 'NONE', #30, 1000.000000000000114 ) ;
#1664 = CARTESIAN_POINT ( 'NONE',  ( 5.229999999999997762, -2.399999999999999911, 4.470000000000006857 ) ) ;
#1665 = EDGE_CURVE ( 'NONE', #1089, #642, #10166, .T. ) ;
#1666 =( LENGTH_UNIT ( ) NAMED_UNIT ( * ) SI_UNIT ( .MILLI., .METRE. ) );
#1667 = CARTESIAN_POINT ( 'NONE',  ( -1.212034383954155858, -0.3366762177650429733, -2.000000000000001776 ) ) ;
#1668 = CARTESIAN_POINT ( 'NONE',  ( -7.469999999999997975, -2.399999999999999911, -3.810000000000000941 ) ) ;
#1669 = EDGE_CURVE ( 'NONE', #6166, #6253, #9099, .T. ) ;
#1670 = SURFACE_SIDE_STYLE ('',( #9355 ) ) ;
#1671 = VECTOR ( 'NONE', #4039, 1000.000000000000000 ) ;
#1672 = ORIENTED_EDGE ( 'NONE', *, *, #10793, .F. ) ;
#1674 = DIRECTION ( 'NONE',  ( -0.000000000000000000, 1.000000000000000000, -0.000000000000000000 ) ) ;
#1673 = CARTESIAN_POINT ( 'NONE',  ( 2.994689754873804954, 1.599999999999999867, -2.000000000000000888 ) ) ;
#1675 = VECTOR ( 'NONE', #9750, 1000.000000000000114 ) ;
#1676 = VECTOR ( 'NONE', #4754, 1000.000000000000000 ) ;
#1677 = CARTESIAN_POINT ( 'NONE',  ( -2.144689754873802645, 2.450000000000001954, 0.9999999999999995559 ) ) ;
#1678 = LINE ( 'NONE', #10892, #1897 ) ;
#1679 = VECTOR ( 'NONE', #5737, 1000.000000000000000 ) ;
#1680 = SURFACE_STYLE_FILL_AREA ( #8623 ) ;
#1681 = LINE ( 'NONE', #5068, #3839 ) ;
#1682 = FACE_OUTER_BOUND ( 'NONE', #10806, .T. ) ;
#1683 = CIRCLE ( 'NONE', #974, 1.749999999999999778 ) ;
#1684 = FACE_OUTER_BOUND ( 'NONE', #10393, .T. ) ;
#1685 = ORIENTED_EDGE ( 'NONE', *, *, #7126, .F. ) ;
#1686 = VECTOR ( 'NONE', #6785, 999.9999999999998863 ) ;
#1687 = FILL_AREA_STYLE ('',( #9368 ) ) ;
#1688 = VECTOR ( 'NONE', #10998, 1000.000000000000114 ) ;
#1689 = FILL_AREA_STYLE_COLOUR ( '', #4468 ) ;
#1690 = VERTEX_POINT ( 'NONE', #10961 ) ;
#1691 = CARTESIAN_POINT ( 'NONE',  ( -7.769999999999999574, -2.399999999999999911, -3.510000000000003340 ) ) ;
#1692 = CARTESIAN_POINT ( 'NONE',  ( 1.986111111111112937, 2.450000000000002398, -1.000000000000000444 ) ) ;
#1693 = ORIENTED_EDGE ( 'NONE', *, *, #6278, .F. ) ;
#1694 = VERTEX_POINT ( 'NONE', #3185 ) ;
#1695 = LINE ( 'NONE', #6042, #7831 ) ;
#1696 = MECHANICAL_DESIGN_GEOMETRIC_PRESENTATION_REPRESENTATION (  '', ( #9920 ), #4899 ) ;
#1697 = LINE ( 'NONE', #5826, #6879 ) ;
#1698 = VERTEX_POINT ( 'NONE', #3346 ) ;
#1699 = CARTESIAN_POINT ( 'NONE',  ( 6.678066852858587588, -7.899999999999999467, -1.279999999999995586 ) ) ;
#1700 = ORIENTED_EDGE ( 'NONE', *, *, #1249, .F. ) ;
#1701 =( NAMED_UNIT ( * ) PLANE_ANGLE_UNIT ( ) SI_UNIT ( $, .RADIAN. ) );
#1702 = CARTESIAN_POINT ( 'NONE',  ( 0.000000000000000000, -7.899999999999999467, 3.678066852858537850 ) ) ;
#1703 = ORIENTED_EDGE ( 'NONE', *, *, #5470, .T. ) ;
#1704 = EDGE_CURVE ( 'NONE', #3940, #1094, #6617, .T. ) ;
#1705 = CARTESIAN_POINT ( 'NONE',  ( -3.031990237815517908, 1.704120873295593253, -1.000000000000000444 ) ) ;
#1706 = LINE ( 'NONE', #7454, #5709 ) ;
#1707 = PRESENTATION_LAYER_ASSIGNMENT (  '', '', ( #5615 ) ) ;
#1708 = PRESENTATION_STYLE_ASSIGNMENT (( #1037 ) ) ;
#1709 = EDGE_LOOP ( 'NONE', ( #1421, #5917, #3177, #6810 ) ) ;
#1710 = PLANE ( 'NONE',  #10926 ) ;
#1711 = PLANE ( 'NONE',  #4491 ) ;
#1712 = MECHANICAL_DESIGN_GEOMETRIC_PRESENTATION_REPRESENTATION (  '', ( #6348 ), #3671 ) ;
#1713 = DIRECTION ( 'NONE',  ( 0.4014883995042270448, -0.8231732078530425989, -0.4014883995042270448 ) ) ;
#1714 = ORIENTED_EDGE ( 'NONE', *, *, #7922, .F. ) ;
#1715 = SURFACE_STYLE_USAGE ( .BOTH. , #6005 ) ;
#1716 = ORIENTED_EDGE ( 'NONE', *, *, #5550, .F. ) ;
#1717 = STYLED_ITEM ( 'NONE', ( #4657 ), #9190 ) ;
#1718 = ORIENTED_EDGE ( 'NONE', *, *, #2479, .T. ) ;
#1719 = ORIENTED_EDGE ( 'NONE', *, *, #1409, .T. ) ;
#1720 = EDGE_CURVE ( 'NONE', #5785, #8232, #7559, .T. ) ;
#1721 = PLANE ( 'NONE',  #2653 ) ;
#1722 = VECTOR ( 'NONE', #305, 1000.000000000000000 ) ;
#1723 = DIRECTION ( 'NONE',  ( 1.000000000000000000, 0.000000000000000000, 1.445602896647339903E-15 ) ) ;
#1724 = SURFACE_STYLE_USAGE ( .BOTH. , #3379 ) ;
#1725 = CARTESIAN_POINT ( 'NONE',  ( -1.986111111111110716, 2.550000000000002043, 0.9999999999999991118 ) ) ;
#1726 = LINE ( 'NONE', #7530, #3363 ) ;
#1727 = AXIS2_PLACEMENT_3D ( 'NONE', #2808, #9730, #5262 ) ;
#1728 = UNCERTAINTY_MEASURE_WITH_UNIT (LENGTH_MEASURE( 1.000000000000000082E-05 ), #3571, 'distance_accuracy_value', 'NONE');
#1729 =( LENGTH_UNIT ( ) NAMED_UNIT ( * ) SI_UNIT ( .MILLI., .METRE. ) );
#1730 = EDGE_CURVE ( 'NONE', #3493, #6253, #9217, .T. ) ;
#1731 = EDGE_CURVE ( 'NONE', #7581, #10228, #11058, .T. ) ;
#1732 = FILL_AREA_STYLE_COLOUR ( '', #6950 ) ;
#1733 = CARTESIAN_POINT ( 'NONE',  ( 2.186111111111113114, 2.550000000000002487, -2.500000000000000888 ) ) ;
#1734 = CARTESIAN_POINT ( 'NONE',  ( 5.529999999999995808, -2.399999999999999911, -0.3099999999999951683 ) ) ;
#1735 = UNCERTAINTY_MEASURE_WITH_UNIT (LENGTH_MEASURE( 1.000000000000000082E-05 ), #1012, 'distance_accuracy_value', 'NONE');
#1736 = EDGE_LOOP ( 'NONE', ( #557, #638, #3153, #7087 ) ) ;
#1737 = DIRECTION ( 'NONE',  ( 0.000000000000000000, 1.000000000000000000, 0.000000000000000000 ) ) ;
#1738 = UNCERTAINTY_MEASURE_WITH_UNIT (LENGTH_MEASURE( 1.000000000000000082E-05 ), #6181, 'distance_accuracy_value', 'NONE');
#1739 =( NAMED_UNIT ( * ) PLANE_ANGLE_UNIT ( ) SI_UNIT ( $, .RADIAN. ) );
#1740 = COLOUR_RGB ( '',1.000000000000000000, 0.9372549019607843146, 0.1372549019607843257 ) ;
#1741 = LINE ( 'NONE', #5976, #7575 ) ;
#1742 = ORIENTED_EDGE ( 'NONE', *, *, #6743, .T. ) ;
#1743 = DIRECTION ( 'NONE',  ( 0.7071067811865465735, 0.7071067811865483499, 0.000000000000000000 ) ) ;
#1744 = LINE ( 'NONE', #4443, #8627 ) ;
#1745 = CARTESIAN_POINT ( 'NONE',  ( 11.49999999999999645, 1.600000000000000089, -9.499999999999998224 ) ) ;
#1746 = ORIENTED_EDGE ( 'NONE', *, *, #6017, .T. ) ;
#1747 = LINE ( 'NONE', #9533, #5002 ) ;
#1748 = ORIENTED_EDGE ( 'NONE', *, *, #10915, .T. ) ;
#1749 = FILL_AREA_STYLE ('',( #5185 ) ) ;
#1750 = ORIENTED_EDGE ( 'NONE', *, *, #3804, .T. ) ;
#1751 = VECTOR ( 'NONE', #3763, 1000.000000000000000 ) ;
#1752 = SURFACE_STYLE_FILL_AREA ( #4348 ) ;
#1753 = FILL_AREA_STYLE_COLOUR ( '', #2031 ) ;
#1754 = VERTEX_POINT ( 'NONE', #5873 ) ;
#1755 = ORIENTED_EDGE ( 'NONE', *, *, #6341, .F. ) ;
#1756 =( NAMED_UNIT ( * ) SI_UNIT ( $, .STERADIAN. ) SOLID_ANGLE_UNIT ( ) );
#1757 = CARTESIAN_POINT ( 'NONE',  ( -3.949999999999998845, 2.100000000000000089, -6.500000000000004441 ) ) ;
#1758 = ORIENTED_EDGE ( 'NONE', *, *, #8516, .F. ) ;
#1759 = DIRECTION ( 'NONE',  ( 0.000000000000000000, 0.000000000000000000, 1.000000000000000000 ) ) ;
#1760 = CARTESIAN_POINT ( 'NONE',  ( -0.6500000000000000222, 2.100000000000000089, 8.000000000000000000 ) ) ;
#1761 = VECTOR ( 'NONE', #6294, 1000.000000000000341 ) ;
#1762 = VECTOR ( 'NONE', #5649, 1000.000000000000000 ) ;
#1763 = PRESENTATION_LAYER_ASSIGNMENT (  '', '', ( #3719 ) ) ;
#1764 = LINE ( 'NONE', #8664, #3998 ) ;
#1765 = EDGE_CURVE ( 'NONE', #10850, #546, #5022, .T. ) ;
#1766 = ORIENTED_EDGE ( 'NONE', *, *, #1836, .F. ) ;
#1767 = EDGE_CURVE ( 'NONE', #11072, #6614, #5350, .T. ) ;
#1768 = DIRECTION ( 'NONE',  ( 0.000000000000000000, 1.000000000000000000, 0.000000000000000000 ) ) ;
#1769 = ORIENTED_EDGE ( 'NONE', *, *, #6265, .F. ) ;
#1770 = ORIENTED_EDGE ( 'NONE', *, *, #7419, .F. ) ;
#1771 = FACE_OUTER_BOUND ( 'NONE', #5850, .T. ) ;
#1772 = LINE ( 'NONE', #2387, #9169 ) ;
#1773 = ORIENTED_EDGE ( 'NONE', *, *, #25, .T. ) ;
#1774 = AXIS2_PLACEMENT_3D ( 'NONE', #4792, #1577, #4223 ) ;
#1775 = CARTESIAN_POINT ( 'NONE',  ( -1.945558739255015324, 2.304011461318052678, -2.500000000000000000 ) ) ;
#1776 =( GEOMETRIC_REPRESENTATION_CONTEXT ( 3 ) GLOBAL_UNCERTAINTY_ASSIGNED_CONTEXT ( ( #5168 ) ) GLOBAL_UNIT_ASSIGNED_CONTEXT ( ( #9977, #2907, #8241 ) ) REPRESENTATION_CONTEXT ( 'NONE', 'WORKASPACE' ) );
#1777 = AXIS2_PLACEMENT_3D ( 'NONE', #449, #3835, #6456 ) ;
#1778 = FILL_AREA_STYLE_COLOUR ( '', #8705 ) ;
#1780 = FILL_AREA_STYLE ('',( #4214 ) ) ;
#1779 = DIRECTION ( 'NONE',  ( -0.000000000000000000, 0.000000000000000000, 1.000000000000000000 ) ) ;
#1781 = DIRECTION ( 'NONE',  ( 0.000000000000000000, 0.000000000000000000, 1.000000000000000000 ) ) ;
#1782 = PLANE ( 'NONE',  #247 ) ;
#1783 = VECTOR ( 'NONE', #7271, 1000.000000000000000 ) ;
#1784 = VECTOR ( 'NONE', #3057, 1000.000000000000114 ) ;
#1785 = VECTOR ( 'NONE', #988, 1000.000000000000000 ) ;
#1786 = ORIENTED_EDGE ( 'NONE', *, *, #152, .T. ) ;
#1788 = CARTESIAN_POINT ( 'NONE',  ( 2.186111111111113114, 2.550000000000002487, -2.000000000000000888 ) ) ;
#1787 = DIRECTION ( 'NONE',  ( 0.000000000000000000, 0.000000000000000000, -1.000000000000000000 ) ) ;
#1789 = AXIS2_PLACEMENT_3D ( 'NONE', #4211, #7632, #11081 ) ;
#1790 = PRESENTATION_LAYER_ASSIGNMENT (  '', '', ( #3563 ) ) ;
#1791 = LINE ( 'NONE', #5163, #2724 ) ;
#1792 = EDGE_CURVE ( 'NONE', #7518, #2807, #3976, .T. ) ;
#1793 = ADVANCED_FACE ( 'NONE', ( #9983 ), #5701, .T. ) ;
#1794 = ORIENTED_EDGE ( 'NONE', *, *, #8437, .F. ) ;
#1795 = DIRECTION ( 'NONE',  ( -1.084202172485504040E-15, 1.000000000000000000, 0.000000000000000000 ) ) ;
#1796 = CARTESIAN_POINT ( 'NONE',  ( 1.986111111111110716, 2.550000000000002487, -2.000000000000001776 ) ) ;
#1797 = ORIENTED_EDGE ( 'NONE', *, *, #6639, .T. ) ;
#1798 = CARTESIAN_POINT ( 'NONE',  ( -0.6499999999999985789, 1.600000000000000089, -4.500000000000003553 ) ) ;
#1799 = ORIENTED_EDGE ( 'NONE', *, *, #4914, .F. ) ;
#1800 = EDGE_CURVE ( 'NONE', #10980, #4490, #10278, .T. ) ;
#1801 =( GEOMETRIC_REPRESENTATION_CONTEXT ( 3 ) GLOBAL_UNCERTAINTY_ASSIGNED_CONTEXT ( ( #3502 ) ) GLOBAL_UNIT_ASSIGNED_CONTEXT ( ( #8728, #3385, #6983 ) ) REPRESENTATION_CONTEXT ( 'NONE', 'WORKASPACE' ) );
#1802 = ORIENTED_EDGE ( 'NONE', *, *, #9377, .F. ) ;
#1803 = SURFACE_STYLE_USAGE ( .BOTH. , #6901 ) ;
#1804 = CARTESIAN_POINT ( 'NONE',  ( -2.649999999999999467, 2.100000000000000089, -6.500000000000004441 ) ) ;
#1805 = EDGE_CURVE ( 'NONE', #5042, #147, #1747, .T. ) ;
#1806 = DIRECTION ( 'NONE',  ( -0.000000000000000000, 1.000000000000000000, -0.000000000000000000 ) ) ;
#1807 = LINE ( 'NONE', #8819, #2160 ) ;
#1808 = VECTOR ( 'NONE', #32, 1000.000000000000000 ) ;
#1809 = ORIENTED_EDGE ( 'NONE', *, *, #2514, .F. ) ;
#1810 = LINE ( 'NONE', #10458, #5921 ) ;
#1811 = VERTEX_POINT ( 'NONE', #5123 ) ;
#1812 =( GEOMETRIC_REPRESENTATION_CONTEXT ( 3 ) GLOBAL_UNCERTAINTY_ASSIGNED_CONTEXT ( ( #3852 ) ) GLOBAL_UNIT_ASSIGNED_CONTEXT ( ( #4455, #8701, #10345 ) ) REPRESENTATION_CONTEXT ( 'NONE', 'WORKASPACE' ) );
#1813 = ORIENTED_EDGE ( 'NONE', *, *, #8919, .T. ) ;
#1814 = DIRECTION ( 'NONE',  ( -0.2676438637860944492, 0.9635179096299406609, 0.000000000000000000 ) ) ;
#1815 = AXIS2_PLACEMENT_3D ( 'NONE', #9062, #3139, #1211 ) ;
#1816 = ORIENTED_EDGE ( 'NONE', *, *, #3087, .F. ) ;
#1817 = PRESENTATION_LAYER_ASSIGNMENT (  '', '', ( #4834 ) ) ;
#1818 = SURFACE_SIDE_STYLE ('',( #6057 ) ) ;
#1819 = SURFACE_SIDE_STYLE ('',( #9504 ) ) ;
#1820 = VERTEX_POINT ( 'NONE', #6945 ) ;
#1821 = VECTOR ( 'NONE', #8653, 1000.000000000000000 ) ;
#1822 = LINE ( 'NONE', #10311, #4033 ) ;
#1823 = EDGE_CURVE ( 'NONE', #2583, #1986, #5078, .T. ) ;
#1824 =( GEOMETRIC_REPRESENTATION_CONTEXT ( 3 ) GLOBAL_UNCERTAINTY_ASSIGNED_CONTEXT ( ( #4489 ) ) GLOBAL_UNIT_ASSIGNED_CONTEXT ( ( #5175, #7051, #6938 ) ) REPRESENTATION_CONTEXT ( 'NONE', 'WORKASPACE' ) );
#1825 = DIRECTION ( 'NONE',  ( 1.000000000000000000, -0.000000000000000000, -0.000000000000000000 ) ) ;
#1826 =( LENGTH_UNIT ( ) NAMED_UNIT ( * ) SI_UNIT ( .MILLI., .METRE. ) );
#1827 = LINE ( 'NONE', #4477, #2191 ) ;
#1828 = UNCERTAINTY_MEASURE_WITH_UNIT (LENGTH_MEASURE( 1.000000000000000082E-05 ), #10871, 'distance_accuracy_value', 'NONE');
#1829 = VECTOR ( 'NONE', #2787, 1000.000000000000000 ) ;
#1830 = ORIENTED_EDGE ( 'NONE', *, *, #444, .F. ) ;
#1831 = ORIENTED_EDGE ( 'NONE', *, *, #8236, .F. ) ;
#1832 = COLOUR_RGB ( '',0.8941176470588234615, 0.9137254901960784048, 0.9294117647058823817 ) ;
#1833 = PLANE ( 'NONE',  #6247 ) ;
#1834 = CARTESIAN_POINT ( 'NONE',  ( 5.229999999999997762, -2.399999999999999911, 1.930000000000006821 ) ) ;
#1835 =( LENGTH_UNIT ( ) NAMED_UNIT ( * ) SI_UNIT ( .MILLI., .METRE. ) );
#1836 = EDGE_CURVE ( 'NONE', #10684, #1553, #9589, .T. ) ;
#1837 = ADVANCED_FACE ( 'NONE', ( #2681 ), #249, .F. ) ;
#1838 = MECHANICAL_DESIGN_GEOMETRIC_PRESENTATION_REPRESENTATION (  '', ( #9731 ), #10987 ) ;
#1839 = CARTESIAN_POINT ( 'NONE',  ( -3.231990237815517641, 1.704120873295593253, 0.4999999999999995559 ) ) ;
#1840 = UNCERTAINTY_MEASURE_WITH_UNIT (LENGTH_MEASURE( 1.000000000000000082E-05 ), #10586, 'distance_accuracy_value', 'NONE');
#1841 = DIRECTION ( 'NONE',  ( 0.000000000000000000, 0.000000000000000000, 1.000000000000000000 ) ) ;
#1842 = VECTOR ( 'NONE', #5836, 1000.000000000000000 ) ;
#1843 = UNCERTAINTY_MEASURE_WITH_UNIT (LENGTH_MEASURE( 1.000000000000000082E-05 ), #151, 'distance_accuracy_value', 'NONE');
#1844 = DIRECTION ( 'NONE',  ( 0.2676438637860944492, 0.9635179096299407719, 0.000000000000000000 ) ) ;
#1845 = ORIENTED_EDGE ( 'NONE', *, *, #2002, .T. ) ;
#1846 = COLOUR_RGB ( '',0.8941176470588234615, 0.9137254901960784048, 0.9294117647058823817 ) ;
#1847 = LINE ( 'NONE', #9639, #3602 ) ;
#1848 = ADVANCED_FACE ( 'NONE', ( #9484 ), #973, .F. ) ;
#1849 = AXIS2_PLACEMENT_3D ( 'NONE', #5477, #2465, #4751 ) ;
#1850 = SURFACE_STYLE_FILL_AREA ( #967 ) ;
#1851 = VECTOR ( 'NONE', #5914, 1000.000000000000000 ) ;
#1852 = ORIENTED_EDGE ( 'NONE', *, *, #6056, .F. ) ;
#1853 = COLOUR_RGB ( '',1.000000000000000000, 0.9372549019607843146, 0.1372549019607843257 ) ;
#1854 =( NAMED_UNIT ( * ) SI_UNIT ( $, .STERADIAN. ) SOLID_ANGLE_UNIT ( ) );
#1855 = CARTESIAN_POINT ( 'NONE',  ( 5.229999999999997762, 0.000000000000000000, 1.930000000000006821 ) ) ;
#1856 = EDGE_CURVE ( 'NONE', #2045, #8195, #3407, .T. ) ;
#1857 = SURFACE_STYLE_FILL_AREA ( #8534 ) ;
#1858 = ORIENTED_EDGE ( 'NONE', *, *, #715, .F. ) ;
#1859 = SURFACE_SIDE_STYLE ('',( #10448 ) ) ;
#1860 = VECTOR ( 'NONE', #1527, 1000.000000000000000 ) ;
#1861 =( GEOMETRIC_REPRESENTATION_CONTEXT ( 3 ) GLOBAL_UNCERTAINTY_ASSIGNED_CONTEXT ( ( #10019 ) ) GLOBAL_UNIT_ASSIGNED_CONTEXT ( ( #7047, #6026, #6993 ) ) REPRESENTATION_CONTEXT ( 'NONE', 'WORKASPACE' ) );
#1862 = COLOUR_RGB ( '',1.000000000000000000, 0.9372549019607843146, 0.1372549019607843257 ) ;
#1863 = FACE_OUTER_BOUND ( 'NONE', #4809, .T. ) ;
#1864 = EDGE_CURVE ( 'NONE', #10907, #5344, #2844, .T. ) ;
#1865 = CARTESIAN_POINT ( 'NONE',  ( -2.144689754873802645, 2.450000000000001954, -2.000000000000000888 ) ) ;
#1866 = ADVANCED_FACE ( 'NONE', ( #6252 ), #2901, .T. ) ;
#1867 = ORIENTED_EDGE ( 'NONE', *, *, #6292, .T. ) ;
#1868 = CARTESIAN_POINT ( 'NONE',  ( 0.000000000000000000, -7.899999999999999467, 1.138066852858539590 ) ) ;
#1869 = ORIENTED_EDGE ( 'NONE', *, *, #8305, .T. ) ;
#1870 = CARTESIAN_POINT ( 'NONE',  ( 6.200000000000078337, -7.649999999999995026, -3.819999999999995399 ) ) ;
#1871 = PLANE ( 'NONE',  #5160 ) ;
#1872 = VECTOR ( 'NONE', #6387, 1000.000000000000000 ) ;
#1873 = CARTESIAN_POINT ( 'NONE',  ( -2.144689754873802645, 2.450000000000001954, 2.499999999999999556 ) ) ;
#1874 = ORIENTED_EDGE ( 'NONE', *, *, #1731, .F. ) ;
#1875 = PLANE ( 'NONE',  #750 ) ;
#1876 = EDGE_CURVE ( 'NONE', #7285, #2355, #3107, .T. ) ;
#1877 = PRESENTATION_STYLE_ASSIGNMENT (( #9615 ) ) ;
#1878 = CARTESIAN_POINT ( 'NONE',  ( -3.949999999999999734, 1.600000000000000089, 8.000000000000000000 ) ) ;
#1879 = MECHANICAL_DESIGN_GEOMETRIC_PRESENTATION_REPRESENTATION (  '', ( #4009 ), #666 ) ;
#1880 = ORIENTED_EDGE ( 'NONE', *, *, #8987, .F. ) ;
#1881 = DIRECTION ( 'NONE',  ( -0.7071067811865454633, 0.000000000000000000, 0.7071067811865495711 ) ) ;
#1882 = DIRECTION ( 'NONE',  ( -0.000000000000000000, 1.000000000000000000, -0.000000000000000000 ) ) ;
#1883 = DIRECTION ( 'NONE',  ( -1.000000000000000000, -0.000000000000000000, -0.000000000000000000 ) ) ;
#1884 = CARTESIAN_POINT ( 'NONE',  ( -8.000000000000007105, 0.000000000000000000, -6.250000000000000000 ) ) ;
#1885 = VECTOR ( 'NONE', #10480, 1000.000000000000000 ) ;
#1886 = LINE ( 'NONE', #7761, #9208 ) ;
#1887 = COLOUR_RGB ( '',0.8313725490196077761, 0.6705882352941175961, 0.1294117647058823373 ) ;
#1888 = ORIENTED_EDGE ( 'NONE', *, *, #2771, .F. ) ;
#1889 =( GEOMETRIC_REPRESENTATION_CONTEXT ( 3 ) GLOBAL_UNCERTAINTY_ASSIGNED_CONTEXT ( ( #3949 ) ) GLOBAL_UNIT_ASSIGNED_CONTEXT ( ( #6514, #3043, #1387 ) ) REPRESENTATION_CONTEXT ( 'NONE', 'WORKASPACE' ) );
#1890 = LINE ( 'NONE', #10368, #7685 ) ;
#1891 = DIRECTION ( 'NONE',  ( 1.000000000000000000, 0.000000000000000000, 0.000000000000000000 ) ) ;
#1892 = LINE ( 'NONE', #10493, #9597 ) ;
#1893 = SURFACE_STYLE_FILL_AREA ( #4386 ) ;
#1894 = ORIENTED_EDGE ( 'NONE', *, *, #8621, .F. ) ;
#1895 = CARTESIAN_POINT ( 'NONE',  ( 2.144689754873803533, 2.450000000000002398, 0.4999999999999995559 ) ) ;
#1896 = DIRECTION ( 'NONE',  ( 0.000000000000000000, 0.000000000000000000, -1.000000000000000000 ) ) ;
#1897 = VECTOR ( 'NONE', #1530, 1000.000000000000000 ) ;
#1898 = CARTESIAN_POINT ( 'NONE',  ( 7.769999999999998685, -5.992102448427662154, -5.089999999999998082 ) ) ;
#1899 = STYLED_ITEM ( 'NONE', ( #10245 ), #3618 ) ;
#1900 = ADVANCED_FACE ( 'NONE', ( #8003 ), #564, .F. ) ;
#1901 = DIRECTION ( 'NONE',  ( 1.000000000000000000, -0.000000000000000000, -0.000000000000000000 ) ) ;
#1902 = DIRECTION ( 'NONE',  ( -0.000000000000000000, 1.000000000000000000, -0.000000000000000000 ) ) ;
#1903 = ORIENTED_EDGE ( 'NONE', *, *, #4340, .T. ) ;
#1904 = CARTESIAN_POINT ( 'NONE',  ( 3.231990237815519418, 1.600000000000001643, -0.5000000000000004441 ) ) ;
#1905 =( NAMED_UNIT ( * ) PLANE_ANGLE_UNIT ( ) SI_UNIT ( $, .RADIAN. ) );
#1906 = EDGE_LOOP ( 'NONE', ( #1459, #859, #11031, #7287 ) ) ;
#1907 = ORIENTED_EDGE ( 'NONE', *, *, #7089, .T. ) ;
#1908 = FILL_AREA_STYLE_COLOUR ( '', #6396 ) ;
#1909 = DIRECTION ( 'NONE',  ( 0.000000000000000000, -0.000000000000000000, -1.000000000000000000 ) ) ;
#1910 = EDGE_CURVE ( 'NONE', #10907, #10032, #2272, .T. ) ;
#1911 = SURFACE_STYLE_FILL_AREA ( #9542 ) ;
#1912 = LINE ( 'NONE', #7068, #7157 ) ;
#1913 = ORIENTED_EDGE ( 'NONE', *, *, #6763, .T. ) ;
#1914 = ORIENTED_EDGE ( 'NONE', *, *, #6763, .F. ) ;
#1915 = CARTESIAN_POINT ( 'NONE',  ( -1.986111111111112049, 2.550000000000002043, 0.4999999999999995559 ) ) ;
#1916 = CARTESIAN_POINT ( 'NONE',  ( 6.321933147141545639, -7.899999999999999467, -4.419999999999995488 ) ) ;
#1917 = FILL_AREA_STYLE ('',( #6099 ) ) ;
#1918 = LINE ( 'NONE', #9605, #2790 ) ;
#1919 = EDGE_CURVE ( 'NONE', #7181, #939, #10823, .T. ) ;
#1920 = CARTESIAN_POINT ( 'NONE',  ( 0.000000000000000000, 0.000000000000000000, -0.5000000000000004441 ) ) ;
#1921 = EDGE_CURVE ( 'NONE', #9494, #5977, #9131, .T. ) ;
#1922 = CARTESIAN_POINT ( 'NONE',  ( -5.229999999999998650, 0.000000000000000000, -0.9700000000000029710 ) ) ;
#1923 = FACE_OUTER_BOUND ( 'NONE', #2323, .T. ) ;
#1924 = DIRECTION ( 'NONE',  ( 0.000000000000000000, 1.000000000000000000, 0.000000000000000000 ) ) ;
#1925 = SURFACE_STYLE_FILL_AREA ( #5316 ) ;
#1926 = ORIENTED_EDGE ( 'NONE', *, *, #4711, .T. ) ;
#1927 = VECTOR ( 'NONE', #7155, 1000.000000000000000 ) ;
#1928 = CARTESIAN_POINT ( 'NONE',  ( -6.500000000000000000, 1.600000000000000089, 0.000000000000000000 ) ) ;
#1929 = ORIENTED_EDGE ( 'NONE', *, *, #4008, .F. ) ;
#1930 = DIRECTION ( 'NONE',  ( 0.000000000000000000, 0.000000000000000000, 1.000000000000000000 ) ) ;
#1931 = VECTOR ( 'NONE', #10919, 1000.000000000000000 ) ;
#1932 = PRESENTATION_STYLE_ASSIGNMENT (( #9564 ) ) ;
#1933 =( NAMED_UNIT ( * ) PLANE_ANGLE_UNIT ( ) SI_UNIT ( $, .RADIAN. ) );
#1934 = PLANE ( 'NONE',  #3200 ) ;
#1935 = EDGE_CURVE ( 'NONE', #5548, #3121, #7412, .T. ) ;
#1936 = CARTESIAN_POINT ( 'NONE',  ( -7.469999999999997975, 0.000000000000000000, -3.810000000000000941 ) ) ;
#1937 = UNCERTAINTY_MEASURE_WITH_UNIT (LENGTH_MEASURE( 1.000000000000000082E-05 ), #9921, 'distance_accuracy_value', 'NONE');
#1938 = CARTESIAN_POINT ( 'NONE',  ( -7.769999999999999574, -2.399999999999999911, -1.569999999999997176 ) ) ;
#1939 =( LENGTH_UNIT ( ) NAMED_UNIT ( * ) SI_UNIT ( .MILLI., .METRE. ) );
#1940 = ORIENTED_EDGE ( 'NONE', *, *, #7745, .T. ) ;
#1941 =( GEOMETRIC_REPRESENTATION_CONTEXT ( 3 ) GLOBAL_UNCERTAINTY_ASSIGNED_CONTEXT ( ( #6668 ) ) GLOBAL_UNIT_ASSIGNED_CONTEXT ( ( #4227, #11007, #4073 ) ) REPRESENTATION_CONTEXT ( 'NONE', 'WORKASPACE' ) );
#1943 = CARTESIAN_POINT ( 'NONE',  ( 2.144689754873803533, 2.450000000000002398, 1.999999999999999556 ) ) ;
#1942 = CARTESIAN_POINT ( 'NONE',  ( -1.986111111111112049, 2.450000000000001954, -1.000000000000000444 ) ) ;
#1944 = UNCERTAINTY_MEASURE_WITH_UNIT (LENGTH_MEASURE( 1.000000000000000082E-05 ), #6274, 'distance_accuracy_value', 'NONE');
#1945 = VERTEX_POINT ( 'NONE', #7635 ) ;
#1946 = CARTESIAN_POINT ( 'NONE',  ( -2.649999999999995914, 2.100000000000000089, 8.000000000000000000 ) ) ;
#1947 = STYLED_ITEM ( 'NONE', ( #6824 ), #951 ) ;
#1948 = UNCERTAINTY_MEASURE_WITH_UNIT (LENGTH_MEASURE( 1.000000000000000082E-05 ), #5620, 'distance_accuracy_value', 'NONE');
#1949 = VECTOR ( 'NONE', #5514, 1000.000000000000000 ) ;
#1950 = CARTESIAN_POINT ( 'NONE',  ( -5.529999999999998472, -2.399999999999999911, -3.810000000000000941 ) ) ;
#1951 = STYLED_ITEM ( 'NONE', ( #2607 ), #4091 ) ;
#1952 = SURFACE_SIDE_STYLE ('',( #10436 ) ) ;
#1953 = SURFACE_STYLE_USAGE ( .BOTH. , #7779 ) ;
#1954 = ORIENTED_EDGE ( 'NONE', *, *, #1540, .F. ) ;
#1955 = FILL_AREA_STYLE ('',( #3570 ) ) ;
#1956 = MECHANICAL_DESIGN_GEOMETRIC_PRESENTATION_REPRESENTATION (  '', ( #8023 ), #2137 ) ;
#1957 = COLOUR_RGB ( '',1.000000000000000000, 0.9372549019607843146, 0.1372549019607843257 ) ;
#1958 = AXIS2_PLACEMENT_3D ( 'NONE', #2973, #324, #8949 ) ;
#1959 = LINE ( 'NONE', #244, #424 ) ;
#1960 = PRESENTATION_STYLE_ASSIGNMENT (( #7058 ) ) ;
#1961 = SURFACE_STYLE_USAGE ( .BOTH. , #7003 ) ;
#1962 = SURFACE_SIDE_STYLE ('',( #8810 ) ) ;
#1963 = ORIENTED_EDGE ( 'NONE', *, *, #7339, .F. ) ;
#1964 =( LENGTH_UNIT ( ) NAMED_UNIT ( * ) SI_UNIT ( .MILLI., .METRE. ) );
#1965 = EDGE_CURVE ( 'NONE', #6894, #9357, #2606, .T. ) ;
#1966 = ORIENTED_EDGE ( 'NONE', *, *, #10991, .T. ) ;
#1967 =( NAMED_UNIT ( * ) PLANE_ANGLE_UNIT ( ) SI_UNIT ( $, .RADIAN. ) );
#1968 = VECTOR ( 'NONE', #723, 1000.000000000000000 ) ;
#1969 = FILL_AREA_STYLE_COLOUR ( '', #10487 ) ;
#1970 = CARTESIAN_POINT ( 'NONE',  ( -5.229999999999999538, 0.000000000000000000, 3.510000000000002007 ) ) ;
#1971 = CARTESIAN_POINT ( 'NONE',  ( -2.649999999999999467, 2.100000000000000089, -6.500000000000004441 ) ) ;
#1972 = ORIENTED_EDGE ( 'NONE', *, *, #4595, .F. ) ;
#1973 = PLANE ( 'NONE',  #2183 ) ;
#1974 = VERTEX_POINT ( 'NONE', #8455 ) ;
#1975 = VECTOR ( 'NONE', #6801, 1000.000000000000000 ) ;
#1976 = DIRECTION ( 'NONE',  ( -0.000000000000000000, -0.000000000000000000, 1.000000000000000000 ) ) ;
#1977 = CARTESIAN_POINT ( 'NONE',  ( 2.994689754873805398, 1.600000000000000089, 1.999999999999999556 ) ) ;
#1978 = PRESENTATION_STYLE_ASSIGNMENT (( #7848 ) ) ;
#1979 = SURFACE_STYLE_USAGE ( .BOTH. , #6210 ) ;
#1980 = EDGE_CURVE ( 'NONE', #1495, #3230, #9292, .T. ) ;
#1981 = CARTESIAN_POINT ( 'NONE',  ( 5.229999999999998650, 0.000000000000000000, -5.089999999999997193 ) ) ;
#1982 = CONICAL_SURFACE ( 'NONE', #10953, 0.01226741143414006308, 0.4537856055185231496 ) ;
#1983 = DIRECTION ( 'NONE',  ( 0.000000000000000000, 0.000000000000000000, -1.000000000000000000 ) ) ;
#1984 = CYLINDRICAL_SURFACE ( 'NONE', #1222, 2.000000000000000000 ) ;
#1985 = CARTESIAN_POINT ( 'NONE',  ( -2.994689754873801846, 1.600000000000000755, 0.9999999999999995559 ) ) ;
#1986 = VERTEX_POINT ( 'NONE', #5792 ) ;
#1987 = ORIENTED_EDGE ( 'NONE', *, *, #8453, .F. ) ;
#1988 = VECTOR ( 'NONE', #4970, 1000.000000000000000 ) ;
#1989 = PRESENTATION_STYLE_ASSIGNMENT (( #272 ) ) ;
#1990 = ORIENTED_EDGE ( 'NONE', *, *, #4304, .T. ) ;
#1991 = EDGE_CURVE ( 'NONE', #4697, #7982, #780, .T. ) ;
#1992 = EDGE_CURVE ( 'NONE', #10107, #3610, #2496, .T. ) ;
#1993 = ORIENTED_EDGE ( 'NONE', *, *, #5646, .F. ) ;
#1994 = FILL_AREA_STYLE ('',( #332 ) ) ;
#1995 =( GEOMETRIC_REPRESENTATION_CONTEXT ( 3 ) GLOBAL_UNCERTAINTY_ASSIGNED_CONTEXT ( ( #1948 ) ) GLOBAL_UNIT_ASSIGNED_CONTEXT ( ( #5620, #6531, #4557 ) ) REPRESENTATION_CONTEXT ( 'NONE', 'WORKASPACE' ) );
#1996 = VECTOR ( 'NONE', #3533, 1000.000000000000000 ) ;
#1997 = PLANE ( 'NONE',  #11004 ) ;
#1998 = ORIENTED_EDGE ( 'NONE', *, *, #1665, .T. ) ;
#1999 = VECTOR ( 'NONE', #9732, 1000.000000000000000 ) ;
#2000 = ADVANCED_FACE ( 'NONE', ( #4159 ), #9350, .T. ) ;
#2001 =( NAMED_UNIT ( * ) PLANE_ANGLE_UNIT ( ) SI_UNIT ( $, .RADIAN. ) );
#2002 = EDGE_CURVE ( 'NONE', #8180, #1251, #7588, .T. ) ;
#2003 =( GEOMETRIC_REPRESENTATION_CONTEXT ( 3 ) GLOBAL_UNCERTAINTY_ASSIGNED_CONTEXT ( ( #7989 ) ) GLOBAL_UNIT_ASSIGNED_CONTEXT ( ( #10954, #5695, #8302 ) ) REPRESENTATION_CONTEXT ( 'NONE', 'WORKASPACE' ) );
#2004 = CARTESIAN_POINT ( 'NONE',  ( 5.229999999999997762, -2.399999999999999911, 1.930000000000006821 ) ) ;
#2005 = FACE_OUTER_BOUND ( 'NONE', #2134, .T. ) ;
#2006 = CARTESIAN_POINT ( 'NONE',  ( -2.649999999999995914, 1.600000000000000089, 8.000000000000000000 ) ) ;
#2007 = EDGE_CURVE ( 'NONE', #8968, #831, #2393, .T. ) ;
#2008 = SURFACE_STYLE_USAGE ( .BOTH. , #3056 ) ;
#2009 = ORIENTED_EDGE ( 'NONE', *, *, #1649, .T. ) ;
#2010 = DIRECTION ( 'NONE',  ( 0.000000000000000000, 0.000000000000000000, 1.000000000000000000 ) ) ;
#2011 = PRESENTATION_LAYER_ASSIGNMENT (  '', '', ( #5017 ) ) ;
#2012 = PLANE ( 'NONE',  #4403 ) ;
#2013 = SURFACE_STYLE_USAGE ( .BOTH. , #7937 ) ;
#2014 = FILL_AREA_STYLE_COLOUR ( '', #969 ) ;
#2015 = CARTESIAN_POINT ( 'NONE',  ( -2.994689754873801846, 1.600000000000000755, -0.5000000000000004441 ) ) ;
#2016 = ORIENTED_EDGE ( 'NONE', *, *, #8931, .F. ) ;
#2017 = PRESENTATION_STYLE_ASSIGNMENT (( #5523 ) ) ;
#2018 = MECHANICAL_DESIGN_GEOMETRIC_PRESENTATION_REPRESENTATION (  '', ( #7542 ), #6280 ) ;
#2019 = ORIENTED_EDGE ( 'NONE', *, *, #1992, .F. ) ;
#2020 = DIRECTION ( 'NONE',  ( -1.000000000000000000, -0.000000000000000000, -0.000000000000000000 ) ) ;
#2021 = CARTESIAN_POINT ( 'NONE',  ( 0.000000000000000000, 2.100000000000000089, 0.000000000000000000 ) ) ;
#2022 = VECTOR ( 'NONE', #4360, 999.9999999999998863 ) ;
#2023 = STYLED_ITEM ( 'NONE', ( #5369 ), #10293 ) ;
#2024 = PRESENTATION_LAYER_ASSIGNMENT (  '', '', ( #5727 ) ) ;
#2025 = VERTEX_POINT ( 'NONE', #5004 ) ;
#2026 = CARTESIAN_POINT ( 'NONE',  ( -3.231990237815517641, 1.704120873295593253, 0.4999999999999995559 ) ) ;
#2027 = STYLED_ITEM ( 'NONE', ( #10324 ), #8145 ) ;
#2028 = MECHANICAL_DESIGN_GEOMETRIC_PRESENTATION_REPRESENTATION (  '', ( #1508 ), #7021 ) ;
#2029 =( GEOMETRIC_REPRESENTATION_CONTEXT ( 3 ) GLOBAL_UNCERTAINTY_ASSIGNED_CONTEXT ( ( #7876 ) ) GLOBAL_UNIT_ASSIGNED_CONTEXT ( ( #11050, #8410, #4339 ) ) REPRESENTATION_CONTEXT ( 'NONE', 'WORKASPACE' ) );
#2030 = CARTESIAN_POINT ( 'NONE',  ( 0.6500000000000000222, 2.100000000000000089, 8.000000000000000000 ) ) ;
#2031 = COLOUR_RGB ( '',0.8941176470588234615, 0.9137254901960784048, 0.9294117647058823817 ) ;
#2032 = ORIENTED_EDGE ( 'NONE', *, *, #5463, .F. ) ;
#2033 = FILL_AREA_STYLE ('',( #5476 ) ) ;
#2034 = EDGE_LOOP ( 'NONE', ( #7990, #7484, #10400, #4178 ) ) ;
#2035 = CARTESIAN_POINT ( 'NONE',  ( 2.649999999999999911, 2.100000000000000089, 8.000000000000000000 ) ) ;
#2036 = PLANE ( 'NONE',  #2867 ) ;
#2037 = PLANE ( 'NONE',  #4936 ) ;
#2038 = AXIS2_PLACEMENT_3D ( 'NONE', #4947, #785, #4164 ) ;
#2039 = PRESENTATION_STYLE_ASSIGNMENT (( #6211 ) ) ;
#2040 = ORIENTED_EDGE ( 'NONE', *, *, #6076, .T. ) ;
#2041 = FILL_AREA_STYLE ('',( #7905 ) ) ;
#2042 = AXIS2_PLACEMENT_3D ( 'NONE', #11005, #800, #854 ) ;
#2043 = CARTESIAN_POINT ( 'NONE',  ( 2.186111111111113114, 2.550000000000002487, 0.4999999999999995559 ) ) ;
#2044 =( NAMED_UNIT ( * ) SI_UNIT ( $, .STERADIAN. ) SOLID_ANGLE_UNIT ( ) );
#2045 = VERTEX_POINT ( 'NONE', #4108 ) ;
#2046 = ORIENTED_EDGE ( 'NONE', *, *, #2850, .F. ) ;
#2047 = CARTESIAN_POINT ( 'NONE',  ( 11.49999999999999645, 0.000000000000000000, 9.500000000000000000 ) ) ;
#2048 = ADVANCED_FACE ( 'NONE', ( #7695 ), #11037, .T. ) ;
#2049 = EDGE_LOOP ( 'NONE', ( #7156, #2303, #10789, #477 ) ) ;
#2050 = ORIENTED_EDGE ( 'NONE', *, *, #10, .F. ) ;
#2051 = DIRECTION ( 'NONE',  ( 1.000000000000000000, 0.000000000000000000, -0.000000000000000000 ) ) ;
#2052 = CARTESIAN_POINT ( 'NONE',  ( -2.649999999999999467, 1.600000000000000089, -4.500000000000003553 ) ) ;
#2053 = VECTOR ( 'NONE', #10965, 1000.000000000000000 ) ;
#2054 = CARTESIAN_POINT ( 'NONE',  ( 6.200000000000000178, -7.649999999999995026, 3.200000000000005063 ) ) ;
#2055 = DIRECTION ( 'NONE',  ( 0.000000000000000000, 0.000000000000000000, -1.000000000000000000 ) ) ;
#2056 = VECTOR ( 'NONE', #8733, 1000.000000000000000 ) ;
#2057 = CARTESIAN_POINT ( 'NONE',  ( -6.799999999999945643, -7.649999999999995026, -2.240000000000000657 ) ) ;
#2058 = VECTOR ( 'NONE', #2236, 1000.000000000000114 ) ;
#2059 = ORIENTED_EDGE ( 'NONE', *, *, #9677, .T. ) ;
#2060 = ADVANCED_FACE ( 'NONE', ( #10533 ), #4525, .F. ) ;
#2061 = LINE ( 'NONE', #6237, #10187 ) ;
#2062 = VECTOR ( 'NONE', #1270, 1000.000000000000000 ) ;
#2063 = PLANE ( 'NONE',  #4377 ) ;
#2064 = DIRECTION ( 'NONE',  ( 0.000000000000000000, 0.000000000000000000, 1.000000000000000000 ) ) ;
#2065 = UNCERTAINTY_MEASURE_WITH_UNIT (LENGTH_MEASURE( 1.000000000000000082E-05 ), #6545, 'distance_accuracy_value', 'NONE');
#2066 = MECHANICAL_DESIGN_GEOMETRIC_PRESENTATION_REPRESENTATION (  '', ( #5615 ), #9411 ) ;
#2067 = UNCERTAINTY_MEASURE_WITH_UNIT (LENGTH_MEASURE( 1.000000000000000082E-05 ), #2423, 'distance_accuracy_value', 'NONE');
#2069 = EDGE_CURVE ( 'NONE', #1439, #9774, #10482, .T. ) ;
#2068 = CARTESIAN_POINT ( 'NONE',  ( 0.000000000000000000, -7.899999999999999467, 2.718066852858533000 ) ) ;
#2070 = EDGE_CURVE ( 'NONE', #64, #2897, #71, .T. ) ;
#2071 = SURFACE_SIDE_STYLE ('',( #9754 ) ) ;
#2072 = LINE ( 'NONE', #2176, #10172 ) ;
#2073 = VERTEX_POINT ( 'NONE', #2705 ) ;
#2074 = PLANE ( 'NONE',  #3925 ) ;
#2075 = ORIENTED_EDGE ( 'NONE', *, *, #3017, .T. ) ;
#2076 = PLANE ( 'NONE',  #4672 ) ;
#2077 = FILL_AREA_STYLE ('',( #3118 ) ) ;
#2078 = SURFACE_SIDE_STYLE ('',( #2232 ) ) ;
#2079 = COLOUR_RGB ( '',0.2980392156862745057, 0.2980392156862745057, 0.2980392156862745057 ) ;
#2080 = FILL_AREA_STYLE_COLOUR ( '', #5009 ) ;
#2081 =( NAMED_UNIT ( * ) PLANE_ANGLE_UNIT ( ) SI_UNIT ( $, .RADIAN. ) );
#2082 = ORIENTED_EDGE ( 'NONE', *, *, #10142, .F. ) ;
#2083 = ADVANCED_FACE ( 'NONE', ( #1046 ), #6226, .F. ) ;
#2084 = SURFACE_STYLE_FILL_AREA ( #10785 ) ;
#2085 = DIRECTION ( 'NONE',  ( -0.000000000000000000, -1.000000000000000000, -0.000000000000000000 ) ) ;
#2086 =( NAMED_UNIT ( * ) SI_UNIT ( $, .STERADIAN. ) SOLID_ANGLE_UNIT ( ) );
#2087 = ORIENTED_EDGE ( 'NONE', *, *, #1823, .T. ) ;
#2088 =( LENGTH_UNIT ( ) NAMED_UNIT ( * ) SI_UNIT ( .MILLI., .METRE. ) );
#2089 =( NAMED_UNIT ( * ) PLANE_ANGLE_UNIT ( ) SI_UNIT ( $, .RADIAN. ) );
#2090 = MECHANICAL_DESIGN_GEOMETRIC_PRESENTATION_REPRESENTATION (  '', ( #6004 ), #2614 ) ;
#2091 = ORIENTED_EDGE ( 'NONE', *, *, #5238, .T. ) ;
#2092 = LINE ( 'NONE', #5479, #10650 ) ;
#2093 = SURFACE_SIDE_STYLE ('',( #4755 ) ) ;
#2094 = SURFACE_SIDE_STYLE ('',( #9883 ) ) ;
#2095 = PRESENTATION_STYLE_ASSIGNMENT (( #1979 ) ) ;
#2096 = CYLINDRICAL_SURFACE ( 'NONE', #224, 1.749999999999999778 ) ;
#2097 = DIRECTION ( 'NONE',  ( -0.000000000000000000, 1.000000000000000000, -0.000000000000000000 ) ) ;
#2098 =( NAMED_UNIT ( * ) SI_UNIT ( $, .STERADIAN. ) SOLID_ANGLE_UNIT ( ) );
#2099 = LINE ( 'NONE', #2835, #9627 ) ;
#2100 = ORIENTED_EDGE ( 'NONE', *, *, #2793, .T. ) ;
#2101 = STYLED_ITEM ( 'NONE', ( #3703 ), #3761 ) ;
#2102 = ORIENTED_EDGE ( 'NONE', *, *, #10631, .T. ) ;
#2103 = PRESENTATION_STYLE_ASSIGNMENT (( #9106 ) ) ;
#2104 = LINE ( 'NONE', #9842, #8817 ) ;
#2105 = ORIENTED_EDGE ( 'NONE', *, *, #2941, .F. ) ;
#2106 =( NAMED_UNIT ( * ) PLANE_ANGLE_UNIT ( ) SI_UNIT ( $, .RADIAN. ) );
#2107 =( NAMED_UNIT ( * ) SI_UNIT ( $, .STERADIAN. ) SOLID_ANGLE_UNIT ( ) );
#2108 =( LENGTH_UNIT ( ) NAMED_UNIT ( * ) SI_UNIT ( .MILLI., .METRE. ) );
#2109 = SURFACE_STYLE_FILL_AREA ( #4420 ) ;
#2110 = SURFACE_STYLE_USAGE ( .BOTH. , #8200 ) ;
#2111 = LINE ( 'NONE', #3884, #3374 ) ;
#2113 = EDGE_CURVE ( 'NONE', #5698, #7140, #3717, .T. ) ;
#2112 = DIRECTION ( 'NONE',  ( 0.000000000000000000, -0.8987940462991681478, -0.4383711467890751279 ) ) ;
#2114 = ORIENTED_EDGE ( 'NONE', *, *, #2237, .T. ) ;
#2115 = ORIENTED_EDGE ( 'NONE', *, *, #4565, .T. ) ;
#2116 = CARTESIAN_POINT ( 'NONE',  ( -1.986111111111112049, 2.550000000000002043, -2.500000000000000888 ) ) ;
#2117 = PRESENTATION_STYLE_ASSIGNMENT (( #6526 ) ) ;
#2118 = ORIENTED_EDGE ( 'NONE', *, *, #1965, .T. ) ;
#2119 = STYLED_ITEM ( 'NONE', ( #4138 ), #596 ) ;
#2120 =( NAMED_UNIT ( * ) SI_UNIT ( $, .STERADIAN. ) SOLID_ANGLE_UNIT ( ) );
#2121 = CARTESIAN_POINT ( 'NONE',  ( 6.499999999999999112, 2.600000000000000089, 3.512267411434145004 ) ) ;
#2122 = CARTESIAN_POINT ( 'NONE',  ( 1.986111111111112937, 2.550000000000002487, 2.499999999999999556 ) ) ;
#2123 = LINE ( 'NONE', #10545, #645 ) ;
#2124 = CARTESIAN_POINT ( 'NONE',  ( -3.231990237815517641, 1.600000000000000755, -1.000000000000000444 ) ) ;
#2125 = ORIENTED_EDGE ( 'NONE', *, *, #10310, .F. ) ;
#2126 = AXIS2_PLACEMENT_3D ( 'NONE', #4188, #9432, #189 ) ;
#2127 =( GEOMETRIC_REPRESENTATION_CONTEXT ( 3 ) GLOBAL_UNCERTAINTY_ASSIGNED_CONTEXT ( ( #408 ) ) GLOBAL_UNIT_ASSIGNED_CONTEXT ( ( #1964, #2789, #9818 ) ) REPRESENTATION_CONTEXT ( 'NONE', 'WORKASPACE' ) );
#2128 = VERTEX_POINT ( 'NONE', #5216 ) ;
#2129 = FACE_OUTER_BOUND ( 'NONE', #3805, .T. ) ;
#2130 = ADVANCED_FACE ( 'NONE', ( #8673 ), #5988, .F. ) ;
#2131 = FILL_AREA_STYLE ('',( #10725 ) ) ;
#2132 = EDGE_CURVE ( 'NONE', #6558, #9890, #3326, .T. ) ;
#2133 = DIRECTION ( 'NONE',  ( -0.000000000000000000, 1.000000000000000000, -0.000000000000000000 ) ) ;
#2134 = EDGE_LOOP ( 'NONE', ( #7721, #7985, #6123, #5086 ) ) ;
#2135 = FACE_OUTER_BOUND ( 'NONE', #936, .T. ) ;
#2136 = FACE_OUTER_BOUND ( 'NONE', #3321, .T. ) ;
#2137 =( GEOMETRIC_REPRESENTATION_CONTEXT ( 3 ) GLOBAL_UNCERTAINTY_ASSIGNED_CONTEXT ( ( #9470 ) ) GLOBAL_UNIT_ASSIGNED_CONTEXT ( ( #98, #8448, #3322 ) ) REPRESENTATION_CONTEXT ( 'NONE', 'WORKASPACE' ) );
#2138 = VECTOR ( 'NONE', #10824, 1000.000000000000000 ) ;
#2139 = VERTEX_POINT ( 'NONE', #6766 ) ;
#2140 = ORIENTED_EDGE ( 'NONE', *, *, #6290, .T. ) ;
#2141 = PRESENTATION_STYLE_ASSIGNMENT (( #7230 ) ) ;
#2142 = EDGE_CURVE ( 'NONE', #10266, #1658, #11089, .T. ) ;
#2143 = VERTEX_POINT ( 'NONE', #2755 ) ;
#2144 = SURFACE_STYLE_USAGE ( .BOTH. , #4806 ) ;
#2145 = EDGE_CURVE ( 'NONE', #8195, #8854, #9726, .T. ) ;
#2146 =( GEOMETRIC_REPRESENTATION_CONTEXT ( 3 ) GLOBAL_UNCERTAINTY_ASSIGNED_CONTEXT ( ( #9018 ) ) GLOBAL_UNIT_ASSIGNED_CONTEXT ( ( #1826, #3933, #1391 ) ) REPRESENTATION_CONTEXT ( 'NONE', 'WORKASPACE' ) );
#2147 = SURFACE_SIDE_STYLE ('',( #9101 ) ) ;
#2148 = LINE ( 'NONE', #9056, #4570 ) ;
#2149 = CARTESIAN_POINT ( 'NONE',  ( -1.986111111111112049, 2.450000000000001954, 2.499999999999999556 ) ) ;
#2150 = VERTEX_POINT ( 'NONE', #2043 ) ;
#2151 = VERTEX_POINT ( 'NONE', #839 ) ;
#2152 = FILL_AREA_STYLE_COLOUR ( '', #8034 ) ;
#2153 = FILL_AREA_STYLE_COLOUR ( '', #5739 ) ;
#2154 = VERTEX_POINT ( 'NONE', #3380 ) ;
#2155 = LINE ( 'NONE', #8775, #4355 ) ;
#2156 = LINE ( 'NONE', #10582, #5702 ) ;
#2157 = CARTESIAN_POINT ( 'NONE',  ( 6.800000000000052225, -7.649999999999998579, -1.279999999999995586 ) ) ;
#2158 = DIRECTION ( 'NONE',  ( 0.7071067811865465735, 0.7071067811865483499, -0.000000000000000000 ) ) ;
#2159 = UNCERTAINTY_MEASURE_WITH_UNIT (LENGTH_MEASURE( 1.000000000000000082E-05 ), #6664, 'distance_accuracy_value', 'NONE');
#2160 = VECTOR ( 'NONE', #8596, 1000.000000000000000 ) ;
#2161 = FILL_AREA_STYLE_COLOUR ( '', #9991 ) ;
#2162 = CARTESIAN_POINT ( 'NONE',  ( -2.000000000000001332, 2.500000000000002665, -2.000000000000001776 ) ) ;
#2163 = CARTESIAN_POINT ( 'NONE',  ( 5.529999999999995808, 0.000000000000000000, 2.230000000000004867 ) ) ;
#2164 = VERTEX_POINT ( 'NONE', #7639 ) ;
#2165 = EDGE_LOOP ( 'NONE', ( #2406, #2019, #4687, #1867 ) ) ;
#2166 = DIRECTION ( 'NONE',  ( -1.000000000000000000, 0.000000000000000000, 1.334402673828314621E-15 ) ) ;
#2167 = DIRECTION ( 'NONE',  ( -0.7071067811865454633, 0.000000000000000000, 0.7071067811865495711 ) ) ;
#2168 = PRESENTATION_LAYER_ASSIGNMENT (  '', '', ( #3225 ) ) ;
#2169 = DIRECTION ( 'NONE',  ( 0.7071067811865474617, 0.000000000000000000, 0.7071067811865474617 ) ) ;
#2170 = UNCERTAINTY_MEASURE_WITH_UNIT (LENGTH_MEASURE( 1.000000000000000082E-05 ), #6700, 'distance_accuracy_value', 'NONE');
#2171 = UNCERTAINTY_MEASURE_WITH_UNIT (LENGTH_MEASURE( 1.000000000000000082E-05 ), #8874, 'distance_accuracy_value', 'NONE');
#2172 = SURFACE_STYLE_FILL_AREA ( #3857 ) ;
#2173 = DIRECTION ( 'NONE',  ( -1.000000000000000000, 0.000000000000000000, 0.000000000000000000 ) ) ;
#2174 = DIRECTION ( 'NONE',  ( -0.000000000000000000, -0.000000000000000000, 1.000000000000000000 ) ) ;
#2175 = STYLED_ITEM ( 'NONE', ( #4371 ), #6640 ) ;
#2176 = CARTESIAN_POINT ( 'NONE',  ( 3.949999999999999734, 1.600000000000000089, 8.000000000000000000 ) ) ;
#2177 = ORIENTED_EDGE ( 'NONE', *, *, #3830, .F. ) ;
#2178 = CARTESIAN_POINT ( 'NONE',  ( -2.186111111111112226, 2.550000000000002043, -2.500000000000000888 ) ) ;
#2179 = EDGE_CURVE ( 'NONE', #5995, #10627, #6819, .T. ) ;
#2180 = SURFACE_SIDE_STYLE ('',( #9867 ) ) ;
#2181 = SURFACE_STYLE_USAGE ( .BOTH. , #3863 ) ;
#2182 = CARTESIAN_POINT ( 'NONE',  ( -6.321933147141412412, -7.899999999999999467, -2.240000000000000657 ) ) ;
#2183 = AXIS2_PLACEMENT_3D ( 'NONE', #9001, #427, #10626 ) ;
#2184 = PLANE ( 'NONE',  #1774 ) ;
#2185 = CARTESIAN_POINT ( 'NONE',  ( 2.144689754873803533, 2.450000000000002398, 2.499999999999999556 ) ) ;
#2186 = SURFACE_STYLE_FILL_AREA ( #423 ) ;
#2187 = EDGE_CURVE ( 'NONE', #10979, #8083, #1091, .T. ) ;
#2188 =( GEOMETRIC_REPRESENTATION_CONTEXT ( 3 ) GLOBAL_UNCERTAINTY_ASSIGNED_CONTEXT ( ( #9460 ) ) GLOBAL_UNIT_ASSIGNED_CONTEXT ( ( #1586, #6139, #1854 ) ) REPRESENTATION_CONTEXT ( 'NONE', 'WORKASPACE' ) );
#2189 = FILL_AREA_STYLE ('',( #5426 ) ) ;
#2190 = VERTEX_POINT ( 'NONE', #6215 ) ;
#2191 = VECTOR ( 'NONE', #158, 1000.000000000000000 ) ;
#2192 = EDGE_LOOP ( 'NONE', ( #2981, #7808, #7842, #6169 ) ) ;
#2193 = ORIENTED_EDGE ( 'NONE', *, *, #845, .T. ) ;
#2194 = PRESENTATION_STYLE_ASSIGNMENT (( #7233 ) ) ;
#2195 = ORIENTED_EDGE ( 'NONE', *, *, #3341, .T. ) ;
#2196 = DIRECTION ( 'NONE',  ( -0.000000000000000000, 1.000000000000000000, -0.000000000000000000 ) ) ;
#2197 = CIRCLE ( 'NONE', #6297, 1.749999999999999778 ) ;
#2198 = FILL_AREA_STYLE ('',( #10687 ) ) ;
#2199 = CARTESIAN_POINT ( 'NONE',  ( -6.799999999999972289, -2.399999999999999911, -0.3000000000000003775 ) ) ;
#2200 = VECTOR ( 'NONE', #6963, 1000.000000000000000 ) ;
#2201 = EDGE_CURVE ( 'NONE', #1690, #9796, #9398, .T. ) ;
#2203 = EDGE_CURVE ( 'NONE', #3293, #10684, #1145, .T. ) ;
#2202 = CARTESIAN_POINT ( 'NONE',  ( -5.229999999999999538, 0.000000000000000000, 0.9700000000000016387 ) ) ;
#2204 = VERTEX_POINT ( 'NONE', #2199 ) ;
#2205 =( GEOMETRIC_REPRESENTATION_CONTEXT ( 3 ) GLOBAL_UNCERTAINTY_ASSIGNED_CONTEXT ( ( #6875 ) ) GLOBAL_UNIT_ASSIGNED_CONTEXT ( ( #8795, #7039, #2668 ) ) REPRESENTATION_CONTEXT ( 'NONE', 'WORKASPACE' ) );
#2206 = VERTEX_POINT ( 'NONE', #3921 ) ;
#2207 =( NAMED_UNIT ( * ) PLANE_ANGLE_UNIT ( ) SI_UNIT ( $, .RADIAN. ) );
#2208 = DIRECTION ( 'NONE',  ( 4.470936793754646013E-16, 0.000000000000000000, 1.000000000000000000 ) ) ;
#2209 = VERTEX_POINT ( 'NONE', #9885 ) ;
#2210 = MECHANICAL_DESIGN_GEOMETRIC_PRESENTATION_REPRESENTATION (  '', ( #7032 ), #2383 ) ;
#2211 = DIRECTION ( 'NONE',  ( -0.000000000000000000, 1.000000000000000000, -0.000000000000000000 ) ) ;
#2212 = FACE_OUTER_BOUND ( 'NONE', #10242, .T. ) ;
#2213 = PRESENTATION_STYLE_ASSIGNMENT (( #10002 ) ) ;
#2214 = VECTOR ( 'NONE', #2663, 1000.000000000000000 ) ;
#2215 = FILL_AREA_STYLE_COLOUR ( '', #1832 ) ;
#2216 =( LENGTH_UNIT ( ) NAMED_UNIT ( * ) SI_UNIT ( .MILLI., .METRE. ) );
#2217 = LINE ( 'NONE', #5613, #2952 ) ;
#2218 = COLOUR_RGB ( '',0.8941176470588234615, 0.9137254901960784048, 0.9294117647058823817 ) ;
#2219 = ORIENTED_EDGE ( 'NONE', *, *, #3819, .F. ) ;
#2220 = DIRECTION ( 'NONE',  ( 0.9635179096299406609, 0.2676438637860944492, 0.000000000000000000 ) ) ;
#2221 = VERTEX_POINT ( 'NONE', #9834 ) ;
#2222 = FILL_AREA_STYLE_COLOUR ( '', #7464 ) ;
#2223 = CARTESIAN_POINT ( 'NONE',  ( -5.529999999999998472, -2.399999999999999911, 1.269999999999999352 ) ) ;
#2224 = LINE ( 'NONE', #5675, #301 ) ;
#2225 = CARTESIAN_POINT ( 'NONE',  ( 5.529999999999995808, 0.000000000000000000, -5.389999999999996128 ) ) ;
#2226 = VECTOR ( 'NONE', #5770, 1000.000000000000114 ) ;
#2227 = LINE ( 'NONE', #5569, #9448 ) ;
#2228 = ORIENTED_EDGE ( 'NONE', *, *, #7793, .T. ) ;
#2229 = AXIS2_PLACEMENT_3D ( 'NONE', #8523, #898, #850 ) ;
#2230 =( LENGTH_UNIT ( ) NAMED_UNIT ( * ) SI_UNIT ( .MILLI., .METRE. ) );
#2231 = MECHANICAL_DESIGN_GEOMETRIC_PRESENTATION_REPRESENTATION (  '', ( #6892 ), #474 ) ;
#2232 = SURFACE_STYLE_FILL_AREA ( #9766 ) ;
#2233 = LINE ( 'NONE', #527, #3896 ) ;
#2234 = ORIENTED_EDGE ( 'NONE', *, *, #6427, .T. ) ;
#2235 =( NAMED_UNIT ( * ) SI_UNIT ( $, .STERADIAN. ) SOLID_ANGLE_UNIT ( ) );
#2236 = DIRECTION ( 'NONE',  ( -0.2676438637860948377, -0.9635179096299405499, 0.000000000000000000 ) ) ;
#2237 = EDGE_CURVE ( 'NONE', #7072, #7101, #10856, .T. ) ;
#2238 =( LENGTH_UNIT ( ) NAMED_UNIT ( * ) SI_UNIT ( .MILLI., .METRE. ) );
#2239 = ORIENTED_EDGE ( 'NONE', *, *, #3482, .F. ) ;
#2240 = VECTOR ( 'NONE', #8204, 1000.000000000000000 ) ;
#2241 = EDGE_LOOP ( 'NONE', ( #3628, #829, #4547, #8155 ) ) ;
#2242 = ORIENTED_EDGE ( 'NONE', *, *, #9065, .T. ) ;
#2243 =( GEOMETRIC_REPRESENTATION_CONTEXT ( 3 ) GLOBAL_UNCERTAINTY_ASSIGNED_CONTEXT ( ( #2171 ) ) GLOBAL_UNIT_ASSIGNED_CONTEXT ( ( #8874, #8521, #10089 ) ) REPRESENTATION_CONTEXT ( 'NONE', 'WORKASPACE' ) );
#2244 =( NAMED_UNIT ( * ) SI_UNIT ( $, .STERADIAN. ) SOLID_ANGLE_UNIT ( ) );
#2245 =( NAMED_UNIT ( * ) PLANE_ANGLE_UNIT ( ) SI_UNIT ( $, .RADIAN. ) );
#2246 = DIRECTION ( 'NONE',  ( -0.4014883995042272113, -0.8231732078530423768, -0.4014883995042272113 ) ) ;
#2247 = CARTESIAN_POINT ( 'NONE',  ( -8.000000000000007105, 0.000000000000000000, -8.000000000000000000 ) ) ;
#2248 = LINE ( 'NONE', #3132, #5147 ) ;
#2249 = CARTESIAN_POINT ( 'NONE',  ( -0.6500000000000007994, 2.100000000000000089, -6.500000000000005329 ) ) ;
#2250 = CARTESIAN_POINT ( 'NONE',  ( -6.499999999999999112, 2.600000000000000089, -2.527732588565859473 ) ) ;
#2251 = ORIENTED_EDGE ( 'NONE', *, *, #8011, .T. ) ;
#2252 = LINE ( 'NONE', #8030, #2860 ) ;
#2253 = AXIS2_PLACEMENT_3D ( 'NONE', #882, #1882, #5267 ) ;
#2254 = FILL_AREA_STYLE ('',( #2152 ) ) ;
#2255 = PLANE ( 'NONE',  #255 ) ;
#2256 = DIRECTION ( 'NONE',  ( 0.000000000000000000, 1.000000000000000000, 0.000000000000000000 ) ) ;
#2257 = SURFACE_STYLE_FILL_AREA ( #7347 ) ;
#2258 = EDGE_CURVE ( 'NONE', #7173, #8180, #10689, .T. ) ;
#2259 = DIRECTION ( 'NONE',  ( 0.000000000000000000, 0.000000000000000000, -1.000000000000000000 ) ) ;
#2260 = ADVANCED_FACE ( 'NONE', ( #379 ), #1434, .T. ) ;
#2261 = DIRECTION ( 'NONE',  ( -1.000000000000000000, -1.084202172485504040E-15, 0.000000000000000000 ) ) ;
#2262 =( GEOMETRIC_REPRESENTATION_CONTEXT ( 3 ) GLOBAL_UNCERTAINTY_ASSIGNED_CONTEXT ( ( #296 ) ) GLOBAL_UNIT_ASSIGNED_CONTEXT ( ( #2858, #8309, #4024 ) ) REPRESENTATION_CONTEXT ( 'NONE', 'WORKASPACE' ) );
#2263 = DIRECTION ( 'NONE',  ( -0.7071067811865462405, -0.7071067811865489050, 0.000000000000000000 ) ) ;
#2264 = ORIENTED_EDGE ( 'NONE', *, *, #5708, .F. ) ;
#2265 = ORIENTED_EDGE ( 'NONE', *, *, #905, .T. ) ;
#2266 = ORIENTED_EDGE ( 'NONE', *, *, #2874, .T. ) ;
#2267 = ORIENTED_EDGE ( 'NONE', *, *, #8761, .F. ) ;
#2268 = LINE ( 'NONE', #8272, #6941 ) ;
#2269 = ADVANCED_FACE ( 'NONE', ( #1379 ), #3762, .F. ) ;
#2270 =( GEOMETRIC_REPRESENTATION_CONTEXT ( 3 ) GLOBAL_UNCERTAINTY_ASSIGNED_CONTEXT ( ( #8471 ) ) GLOBAL_UNIT_ASSIGNED_CONTEXT ( ( #10669, #7100, #2839 ) ) REPRESENTATION_CONTEXT ( 'NONE', 'WORKASPACE' ) );
#2272 = LINE ( 'NONE', #3689, #10604 ) ;
#2271 = CARTESIAN_POINT ( 'NONE',  ( 6.200000000000078337, -7.899999999999999467, -3.819999999999995399 ) ) ;
#2273 = ORIENTED_EDGE ( 'NONE', *, *, #1836, .T. ) ;
#2274 = PRESENTATION_STYLE_ASSIGNMENT (( #9963 ) ) ;
#2275 = UNCERTAINTY_MEASURE_WITH_UNIT (LENGTH_MEASURE( 1.000000000000000082E-05 ), #3518, 'distance_accuracy_value', 'NONE');
#2276 = LINE ( 'NONE', #3002, #10124 ) ;
#2277 = DIRECTION ( 'NONE',  ( -0.2676438637860947822, 0.9635179096299405499, 0.000000000000000000 ) ) ;
#2278 = LINE ( 'NONE', #8282, #10722 ) ;
#2279 = ORIENTED_EDGE ( 'NONE', *, *, #8930, .F. ) ;
#2280 = DIRECTION ( 'NONE',  ( -0.000000000000000000, 1.000000000000000000, -0.000000000000000000 ) ) ;
#2281 =( NAMED_UNIT ( * ) PLANE_ANGLE_UNIT ( ) SI_UNIT ( $, .RADIAN. ) );
#2282 = FACE_OUTER_BOUND ( 'NONE', #8391, .T. ) ;
#2283 = FILL_AREA_STYLE ('',( #10728 ) ) ;
#2284 = AXIS2_PLACEMENT_3D ( 'NONE', #2334, #1404, #7532 ) ;
#2285 = ORIENTED_EDGE ( 'NONE', *, *, #6136, .T. ) ;
#2286 = VECTOR ( 'NONE', #4025, 1000.000000000000114 ) ;
#2287 = MECHANICAL_DESIGN_GEOMETRIC_PRESENTATION_REPRESENTATION (  '', ( #352 ), #7644 ) ;
#2288 = LINE ( 'NONE', #4795, #5392 ) ;
#2289 = PLANE ( 'NONE',  #8852 ) ;
#2290 = DIRECTION ( 'NONE',  ( 0.000000000000000000, 1.000000000000000000, 0.000000000000000000 ) ) ;
#2291 = VERTEX_POINT ( 'NONE', #2249 ) ;
#2292 = VECTOR ( 'NONE', #1480, 1000.000000000000114 ) ;
#2293 = ORIENTED_EDGE ( 'NONE', *, *, #8588, .F. ) ;
#2294 = CONICAL_SURFACE ( 'NONE', #4761, 0.01226741143414006308, 0.4537856055185231496 ) ;
#2295 =( GEOMETRIC_REPRESENTATION_CONTEXT ( 3 ) GLOBAL_UNCERTAINTY_ASSIGNED_CONTEXT ( ( #514 ) ) GLOBAL_UNIT_ASSIGNED_CONTEXT ( ( #3324, #3272, #10193 ) ) REPRESENTATION_CONTEXT ( 'NONE', 'WORKASPACE' ) );
#2296 = EDGE_CURVE ( 'NONE', #10161, #6051, #5650, .T. ) ;
#2297 = SURFACE_STYLE_FILL_AREA ( #3030 ) ;
#2298 = CARTESIAN_POINT ( 'NONE',  ( 2.144689754873803533, 2.450000000000002398, -1.000000000000000444 ) ) ;
#2299 = CARTESIAN_POINT ( 'NONE',  ( 6.200000000000052580, -7.649999999999998579, -1.879999999999995453 ) ) ;
#2300 = PRESENTATION_STYLE_ASSIGNMENT (( #7391 ) ) ;
#2301 =( GEOMETRIC_REPRESENTATION_CONTEXT ( 3 ) GLOBAL_UNCERTAINTY_ASSIGNED_CONTEXT ( ( #2619 ) ) GLOBAL_UNIT_ASSIGNED_CONTEXT ( ( #10369, #7538, #8463 ) ) REPRESENTATION_CONTEXT ( 'NONE', 'WORKASPACE' ) );
#2302 = AXIS2_PLACEMENT_3D ( 'NONE', #9307, #9521, #1841 ) ;
#2303 = ORIENTED_EDGE ( 'NONE', *, *, #6088, .F. ) ;
#2304 = FILL_AREA_STYLE_COLOUR ( '', #2405 ) ;
#2305 = VERTEX_POINT ( 'NONE', #432 ) ;
#2306 = PRESENTATION_STYLE_ASSIGNMENT (( #9992 ) ) ;
#2307 = CARTESIAN_POINT ( 'NONE',  ( -5.229999999999998650, -2.399999999999999911, -3.510000000000003340 ) ) ;
#2308 = ADVANCED_FACE ( 'NONE', ( #3875 ), #6787, .T. ) ;
#2309 =( NAMED_UNIT ( * ) SI_UNIT ( $, .STERADIAN. ) SOLID_ANGLE_UNIT ( ) );
#2310 =( GEOMETRIC_REPRESENTATION_CONTEXT ( 3 ) GLOBAL_UNCERTAINTY_ASSIGNED_CONTEXT ( ( #7301 ) ) GLOBAL_UNIT_ASSIGNED_CONTEXT ( ( #3096, #4654, #3775 ) ) REPRESENTATION_CONTEXT ( 'NONE', 'WORKASPACE' ) );
#2311 = STYLED_ITEM ( 'NONE', ( #8643 ), #4613 ) ;
#2312 = SURFACE_STYLE_USAGE ( .BOTH. , #823 ) ;
#2313 = DIRECTION ( 'NONE',  ( -0.000000000000000000, -1.000000000000000000, -0.000000000000000000 ) ) ;
#2314 = SURFACE_SIDE_STYLE ('',( #8440 ) ) ;
#2315 =( NAMED_UNIT ( * ) PLANE_ANGLE_UNIT ( ) SI_UNIT ( $, .RADIAN. ) );
#2316 = ORIENTED_EDGE ( 'NONE', *, *, #7511, .F. ) ;
#2317 = VECTOR ( 'NONE', #7620, 1000.000000000000114 ) ;
#2319 = EDGE_CURVE ( 'NONE', #1250, #1179, #660, .T. ) ;
#2318 =( NAMED_UNIT ( * ) PLANE_ANGLE_UNIT ( ) SI_UNIT ( $, .RADIAN. ) );
#2320 = EDGE_CURVE ( 'NONE', #2206, #7461, #4513, .T. ) ;
#2321 = ORIENTED_EDGE ( 'NONE', *, *, #2479, .F. ) ;
#2322 = ORIENTED_EDGE ( 'NONE', *, *, #8290, .T. ) ;
#2323 = EDGE_LOOP ( 'NONE', ( #9783, #6366, #5740, #1913 ) ) ;
#2324 = CARTESIAN_POINT ( 'NONE',  ( -1.212034383954155858, -0.3366762177650429733, -11.50000000000000000 ) ) ;
#2325 = EDGE_CURVE ( 'NONE', #10266, #6493, #4707, .T. ) ;
#2326 = CARTESIAN_POINT ( 'NONE',  ( -5.229999999999998650, -2.399999999999999911, 1.569999999999997176 ) ) ;
#2327 = PRESENTATION_STYLE_ASSIGNMENT (( #4157 ) ) ;
#2328 = AXIS2_PLACEMENT_3D ( 'NONE', #5137, #8657, #6209 ) ;
#2329 = COLOUR_RGB ( '',0.8941176470588234615, 0.9137254901960784048, 0.9294117647058823817 ) ;
#2331 = DIRECTION ( 'NONE',  ( -0.000000000000000000, 1.000000000000000000, -0.000000000000000000 ) ) ;
#2330 = SURFACE_STYLE_USAGE ( .BOTH. , #9130 ) ;
#2332 = SURFACE_STYLE_USAGE ( .BOTH. , #5732 ) ;
#2333 = VECTOR ( 'NONE', #6694, 1000.000000000000227 ) ;
#2334 = CARTESIAN_POINT ( 'NONE',  ( 1.999999999999999556, 3.400000000000000355, 2.499999999999999556 ) ) ;
#2335 = FACE_OUTER_BOUND ( 'NONE', #4146, .T. ) ;
#2336 = DIRECTION ( 'NONE',  ( -0.000000000000000000, 1.000000000000000000, -0.000000000000000000 ) ) ;
#2337 = LINE ( 'NONE', #4841, #5155 ) ;
#2338 = EDGE_CURVE ( 'NONE', #4510, #8838, #11064, .T. ) ;
#2339 = ADVANCED_FACE ( 'NONE', ( #5990 ), #10117, .F. ) ;
#2340 = ORIENTED_EDGE ( 'NONE', *, *, #7910, .F. ) ;
#2341 = COLOUR_RGB ( '',0.8941176470588234615, 0.9137254901960784048, 0.9294117647058823817 ) ;
#2342 = LINE ( 'NONE', #10994, #1462 ) ;
#2343 = EDGE_CURVE ( 'NONE', #413, #147, #4134, .T. ) ;
#2344 = VECTOR ( 'NONE', #6205, 1000.000000000000000 ) ;
#2345 = CARTESIAN_POINT ( 'NONE',  ( 6.200000000000078337, -2.399999999999999911, -4.419999999999995488 ) ) ;
#2346 = DIRECTION ( 'NONE',  ( 0.000000000000000000, -1.000000000000000000, 0.000000000000000000 ) ) ;
#2347 =( LENGTH_UNIT ( ) NAMED_UNIT ( * ) SI_UNIT ( .MILLI., .METRE. ) );
#2348 = VECTOR ( 'NONE', #5617, 1000.000000000000000 ) ;
#2349 = ORIENTED_EDGE ( 'NONE', *, *, #8192, .T. ) ;
#2350 = FACE_OUTER_BOUND ( 'NONE', #5158, .T. ) ;
#2351 =( NAMED_UNIT ( * ) SI_UNIT ( $, .STERADIAN. ) SOLID_ANGLE_UNIT ( ) );
#2352 = EDGE_CURVE ( 'NONE', #5896, #5372, #5876, .T. ) ;
#2353 = ORIENTED_EDGE ( 'NONE', *, *, #5832, .F. ) ;
#2354 = COLOUR_RGB ( '',0.8313725490196077761, 0.6705882352941175961, 0.1294117647058823373 ) ;
#2355 = VERTEX_POINT ( 'NONE', #5190 ) ;
#2356 = FACE_OUTER_BOUND ( 'NONE', #5507, .T. ) ;
#2357 = VERTEX_POINT ( 'NONE', #7792 ) ;
#2358 = CARTESIAN_POINT ( 'NONE',  ( -5.229999999999998650, 0.000000000000000000, 3.510000000000002451 ) ) ;
#2359 = DIRECTION ( 'NONE',  ( -1.000000000000000000, -0.000000000000000000, -0.000000000000000000 ) ) ;
#2360 = CARTESIAN_POINT ( 'NONE',  ( -6.199999999999999289, -7.899999999999999467, 2.240000000000000657 ) ) ;
#2361 = SURFACE_STYLE_USAGE ( .BOTH. , #6620 ) ;
#2362 = VECTOR ( 'NONE', #6613, 999.9999999999998863 ) ;
#2363 = CARTESIAN_POINT ( 'NONE',  ( 7.470000000000000639, -2.399999999999999911, -2.849999999999995204 ) ) ;
#2364 = ORIENTED_EDGE ( 'NONE', *, *, #7591, .F. ) ;
#2365 =( LENGTH_UNIT ( ) NAMED_UNIT ( * ) SI_UNIT ( .MILLI., .METRE. ) );
#2366 = EDGE_LOOP ( 'NONE', ( #9298, #363, #4017, #10993 ) ) ;
#2367 = FILL_AREA_STYLE ('',( #3196 ) ) ;
#2368 = CARTESIAN_POINT ( 'NONE',  ( -8.000000000000007105, 1.600000000000000089, 8.000000000000007105 ) ) ;
#2369 = FILL_AREA_STYLE ('',( #6513 ) ) ;
#2370 = CIRCLE ( 'NONE', #10630, 0.01226741143414006308 ) ;
#2371 = LINE ( 'NONE', #551, #9233 ) ;
#2372 = VECTOR ( 'NONE', #6985, 1000.000000000000000 ) ;
#2373 = CARTESIAN_POINT ( 'NONE',  ( -3.031990237815517908, 1.704120873295593253, 1.999999999999999556 ) ) ;
#2374 = VECTOR ( 'NONE', #1084, 1000.000000000000000 ) ;
#2375 = MECHANICAL_DESIGN_GEOMETRIC_PRESENTATION_REPRESENTATION (  '', ( #4144 ), #1132 ) ;
#2376 = FILL_AREA_STYLE_COLOUR ( '', #6256 ) ;
#2377 = LINE ( 'NONE', #6577, #1613 ) ;
#2378 = VERTEX_POINT ( 'NONE', #8815 ) ;
#2379 = EDGE_CURVE ( 'NONE', #9183, #2840, #5353, .T. ) ;
#2380 = DIRECTION ( 'NONE',  ( 1.000000000000000000, 0.000000000000000000, -0.000000000000000000 ) ) ;
#2381 = VERTEX_POINT ( 'NONE', #7954 ) ;
#2382 = COLOUR_RGB ( '',1.000000000000000000, 0.9372549019607843146, 0.1372549019607843257 ) ;
#2383 =( GEOMETRIC_REPRESENTATION_CONTEXT ( 3 ) GLOBAL_UNCERTAINTY_ASSIGNED_CONTEXT ( ( #1735 ) ) GLOBAL_UNIT_ASSIGNED_CONTEXT ( ( #1012, #2722, #7880 ) ) REPRESENTATION_CONTEXT ( 'NONE', 'WORKASPACE' ) );
#2384 = VERTEX_POINT ( 'NONE', #6903 ) ;
#2385 = STYLED_ITEM ( 'NONE', ( #2633 ), #2403 ) ;
#2386 = PRESENTATION_STYLE_ASSIGNMENT (( #832 ) ) ;
#2387 = CARTESIAN_POINT ( 'NONE',  ( 6.799999999999999822, -7.899999999999999467, 3.200000000000005063 ) ) ;
#2388 = MECHANICAL_DESIGN_GEOMETRIC_PRESENTATION_REPRESENTATION (  '', ( #7210 ), #448 ) ;
#2389 = ORIENTED_EDGE ( 'NONE', *, *, #2203, .F. ) ;
#2390 = FACE_OUTER_BOUND ( 'NONE', #11001, .T. ) ;
#2391 = CARTESIAN_POINT ( 'NONE',  ( 5.302882188681648401, -5.810635905104658328, -0.3828821886815911291 ) ) ;
#2392 = PRESENTATION_LAYER_ASSIGNMENT (  '', '', ( #5228 ) ) ;
#2393 = LINE ( 'NONE', #9240, #6682 ) ;
#2394 = UNCERTAINTY_MEASURE_WITH_UNIT (LENGTH_MEASURE( 1.000000000000000082E-05 ), #391, 'distance_accuracy_value', 'NONE');
#2395 = CARTESIAN_POINT ( 'NONE',  ( -6.799999999999998934, -7.649999999999995026, 2.839999999999999858 ) ) ;
#2396 = VECTOR ( 'NONE', #5205, 1000.000000000000000 ) ;
#2397 = CARTESIAN_POINT ( 'NONE',  ( 2.994689754873804954, 1.599999999999999867, -0.5000000000000004441 ) ) ;
#2398 = CARTESIAN_POINT ( 'NONE',  ( 7.470000000000000639, 0.000000000000000000, -0.3099999999999951683 ) ) ;
#2399 = VECTOR ( 'NONE', #19, 1000.000000000000000 ) ;
#2400 = CARTESIAN_POINT ( 'NONE',  ( -3.031990237815517908, 1.704120873295593253, 0.9999999999999995559 ) ) ;
#2401 = ADVANCED_FACE ( 'NONE', ( #132 ), #10562, .T. ) ;
#2402 = ORIENTED_EDGE ( 'NONE', *, *, #8054, .T. ) ;
#2403 = ADVANCED_FACE ( 'NONE', ( #313 ), #3642, .T. ) ;
#2404 = DIRECTION ( 'NONE',  ( 0.000000000000000000, 0.000000000000000000, -1.000000000000000000 ) ) ;
#2405 = COLOUR_RGB ( '',0.8941176470588234615, 0.9137254901960784048, 0.9294117647058823817 ) ;
#2406 = ORIENTED_EDGE ( 'NONE', *, *, #8771, .F. ) ;
#2407 = DIRECTION ( 'NONE',  ( 0.000000000000000000, 0.000000000000000000, 1.000000000000000000 ) ) ;
#2408 = SURFACE_SIDE_STYLE ('',( #7708 ) ) ;
#2409 = ORIENTED_EDGE ( 'NONE', *, *, #7590, .F. ) ;
#2410 = PRESENTATION_STYLE_ASSIGNMENT (( #10157 ) ) ;
#2411 = COLOUR_RGB ( '',0.8941176470588234615, 0.9137254901960784048, 0.9294117647058823817 ) ;
#2412 = ORIENTED_EDGE ( 'NONE', *, *, #1651, .F. ) ;
#2413 = AXIS2_PLACEMENT_3D ( 'NONE', #7728, #77, #3471 ) ;
#2414 = ORIENTED_EDGE ( 'NONE', *, *, #696, .F. ) ;
#2415 = SURFACE_STYLE_FILL_AREA ( #1486 ) ;
#2416 = EDGE_LOOP ( 'NONE', ( #2768, #10683, #6907, #4999 ) ) ;
#2417 = LINE ( 'NONE', #5020, #5773 ) ;
#2418 =( LENGTH_UNIT ( ) NAMED_UNIT ( * ) SI_UNIT ( .MILLI., .METRE. ) );
#2419 = PRESENTATION_LAYER_ASSIGNMENT (  '', '', ( #4722 ) ) ;
#2420 = CARTESIAN_POINT ( 'NONE',  ( 7.014751157706951012, -9.320487428577580502, -3.605248842293122813 ) ) ;
#2421 = EDGE_CURVE ( 'NONE', #847, #7196, #190, .T. ) ;
#2422 = DIRECTION ( 'NONE',  ( 0.000000000000000000, 0.000000000000000000, 1.000000000000000000 ) ) ;
#2423 =( LENGTH_UNIT ( ) NAMED_UNIT ( * ) SI_UNIT ( .MILLI., .METRE. ) );
#2424 = AXIS2_PLACEMENT_3D ( 'NONE', #8444, #7580, #2380 ) ;
#2425 = CARTESIAN_POINT ( 'NONE',  ( 7.999999999999992895, 0.000000000000000000, -8.000000000000007105 ) ) ;
#2426 = CARTESIAN_POINT ( 'NONE',  ( 2.186111111111113114, 2.550000000000002487, 0.4999999999999995559 ) ) ;
#2427 = ORIENTED_EDGE ( 'NONE', *, *, #2708, .T. ) ;
#2428 = CARTESIAN_POINT ( 'NONE',  ( 2.186111111111113114, 2.550000000000002487, -2.000000000000000888 ) ) ;
#2429 = DIRECTION ( 'NONE',  ( 0.000000000000000000, 0.000000000000000000, 1.000000000000000000 ) ) ;
#2430 = CIRCLE ( 'NONE', #119, 0.4999999999999997780 ) ;
#2431 = EDGE_LOOP ( 'NONE', ( #1182, #6212, #2750, #1209 ) ) ;
#2432 = FILL_AREA_STYLE ('',( #9174 ) ) ;
#2433 = FACE_BOUND ( 'NONE', #1539, .T. ) ;
#2434 = SURFACE_SIDE_STYLE ('',( #3931 ) ) ;
#2435 = MECHANICAL_DESIGN_GEOMETRIC_PRESENTATION_REPRESENTATION (  '', ( #5817 ), #5092 ) ;
#2436 = CARTESIAN_POINT ( 'NONE',  ( 3.231990237815519418, 1.600000000000001643, 1.999999999999999556 ) ) ;
#2437 = ORIENTED_EDGE ( 'NONE', *, *, #5439, .T. ) ;
#2438 = SURFACE_STYLE_USAGE ( .BOTH. , #11078 ) ;
#2439 = EDGE_LOOP ( 'NONE', ( #4415, #6027, #7336, #5008 ) ) ;
#2440 = ORIENTED_EDGE ( 'NONE', *, *, #2145, .F. ) ;
#2441 = SURFACE_SIDE_STYLE ('',( #10070 ) ) ;
#2442 =( NAMED_UNIT ( * ) SI_UNIT ( $, .STERADIAN. ) SOLID_ANGLE_UNIT ( ) );
#2443 = ORIENTED_EDGE ( 'NONE', *, *, #4470, .T. ) ;
#2444 = PLANE ( 'NONE',  #10377 ) ;
#2445 = SURFACE_STYLE_USAGE ( .BOTH. , #9291 ) ;
#2446 = EDGE_CURVE ( 'NONE', #439, #5652, #7064, .T. ) ;
#2447 = DIRECTION ( 'NONE',  ( -0.2676438637860944492, 0.9635179096299406609, 0.000000000000000000 ) ) ;
#2448 = FILL_AREA_STYLE_COLOUR ( '', #10197 ) ;
#2449 = PRESENTATION_LAYER_ASSIGNMENT (  '', '', ( #2794 ) ) ;
#2450 = CARTESIAN_POINT ( 'NONE',  ( 2.186111111111113114, 2.550000000000002487, -1.000000000000000444 ) ) ;
#2451 = VERTEX_POINT ( 'NONE', #2738 ) ;
#2453 = DIRECTION ( 'NONE',  ( 0.000000000000000000, 0.000000000000000000, 1.000000000000000000 ) ) ;
#2452 = DIRECTION ( 'NONE',  ( -1.000000000000000000, -0.000000000000000000, -0.000000000000000000 ) ) ;
#2454 = CARTESIAN_POINT ( 'NONE',  ( -6.499999999999999112, 2.600000000000000089, 2.527732588565859917 ) ) ;
#2455 = EDGE_CURVE ( 'NONE', #3126, #5042, #2792, .T. ) ;
#2456 =( NAMED_UNIT ( * ) PLANE_ANGLE_UNIT ( ) SI_UNIT ( $, .RADIAN. ) );
#2457 = CARTESIAN_POINT ( 'NONE',  ( 7.470000000000000639, -2.399999999999999911, -2.849999999999994316 ) ) ;
#2458 = VERTEX_POINT ( 'NONE', #2967 ) ;
#2459 = STYLED_ITEM ( 'NONE', ( #7790 ), #365 ) ;
#2460 = ADVANCED_FACE ( 'NONE', ( #2135 ), #5423, .F. ) ;
#2461 = EDGE_CURVE ( 'NONE', #3377, #5513, #8879, .T. ) ;
#2462 = ORIENTED_EDGE ( 'NONE', *, *, #6574, .F. ) ;
#2463 = ORIENTED_EDGE ( 'NONE', *, *, #2338, .T. ) ;
#2464 = SURFACE_STYLE_USAGE ( .BOTH. , #9158 ) ;
#2465 = DIRECTION ( 'NONE',  ( 0.000000000000000000, 0.000000000000000000, 1.000000000000000000 ) ) ;
#2466 = DIRECTION ( 'NONE',  ( 0.7071067811865485719, 0.000000000000000000, -0.7071067811865465735 ) ) ;
#2467 = FACE_OUTER_BOUND ( 'NONE', #9686, .T. ) ;
#2468 = CARTESIAN_POINT ( 'NONE',  ( -3.231990237815517641, 1.704120873295593253, -1.000000000000000444 ) ) ;
#2469 = SURFACE_STYLE_USAGE ( .BOTH. , #10167 ) ;
#2470 = CARTESIAN_POINT ( 'NONE',  ( 3.231990237815519418, 1.600000000000001643, 0.9999999999999995559 ) ) ;
#2471 = DIRECTION ( 'NONE',  ( 0.2676438637860948377, 0.9635179096299405499, 0.000000000000000000 ) ) ;
#2472 = FILL_AREA_STYLE_COLOUR ( '', #9402 ) ;
#2473 = ORIENTED_EDGE ( 'NONE', *, *, #1593, .T. ) ;
#2474 = COLOUR_RGB ( '',0.8941176470588234615, 0.9137254901960784048, 0.9294117647058823817 ) ;
#2475 = AXIS2_PLACEMENT_3D ( 'NONE', #238, #7711, #6191 ) ;
#2476 = VERTEX_POINT ( 'NONE', #6321 ) ;
#2477 =( LENGTH_UNIT ( ) NAMED_UNIT ( * ) SI_UNIT ( .MILLI., .METRE. ) );
#2478 = VERTEX_POINT ( 'NONE', #5579 ) ;
#2479 = EDGE_CURVE ( 'NONE', #7011, #7518, #1364, .T. ) ;
#2480 = FACE_OUTER_BOUND ( 'NONE', #9853, .T. ) ;
#2481 =( NAMED_UNIT ( * ) PLANE_ANGLE_UNIT ( ) SI_UNIT ( $, .RADIAN. ) );
#2482 = CARTESIAN_POINT ( 'NONE',  ( 11.49999999999999645, 1.600000000000000089, -9.499999999999998224 ) ) ;
#2483 = CARTESIAN_POINT ( 'NONE',  ( 0.000000000000000000, 0.000000000000000000, 0.9999999999999995559 ) ) ;
#2484 = MECHANICAL_DESIGN_GEOMETRIC_PRESENTATION_REPRESENTATION (  '', ( #1611 ), #1436 ) ;
#2485 = PLANE ( 'NONE',  #10418 ) ;
#2486 = VERTEX_POINT ( 'NONE', #8174 ) ;
#2487 =( LENGTH_UNIT ( ) NAMED_UNIT ( * ) SI_UNIT ( .MILLI., .METRE. ) );
#2488 =( GEOMETRIC_REPRESENTATION_CONTEXT ( 3 ) GLOBAL_UNCERTAINTY_ASSIGNED_CONTEXT ( ( #6303 ) ) GLOBAL_UNIT_ASSIGNED_CONTEXT ( ( #1336, #554, #9738 ) ) REPRESENTATION_CONTEXT ( 'NONE', 'WORKASPACE' ) );
#2489 = SURFACE_STYLE_USAGE ( .BOTH. , #2314 ) ;
#2490 = ORIENTED_EDGE ( 'NONE', *, *, #8700, .T. ) ;
#2491 = ORIENTED_EDGE ( 'NONE', *, *, #10383, .T. ) ;
#2492 =( GEOMETRIC_REPRESENTATION_CONTEXT ( 3 ) GLOBAL_UNCERTAINTY_ASSIGNED_CONTEXT ( ( #1843 ) ) GLOBAL_UNIT_ASSIGNED_CONTEXT ( ( #151, #9675, #1152 ) ) REPRESENTATION_CONTEXT ( 'NONE', 'WORKASPACE' ) );
#2493 = CIRCLE ( 'NONE', #7134, 1.749999999999999778 ) ;
#2494 = ORIENTED_EDGE ( 'NONE', *, *, #10971, .T. ) ;
#2495 = MECHANICAL_DESIGN_GEOMETRIC_PRESENTATION_REPRESENTATION (  '', ( #6234 ), #9482 ) ;
#2496 = LINE ( 'NONE', #6765, #9698 ) ;
#2497 = DIRECTION ( 'NONE',  ( 0.000000000000000000, -0.000000000000000000, 1.000000000000000000 ) ) ;
#2498 = UNCERTAINTY_MEASURE_WITH_UNIT (LENGTH_MEASURE( 1.000000000000000082E-05 ), #1490, 'distance_accuracy_value', 'NONE');
#2499 = DIRECTION ( 'NONE',  ( -0.000000000000000000, -1.000000000000000000, -0.000000000000000000 ) ) ;
#2500 = ORIENTED_EDGE ( 'NONE', *, *, #6982, .F. ) ;
#2501 = LINE ( 'NONE', #10199, #5710 ) ;
#2502 = VECTOR ( 'NONE', #4090, 1000.000000000000000 ) ;
#2503 = DIRECTION ( 'NONE',  ( 0.000000000000000000, 0.000000000000000000, 1.000000000000000000 ) ) ;
#2504 = LINE ( 'NONE', #10371, #9388 ) ;
#2505 = STYLED_ITEM ( 'NONE', ( #2103 ), #9462 ) ;
#2506 = SURFACE_SIDE_STYLE ('',( #1680 ) ) ;
#2507 = UNCERTAINTY_MEASURE_WITH_UNIT (LENGTH_MEASURE( 1.000000000000000082E-05 ), #2723, 'distance_accuracy_value', 'NONE');
#2508 = LINE ( 'NONE', #2567, #1851 ) ;
#2509 = CARTESIAN_POINT ( 'NONE',  ( 1.986111111111112937, 2.450000000000008171, -1.000000000000000888 ) ) ;
#2510 = VERTEX_POINT ( 'NONE', #1245 ) ;
#2511 = STYLED_ITEM ( 'NONE', ( #4950 ), #5997 ) ;
#2512 = PLANE ( 'NONE',  #8025 ) ;
#2513 = PLANE ( 'NONE',  #2598 ) ;
#2514 = EDGE_CURVE ( 'NONE', #10921, #4865, #8238, .T. ) ;
#2515 =( NAMED_UNIT ( * ) SI_UNIT ( $, .STERADIAN. ) SOLID_ANGLE_UNIT ( ) );
#2516 = ORIENTED_EDGE ( 'NONE', *, *, #6551, .F. ) ;
#2517 = STYLED_ITEM ( 'NONE', ( #2039 ), #6428 ) ;
#2518 = DIRECTION ( 'NONE',  ( -0.000000000000000000, 1.000000000000000000, -0.000000000000000000 ) ) ;
#2519 = DIRECTION ( 'NONE',  ( 0.000000000000000000, 0.000000000000000000, 1.000000000000000000 ) ) ;
#2520 = VERTEX_POINT ( 'NONE', #7166 ) ;
#2521 = PRESENTATION_STYLE_ASSIGNMENT (( #3348 ) ) ;
#2522 = EDGE_LOOP ( 'NONE', ( #7943, #3151, #6359, #1587 ) ) ;
#2523 = COLOUR_RGB ( '',0.8941176470588234615, 0.9137254901960784048, 0.9294117647058823817 ) ;
#2524 = DIRECTION ( 'NONE',  ( 0.7071067811865465735, 0.7071067811865483499, 0.000000000000000000 ) ) ;
#2525 = STYLED_ITEM ( 'NONE', ( #10040 ), #9719 ) ;
#2526 = EDGE_LOOP ( 'NONE', ( #6421, #2427, #243, #8982 ) ) ;
#2527 = SURFACE_STYLE_USAGE ( .BOTH. , #763 ) ;
#2528 = LINE ( 'NONE', #9279, #8269 ) ;
#2529 = CARTESIAN_POINT ( 'NONE',  ( -6.799999999999945643, -7.899999999999999467, -2.240000000000000657 ) ) ;
#2530 = ORIENTED_EDGE ( 'NONE', *, *, #9488, .T. ) ;
#2531 = STYLED_ITEM ( 'NONE', ( #3477 ), #6854 ) ;
#2532 = LINE ( 'NONE', #5943, #6447 ) ;
#2533 = ADVANCED_FACE ( 'NONE', ( #5530 ), #9929, .F. ) ;
#2534 = SURFACE_STYLE_USAGE ( .BOTH. , #9553 ) ;
#2535 = ADVANCED_FACE ( 'NONE', ( #1418 ), #587, .F. ) ;
#2536 =( NAMED_UNIT ( * ) SI_UNIT ( $, .STERADIAN. ) SOLID_ANGLE_UNIT ( ) );
#2537 =( GEOMETRIC_REPRESENTATION_CONTEXT ( 3 ) GLOBAL_UNCERTAINTY_ASSIGNED_CONTEXT ( ( #171 ) ) GLOBAL_UNIT_ASSIGNED_CONTEXT ( ( #6928, #3501, #3439 ) ) REPRESENTATION_CONTEXT ( 'NONE', 'WORKASPACE' ) );
#2538 = CARTESIAN_POINT ( 'NONE',  ( 2.144689754873803533, 2.450000000000002398, -2.000000000000000888 ) ) ;
#2539 = ORIENTED_EDGE ( 'NONE', *, *, #1, .F. ) ;
#2540 = VERTEX_POINT ( 'NONE', #10036 ) ;
#2541 = ORIENTED_EDGE ( 'NONE', *, *, #5854, .F. ) ;
#2542 = VERTEX_POINT ( 'NONE', #10206 ) ;
#2543 = LINE ( 'NONE', #3433, #3536 ) ;
#2544 = DIRECTION ( 'NONE',  ( -1.000000000000000000, 0.000000000000000000, 0.000000000000000000 ) ) ;
#2546 =( NAMED_UNIT ( * ) PLANE_ANGLE_UNIT ( ) SI_UNIT ( $, .RADIAN. ) );
#2545 = LINE ( 'NONE', #3499, #27 ) ;
#2547 = FACE_OUTER_BOUND ( 'NONE', #3691, .T. ) ;
#2548 = DIRECTION ( 'NONE',  ( 1.000000000000000000, 0.000000000000000000, 0.000000000000000000 ) ) ;
#2549 = EDGE_CURVE ( 'NONE', #311, #4436, #3233, .T. ) ;
#2550 = AXIS2_PLACEMENT_3D ( 'NONE', #10373, #4488, #8568 ) ;
#2551 = VECTOR ( 'NONE', #3446, 1000.000000000000000 ) ;
#2552 = DIRECTION ( 'NONE',  ( 0.000000000000000000, 0.000000000000000000, -1.000000000000000000 ) ) ;
#2553 = STYLED_ITEM ( 'NONE', ( #4668 ), #10590 ) ;
#2554 = VERTEX_POINT ( 'NONE', #9151 ) ;
#2555 = MECHANICAL_DESIGN_GEOMETRIC_PRESENTATION_REPRESENTATION (  '', ( #10471 ), #6858 ) ;
#2556 =( NAMED_UNIT ( * ) PLANE_ANGLE_UNIT ( ) SI_UNIT ( $, .RADIAN. ) );
#2557 = COLOUR_RGB ( '',0.8941176470588234615, 0.9137254901960784048, 0.9294117647058823817 ) ;
#2558 = STYLED_ITEM ( 'NONE', ( #6909 ), #7664 ) ;
#2559 = CARTESIAN_POINT ( 'NONE',  ( 7.999999999999992895, 1.600000000000000089, 9.749999999999992895 ) ) ;
#2560 = DIRECTION ( 'NONE',  ( -0.000000000000000000, 1.000000000000000000, -0.000000000000000000 ) ) ;
#2561 = DIRECTION ( 'NONE',  ( 0.7071067811865501263, 0.000000000000000000, 0.7071067811865450192 ) ) ;
#2562 = VECTOR ( 'NONE', #1844, 999.9999999999998863 ) ;
#2563 = LINE ( 'NONE', #1734, #9194 ) ;
#2564 = STYLED_ITEM ( 'NONE', ( #4496 ), #2601 ) ;
#2565 = PLANE ( 'NONE',  #8198 ) ;
#2566 = MECHANICAL_DESIGN_GEOMETRIC_PRESENTATION_REPRESENTATION (  '', ( #7043 ), #1154 ) ;
#2567 = CARTESIAN_POINT ( 'NONE',  ( 5.229999999999998650, -2.399999999999999911, -5.089999999999997193 ) ) ;
#2568 =( GEOMETRIC_REPRESENTATION_CONTEXT ( 3 ) GLOBAL_UNCERTAINTY_ASSIGNED_CONTEXT ( ( #3047 ) ) GLOBAL_UNIT_ASSIGNED_CONTEXT ( ( #2216, #5611, #10873 ) ) REPRESENTATION_CONTEXT ( 'NONE', 'WORKASPACE' ) );
#2569 = CARTESIAN_POINT ( 'NONE',  ( -6.199999999999999289, -2.399999999999999911, 2.240000000000000657 ) ) ;
#2570 = VERTEX_POINT ( 'NONE', #9309 ) ;
#2571 = AXIS2_PLACEMENT_3D ( 'NONE', #248, #1021, #6037 ) ;
#2572 = FACE_OUTER_BOUND ( 'NONE', #7477, .T. ) ;
#2573 = COLOUR_RGB ( '',0.2980392156862745057, 0.2980392156862745057, 0.2980392156862745057 ) ;
#2574 = DIRECTION ( 'NONE',  ( -0.000000000000000000, -1.000000000000000000, -0.000000000000000000 ) ) ;
#2575 = PRESENTATION_STYLE_ASSIGNMENT (( #5075 ) ) ;
#2576 = ORIENTED_EDGE ( 'NONE', *, *, #4962, .F. ) ;
#2577 = LINE ( 'NONE', #5240, #4861 ) ;
#2578 = STYLED_ITEM ( 'NONE', ( #4990 ), #8569 ) ;
#2579 = CARTESIAN_POINT ( 'NONE',  ( 7.999999999999992895, 0.000000000000000000, -8.000000000000007105 ) ) ;
#2580 = ADVANCED_FACE ( 'NONE', ( #2350 ), #7548, .F. ) ;
#2581 = FACE_OUTER_BOUND ( 'NONE', #6272, .T. ) ;
#2582 = EDGE_CURVE ( 'NONE', #10877, #2154, #4177, .T. ) ;
#2583 = VERTEX_POINT ( 'NONE', #2509 ) ;
#2584 =( NAMED_UNIT ( * ) PLANE_ANGLE_UNIT ( ) SI_UNIT ( $, .RADIAN. ) );
#2585 =( NAMED_UNIT ( * ) PLANE_ANGLE_UNIT ( ) SI_UNIT ( $, .RADIAN. ) );
#2586 = ORIENTED_EDGE ( 'NONE', *, *, #5877, .F. ) ;
#2587 = PLANE ( 'NONE',  #7516 ) ;
#2588 = VECTOR ( 'NONE', #8196, 1000.000000000000000 ) ;
#2589 = SURFACE_STYLE_FILL_AREA ( #1498 ) ;
#2590 = LINE ( 'NONE', #5136, #3256 ) ;
#2591 = FACE_BOUND ( 'NONE', #1562, .T. ) ;
#2592 = LINE ( 'NONE', #10297, #9160 ) ;
#2593 = ORIENTED_EDGE ( 'NONE', *, *, #10492, .T. ) ;
#2594 = DIRECTION ( 'NONE',  ( -0.000000000000000000, -1.000000000000000000, -0.000000000000000000 ) ) ;
#2595 = AXIS2_PLACEMENT_3D ( 'NONE', #11045, #6662, #9250 ) ;
#2596 = ORIENTED_EDGE ( 'NONE', *, *, #4274, .F. ) ;
#2597 =( NAMED_UNIT ( * ) SI_UNIT ( $, .STERADIAN. ) SOLID_ANGLE_UNIT ( ) );
#2598 = AXIS2_PLACEMENT_3D ( 'NONE', #1343, #10706, #3148 ) ;
#2600 = EDGE_CURVE ( 'NONE', #831, #6623, #5915, .T. ) ;
#2599 = ORIENTED_EDGE ( 'NONE', *, *, #2708, .F. ) ;
#2601 = ADVANCED_FACE ( 'NONE', ( #1684 ), #2289, .T. ) ;
#2602 = ORIENTED_EDGE ( 'NONE', *, *, #7104, .T. ) ;
#2603 = LINE ( 'NONE', #4102, #3013 ) ;
#2604 = COLOUR_RGB ( '',0.8941176470588234615, 0.9137254901960784048, 0.9294117647058823817 ) ;
#2605 = DIRECTION ( 'NONE',  ( 0.000000000000000000, 0.000000000000000000, -1.000000000000000000 ) ) ;
#2606 = LINE ( 'NONE', #10984, #3229 ) ;
#2607 = PRESENTATION_STYLE_ASSIGNMENT (( #10313 ) ) ;
#2608 = MECHANICAL_DESIGN_GEOMETRIC_PRESENTATION_REPRESENTATION (  '', ( #110 ), #4370 ) ;
#2609 = CARTESIAN_POINT ( 'NONE',  ( 5.229999999999998650, -2.399999999999999911, -5.089999999999997193 ) ) ;
#2610 = UNCERTAINTY_MEASURE_WITH_UNIT (LENGTH_MEASURE( 1.000000000000000082E-05 ), #6061, 'distance_accuracy_value', 'NONE');
#2611 = ORIENTED_EDGE ( 'NONE', *, *, #10616, .F. ) ;
#2612 = CARTESIAN_POINT ( 'NONE',  ( -8.000000000000007105, 0.000000000000000000, 8.000000000000007105 ) ) ;
#2613 = EDGE_CURVE ( 'NONE', #1479, #2760, #1741, .T. ) ;
#2614 =( GEOMETRIC_REPRESENTATION_CONTEXT ( 3 ) GLOBAL_UNCERTAINTY_ASSIGNED_CONTEXT ( ( #4053 ) ) GLOBAL_UNIT_ASSIGNED_CONTEXT ( ( #835, #7634, #3546 ) ) REPRESENTATION_CONTEXT ( 'NONE', 'WORKASPACE' ) );
#2615 = CARTESIAN_POINT ( 'NONE',  ( 7.469999999999999751, -2.399999999999999911, -5.389999999999996128 ) ) ;
#2616 = ADVANCED_FACE ( 'NONE', ( #3396 ), #2675, .T. ) ;
#2617 = UNCERTAINTY_MEASURE_WITH_UNIT (LENGTH_MEASURE( 1.000000000000000082E-05 ), #5541, 'distance_accuracy_value', 'NONE');
#2618 =( NAMED_UNIT ( * ) PLANE_ANGLE_UNIT ( ) SI_UNIT ( $, .RADIAN. ) );
#2619 = UNCERTAINTY_MEASURE_WITH_UNIT (LENGTH_MEASURE( 1.000000000000000082E-05 ), #10369, 'distance_accuracy_value', 'NONE');
#2620 = PLANE ( 'NONE',  #820 ) ;
#2621 = PRESENTATION_LAYER_ASSIGNMENT (  '', '', ( #1208 ) ) ;
#2622 = ORIENTED_EDGE ( 'NONE', *, *, #9377, .T. ) ;
#2623 = SURFACE_SIDE_STYLE ('',( #9526 ) ) ;
#2624 = CARTESIAN_POINT ( 'NONE',  ( 6.499999999999999112, 2.600000000000000089, 3.500000000000004885 ) ) ;
#2625 = EDGE_LOOP ( 'NONE', ( #7710, #5893, #4919, #2265 ) ) ;
#2626 = CARTESIAN_POINT ( 'NONE',  ( -3.031990237815517908, 1.704120873295593253, 2.499999999999999556 ) ) ;
#2627 = PLANE ( 'NONE',  #9385 ) ;
#2628 = SURFACE_SIDE_STYLE ('',( #2732 ) ) ;
#2629 = PLANE ( 'NONE',  #8943 ) ;
#2630 = VERTEX_POINT ( 'NONE', #5170 ) ;
#2631 = MECHANICAL_DESIGN_GEOMETRIC_PRESENTATION_REPRESENTATION (  '', ( #9799 ), #141 ) ;
#2632 = DIRECTION ( 'NONE',  ( 0.000000000000000000, 0.000000000000000000, 1.000000000000000000 ) ) ;
#2633 = PRESENTATION_STYLE_ASSIGNMENT (( #9537 ) ) ;
#2634 = FILL_AREA_STYLE_COLOUR ( '', #7066 ) ;
#2635 = CARTESIAN_POINT ( 'NONE',  ( -7.469999999999997975, -2.399999999999999911, -3.810000000000000941 ) ) ;
#2636 = DIRECTION ( 'NONE',  ( 0.000000000000000000, 0.000000000000000000, 1.000000000000000000 ) ) ;
#2637 = EDGE_CURVE ( 'NONE', #1399, #4865, #1062, .T. ) ;
#2638 = AXIS2_PLACEMENT_3D ( 'NONE', #4630, #483, #9878 ) ;
#2639 = VERTEX_POINT ( 'NONE', #2569 ) ;
#2640 = DIRECTION ( 'NONE',  ( 1.000000000000000000, 0.000000000000000000, 0.000000000000000000 ) ) ;
#2641 = PLANE ( 'NONE',  #4675 ) ;
#2642 =( LENGTH_UNIT ( ) NAMED_UNIT ( * ) SI_UNIT ( .MILLI., .METRE. ) );
#2643 = DIRECTION ( 'NONE',  ( 0.000000000000000000, 0.000000000000000000, 1.000000000000000000 ) ) ;
#2644 = LINE ( 'NONE', #7743, #7915 ) ;
#2645 = AXIS2_PLACEMENT_3D ( 'NONE', #6650, #9351, #11087 ) ;
#2646 =( LENGTH_UNIT ( ) NAMED_UNIT ( * ) SI_UNIT ( .MILLI., .METRE. ) );
#2647 = ORIENTED_EDGE ( 'NONE', *, *, #6979, .T. ) ;
#2648 = FILL_AREA_STYLE ('',( #9503 ) ) ;
#2649 = EDGE_CURVE ( 'NONE', #6460, #5947, #116, .T. ) ;
#2650 = ADVANCED_FACE ( 'NONE', ( #5287 ), #4390, .T. ) ;
#2651 = ORIENTED_EDGE ( 'NONE', *, *, #8305, .F. ) ;
#2652 = FILL_AREA_STYLE_COLOUR ( '', #5555 ) ;
#2653 = AXIS2_PLACEMENT_3D ( 'NONE', #154, #4373, #1881 ) ;
#2654 = VECTOR ( 'NONE', #529, 1000.000000000000114 ) ;
#2655 = COLOUR_RGB ( '',0.2980392156862745057, 0.2980392156862745057, 0.2980392156862745057 ) ;
#2656 = DIRECTION ( 'NONE',  ( 0.000000000000000000, 0.000000000000000000, 1.000000000000000000 ) ) ;
#2658 = DIRECTION ( 'NONE',  ( -0.000000000000000000, 0.000000000000000000, -1.000000000000000000 ) ) ;
#2657 = FILL_AREA_STYLE_COLOUR ( '', #8612 ) ;
#2659 = DIRECTION ( 'NONE',  ( -0.000000000000000000, 1.000000000000000000, -0.000000000000000000 ) ) ;
#2660 = CARTESIAN_POINT ( 'NONE',  ( 2.186111111111113114, 2.550000000000002487, 2.499999999999999556 ) ) ;
#2661 = ADVANCED_FACE ( 'NONE', ( #8624 ), #2620, .T. ) ;
#2662 = EDGE_CURVE ( 'NONE', #6999, #2128, #1681, .T. ) ;
#2663 = DIRECTION ( 'NONE',  ( 1.000000000000000000, 0.000000000000000000, 0.000000000000000000 ) ) ;
#2664 = VECTOR ( 'NONE', #10376, 1000.000000000000000 ) ;
#2665 = ORIENTED_EDGE ( 'NONE', *, *, #10657, .T. ) ;
#2666 = VECTOR ( 'NONE', #3791, 1000.000000000000000 ) ;
#2667 = AXIS2_PLACEMENT_3D ( 'NONE', #4887, #5718, #8328 ) ;
#2668 =( NAMED_UNIT ( * ) SI_UNIT ( $, .STERADIAN. ) SOLID_ANGLE_UNIT ( ) );
#2669 = VECTOR ( 'NONE', #10855, 1000.000000000000000 ) ;
#2670 = ORIENTED_EDGE ( 'NONE', *, *, #10433, .T. ) ;
#2671 = CARTESIAN_POINT ( 'NONE',  ( -6.799999999999998934, -2.399999999999999911, 2.839999999999999858 ) ) ;
#2672 = EDGE_CURVE ( 'NONE', #9356, #7231, #6719, .T. ) ;
#2673 = CARTESIAN_POINT ( 'NONE',  ( -2.186111111111112226, 2.550000000000002043, 1.999999999999999556 ) ) ;
#2674 = ADVANCED_FACE ( 'NONE', ( #8472 ), #5974, .F. ) ;
#2675 = PLANE ( 'NONE',  #4163 ) ;
#2676 = ORIENTED_EDGE ( 'NONE', *, *, #3290, .T. ) ;
#2677 = MECHANICAL_DESIGN_GEOMETRIC_PRESENTATION_REPRESENTATION (  '', ( #10027 ), #6246 ) ;
#2678 = AXIS2_PLACEMENT_3D ( 'NONE', #1971, #2689, #3474 ) ;
#2679 = VERTEX_POINT ( 'NONE', #7879 ) ;
#2680 = PRESENTATION_STYLE_ASSIGNMENT (( #1125 ) ) ;
#2681 = FACE_OUTER_BOUND ( 'NONE', #5083, .T. ) ;
#2682 = AXIS2_PLACEMENT_3D ( 'NONE', #257, #3646, #194 ) ;
#2683 = ORIENTED_EDGE ( 'NONE', *, *, #10175, .T. ) ;
#2684 = EDGE_CURVE ( 'NONE', #7518, #7567, #6362, .T. ) ;
#2685 = PRESENTATION_STYLE_ASSIGNMENT (( #6148 ) ) ;
#2686 =( NAMED_UNIT ( * ) SI_UNIT ( $, .STERADIAN. ) SOLID_ANGLE_UNIT ( ) );
#2687 = FILL_AREA_STYLE ('',( #1969 ) ) ;
#2688 = DIRECTION ( 'NONE',  ( -0.000000000000000000, 0.000000000000000000, 1.000000000000000000 ) ) ;
#2689 = DIRECTION ( 'NONE',  ( -1.000000000000000000, 0.000000000000000000, 0.000000000000000000 ) ) ;
#2690 = VECTOR ( 'NONE', #5149, 1000.000000000000000 ) ;
#2691 =( GEOMETRIC_REPRESENTATION_CONTEXT ( 3 ) GLOBAL_UNCERTAINTY_ASSIGNED_CONTEXT ( ( #2610 ) ) GLOBAL_UNIT_ASSIGNED_CONTEXT ( ( #6061, #9406, #216 ) ) REPRESENTATION_CONTEXT ( 'NONE', 'WORKASPACE' ) );
#2692 = ORIENTED_EDGE ( 'NONE', *, *, #716, .F. ) ;
#2693 = ORIENTED_EDGE ( 'NONE', *, *, #9251, .F. ) ;
#2694 = SURFACE_STYLE_FILL_AREA ( #10403 ) ;
#2695 = PLANE ( 'NONE',  #2328 ) ;
#2696 = LINE ( 'NONE', #8708, #1996 ) ;
#2697 =( NAMED_UNIT ( * ) SI_UNIT ( $, .STERADIAN. ) SOLID_ANGLE_UNIT ( ) );
#2698 = PRESENTATION_LAYER_ASSIGNMENT (  '', '', ( #8808 ) ) ;
#2699 = DIRECTION ( 'NONE',  ( -1.000000000000000000, 0.000000000000000000, 0.000000000000000000 ) ) ;
#2700 = ORIENTED_EDGE ( 'NONE', *, *, #9831, .T. ) ;
#2701 = CARTESIAN_POINT ( 'NONE',  ( -6.199999999999972644, -2.399999999999999911, -0.3000000000000003775 ) ) ;
#2702 = CARTESIAN_POINT ( 'NONE',  ( 5.529999999999995808, 0.000000000000000000, 2.230000000000004867 ) ) ;
#2703 = DIRECTION ( 'NONE',  ( 0.000000000000000000, 0.000000000000000000, 1.000000000000000000 ) ) ;
#2704 = FILL_AREA_STYLE_COLOUR ( '', #7260 ) ;
#2705 = CARTESIAN_POINT ( 'NONE',  ( 2.144689754873803533, 2.450000000000002398, -2.000000000000000888 ) ) ;
#2706 = FILL_AREA_STYLE_COLOUR ( '', #1957 ) ;
#2708 = EDGE_CURVE ( 'NONE', #4127, #10662, #7097, .T. ) ;
#2707 = CARTESIAN_POINT ( 'NONE',  ( 6.800000000000078870, -2.399999999999999911, -3.819999999999995399 ) ) ;
#2709 = UNCERTAINTY_MEASURE_WITH_UNIT (LENGTH_MEASURE( 1.000000000000000082E-05 ), #1449, 'distance_accuracy_value', 'NONE');
#2710 = CARTESIAN_POINT ( 'NONE',  ( -2.994689754873801846, 1.600000000000000755, -2.500000000000000888 ) ) ;
#2711 = SURFACE_STYLE_FILL_AREA ( #6980 ) ;
#2712 = ORIENTED_EDGE ( 'NONE', *, *, #3087, .T. ) ;
#2713 = ORIENTED_EDGE ( 'NONE', *, *, #4723, .T. ) ;
#2714 = LINE ( 'NONE', #1677, #10452 ) ;
#2715 = DIRECTION ( 'NONE',  ( 0.000000000000000000, -1.000000000000000000, 0.000000000000000000 ) ) ;
#2716 = FILL_AREA_STYLE_COLOUR ( '', #6066 ) ;
#2717 = UNCERTAINTY_MEASURE_WITH_UNIT (LENGTH_MEASURE( 1.000000000000000082E-05 ), #2418, 'distance_accuracy_value', 'NONE');
#2718 = ORIENTED_EDGE ( 'NONE', *, *, #3495, .T. ) ;
#2719 = COLOUR_RGB ( '',0.8313725490196077761, 0.6705882352941175961, 0.1294117647058823373 ) ;
#2720 = EDGE_CURVE ( 'NONE', #7305, #2630, #8863, .T. ) ;
#2721 = UNCERTAINTY_MEASURE_WITH_UNIT (LENGTH_MEASURE( 1.000000000000000082E-05 ), #8384, 'distance_accuracy_value', 'NONE');
#2722 =( NAMED_UNIT ( * ) PLANE_ANGLE_UNIT ( ) SI_UNIT ( $, .RADIAN. ) );
#2723 =( LENGTH_UNIT ( ) NAMED_UNIT ( * ) SI_UNIT ( .MILLI., .METRE. ) );
#2724 = VECTOR ( 'NONE', #3505, 1000.000000000000000 ) ;
#2725 =( GEOMETRIC_REPRESENTATION_CONTEXT ( 3 ) GLOBAL_UNCERTAINTY_ASSIGNED_CONTEXT ( ( #7085 ) ) GLOBAL_UNIT_ASSIGNED_CONTEXT ( ( #9959, #620, #925 ) ) REPRESENTATION_CONTEXT ( 'NONE', 'WORKASPACE' ) );
#2726 = CARTESIAN_POINT ( 'NONE',  ( 7.770000000000000462, -2.399999999999999911, 4.470000000000006857 ) ) ;
#2727 = EDGE_CURVE ( 'NONE', #3336, #3954, #3789, .T. ) ;
#2728 = COLOUR_RGB ( '',0.8313725490196077761, 0.6705882352941175961, 0.1294117647058823373 ) ;
#2729 = CARTESIAN_POINT ( 'NONE',  ( 3.031990237815518796, 1.704120873295593919, 1.999999999999999556 ) ) ;
#2730 = AXIS2_PLACEMENT_3D ( 'NONE', #103, #3604, #10583 ) ;
#2731 = CARTESIAN_POINT ( 'NONE',  ( 6.800000000000025580, -2.399999999999999911, 0.6600000000000048050 ) ) ;
#2732 = SURFACE_STYLE_FILL_AREA ( #4235 ) ;
#2733 = FILL_AREA_STYLE ('',( #3690 ) ) ;
#2734 = VECTOR ( 'NONE', #8094, 1000.000000000000000 ) ;
#2735 = VECTOR ( 'NONE', #1637, 1000.000000000000000 ) ;
#2736 = ORIENTED_EDGE ( 'NONE', *, *, #4495, .T. ) ;
#2737 = FILL_AREA_STYLE ('',( #1640 ) ) ;
#2738 = CARTESIAN_POINT ( 'NONE',  ( 6.800000000000052225, -2.399999999999999911, -1.879999999999995453 ) ) ;
#2739 = STYLED_ITEM ( 'NONE', ( #3282 ), #10835 ) ;
#2740 = SURFACE_SIDE_STYLE ('',( #8314 ) ) ;
#2741 =( NAMED_UNIT ( * ) SI_UNIT ( $, .STERADIAN. ) SOLID_ANGLE_UNIT ( ) );
#2742 = CARTESIAN_POINT ( 'NONE',  ( -2.994689754873801846, 1.600000000000000755, 1.999999999999999556 ) ) ;
#2743 = ORIENTED_EDGE ( 'NONE', *, *, #9596, .T. ) ;
#2744 = FILL_AREA_STYLE_COLOUR ( '', #2354 ) ;
#2745 = EDGE_CURVE ( 'NONE', #3954, #6989, #2123, .T. ) ;
#2746 = EDGE_LOOP ( 'NONE', ( #5747, #1635, #10817, #10888 ) ) ;
#2747 = CARTESIAN_POINT ( 'NONE',  ( -5.529999999999998472, 0.000000000000000000, 1.269999999999999352 ) ) ;
#2748 = CARTESIAN_POINT ( 'NONE',  ( -6.199999999999945999, -2.399999999999999911, -2.840000000000000302 ) ) ;
#2749 = FACE_BOUND ( 'NONE', #2894, .T. ) ;
#2750 = ORIENTED_EDGE ( 'NONE', *, *, #8385, .T. ) ;
#2751 = VECTOR ( 'NONE', #3411, 1000.000000000000000 ) ;
#2752 = CARTESIAN_POINT ( 'NONE',  ( -7.469999999999999751, -2.399999999999999911, 3.809999999999999609 ) ) ;
#2753 =( NAMED_UNIT ( * ) SI_UNIT ( $, .STERADIAN. ) SOLID_ANGLE_UNIT ( ) );
#2754 = CIRCLE ( 'NONE', #8315, 1.749999999999999778 ) ;
#2755 = CARTESIAN_POINT ( 'NONE',  ( 1.986111111111110716, 2.550000000000002487, 0.4999999999999987232 ) ) ;
#2756 = DIRECTION ( 'NONE',  ( 1.000000000000000000, -0.000000000000000000, -0.000000000000000000 ) ) ;
#2757 = SURFACE_SIDE_STYLE ('',( #5375 ) ) ;
#2758 = FACE_OUTER_BOUND ( 'NONE', #4938, .T. ) ;
#2759 = COLOUR_RGB ( '',0.2980392156862745057, 0.2980392156862745057, 0.2980392156862745057 ) ;
#2760 = VERTEX_POINT ( 'NONE', #1176 ) ;
#2761 = CARTESIAN_POINT ( 'NONE',  ( -5.229999999999999538, 0.000000000000000000, -1.569999999999998508 ) ) ;
#2762 = SURFACE_STYLE_FILL_AREA ( #6871 ) ;
#2763 = VECTOR ( 'NONE', #6170, 1000.000000000000000 ) ;
#2764 =( NAMED_UNIT ( * ) PLANE_ANGLE_UNIT ( ) SI_UNIT ( $, .RADIAN. ) );
#2765 = DIRECTION ( 'NONE',  ( -1.000000000000000000, 0.000000000000000000, 0.000000000000000000 ) ) ;
#2766 = DIRECTION ( 'NONE',  ( 0.000000000000000000, 1.000000000000000000, 0.000000000000000000 ) ) ;
#2767 =( NAMED_UNIT ( * ) SI_UNIT ( $, .STERADIAN. ) SOLID_ANGLE_UNIT ( ) );
#2768 = ORIENTED_EDGE ( 'NONE', *, *, #522, .T. ) ;
#2769 = PRESENTATION_LAYER_ASSIGNMENT (  '', '', ( #8340 ) ) ;
#2770 = CARTESIAN_POINT ( 'NONE',  ( 2.994689754873803622, 1.600000000000001421, 1.999999999999999556 ) ) ;
#2771 = EDGE_CURVE ( 'NONE', #5134, #2209, #8979, .T. ) ;
#2772 = SURFACE_STYLE_FILL_AREA ( #9688 ) ;
#2773 = LINE ( 'NONE', #9359, #2372 ) ;
#2774 = SURFACE_STYLE_USAGE ( .BOTH. , #54 ) ;
#2775 = LINE ( 'NONE', #3391, #1137 ) ;
#2776 = ORIENTED_EDGE ( 'NONE', *, *, #2600, .T. ) ;
#2777 =( GEOMETRIC_REPRESENTATION_CONTEXT ( 3 ) GLOBAL_UNCERTAINTY_ASSIGNED_CONTEXT ( ( #7096 ) ) GLOBAL_UNIT_ASSIGNED_CONTEXT ( ( #3890, #7092, #6357 ) ) REPRESENTATION_CONTEXT ( 'NONE', 'WORKASPACE' ) );
#2778 = LINE ( 'NONE', #5286, #5046 ) ;
#2779 = FILL_AREA_STYLE ('',( #3453 ) ) ;
#2780 = VERTEX_POINT ( 'NONE', #6243 ) ;
#2781 = PRESENTATION_STYLE_ASSIGNMENT (( #5345 ) ) ;
#2782 =( GEOMETRIC_REPRESENTATION_CONTEXT ( 3 ) GLOBAL_UNCERTAINTY_ASSIGNED_CONTEXT ( ( #10714 ) ) GLOBAL_UNIT_ASSIGNED_CONTEXT ( ( #277, #1388, #7849 ) ) REPRESENTATION_CONTEXT ( 'NONE', 'WORKASPACE' ) );
#2783 = VERTEX_POINT ( 'NONE', #3566 ) ;
#2784 = CARTESIAN_POINT ( 'NONE',  ( -2.144689754873802645, 2.450000000000001954, 0.4999999999999995559 ) ) ;
#2785 = SURFACE_SIDE_STYLE ('',( #10502 ) ) ;
#2786 = EDGE_CURVE ( 'NONE', #4836, #5864, #9695, .T. ) ;
#2787 = DIRECTION ( 'NONE',  ( 0.000000000000000000, -1.000000000000000000, 0.000000000000000000 ) ) ;
#2788 = SURFACE_STYLE_FILL_AREA ( #10504 ) ;
#2789 =( NAMED_UNIT ( * ) PLANE_ANGLE_UNIT ( ) SI_UNIT ( $, .RADIAN. ) );
#2790 = VECTOR ( 'NONE', #1086, 1000.000000000000000 ) ;
#2791 = PLANE ( 'NONE',  #8573 ) ;
#2792 = LINE ( 'NONE', #6203, #2058 ) ;
#2793 = EDGE_CURVE ( 'NONE', #5125, #9087, #2889, .T. ) ;
#2794 = STYLED_ITEM ( 'NONE', ( #2327 ), #3557 ) ;
#2796 = ADVANCED_FACE ( 'NONE', ( #1292 ), #6880, .T. ) ;
#2795 = SURFACE_SIDE_STYLE ('',( #7008 ) ) ;
#2797 = ORIENTED_EDGE ( 'NONE', *, *, #10221, .F. ) ;
#2798 = ORIENTED_EDGE ( 'NONE', *, *, #1044, .F. ) ;
#2799 =( NAMED_UNIT ( * ) SI_UNIT ( $, .STERADIAN. ) SOLID_ANGLE_UNIT ( ) );
#2800 = FILL_AREA_STYLE_COLOUR ( '', #912 ) ;
#2801 = FILL_AREA_STYLE_COLOUR ( '', #3508 ) ;
#2802 = PLANE ( 'NONE',  #4977 ) ;
#2803 = CARTESIAN_POINT ( 'NONE',  ( -3.231990237815517641, 1.600000000000000755, 2.499999999999999556 ) ) ;
#2804 =( NAMED_UNIT ( * ) PLANE_ANGLE_UNIT ( ) SI_UNIT ( $, .RADIAN. ) );
#2806 = EDGE_CURVE ( 'NONE', #8083, #3150, #297, .T. ) ;
#2805 = SURFACE_STYLE_USAGE ( .BOTH. , #10527 ) ;
#2807 = VERTEX_POINT ( 'NONE', #409 ) ;
#2808 = CARTESIAN_POINT ( 'NONE',  ( 6.800000000000025580, -7.899999999999999467, 0.6600000000000048050 ) ) ;
#2809 = EDGE_CURVE ( 'NONE', #8121, #2378, #7208, .T. ) ;
#2810 = DIRECTION ( 'NONE',  ( -1.000000000000000000, 0.000000000000000000, 1.334402673828314621E-15 ) ) ;
#2811 = LINE ( 'NONE', #5443, #4121 ) ;
#2812 = ORIENTED_EDGE ( 'NONE', *, *, #9951, .T. ) ;
#2813 = CARTESIAN_POINT ( 'NONE',  ( 6.678066852858560942, -7.899999999999999467, 1.260000000000004672 ) ) ;
#2814 = COLOUR_RGB ( '',0.8941176470588234615, 0.9137254901960784048, 0.9294117647058823817 ) ;
#2815 = SURFACE_SIDE_STYLE ('',( #6973 ) ) ;
#2816 = CARTESIAN_POINT ( 'NONE',  ( -6.199999999999972644, -7.899999999999999467, -0.3000000000000003775 ) ) ;
#2817 = FACE_OUTER_BOUND ( 'NONE', #3874, .T. ) ;
#2818 = SURFACE_STYLE_FILL_AREA ( #5382 ) ;
#2819 = UNCERTAINTY_MEASURE_WITH_UNIT (LENGTH_MEASURE( 1.000000000000000082E-05 ), #8912, 'distance_accuracy_value', 'NONE');
#2820 = CARTESIAN_POINT ( 'NONE',  ( 6.200000000000052580, -7.649999999999998579, -1.279999999999995586 ) ) ;
#2821 = FILL_AREA_STYLE ('',( #10537 ) ) ;
#2822 = EDGE_LOOP ( 'NONE', ( #9957, #2059, #9877, #9801 ) ) ;
#2823 =( GEOMETRIC_REPRESENTATION_CONTEXT ( 3 ) GLOBAL_UNCERTAINTY_ASSIGNED_CONTEXT ( ( #5067 ) ) GLOBAL_UNIT_ASSIGNED_CONTEXT ( ( #7090, #7874, #2946 ) ) REPRESENTATION_CONTEXT ( 'NONE', 'WORKASPACE' ) );
#2824 = VECTOR ( 'NONE', #3174, 1000.000000000000000 ) ;
#2825 = MECHANICAL_DESIGN_GEOMETRIC_PRESENTATION_REPRESENTATION (  '', ( #6598 ), #10190 ) ;
#2826 = COLOUR_RGB ( '',0.8313725490196077761, 0.6705882352941175961, 0.1294117647058823373 ) ;
#2827 = DIRECTION ( 'NONE',  ( 0.000000000000000000, -0.000000000000000000, -1.000000000000000000 ) ) ;
#2828 = DIRECTION ( 'NONE',  ( 0.000000000000000000, 0.000000000000000000, -1.000000000000000000 ) ) ;
#2829 = LINE ( 'NONE', #6298, #10995 ) ;
#2830 = UNCERTAINTY_MEASURE_WITH_UNIT (LENGTH_MEASURE( 1.000000000000000082E-05 ), #9064, 'distance_accuracy_value', 'NONE');
#2831 = EDGE_LOOP ( 'NONE', ( #8112, #678, #7746, #4015 ) ) ;
#2832 = LINE ( 'NONE', #5341, #4976 ) ;
#2833 = UNCERTAINTY_MEASURE_WITH_UNIT (LENGTH_MEASURE( 1.000000000000000082E-05 ), #3534, 'distance_accuracy_value', 'NONE');
#2834 = VECTOR ( 'NONE', #172, 1000.000000000000000 ) ;
#2835 = CARTESIAN_POINT ( 'NONE',  ( -1.986111111111112049, 2.450000000000001954, -1.000000000000000444 ) ) ;
#2836 = CARTESIAN_POINT ( 'NONE',  ( -6.799999999999945643, -7.899999999999999467, -2.240000000000000657 ) ) ;
#2837 = VECTOR ( 'NONE', #10743, 1000.000000000000000 ) ;
#2838 = CARTESIAN_POINT ( 'NONE',  ( -6.321933147141439946, -7.899999999999999467, 0.2999999999999996003 ) ) ;
#2839 =( NAMED_UNIT ( * ) SI_UNIT ( $, .STERADIAN. ) SOLID_ANGLE_UNIT ( ) );
#2840 = VERTEX_POINT ( 'NONE', #233 ) ;
#2841 = STYLED_ITEM ( 'NONE', ( #7817 ), #5322 ) ;
#2842 = VECTOR ( 'NONE', #1814, 1000.000000000000114 ) ;
#2843 = CARTESIAN_POINT ( 'NONE',  ( 5.229999999999997762, -2.399999999999999911, -2.549999999999998046 ) ) ;
#2844 = LINE ( 'NONE', #8876, #6260 ) ;
#2845 = ORIENTED_EDGE ( 'NONE', *, *, #7606, .F. ) ;
#2846 = ORIENTED_EDGE ( 'NONE', *, *, #10514, .F. ) ;
#2847 = CARTESIAN_POINT ( 'NONE',  ( 7.999999999999992895, 1.600000000000000089, -6.250000000000007105 ) ) ;
#2848 = EDGE_CURVE ( 'NONE', #7231, #4964, #10498, .T. ) ;
#2849 = SURFACE_SIDE_STYLE ('',( #10343 ) ) ;
#2850 = EDGE_CURVE ( 'NONE', #5344, #1820, #5624, .T. ) ;
#2851 =( LENGTH_UNIT ( ) NAMED_UNIT ( * ) SI_UNIT ( .MILLI., .METRE. ) );
#2852 =( NAMED_UNIT ( * ) SI_UNIT ( $, .STERADIAN. ) SOLID_ANGLE_UNIT ( ) );
#2853 = ORIENTED_EDGE ( 'NONE', *, *, #5051, .T. ) ;
#2854 = ORIENTED_EDGE ( 'NONE', *, *, #9461, .T. ) ;
#2855 = CARTESIAN_POINT ( 'NONE',  ( -3.031990237815517908, 1.704120873295593253, -2.000000000000000888 ) ) ;
#2856 = VERTEX_POINT ( 'NONE', #10827 ) ;
#2857 = COLOUR_RGB ( '',0.8313725490196077761, 0.6705882352941175961, 0.1294117647058823373 ) ;
#2858 =( LENGTH_UNIT ( ) NAMED_UNIT ( * ) SI_UNIT ( .MILLI., .METRE. ) );
#2859 = DIRECTION ( 'NONE',  ( -0.7071067811865463515, 0.7071067811865487940, 0.000000000000000000 ) ) ;
#2860 = VECTOR ( 'NONE', #2927, 1000.000000000000227 ) ;
#2861 = CARTESIAN_POINT ( 'NONE',  ( 3.231990237815519418, 1.600000000000001643, 0.4999999999999995559 ) ) ;
#2862 = EDGE_CURVE ( 'NONE', #3415, #10639, #2276, .T. ) ;
#2863 = LINE ( 'NONE', #6270, #7294 ) ;
#2864 = DIRECTION ( 'NONE',  ( 0.000000000000000000, 1.000000000000000000, 0.000000000000000000 ) ) ;
#2865 = ORIENTED_EDGE ( 'NONE', *, *, #1629, .T. ) ;
#2866 = ORIENTED_EDGE ( 'NONE', *, *, #9744, .F. ) ;
#2867 = AXIS2_PLACEMENT_3D ( 'NONE', #7494, #1545, #1430 ) ;
#2868 = STYLED_ITEM ( 'NONE', ( #6716 ), #6193 ) ;
#2869 = LINE ( 'NONE', #7911, #7421 ) ;
#2870 = CARTESIAN_POINT ( 'NONE',  ( -2.649999999999995914, 1.600000000000000089, 6.000000000000000000 ) ) ;
#2871 = FILL_AREA_STYLE_COLOUR ( '', #8260 ) ;
#2872 = ORIENTED_EDGE ( 'NONE', *, *, #755, .F. ) ;
#2873 =( NAMED_UNIT ( * ) PLANE_ANGLE_UNIT ( ) SI_UNIT ( $, .RADIAN. ) );
#2874 = EDGE_CURVE ( 'NONE', #6492, #4242, #1405, .T. ) ;
#2875 = FILL_AREA_STYLE_COLOUR ( '', #901 ) ;
#2876 = ADVANCED_FACE ( 'NONE', ( #1466 ), #9135, .F. ) ;
#2877 = SURFACE_SIDE_STYLE ('',( #4110 ) ) ;
#2878 = CARTESIAN_POINT ( 'NONE',  ( 2.144689754873803533, 2.450000000000002398, -2.500000000000000888 ) ) ;
#2879 = ORIENTED_EDGE ( 'NONE', *, *, #1651, .T. ) ;
#2880 = PRESENTATION_LAYER_ASSIGNMENT (  '', '', ( #1653 ) ) ;
#2881 =( NAMED_UNIT ( * ) SI_UNIT ( $, .STERADIAN. ) SOLID_ANGLE_UNIT ( ) );
#2882 = ORIENTED_EDGE ( 'NONE', *, *, #10793, .T. ) ;
#2883 = MECHANICAL_DESIGN_GEOMETRIC_PRESENTATION_REPRESENTATION (  '', ( #2525 ), #2003 ) ;
#2884 = LINE ( 'NONE', #1284, #9114 ) ;
#2885 = DIRECTION ( 'NONE',  ( -1.000000000000000000, 0.000000000000000000, 0.000000000000000000 ) ) ;
#2886 = LINE ( 'NONE', #6990, #721 ) ;
#2887 = COLOUR_RGB ( '',0.8313725490196077761, 0.6705882352941175961, 0.1294117647058823373 ) ;
#2888 = LINE ( 'NONE', #1291, #2988 ) ;
#2889 = LINE ( 'NONE', #1230, #3661 ) ;
#2890 = FILL_AREA_STYLE_COLOUR ( '', #9379 ) ;
#2891 = SURFACE_SIDE_STYLE ('',( #7211 ) ) ;
#2892 = MECHANICAL_DESIGN_GEOMETRIC_PRESENTATION_REPRESENTATION (  '', ( #5379 ), #10624 ) ;
#2893 = CARTESIAN_POINT ( 'NONE',  ( 0.000000000000000000, 0.000000000000000000, -2.000000000000000888 ) ) ;
#2894 = EDGE_LOOP ( 'NONE', ( #7374, #6899, #3564, #9264 ) ) ;
#2895 = CIRCLE ( 'NONE', #9901, 0.01226741143414006308 ) ;
#2896 = FACE_OUTER_BOUND ( 'NONE', #10496, .T. ) ;
#2897 = VERTEX_POINT ( 'NONE', #4779 ) ;
#2898 =( NAMED_UNIT ( * ) SI_UNIT ( $, .STERADIAN. ) SOLID_ANGLE_UNIT ( ) );
#2899 = STYLED_ITEM ( 'NONE', ( #7906 ), #10212 ) ;
#2900 = CARTESIAN_POINT ( 'NONE',  ( 3.949999999999999734, 2.100000000000000089, 8.000000000000000000 ) ) ;
#2901 = PLANE ( 'NONE',  #5549 ) ;
#2902 = FACE_OUTER_BOUND ( 'NONE', #10025, .T. ) ;
#2903 = ORIENTED_EDGE ( 'NONE', *, *, #5534, .F. ) ;
#2904 = DIRECTION ( 'NONE',  ( 0.000000000000000000, 0.000000000000000000, -1.000000000000000000 ) ) ;
#2905 = VECTOR ( 'NONE', #9797, 1000.000000000000000 ) ;
#2906 = FILL_AREA_STYLE ('',( #7377 ) ) ;
#2907 =( NAMED_UNIT ( * ) PLANE_ANGLE_UNIT ( ) SI_UNIT ( $, .RADIAN. ) );
#2908 = PRESENTATION_LAYER_ASSIGNMENT (  '', '', ( #4143 ) ) ;
#2909 =( GEOMETRIC_REPRESENTATION_CONTEXT ( 3 ) GLOBAL_UNCERTAINTY_ASSIGNED_CONTEXT ( ( #8683 ) ) GLOBAL_UNIT_ASSIGNED_CONTEXT ( ( #7429, #4575, #693 ) ) REPRESENTATION_CONTEXT ( 'NONE', 'WORKASPACE' ) );
#2910 = PLANE ( 'NONE',  #1104 ) ;
#2911 = AXIS2_PLACEMENT_3D ( 'NONE', #5296, #6092, #9489 ) ;
#2912 = ORIENTED_EDGE ( 'NONE', *, *, #7922, .T. ) ;
#2913 = ORIENTED_EDGE ( 'NONE', *, *, #10012, .T. ) ;
#2914 = FILL_AREA_STYLE_COLOUR ( '', #6579 ) ;
#2915 = SURFACE_STYLE_USAGE ( .BOTH. , #4564 ) ;
#2916 = EDGE_CURVE ( 'NONE', #6738, #8195, #1519, .T. ) ;
#2917 = AXIS2_PLACEMENT_3D ( 'NONE', #7389, #10852, #6441 ) ;
#2918 = CARTESIAN_POINT ( 'NONE',  ( -6.760066320507255533, -8.798306128475207544, 2.279933679492742282 ) ) ;
#2919 = CARTESIAN_POINT ( 'NONE',  ( -11.49999999999999645, 1.600000000000000089, -9.499999999999996447 ) ) ;
#2920 = VECTOR ( 'NONE', #5849, 1000.000000000000000 ) ;
#2921 = FACE_OUTER_BOUND ( 'NONE', #7133, .T. ) ;
#2922 = DIRECTION ( 'NONE',  ( 0.000000000000000000, -0.000000000000000000, 1.000000000000000000 ) ) ;
#2923 =( LENGTH_UNIT ( ) NAMED_UNIT ( * ) SI_UNIT ( .MILLI., .METRE. ) );
#2924 = FILL_AREA_STYLE_COLOUR ( '', #4004 ) ;
#2925 = EDGE_LOOP ( 'NONE', ( #2118, #2516, #10528, #2242 ) ) ;
#2926 = ORIENTED_EDGE ( 'NONE', *, *, #2203, .T. ) ;
#2927 = DIRECTION ( 'NONE',  ( -0.4014883995042272669, -0.8231732078530424879, 0.4014883995042271558 ) ) ;
#2928 = PRESENTATION_STYLE_ASSIGNMENT (( #7184 ) ) ;
#2929 = DIRECTION ( 'NONE',  ( 1.000000000000000000, -0.000000000000000000, -0.000000000000000000 ) ) ;
#2930 = ORIENTED_EDGE ( 'NONE', *, *, #8385, .F. ) ;
#2931 = DIRECTION ( 'NONE',  ( 1.000000000000000000, 0.000000000000000000, 1.445602896647339903E-15 ) ) ;
#2932 = LINE ( 'NONE', #5554, #9312 ) ;
#2933 = VECTOR ( 'NONE', #9324, 1000.000000000000000 ) ;
#2934 = FACE_OUTER_BOUND ( 'NONE', #5603, .T. ) ;
#2935 = PLANE ( 'NONE',  #8770 ) ;
#2936 = FILL_AREA_STYLE_COLOUR ( '', #10254 ) ;
#2937 = UNCERTAINTY_MEASURE_WITH_UNIT (LENGTH_MEASURE( 1.000000000000000082E-05 ), #5162, 'distance_accuracy_value', 'NONE');
#2938 = MECHANICAL_DESIGN_GEOMETRIC_PRESENTATION_REPRESENTATION (  '', ( #5795 ), #5769 ) ;
#2940 = ADVANCED_FACE ( 'NONE', ( #516 ), #10716, .F. ) ;
#2939 = FILL_AREA_STYLE ('',( #1455 ) ) ;
#2941 = EDGE_CURVE ( 'NONE', #6748, #7462, #2224, .T. ) ;
#2942 = ORIENTED_EDGE ( 'NONE', *, *, #2916, .T. ) ;
#2943 = STYLED_ITEM ( 'NONE', ( #7551 ), #9144 ) ;
#2944 = CARTESIAN_POINT ( 'NONE',  ( 3.231990237815518530, 1.704120873295594141, 0.4999999999999995559 ) ) ;
#2945 = ORIENTED_EDGE ( 'NONE', *, *, #10283, .T. ) ;
#2946 =( NAMED_UNIT ( * ) SI_UNIT ( $, .STERADIAN. ) SOLID_ANGLE_UNIT ( ) );
#2947 = VECTOR ( 'NONE', #606, 1000.000000000000000 ) ;
#2948 = DIRECTION ( 'NONE',  ( -8.330334836186190947E-15, 1.000000000000000000, 0.000000000000000000 ) ) ;
#2949 = LINE ( 'NONE', #10542, #5578 ) ;
#2950 = PRODUCT_DEFINITION_CONTEXT ( 'detailed design', #4598, 'design' ) ;
#2951 = LINE ( 'NONE', #2121, #1949 ) ;
#2952 = VECTOR ( 'NONE', #4770, 999.9999999999998863 ) ;
#2953 = UNCERTAINTY_MEASURE_WITH_UNIT (LENGTH_MEASURE( 1.000000000000000082E-05 ), #276, 'distance_accuracy_value', 'NONE');
#2954 = SURFACE_STYLE_USAGE ( .BOTH. , #10664 ) ;
#2955 = CARTESIAN_POINT ( 'NONE',  ( -7.769999999999999574, -2.399999999999999911, 1.569999999999997176 ) ) ;
#2956 = ORIENTED_EDGE ( 'NONE', *, *, #1107, .F. ) ;
#2957 = PRESENTATION_STYLE_ASSIGNMENT (( #412 ) ) ;
#2958 = AXIS2_PLACEMENT_3D ( 'NONE', #416, #8001, #8932 ) ;
#2959 = ADVANCED_FACE ( 'NONE', ( #2335 ), #568, .F. ) ;
#2960 = VERTEX_POINT ( 'NONE', #8958 ) ;
#2961 = EDGE_CURVE ( 'NONE', #9703, #9811, #10532, .T. ) ;
#2962 = PRESENTATION_LAYER_ASSIGNMENT (  '', '', ( #4533 ) ) ;
#2963 = VERTEX_POINT ( 'NONE', #2761 ) ;
#2964 = FILL_AREA_STYLE ('',( #6370 ) ) ;
#2965 = EDGE_LOOP ( 'NONE', ( #8953, #8319, #1143, #6680 ) ) ;
#2966 = CIRCLE ( 'NONE', #9248, 0.01226741143414006308 ) ;
#2967 = CARTESIAN_POINT ( 'NONE',  ( -0.6500000000000001332, 1.600000000000000089, 6.000000000000000000 ) ) ;
#2968 = ORIENTED_EDGE ( 'NONE', *, *, #1792, .T. ) ;
#2969 = SURFACE_STYLE_USAGE ( .BOTH. , #10791 ) ;
#2970 = ORIENTED_EDGE ( 'NONE', *, *, #6128, .F. ) ;
#2971 = PLANE ( 'NONE',  #2917 ) ;
#2972 =( NAMED_UNIT ( * ) PLANE_ANGLE_UNIT ( ) SI_UNIT ( $, .RADIAN. ) );
#2973 = CARTESIAN_POINT ( 'NONE',  ( 6.200000000000052580, -7.899999999999999467, -1.879999999999995453 ) ) ;
#2974 = SURFACE_STYLE_USAGE ( .BOTH. , #2147 ) ;
#2975 = CARTESIAN_POINT ( 'NONE',  ( -9.499999999999994671, 0.000000000000000000, 11.50000000000000533 ) ) ;
#2976 =( NAMED_UNIT ( * ) SI_UNIT ( $, .STERADIAN. ) SOLID_ANGLE_UNIT ( ) );
#2977 = EDGE_LOOP ( 'NONE', ( #9278, #437, #86, #10969 ) ) ;
#2978 = EDGE_CURVE ( 'NONE', #7999, #7778, #8148, .T. ) ;
#2979 = EDGE_LOOP ( 'NONE', ( #468, #9820, #4931, #10524 ) ) ;
#2980 = SURFACE_STYLE_FILL_AREA ( #1384 ) ;
#2981 = ORIENTED_EDGE ( 'NONE', *, *, #995, .T. ) ;
#2982 = PRESENTATION_STYLE_ASSIGNMENT (( #10698 ) ) ;
#2983 = ORIENTED_EDGE ( 'NONE', *, *, #8054, .F. ) ;
#2984 = SURFACE_SIDE_STYLE ('',( #6393 ) ) ;
#2985 = DIRECTION ( 'NONE',  ( -0.000000000000000000, 1.000000000000000000, -0.000000000000000000 ) ) ;
#2986 = PRESENTATION_STYLE_ASSIGNMENT (( #10702 ) ) ;
#2987 =( LENGTH_UNIT ( ) NAMED_UNIT ( * ) SI_UNIT ( .MILLI., .METRE. ) );
#2988 = VECTOR ( 'NONE', #6304, 1000.000000000000000 ) ;
#2989 = CARTESIAN_POINT ( 'NONE',  ( 2.186111111111113114, 2.550000000000002487, -1.000000000000000444 ) ) ;
#2990 = EDGE_CURVE ( 'NONE', #3370, #7266, #390, .T. ) ;
#2991 = CARTESIAN_POINT ( 'NONE',  ( 6.800000000000078870, -7.649999999999995026, -4.419999999999995488 ) ) ;
#2992 = VERTEX_POINT ( 'NONE', #7975 ) ;
#2993 = ORIENTED_EDGE ( 'NONE', *, *, #3343, .F. ) ;
#2994 = LINE ( 'NONE', #1942, #6233 ) ;
#2995 = VECTOR ( 'NONE', #503, 1000.000000000000000 ) ;
#2996 = MECHANICAL_DESIGN_GEOMETRIC_PRESENTATION_REPRESENTATION (  '', ( #1589 ), #10180 ) ;
#2997 = DIRECTION ( 'NONE',  ( -0.000000000000000000, -0.000000000000000000, -1.000000000000000000 ) ) ;
#2998 = CARTESIAN_POINT ( 'NONE',  ( 6.800000000000025580, -7.649999999999998579, 0.6600000000000048050 ) ) ;
#2999 = CARTESIAN_POINT ( 'NONE',  ( -1.986111111111112049, 2.450000000000001954, 1.999999999999999556 ) ) ;
#3000 = EDGE_CURVE ( 'NONE', #1479, #9192, #9617, .T. ) ;
#3001 = ORIENTED_EDGE ( 'NONE', *, *, #3893, .F. ) ;
#3002 = CARTESIAN_POINT ( 'NONE',  ( -2.649999999999995914, 2.100000000000000089, 8.000000000000000000 ) ) ;
#3003 =( NAMED_UNIT ( * ) SI_UNIT ( $, .STERADIAN. ) SOLID_ANGLE_UNIT ( ) );
#3004 = DIRECTION ( 'NONE',  ( 0.000000000000000000, 0.000000000000000000, -1.000000000000000000 ) ) ;
#3005 = DIRECTION ( 'NONE',  ( -1.000000000000000000, -1.084202172485504040E-15, 0.000000000000000000 ) ) ;
#3006 = MECHANICAL_DESIGN_GEOMETRIC_PRESENTATION_REPRESENTATION (  '', ( #4244 ), #7298 ) ;
#3007 = STYLED_ITEM ( 'NONE', ( #186 ), #3907 ) ;
#3008 = ORIENTED_EDGE ( 'NONE', *, *, #2637, .T. ) ;
#3009 = DIRECTION ( 'NONE',  ( 5.368498217537953495E-17, -0.8987940462991681478, 0.4383711467890751279 ) ) ;
#3010 = PLANE ( 'NONE',  #542 ) ;
#3011 = LINE ( 'NONE', #4553, #4487 ) ;
#3012 = SURFACE_STYLE_FILL_AREA ( #7274 ) ;
#3013 = VECTOR ( 'NONE', #7633, 1000.000000000000114 ) ;
#3014 = CARTESIAN_POINT ( 'NONE',  ( -6.678066852858531632, -7.899999999999999467, 2.361933147141466627 ) ) ;
#3015 = ADVANCED_FACE ( 'NONE', ( #9676 ), #443, .F. ) ;
#3016 = ORIENTED_EDGE ( 'NONE', *, *, #1106, .F. ) ;
#3017 = EDGE_CURVE ( 'NONE', #9962, #2554, #2155, .T. ) ;
#3018 =( LENGTH_UNIT ( ) NAMED_UNIT ( * ) SI_UNIT ( .MILLI., .METRE. ) );
#3019 = ORIENTED_EDGE ( 'NONE', *, *, #5892, .T. ) ;
#3020 = DIRECTION ( 'NONE',  ( 1.000000000000000000, 0.000000000000000000, -0.000000000000000000 ) ) ;
#3021 =( NAMED_UNIT ( * ) PLANE_ANGLE_UNIT ( ) SI_UNIT ( $, .RADIAN. ) );
#3022 =( NAMED_UNIT ( * ) PLANE_ANGLE_UNIT ( ) SI_UNIT ( $, .RADIAN. ) );
#3023 =( GEOMETRIC_REPRESENTATION_CONTEXT ( 3 ) GLOBAL_UNCERTAINTY_ASSIGNED_CONTEXT ( ( #6078 ) ) GLOBAL_UNIT_ASSIGNED_CONTEXT ( ( #1563, #4099, #5841 ) ) REPRESENTATION_CONTEXT ( 'NONE', 'WORKASPACE' ) );
#3024 = CIRCLE ( 'NONE', #6783, 0.01226741143414006308 ) ;
#3025 = CARTESIAN_POINT ( 'NONE',  ( 3.231990237815519418, 1.600000000000001643, -2.500000000000000888 ) ) ;
#3026 = VECTOR ( 'NONE', #5596, 1000.000000000000000 ) ;
#3027 = ORIENTED_EDGE ( 'NONE', *, *, #1467, .T. ) ;
#3028 = VERTEX_POINT ( 'NONE', #1100 ) ;
#3029 = ORIENTED_EDGE ( 'NONE', *, *, #8323, .F. ) ;
#3030 = FILL_AREA_STYLE ('',( #536 ) ) ;
#3031 = FILL_AREA_STYLE ('',( #487 ) ) ;
#3032 = ADVANCED_FACE ( 'NONE', ( #8897 ), #1213, .T. ) ;
#3033 = FILL_AREA_STYLE ('',( #539 ) ) ;
#3034 = VECTOR ( 'NONE', #632, 1000.000000000000000 ) ;
#3035 = VECTOR ( 'NONE', #5556, 1000.000000000000000 ) ;
#3036 = DIRECTION ( 'NONE',  ( 0.4014883995042270448, 0.8231732078530425989, -0.4014883995042270448 ) ) ;
#3037 = SURFACE_SIDE_STYLE ('',( #7290 ) ) ;
#3038 = ORIENTED_EDGE ( 'NONE', *, *, #2455, .F. ) ;
#3039 = PLANE ( 'NONE',  #3219 ) ;
#3040 =( GEOMETRIC_REPRESENTATION_CONTEXT ( 3 ) GLOBAL_UNCERTAINTY_ASSIGNED_CONTEXT ( ( #4389 ) ) GLOBAL_UNIT_ASSIGNED_CONTEXT ( ( #2642, #4361, #5254 ) ) REPRESENTATION_CONTEXT ( 'NONE', 'WORKASPACE' ) );
#3041 = STYLED_ITEM ( 'NONE', ( #9630 ), #5781 ) ;
#3042 = DIRECTION ( 'NONE',  ( -0.000000000000000000, 1.000000000000000000, -0.000000000000000000 ) ) ;
#3043 =( NAMED_UNIT ( * ) PLANE_ANGLE_UNIT ( ) SI_UNIT ( $, .RADIAN. ) );
#3044 = VECTOR ( 'NONE', #11067, 1000.000000000000000 ) ;
#3045 = SURFACE_SIDE_STYLE ('',( #8259 ) ) ;
#3046 = FILL_AREA_STYLE ('',( #2936 ) ) ;
#3047 = UNCERTAINTY_MEASURE_WITH_UNIT (LENGTH_MEASURE( 1.000000000000000082E-05 ), #2216, 'distance_accuracy_value', 'NONE');
#3048 = VECTOR ( 'NONE', #8348, 1000.000000000000000 ) ;
#3049 = CARTESIAN_POINT ( 'NONE',  ( 1.986111111111112937, 2.450000000000002398, 1.999999999999999556 ) ) ;
#3050 = COLOUR_RGB ( '',0.8941176470588234615, 0.9137254901960784048, 0.9294117647058823817 ) ;
#3051 = PLANE ( 'NONE',  #1366 ) ;
#3052 = ORIENTED_EDGE ( 'NONE', *, *, #4319, .F. ) ;
#3053 = CARTESIAN_POINT ( 'NONE',  ( 7.770000000000000462, 0.000000000000000000, 1.930000000000009486 ) ) ;
#3054 = LINE ( 'NONE', #7411, #9030 ) ;
#3055 = EDGE_CURVE ( 'NONE', #5373, #1439, #9996, .T. ) ;
#3056 = SURFACE_SIDE_STYLE ('',( #1226 ) ) ;
#3057 = DIRECTION ( 'NONE',  ( 0.7071067811865501263, 0.000000000000000000, 0.7071067811865450192 ) ) ;
#3058 = UNCERTAINTY_MEASURE_WITH_UNIT (LENGTH_MEASURE( 1.000000000000000082E-05 ), #5325, 'distance_accuracy_value', 'NONE');
#3059 = DIRECTION ( 'NONE',  ( 0.000000000000000000, 0.000000000000000000, -1.000000000000000000 ) ) ;
#3060 = PLANE ( 'NONE',  #8850 ) ;
#3061 = SURFACE_SIDE_STYLE ('',( #1294 ) ) ;
#3062 = COLOUR_RGB ( '',0.2980392156862745057, 0.2980392156862745057, 0.2980392156862745057 ) ;
#3063 = ORIENTED_EDGE ( 'NONE', *, *, #10798, .F. ) ;
#3064 = CARTESIAN_POINT ( 'NONE',  ( -1.986111111111112049, 2.450000000000001066, -2.500000000000000000 ) ) ;
#3065 = PRESENTATION_STYLE_ASSIGNMENT (( #2181 ) ) ;
#3066 = PRESENTATION_STYLE_ASSIGNMENT (( #7323 ) ) ;
#3067 = MECHANICAL_DESIGN_GEOMETRIC_PRESENTATION_REPRESENTATION (  '', ( #4129 ), #4659 ) ;
#3068 = DIRECTION ( 'NONE',  ( 0.000000000000000000, 0.000000000000000000, -1.000000000000000000 ) ) ;
#3069 = SURFACE_SIDE_STYLE ('',( #9043 ) ) ;
#3070 = VERTEX_POINT ( 'NONE', #10809 ) ;
#3071 = DIRECTION ( 'NONE',  ( -0.4014883995042272113, 0.8231732078530423768, 0.4014883995042272113 ) ) ;
#3072 = CARTESIAN_POINT ( 'NONE',  ( 3.231990237815518530, 1.704120873295594141, -2.500000000000000888 ) ) ;
#3073 = CARTESIAN_POINT ( 'NONE',  ( 3.231990237815519418, 1.600000000000001643, 0.9999999999999995559 ) ) ;
#3074 = COLOUR_RGB ( '',1.000000000000000000, 0.9372549019607843146, 0.1372549019607843257 ) ;
#3075 = PRESENTATION_STYLE_ASSIGNMENT (( #8244 ) ) ;
#3076 = EDGE_CURVE ( 'NONE', #5664, #10851, #10127, .T. ) ;
#3077 = EDGE_CURVE ( 'NONE', #10593, #10447, #5713, .T. ) ;
#3078 = ORIENTED_EDGE ( 'NONE', *, *, #10200, .F. ) ;
#3079 = ORIENTED_EDGE ( 'NONE', *, *, #6275, .F. ) ;
#3080 =( LENGTH_UNIT ( ) NAMED_UNIT ( * ) SI_UNIT ( .MILLI., .METRE. ) );
#3081 = PRESENTATION_STYLE_ASSIGNMENT (( #10797 ) ) ;
#3082 = FILL_AREA_STYLE ('',( #8251 ) ) ;
#3083 = STYLED_ITEM ( 'NONE', ( #10866 ), #11048 ) ;
#3084 = VECTOR ( 'NONE', #4824, 1000.000000000000000 ) ;
#3085 = VERTEX_POINT ( 'NONE', #3140 ) ;
#3086 = DIRECTION ( 'NONE',  ( -0.4014883995042270448, 0.8231732078530425989, -0.4014883995042270448 ) ) ;
#3087 = EDGE_CURVE ( 'NONE', #3987, #8427, #7346, .T. ) ;
#3088 = VECTOR ( 'NONE', #338, 1000.000000000000000 ) ;
#3089 = MECHANICAL_DESIGN_GEOMETRIC_PRESENTATION_REPRESENTATION (  '', ( #7747 ), #10996 ) ;
#3090 = ORIENTED_EDGE ( 'NONE', *, *, #8306, .F. ) ;
#3091 = SURFACE_SIDE_STYLE ('',( #4762 ) ) ;
#3092 = LINE ( 'NONE', #7185, #759 ) ;
#3093 = FACE_OUTER_BOUND ( 'NONE', #6600, .T. ) ;
#3094 = SURFACE_STYLE_FILL_AREA ( #2432 ) ;
#3095 = PRESENTATION_LAYER_ASSIGNMENT (  '', '', ( #2564 ) ) ;
#3096 =( LENGTH_UNIT ( ) NAMED_UNIT ( * ) SI_UNIT ( .MILLI., .METRE. ) );
#3097 = VECTOR ( 'NONE', #8782, 1000.000000000000000 ) ;
#3098 = CARTESIAN_POINT ( 'NONE',  ( 7.469999999999999751, -5.992102448427662154, -5.389999999999996128 ) ) ;
#3099 =( GEOMETRIC_REPRESENTATION_CONTEXT ( 3 ) GLOBAL_UNCERTAINTY_ASSIGNED_CONTEXT ( ( #8093 ) ) GLOBAL_UNIT_ASSIGNED_CONTEXT ( ( #8745, #10336, #7832 ) ) REPRESENTATION_CONTEXT ( 'NONE', 'WORKASPACE' ) );
#3100 = DIRECTION ( 'NONE',  ( 1.000000000000000000, 0.000000000000000000, 0.000000000000000000 ) ) ;
#3101 = DIRECTION ( 'NONE',  ( 0.000000000000000000, 0.000000000000000000, -1.000000000000000000 ) ) ;
#3102 = CARTESIAN_POINT ( 'NONE',  ( 0.000000000000000000, -7.899999999999999467, -2.361933147141467515 ) ) ;
#3103 = EDGE_LOOP ( 'NONE', ( #864, #8081, #1150, #5774 ) ) ;
#3104 = FILL_AREA_STYLE ('',( #1397 ) ) ;
#3105 = CARTESIAN_POINT ( 'NONE',  ( 6.499999999999999112, 2.600000000000000089, 3.487732588565864766 ) ) ;
#3106 =( NAMED_UNIT ( * ) SI_UNIT ( $, .STERADIAN. ) SOLID_ANGLE_UNIT ( ) );
#3107 = LINE ( 'NONE', #9707, #5181 ) ;
#3109 = ORIENTED_EDGE ( 'NONE', *, *, #5106, .T. ) ;
#3108 =( GEOMETRIC_REPRESENTATION_CONTEXT ( 3 ) GLOBAL_UNCERTAINTY_ASSIGNED_CONTEXT ( ( #9910 ) ) GLOBAL_UNIT_ASSIGNED_CONTEXT ( ( #11049, #3452, #5169 ) ) REPRESENTATION_CONTEXT ( 'NONE', 'WORKASPACE' ) );
#3110 = VECTOR ( 'NONE', #4465, 1000.000000000000000 ) ;
#3111 = PRESENTATION_STYLE_ASSIGNMENT (( #3950 ) ) ;
#3112 = DIRECTION ( 'NONE',  ( 0.2676438637860944492, 0.9635179096299407719, 0.000000000000000000 ) ) ;
#3113 = VERTEX_POINT ( 'NONE', #9112 ) ;
#3114 = EDGE_CURVE ( 'NONE', #6273, #6623, #2371, .T. ) ;
#3115 = DIRECTION ( 'NONE',  ( -0.000000000000000000, -1.000000000000000000, -0.000000000000000000 ) ) ;
#3116 = CARTESIAN_POINT ( 'NONE',  ( 3.031990237815518796, 1.704120873295593919, 0.4999999999999995559 ) ) ;
#3117 = VECTOR ( 'NONE', #10787, 1000.000000000000000 ) ;
#3118 = FILL_AREA_STYLE_COLOUR ( '', #9237 ) ;
#3119 = DIRECTION ( 'NONE',  ( -4.336808689942017736E-16, 0.000000000000000000, 1.000000000000000000 ) ) ;
#3120 = DIRECTION ( 'NONE',  ( -0.4014883995042272113, 0.8231732078530423768, -0.4014883995042272113 ) ) ;
#3121 = VERTEX_POINT ( 'NONE', #10914 ) ;
#3122 = SURFACE_STYLE_USAGE ( .BOTH. , #6670 ) ;
#3123 = AXIS2_PLACEMENT_3D ( 'NONE', #124, #8742, #3516 ) ;
#3124 = COLOUR_RGB ( '',0.8313725490196077761, 0.6705882352941175961, 0.1294117647058823373 ) ;
#3125 = DIRECTION ( 'NONE',  ( 0.000000000000000000, 1.000000000000000000, 0.000000000000000000 ) ) ;
#3126 = VERTEX_POINT ( 'NONE', #3198 ) ;
#3127 = EDGE_LOOP ( 'NONE', ( #3881, #1497, #1748, #331 ) ) ;
#3128 = DIRECTION ( 'NONE',  ( 0.7071067811865510144, 0.000000000000000000, -0.7071067811865441310 ) ) ;
#3129 = VERTEX_POINT ( 'NONE', #3928 ) ;
#3130 = ORIENTED_EDGE ( 'NONE', *, *, #8306, .T. ) ;
#3131 = EDGE_CURVE ( 'NONE', #4802, #5977, #1602, .T. ) ;
#3132 = CARTESIAN_POINT ( 'NONE',  ( 3.231990237815518530, 1.704120873295594141, 1.999999999999999556 ) ) ;
#3133 = EDGE_CURVE ( 'NONE', #1581, #9180, #3254, .T. ) ;
#3134 =( NAMED_UNIT ( * ) SI_UNIT ( $, .STERADIAN. ) SOLID_ANGLE_UNIT ( ) );
#3135 = DIRECTION ( 'NONE',  ( -1.000000000000000000, 0.000000000000000000, 0.000000000000000000 ) ) ;
#3136 = ORIENTED_EDGE ( 'NONE', *, *, #7448, .F. ) ;
#3137 =( GEOMETRIC_REPRESENTATION_CONTEXT ( 3 ) GLOBAL_UNCERTAINTY_ASSIGNED_CONTEXT ( ( #8344 ) ) GLOBAL_UNIT_ASSIGNED_CONTEXT ( ( #621, #4943, #3106 ) ) REPRESENTATION_CONTEXT ( 'NONE', 'WORKASPACE' ) );
#3138 = CARTESIAN_POINT ( 'NONE',  ( -3.231990237815517641, 1.600000000000000755, -2.500000000000000888 ) ) ;
#3139 = DIRECTION ( 'NONE',  ( 1.000000000000000000, 0.000000000000000000, -1.138412281109778670E-15 ) ) ;
#3140 = CARTESIAN_POINT ( 'NONE',  ( -7.769999999999999574, -2.399999999999999911, -3.510000000000003340 ) ) ;
#3141 = PRESENTATION_STYLE_ASSIGNMENT (( #2312 ) ) ;
#3142 = EDGE_CURVE ( 'NONE', #4314, #1309, #8258, .T. ) ;
#3143 = SURFACE_STYLE_USAGE ( .BOTH. , #5889 ) ;
#3144 = ADVANCED_FACE ( 'NONE', ( #6453 ), #10972, .T. ) ;
#3145 = SURFACE_STYLE_USAGE ( .BOTH. , #7193 ) ;
#3146 = VERTEX_POINT ( 'NONE', #7785 ) ;
#3147 = EDGE_CURVE ( 'NONE', #6821, #3028, #7106, .T. ) ;
#3148 = DIRECTION ( 'NONE',  ( 0.2676438637860943937, 0.9635179096299406609, 0.000000000000000000 ) ) ;
#3149 = AXIS2_PLACEMENT_3D ( 'NONE', #6464, #8975, #8857 ) ;
#3150 = VERTEX_POINT ( 'NONE', #10553 ) ;
#3151 = ORIENTED_EDGE ( 'NONE', *, *, #4914, .T. ) ;
#3152 = CARTESIAN_POINT ( 'NONE',  ( -3.949999999999998845, 2.100000000000000089, -6.500000000000004441 ) ) ;
#3153 = ORIENTED_EDGE ( 'NONE', *, *, #647, .F. ) ;
#3154 = DIRECTION ( 'NONE',  ( 0.000000000000000000, 1.000000000000000000, 0.000000000000000000 ) ) ;
#3155 = MECHANICAL_DESIGN_GEOMETRIC_PRESENTATION_REPRESENTATION (  '', ( #337 ), #7109 ) ;
#3156 = SURFACE_STYLE_FILL_AREA ( #8212 ) ;
#3157 = VECTOR ( 'NONE', #3822, 1000.000000000000000 ) ;
#3158 = LINE ( 'NONE', #781, #3538 ) ;
#3159 = ORIENTED_EDGE ( 'NONE', *, *, #7056, .T. ) ;
#3160 = CARTESIAN_POINT ( 'NONE',  ( 6.499999999999999112, 1.600000000000000089, 3.000000000000006661 ) ) ;
#3161 = EDGE_CURVE ( 'NONE', #7016, #9494, #6085, .T. ) ;
#3162 = UNCERTAINTY_MEASURE_WITH_UNIT (LENGTH_MEASURE( 1.000000000000000082E-05 ), #4399, 'distance_accuracy_value', 'NONE');
#3163 =( LENGTH_UNIT ( ) NAMED_UNIT ( * ) SI_UNIT ( .MILLI., .METRE. ) );
#3164 = EDGE_LOOP ( 'NONE', ( #9212, #9288, #1212, #2622 ) ) ;
#3165 = STYLED_ITEM ( 'NONE', ( #8978 ), #420 ) ;
#3166 = CARTESIAN_POINT ( 'NONE',  ( -1.481375358166189482, 4.367048710601718398, -2.500000000000000000 ) ) ;
#3167 = DIRECTION ( 'NONE',  ( 1.000000000000000000, -0.000000000000000000, -0.000000000000000000 ) ) ;
#3168 = DIRECTION ( 'NONE',  ( 0.7071067811865511255, 0.000000000000000000, -0.7071067811865440200 ) ) ;
#3169 = EDGE_LOOP ( 'NONE', ( #1325, #8135, #9280, #8167 ) ) ;
#3170 = AXIS2_PLACEMENT_3D ( 'NONE', #7767, #109, #10370 ) ;
#3171 = UNCERTAINTY_MEASURE_WITH_UNIT (LENGTH_MEASURE( 1.000000000000000082E-05 ), #900, 'distance_accuracy_value', 'NONE');
#3172 = ORIENTED_EDGE ( 'NONE', *, *, #6771, .T. ) ;
#3173 = STYLED_ITEM ( 'NONE', ( #3409 ), #4624 ) ;
#3174 = DIRECTION ( 'NONE',  ( -1.000000000000000000, -0.000000000000000000, -0.000000000000000000 ) ) ;
#3175 = MECHANICAL_DESIGN_GEOMETRIC_PRESENTATION_REPRESENTATION (  '', ( #3719 ), #7467 ) ;
#3176 = CARTESIAN_POINT ( 'NONE',  ( -6.799999999999998934, -7.649999999999995026, 2.239999999999999769 ) ) ;
#3177 = ORIENTED_EDGE ( 'NONE', *, *, #5735, .F. ) ;
#3178 = PRESENTATION_LAYER_ASSIGNMENT (  '', '', ( #8023 ) ) ;
#3179 = COLOUR_RGB ( '',0.8941176470588234615, 0.9137254901960784048, 0.9294117647058823817 ) ;
#3180 = ORIENTED_EDGE ( 'NONE', *, *, #10574, .F. ) ;
#3181 = STYLED_ITEM ( 'NONE', ( #10646 ), #4111 ) ;
#3182 = DIRECTION ( 'NONE',  ( 0.000000000000000000, 0.000000000000000000, 1.000000000000000000 ) ) ;
#3183 = ORIENTED_EDGE ( 'NONE', *, *, #9858, .F. ) ;
#3184 = DIRECTION ( 'NONE',  ( 0.2676438637860947822, -0.9635179096299405499, 0.000000000000000000 ) ) ;
#3185 = CARTESIAN_POINT ( 'NONE',  ( 5.229999999999997762, 0.000000000000000000, 2.530000000000002913 ) ) ;
#3186 = LINE ( 'NONE', #8250, #328 ) ;
#3187 = EDGE_CURVE ( 'NONE', #1312, #7016, #8497, .T. ) ;
#3188 = CARTESIAN_POINT ( 'NONE',  ( 5.601609657144383192, -10.10706432366851537, -0.6816096571443267527 ) ) ;
#3189 = AXIS2_PLACEMENT_3D ( 'NONE', #11033, #10186, #1662 ) ;
#3190 =( GEOMETRIC_REPRESENTATION_CONTEXT ( 3 ) GLOBAL_UNCERTAINTY_ASSIGNED_CONTEXT ( ( #8904 ) ) GLOBAL_UNIT_ASSIGNED_CONTEXT ( ( #10017, #4900, #10986 ) ) REPRESENTATION_CONTEXT ( 'NONE', 'WORKASPACE' ) );
#3191 = VECTOR ( 'NONE', #8439, 1000.000000000000000 ) ;
#3192 = LINE ( 'NONE', #6747, #2053 ) ;
#3193 = ORIENTED_EDGE ( 'NONE', *, *, #3555, .T. ) ;
#3194 = LINE ( 'NONE', #5027, #8435 ) ;
#3195 = DIRECTION ( 'NONE',  ( 4.470936793754646013E-16, 0.000000000000000000, 1.000000000000000000 ) ) ;
#3196 = FILL_AREA_STYLE_COLOUR ( '', #2814 ) ;
#3197 = CARTESIAN_POINT ( 'NONE',  ( -6.199999999999999289, -7.649999999999995026, 2.839999999999999858 ) ) ;
#3198 = CARTESIAN_POINT ( 'NONE',  ( 2.000000000000000000, 2.500000000000001776, 2.000000000000000000 ) ) ;
#3199 = PRESENTATION_LAYER_ASSIGNMENT (  '', '', ( #7669 ) ) ;
#3200 = AXIS2_PLACEMENT_3D ( 'NONE', #7758, #278, #2055 ) ;
#3201 = AXIS2_PLACEMENT_3D ( 'NONE', #8749, #8062, #7953 ) ;
#3202 = CARTESIAN_POINT ( 'NONE',  ( 1.999999999999999556, 1.600000000000000089, 2.499999999999999556 ) ) ;
#3203 = EDGE_CURVE ( 'NONE', #5634, #9497, #6249, .T. ) ;
#3204 = SURFACE_STYLE_USAGE ( .BOTH. , #7404 ) ;
#3205 = EDGE_LOOP ( 'NONE', ( #2846, #7572, #4519, #6759, #772, #9552, #285, #8601, #8111 ) ) ;
#3206 = MECHANICAL_DESIGN_GEOMETRIC_PRESENTATION_REPRESENTATION (  '', ( #1267 ), #7498 ) ;
#3207 = FILL_AREA_STYLE ('',( #5095 ) ) ;
#3208 = ORIENTED_EDGE ( 'NONE', *, *, #10492, .F. ) ;
#3209 = EDGE_CURVE ( 'NONE', #8376, #1495, #6754, .T. ) ;
#3210 =( NAMED_UNIT ( * ) PLANE_ANGLE_UNIT ( ) SI_UNIT ( $, .RADIAN. ) );
#3211 = EDGE_CURVE ( 'NONE', #8333, #3610, #7001, .T. ) ;
#3212 = SURFACE_STYLE_FILL_AREA ( #10073 ) ;
#3213 = DIRECTION ( 'NONE',  ( 0.7071067811865501263, 0.000000000000000000, 0.7071067811865450192 ) ) ;
#3214 = SURFACE_SIDE_STYLE ('',( #10192 ) ) ;
#3215 = STYLED_ITEM ( 'NONE', ( #7175 ), #1541 ) ;
#3216 = MECHANICAL_DESIGN_GEOMETRIC_PRESENTATION_REPRESENTATION (  '', ( #396 ), #8803 ) ;
#3217 = DIRECTION ( 'NONE',  ( 0.000000000000000000, 0.000000000000000000, 1.000000000000000000 ) ) ;
#3218 = FILL_AREA_STYLE ('',( #10932 ) ) ;
#3219 = AXIS2_PLACEMENT_3D ( 'NONE', #6792, #22, #2524 ) ;
#3220 = PRESENTATION_STYLE_ASSIGNMENT (( #5108 ) ) ;
#3221 = ORIENTED_EDGE ( 'NONE', *, *, #6055, .T. ) ;
#3222 = MECHANICAL_DESIGN_GEOMETRIC_PRESENTATION_REPRESENTATION (  '', ( #4457 ), #3943 ) ;
#3223 = LINE ( 'NONE', #8226, #10037 ) ;
#3224 = EDGE_CURVE ( 'NONE', #8508, #2381, #4192, .T. ) ;
#3225 = STYLED_ITEM ( 'NONE', ( #3473 ), #9595 ) ;
#3226 = CARTESIAN_POINT ( 'NONE',  ( -8.000000000000007105, 0.000000000000000000, -8.000000000000000000 ) ) ;
#3227 = LINE ( 'NONE', #10030, #1860 ) ;
#3228 = LINE ( 'NONE', #5064, #9370 ) ;
#3229 = VECTOR ( 'NONE', #9407, 1000.000000000000000 ) ;
#3230 = VERTEX_POINT ( 'NONE', #4447 ) ;
#3231 = PRESENTATION_STYLE_ASSIGNMENT (( #3122 ) ) ;
#3232 = DIRECTION ( 'NONE',  ( -0.7071067811865465735, 0.000000000000000000, -0.7071067811865485719 ) ) ;
#3233 = LINE ( 'NONE', #10155, #7040 ) ;
#3234 = ORIENTED_EDGE ( 'NONE', *, *, #2582, .T. ) ;
#3235 = PLANE ( 'NONE',  #5741 ) ;
#3236 = ORIENTED_EDGE ( 'NONE', *, *, #7397, .F. ) ;
#3237 = MECHANICAL_DESIGN_GEOMETRIC_PRESENTATION_REPRESENTATION (  '', ( #5017 ), #6461 ) ;
#3238 = ORIENTED_EDGE ( 'NONE', *, *, #1053, .T. ) ;
#3239 = PRODUCT_CONTEXT ( 'NONE', #658, 'mechanical' ) ;
#3240 = EDGE_LOOP ( 'NONE', ( #8053, #1998, #9658, #6981, #868, #17, #4154, #3904, #5838 ) ) ;
#3241 = DIRECTION ( 'NONE',  ( 0.7071067811865441310, 0.000000000000000000, 0.7071067811865510144 ) ) ;
#3242 = PLANE ( 'NONE',  #9904 ) ;
#3243 = FACE_OUTER_BOUND ( 'NONE', #8606, .T. ) ;
#3244 = CARTESIAN_POINT ( 'NONE',  ( -9.499999999999994671, 1.600000000000000089, -11.49999999999999467 ) ) ;
#3245 = CARTESIAN_POINT ( 'NONE',  ( -9.499999999999996447, 0.000000000000000000, -9.499999999999996447 ) ) ;
#3246 = PRESENTATION_LAYER_ASSIGNMENT (  '', '', ( #3600 ) ) ;
#3247 = CARTESIAN_POINT ( 'NONE',  ( -6.799999999999972289, -7.649999999999995026, -0.3000000000000003775 ) ) ;
#3248 = ORIENTED_EDGE ( 'NONE', *, *, #2446, .F. ) ;
#3249 = MECHANICAL_DESIGN_GEOMETRIC_PRESENTATION_REPRESENTATION (  '', ( #7191 ), #3971 ) ;
#3250 = SURFACE_STYLE_FILL_AREA ( #10171 ) ;
#3251 = DIRECTION ( 'NONE',  ( 0.7071067811865444641, 0.000000000000000000, -0.7071067811865505703 ) ) ;
#3252 = EDGE_CURVE ( 'NONE', #9157, #3129, #10389, .T. ) ;
#3253 = ORIENTED_EDGE ( 'NONE', *, *, #6031, .F. ) ;
#3254 = LINE ( 'NONE', #7507, #7780 ) ;
#3255 = FILL_AREA_STYLE_COLOUR ( '', #3924 ) ;
#3256 = VECTOR ( 'NONE', #4310, 1000.000000000000000 ) ;
#3257 =( GEOMETRIC_REPRESENTATION_CONTEXT ( 3 ) GLOBAL_UNCERTAINTY_ASSIGNED_CONTEXT ( ( #292 ) ) GLOBAL_UNIT_ASSIGNED_CONTEXT ( ( #4315, #2804, #4366 ) ) REPRESENTATION_CONTEXT ( 'NONE', 'WORKASPACE' ) );
#3258 = ORIENTED_EDGE ( 'NONE', *, *, #11008, .T. ) ;
#3259 = VECTOR ( 'NONE', #956, 1000.000000000000227 ) ;
#3260 = PRESENTATION_LAYER_ASSIGNMENT (  '', '', ( #2558 ) ) ;
#3261 = PRESENTATION_STYLE_ASSIGNMENT (( #1715 ) ) ;
#3262 = ORIENTED_EDGE ( 'NONE', *, *, #9817, .T. ) ;
#3263 = AXIS2_PLACEMENT_3D ( 'NONE', #1554, #4196, #6572 ) ;
#3264 = ADVANCED_FACE ( 'NONE', ( #2480 ), #9586, .T. ) ;
#3265 = VECTOR ( 'NONE', #7153, 1000.000000000000000 ) ;
#3266 = ORIENTED_EDGE ( 'NONE', *, *, #6437, .F. ) ;
#3267 = STYLED_ITEM ( 'NONE', ( #421 ), #2533 ) ;
#3268 = CARTESIAN_POINT ( 'NONE',  ( 6.800000000000025580, -2.399999999999999911, 0.6600000000000048050 ) ) ;
#3269 = VERTEX_POINT ( 'NONE', #10442 ) ;
#3270 = EDGE_LOOP ( 'NONE', ( #5076, #10742, #6956, #6312 ) ) ;
#3271 = SURFACE_STYLE_FILL_AREA ( #1780 ) ;
#3272 =( NAMED_UNIT ( * ) PLANE_ANGLE_UNIT ( ) SI_UNIT ( $, .RADIAN. ) );
#3273 = VECTOR ( 'NONE', #5803, 1000.000000000000114 ) ;
#3274 = UNCERTAINTY_MEASURE_WITH_UNIT (LENGTH_MEASURE( 1.000000000000000082E-05 ), #9206, 'distance_accuracy_value', 'NONE');
#3275 = ADVANCED_FACE ( 'NONE', ( #6141 ), #7947, .F. ) ;
#3276 = COLOUR_RGB ( '',0.8941176470588234615, 0.9137254901960784048, 0.9294117647058823817 ) ;
#3277 = ADVANCED_FACE ( 'NONE', ( #7370 ), #1187, .F. ) ;
#3278 = ORIENTED_EDGE ( 'NONE', *, *, #8688, .F. ) ;
#3279 = VECTOR ( 'NONE', #10237, 1000.000000000000000 ) ;
#3280 =( NAMED_UNIT ( * ) SI_UNIT ( $, .STERADIAN. ) SOLID_ANGLE_UNIT ( ) );
#3281 =( GEOMETRIC_REPRESENTATION_CONTEXT ( 3 ) GLOBAL_UNCERTAINTY_ASSIGNED_CONTEXT ( ( #5623 ) ) GLOBAL_UNIT_ASSIGNED_CONTEXT ( ( #4338, #1739, #4224 ) ) REPRESENTATION_CONTEXT ( 'NONE', 'WORKASPACE' ) );
#3282 = PRESENTATION_STYLE_ASSIGNMENT (( #6071 ) ) ;
#3283 = STYLED_ITEM ( 'NONE', ( #3349 ), #2308 ) ;
#3284 = CARTESIAN_POINT ( 'NONE',  ( 0.000000000000000000, 2.100000000000000089, 0.000000000000000000 ) ) ;
#3285 = SURFACE_SIDE_STYLE ('',( #10091 ) ) ;
#3286 = MECHANICAL_DESIGN_GEOMETRIC_PRESENTATION_REPRESENTATION (  '', ( #8681 ), #8873 ) ;
#3287 = UNCERTAINTY_MEASURE_WITH_UNIT (LENGTH_MEASURE( 1.000000000000000082E-05 ), #192, 'distance_accuracy_value', 'NONE');
#3288 = ORIENTED_EDGE ( 'NONE', *, *, #4933, .F. ) ;
#3289 = SURFACE_STYLE_FILL_AREA ( #5234 ) ;
#3290 = EDGE_CURVE ( 'NONE', #8376, #6812, #10676, .T. ) ;
#3291 =( NAMED_UNIT ( * ) PLANE_ANGLE_UNIT ( ) SI_UNIT ( $, .RADIAN. ) );
#3292 =( LENGTH_UNIT ( ) NAMED_UNIT ( * ) SI_UNIT ( .MILLI., .METRE. ) );
#3293 = VERTEX_POINT ( 'NONE', #525 ) ;
#3294 = CARTESIAN_POINT ( 'NONE',  ( 6.321933147141545639, -7.899999999999999467, 0.000000000000000000 ) ) ;
#3295 = ADVANCED_FACE ( 'NONE', ( #5527 ), #8989, .F. ) ;
#3296 = SURFACE_STYLE_FILL_AREA ( #8417 ) ;
#3297 = ORIENTED_EDGE ( 'NONE', *, *, #280, .T. ) ;
#3298 = AXIS2_PLACEMENT_3D ( 'NONE', #4299, #3644, #4454 ) ;
#3299 = ORIENTED_EDGE ( 'NONE', *, *, #505, .F. ) ;
#3300 = ORIENTED_EDGE ( 'NONE', *, *, #2549, .F. ) ;
#3301 = DIRECTION ( 'NONE',  ( -0.7071067811865506814, 0.000000000000000000, 0.7071067811865443531 ) ) ;
#3302 = CARTESIAN_POINT ( 'NONE',  ( -6.499999999999999112, 2.600000000000000089, -2.540000000000000036 ) ) ;
#3303 = VECTOR ( 'NONE', #10065, 1000.000000000000000 ) ;
#3304 =( NAMED_UNIT ( * ) SI_UNIT ( $, .STERADIAN. ) SOLID_ANGLE_UNIT ( ) );
#3305 = FACE_OUTER_BOUND ( 'NONE', #1736, .T. ) ;
#3306 = EDGE_LOOP ( 'NONE', ( #2239, #4043, #4232, #4451 ) ) ;
#3307 =( NAMED_UNIT ( * ) SI_UNIT ( $, .STERADIAN. ) SOLID_ANGLE_UNIT ( ) );
#3308 = VECTOR ( 'NONE', #10177, 1000.000000000000000 ) ;
#3309 = CARTESIAN_POINT ( 'NONE',  ( 7.769999999999999574, 0.000000000000000000, -2.549999999999998490 ) ) ;
#3310 = VERTEX_POINT ( 'NONE', #2454 ) ;
#3311 = DIRECTION ( 'NONE',  ( -1.000000000000000000, 0.000000000000000000, 0.000000000000000000 ) ) ;
#3312 = COLOUR_RGB ( '',0.8313725490196077761, 0.6705882352941175961, 0.1294117647058823373 ) ;
#3313 = EDGE_LOOP ( 'NONE', ( #8517, #10085, #2105, #742 ) ) ;
#3314 = DIRECTION ( 'NONE',  ( 0.000000000000000000, 0.000000000000000000, -1.000000000000000000 ) ) ;
#3315 = CARTESIAN_POINT ( 'NONE',  ( 2.144689754873803533, 2.450000000000002398, 1.999999999999999556 ) ) ;
#3316 = DIRECTION ( 'NONE',  ( 0.000000000000000000, 0.000000000000000000, 1.000000000000000000 ) ) ;
#3317 = SURFACE_STYLE_FILL_AREA ( #3993 ) ;
#3318 = CARTESIAN_POINT ( 'NONE',  ( 6.200000000000052580, -2.399999999999999911, -1.879999999999995453 ) ) ;
#3319 = ORIENTED_EDGE ( 'NONE', *, *, #10295, .T. ) ;
#3320 = DIRECTION ( 'NONE',  ( 0.000000000000000000, 0.000000000000000000, 1.000000000000000000 ) ) ;
#3321 = EDGE_LOOP ( 'NONE', ( #1570, #6524, #4955, #9435 ) ) ;
#3322 =( NAMED_UNIT ( * ) SI_UNIT ( $, .STERADIAN. ) SOLID_ANGLE_UNIT ( ) );
#3323 = CARTESIAN_POINT ( 'NONE',  ( -0.6500000000000001332, 2.100000000000000089, 6.000000000000000000 ) ) ;
#3324 =( LENGTH_UNIT ( ) NAMED_UNIT ( * ) SI_UNIT ( .MILLI., .METRE. ) );
#3325 = EDGE_CURVE ( 'NONE', #9386, #2963, #7541, .T. ) ;
#3326 = LINE ( 'NONE', #2803, #8871 ) ;
#3327 = VERTEX_POINT ( 'NONE', #1474 ) ;
#3328 = CARTESIAN_POINT ( 'NONE',  ( 3.231990237815519418, 1.600000000000000089, 0.4999999999999995559 ) ) ;
#3329 = CARTESIAN_POINT ( 'NONE',  ( -2.649999999999995914, 2.100000000000000089, 8.000000000000000000 ) ) ;
#3330 =( LENGTH_UNIT ( ) NAMED_UNIT ( * ) SI_UNIT ( .MILLI., .METRE. ) );
#3331 = DIRECTION ( 'NONE',  ( 0.000000000000000000, -0.000000000000000000, -1.000000000000000000 ) ) ;
#3332 = ORIENTED_EDGE ( 'NONE', *, *, #1517, .F. ) ;
#3333 =( NAMED_UNIT ( * ) PLANE_ANGLE_UNIT ( ) SI_UNIT ( $, .RADIAN. ) );
#3334 = ADVANCED_FACE ( 'NONE', ( #5012 ), #5684, .T. ) ;
#3335 = PRESENTATION_STYLE_ASSIGNMENT (( #8300 ) ) ;
#3336 = VERTEX_POINT ( 'NONE', #4849 ) ;
#3337 = AXIS2_PLACEMENT_3D ( 'NONE', #916, #9804, #131 ) ;
#3338 = FILL_AREA_STYLE ('',( #10952 ) ) ;
#3339 = CARTESIAN_POINT ( 'NONE',  ( 5.529999999999995808, -2.399999999999999911, -2.849999999999995204 ) ) ;
#3340 = EDGE_LOOP ( 'NONE', ( #7909, #3697, #5587, #4563 ) ) ;
#3341 = EDGE_CURVE ( 'NONE', #9033, #2204, #1678, .T. ) ;
#3342 = FILL_AREA_STYLE_COLOUR ( '', #6663 ) ;
#3343 = EDGE_CURVE ( 'NONE', #6452, #64, #7480, .T. ) ;
#3344 = SURFACE_STYLE_FILL_AREA ( #6835 ) ;
#3345 = SURFACE_STYLE_USAGE ( .BOTH. , #184 ) ;
#3346 = CARTESIAN_POINT ( 'NONE',  ( 7.769999999999998685, -2.399999999999999911, -3.149999999999993694 ) ) ;
#3347 = DIRECTION ( 'NONE',  ( 1.000000000000000000, 0.000000000000000000, -0.000000000000000000 ) ) ;
#3348 = SURFACE_STYLE_USAGE ( .BOTH. , #11063 ) ;
#3349 = PRESENTATION_STYLE_ASSIGNMENT (( #5081 ) ) ;
#3350 = DIRECTION ( 'NONE',  ( -1.000000000000000000, 0.000000000000000000, -0.000000000000000000 ) ) ;
#3351 = EDGE_LOOP ( 'NONE', ( #9481, #633, #6367, #8096, #258, #6814, #58, #8377, #2040 ) ) ;
#3352 = STYLED_ITEM ( 'NONE', ( #4536 ), #649 ) ;
#3353 = PRESENTATION_LAYER_ASSIGNMENT (  '', '', ( #8744 ) ) ;
#3354 = CARTESIAN_POINT ( 'NONE',  ( -1.986111111111112049, 2.549999999999997158, 0.4999999999999987232 ) ) ;
#3355 = VECTOR ( 'NONE', #8804, 1000.000000000000000 ) ;
#3356 = COLOUR_RGB ( '',0.8313725490196077761, 0.6705882352941175961, 0.1294117647058823373 ) ;
#3357 = FILL_AREA_STYLE ('',( #7503 ) ) ;
#3358 = DIRECTION ( 'NONE',  ( 0.000000000000000000, 1.000000000000000000, 0.000000000000000000 ) ) ;
#3359 = PLANE ( 'NONE',  #4300 ) ;
#3360 =( LENGTH_UNIT ( ) NAMED_UNIT ( * ) SI_UNIT ( .MILLI., .METRE. ) );
#3361 = VERTEX_POINT ( 'NONE', #2615 ) ;
#3362 = LINE ( 'NONE', #8326, #2502 ) ;
#3363 = VECTOR ( 'NONE', #9459, 1000.000000000000000 ) ;
#3364 = DIRECTION ( 'NONE',  ( 1.000000000000000000, 0.000000000000000000, -0.000000000000000000 ) ) ;
#3365 = ORIENTED_EDGE ( 'NONE', *, *, #5794, .F. ) ;
#3366 = DIRECTION ( 'NONE',  ( -0.000000000000000000, -1.000000000000000000, -0.000000000000000000 ) ) ;
#3367 = PRESENTATION_LAYER_ASSIGNMENT (  '', '', ( #6044 ) ) ;
#3368 = DIRECTION ( 'NONE',  ( -0.7071067811865450192, 0.000000000000000000, 0.7071067811865500152 ) ) ;
#3369 = DIRECTION ( 'NONE',  ( 0.000000000000000000, -1.000000000000000000, 0.000000000000000000 ) ) ;
#3370 = VERTEX_POINT ( 'NONE', #111 ) ;
#3371 = SURFACE_SIDE_STYLE ('',( #5784 ) ) ;
#3372 = ORIENTED_EDGE ( 'NONE', *, *, #9802, .T. ) ;
#3373 = COLOUR_RGB ( '',0.2980392156862745057, 0.2980392156862745057, 0.2980392156862745057 ) ;
#3374 = VECTOR ( 'NONE', #9070, 1000.000000000000000 ) ;
#3375 = ORIENTED_EDGE ( 'NONE', *, *, #8610, .F. ) ;
#3376 = VECTOR ( 'NONE', #2097, 1000.000000000000000 ) ;
#3377 = VERTEX_POINT ( 'NONE', #9519 ) ;
#3378 = FILL_AREA_STYLE_COLOUR ( '', #1385 ) ;
#3379 = SURFACE_SIDE_STYLE ('',( #3271 ) ) ;
#3380 = CARTESIAN_POINT ( 'NONE',  ( 0.6499999999999999112, 1.600000000000000089, 6.000000000000000000 ) ) ;
#3381 = UNCERTAINTY_MEASURE_WITH_UNIT (LENGTH_MEASURE( 1.000000000000000082E-05 ), #9184, 'distance_accuracy_value', 'NONE');
#3382 = PRESENTATION_LAYER_ASSIGNMENT (  '', '', ( #3041 ) ) ;
#3383 = LINE ( 'NONE', #10251, #5414 ) ;
#3384 = ORIENTED_EDGE ( 'NONE', *, *, #5571, .T. ) ;
#3385 =( NAMED_UNIT ( * ) PLANE_ANGLE_UNIT ( ) SI_UNIT ( $, .RADIAN. ) );
#3386 = ADVANCED_FACE ( 'NONE', ( #5969 ), #316, .T. ) ;
#3387 = COLOUR_RGB ( '',0.8941176470588234615, 0.9137254901960784048, 0.9294117647058823817 ) ;
#3388 = CARTESIAN_POINT ( 'NONE',  ( -3.231990237815517641, 1.600000000000000755, -1.000000000000000444 ) ) ;
#3389 = DIRECTION ( 'NONE',  ( 0.000000000000000000, 0.000000000000000000, 1.000000000000000000 ) ) ;
#3390 = FILL_AREA_STYLE_COLOUR ( '', #2079 ) ;
#3391 = CARTESIAN_POINT ( 'NONE',  ( -5.229999999999998650, 0.000000000000000000, 1.569999999999997176 ) ) ;
#3392 = UNCERTAINTY_MEASURE_WITH_UNIT (LENGTH_MEASURE( 1.000000000000000082E-05 ), #6002, 'distance_accuracy_value', 'NONE');
#3393 = ORIENTED_EDGE ( 'NONE', *, *, #7933, .F. ) ;
#3394 = SURFACE_STYLE_FILL_AREA ( #3451 ) ;
#3395 = DIRECTION ( 'NONE',  ( 0.000000000000000000, -0.000000000000000000, 1.000000000000000000 ) ) ;
#3396 = FACE_OUTER_BOUND ( 'NONE', #4072, .T. ) ;
#3397 = ORIENTED_EDGE ( 'NONE', *, *, #10715, .T. ) ;
#3398 = MECHANICAL_DESIGN_GEOMETRIC_PRESENTATION_REPRESENTATION (  '', ( #2517 ), #7170 ) ;
#3399 = DIRECTION ( 'NONE',  ( 0.000000000000000000, 0.000000000000000000, -1.000000000000000000 ) ) ;
#3400 = LINE ( 'NONE', #6831, #9178 ) ;
#3401 = CARTESIAN_POINT ( 'NONE',  ( -3.231990237815517641, 1.704120873295593253, 2.499999999999999556 ) ) ;
#3402 = ORIENTED_EDGE ( 'NONE', *, *, #304, .T. ) ;
#3403 = LINE ( 'NONE', #9530, #1829 ) ;
#3404 = VECTOR ( 'NONE', #625, 1000.000000000000114 ) ;
#3405 = AXIS2_PLACEMENT_3D ( 'NONE', #7974, #10531, #1930 ) ;
#3406 = CARTESIAN_POINT ( 'NONE',  ( -6.500000000000000000, 2.600000000000000089, 0.000000000000000000 ) ) ;
#3407 = LINE ( 'NONE', #6836, #1101 ) ;
#3408 = ORIENTED_EDGE ( 'NONE', *, *, #7419, .T. ) ;
#3409 = PRESENTATION_STYLE_ASSIGNMENT (( #9535 ) ) ;
#3410 = SURFACE_SIDE_STYLE ('',( #6360 ) ) ;
#3411 = DIRECTION ( 'NONE',  ( 1.000000000000000000, 9.137799966060740935E-16, 0.000000000000000000 ) ) ;
#3412 = EDGE_CURVE ( 'NONE', #2807, #356, #5111, .T. ) ;
#3414 = EDGE_CURVE ( 'NONE', #8070, #2045, #1892, .T. ) ;
#3413 =( LENGTH_UNIT ( ) NAMED_UNIT ( * ) SI_UNIT ( .MILLI., .METRE. ) );
#3415 = VERTEX_POINT ( 'NONE', #8619 ) ;
#3416 = FILL_AREA_STYLE ('',( #4191 ) ) ;
#3417 = DIRECTION ( 'NONE',  ( 0.000000000000000000, 0.000000000000000000, 1.000000000000000000 ) ) ;
#3418 = FILL_AREA_STYLE ('',( #10292 ) ) ;
#3419 = ORIENTED_EDGE ( 'NONE', *, *, #4495, .F. ) ;
#3420 = FACE_OUTER_BOUND ( 'NONE', #10057, .T. ) ;
#3421 = STYLED_ITEM ( 'NONE', ( #7229 ), #6922 ) ;
#3422 = CARTESIAN_POINT ( 'NONE',  ( 6.200000000000000178, -2.399999999999999911, 3.200000000000005063 ) ) ;
#3423 = ORIENTED_EDGE ( 'NONE', *, *, #6643, .F. ) ;
#3424 = EDGE_CURVE ( 'NONE', #2760, #10228, #953, .T. ) ;
#3425 = VERTEX_POINT ( 'NONE', #8567 ) ;
#3426 =( LENGTH_UNIT ( ) NAMED_UNIT ( * ) SI_UNIT ( .MILLI., .METRE. ) );
#3427 = ADVANCED_FACE ( 'NONE', ( #6072 ), #227, .T. ) ;
#3428 = PRESENTATION_LAYER_ASSIGNMENT (  '', '', ( #6468 ) ) ;
#3429 = ORIENTED_EDGE ( 'NONE', *, *, #10572, .T. ) ;
#3430 = AXIS2_PLACEMENT_3D ( 'NONE', #10644, #4650, #4710 ) ;
#3431 = EDGE_LOOP ( 'NONE', ( #4862, #1578, #10034, #9403 ) ) ;
#3432 = MECHANICAL_DESIGN_GEOMETRIC_PRESENTATION_REPRESENTATION (  '', ( #2023 ), #2909 ) ;
#3433 = CARTESIAN_POINT ( 'NONE',  ( 2.501432664756447544, 0.6948424068767914408, 0.5000000000000004441 ) ) ;
#3434 = CARTESIAN_POINT ( 'NONE',  ( -6.678066852858479230, -7.899999999999999467, -2.840000000000000302 ) ) ;
#3435 = SURFACE_STYLE_USAGE ( .BOTH. , #836 ) ;
#3436 = FACE_OUTER_BOUND ( 'NONE', #8869, .T. ) ;
#3437 = LINE ( 'NONE', #8513, #887 ) ;
#3438 = VECTOR ( 'NONE', #2064, 1000.000000000000000 ) ;
#3439 =( NAMED_UNIT ( * ) SI_UNIT ( $, .STERADIAN. ) SOLID_ANGLE_UNIT ( ) );
#3440 = PRESENTATION_LAYER_ASSIGNMENT (  '', '', ( #9538 ) ) ;
#3441 = CARTESIAN_POINT ( 'NONE',  ( -9.499999999999994671, 1.600000000000000089, 9.500000000000005329 ) ) ;
#3442 = MECHANICAL_DESIGN_GEOMETRIC_PRESENTATION_REPRESENTATION (  '', ( #3622 ), #7739 ) ;
#3443 = PRESENTATION_LAYER_ASSIGNMENT (  '', '', ( #10846 ) ) ;
#3444 = ORIENTED_EDGE ( 'NONE', *, *, #1919, .F. ) ;
#3445 = ORIENTED_EDGE ( 'NONE', *, *, #8136, .T. ) ;
#3446 = DIRECTION ( 'NONE',  ( 1.000000000000000000, 0.000000000000000000, 0.000000000000000000 ) ) ;
#3447 = FILL_AREA_STYLE ('',( #5909 ) ) ;
#3448 = CARTESIAN_POINT ( 'NONE',  ( 7.770000000000000462, -2.399999999999999911, 1.930000000000006821 ) ) ;
#3449 = COLOUR_RGB ( '',0.8941176470588234615, 0.9137254901960784048, 0.9294117647058823817 ) ;
#3450 = ORIENTED_EDGE ( 'NONE', *, *, #2862, .T. ) ;
#3451 = FILL_AREA_STYLE ('',( #4278 ) ) ;
#3452 =( NAMED_UNIT ( * ) PLANE_ANGLE_UNIT ( ) SI_UNIT ( $, .RADIAN. ) );
#3453 = FILL_AREA_STYLE_COLOUR ( '', #2218 ) ;
#3454 = EDGE_CURVE ( 'NONE', #1201, #9157, #9629, .T. ) ;
#3455 = EDGE_LOOP ( 'NONE', ( #2293, #6220, #4012, #4805 ) ) ;
#3456 = FILL_AREA_STYLE_COLOUR ( '', #3885 ) ;
#3457 = DIRECTION ( 'NONE',  ( -1.000000000000000000, 0.000000000000000000, 0.000000000000000000 ) ) ;
#3458 = VECTOR ( 'NONE', #10472, 1000.000000000000000 ) ;
#3459 = VERTEX_POINT ( 'NONE', #5396 ) ;
#3460 = DIRECTION ( 'NONE',  ( 0.000000000000000000, 0.000000000000000000, -1.000000000000000000 ) ) ;
#3461 = AXIS2_PLACEMENT_3D ( 'NONE', #814, #4189, #6622 ) ;
#3462 = SURFACE_STYLE_FILL_AREA ( #4395 ) ;
#3463 = VERTEX_POINT ( 'NONE', #2006 ) ;
#3464 = DIRECTION ( 'NONE',  ( 0.7071067811865444641, 0.000000000000000000, -0.7071067811865505703 ) ) ;
#3465 = ORIENTED_EDGE ( 'NONE', *, *, #2446, .T. ) ;
#3466 = PLANE ( 'NONE',  #3201 ) ;
#3467 = PRESENTATION_LAYER_ASSIGNMENT (  '', '', ( #5061 ) ) ;
#3468 =( NAMED_UNIT ( * ) SI_UNIT ( $, .STERADIAN. ) SOLID_ANGLE_UNIT ( ) );
#3469 = DIRECTION ( 'NONE',  ( -1.000000000000000000, 0.000000000000000000, 0.000000000000000000 ) ) ;
#3470 = EDGE_CURVE ( 'NONE', #2542, #3327, #7261, .T. ) ;
#3471 = DIRECTION ( 'NONE',  ( 0.000000000000000000, 0.000000000000000000, 1.000000000000000000 ) ) ;
#3472 = STYLED_ITEM ( 'NONE', ( #5866 ), #9140 ) ;
#3473 = PRESENTATION_STYLE_ASSIGNMENT (( #1078 ) ) ;
#3474 = DIRECTION ( 'NONE',  ( 0.000000000000000000, 0.000000000000000000, 1.000000000000000000 ) ) ;
#3475 = ORIENTED_EDGE ( 'NONE', *, *, #9263, .T. ) ;
#3476 = VECTOR ( 'NONE', #5775, 1000.000000000000000 ) ;
#3477 = PRESENTATION_STYLE_ASSIGNMENT (( #8756 ) ) ;
#3478 = CARTESIAN_POINT ( 'NONE',  ( -3.231990237815517641, 1.704120873295593253, -2.500000000000000888 ) ) ;
#3479 = LINE ( 'NONE', #7801, #60 ) ;
#3480 = EDGE_CURVE ( 'NONE', #10538, #7461, #10541, .T. ) ;
#3481 = FACE_OUTER_BOUND ( 'NONE', #6257, .T. ) ;
#3482 = EDGE_CURVE ( 'NONE', #6878, #1089, #7202, .T. ) ;
#3483 = CARTESIAN_POINT ( 'NONE',  ( 5.529999999999995808, -2.399999999999999911, -5.389999999999996128 ) ) ;
#3484 = CARTESIAN_POINT ( 'NONE',  ( -6.499999999999999112, 2.600000000000000089, 2.552267411434140154 ) ) ;
#3485 = PLANE ( 'NONE',  #10261 ) ;
#3486 = EDGE_CURVE ( 'NONE', #8838, #8853, #9690, .T. ) ;
#3487 = VECTOR ( 'NONE', #9704, 1000.000000000000227 ) ;
#3488 = LINE ( 'NONE', #4317, #8672 ) ;
#3489 = ORIENTED_EDGE ( 'NONE', *, *, #6311, .F. ) ;
#3490 = CARTESIAN_POINT ( 'NONE',  ( -5.229999999999998650, -2.399999999999999911, -1.569999999999998064 ) ) ;
#3491 = PLANE ( 'NONE',  #3189 ) ;
#3492 = PLANE ( 'NONE',  #1815 ) ;
#3493 = VERTEX_POINT ( 'NONE', #9078 ) ;
#3494 =( NAMED_UNIT ( * ) PLANE_ANGLE_UNIT ( ) SI_UNIT ( $, .RADIAN. ) );
#3495 = EDGE_CURVE ( 'NONE', #5760, #3813, #9857, .T. ) ;
#3496 = PRESENTATION_LAYER_ASSIGNMENT (  '', '', ( #7609 ) ) ;
#3497 = ADVANCED_FACE ( 'NONE', ( #5509 ), #1029, .T. ) ;
#3498 = CARTESIAN_POINT ( 'NONE',  ( -6.199999999999972644, -7.899999999999999467, -0.3000000000000003775 ) ) ;
#3499 = CARTESIAN_POINT ( 'NONE',  ( -3.949999999999998845, 2.100000000000000089, -6.500000000000004441 ) ) ;
#3500 = CARTESIAN_POINT ( 'NONE',  ( 0.6499999999999982458, 2.100000000000000089, -4.500000000000003553 ) ) ;
#3501 =( NAMED_UNIT ( * ) PLANE_ANGLE_UNIT ( ) SI_UNIT ( $, .RADIAN. ) );
#3502 = UNCERTAINTY_MEASURE_WITH_UNIT (LENGTH_MEASURE( 1.000000000000000082E-05 ), #8728, 'distance_accuracy_value', 'NONE');
#3503 = PRESENTATION_STYLE_ASSIGNMENT (( #8725 ) ) ;
#3504 = VERTEX_POINT ( 'NONE', #7987 ) ;
#3505 = DIRECTION ( 'NONE',  ( -0.000000000000000000, 1.000000000000000000, -0.000000000000000000 ) ) ;
#3506 = UNCERTAINTY_MEASURE_WITH_UNIT (LENGTH_MEASURE( 1.000000000000000082E-05 ), #11055, 'distance_accuracy_value', 'NONE');
#3507 = SURFACE_SIDE_STYLE ('',( #3289 ) ) ;
#3508 = COLOUR_RGB ( '',0.8313725490196077761, 0.6705882352941175961, 0.1294117647058823373 ) ;
#3509 = DIRECTION ( 'NONE',  ( 0.000000000000000000, 0.000000000000000000, 1.000000000000000000 ) ) ;
#3510 = ORIENTED_EDGE ( 'NONE', *, *, #8138, .F. ) ;
#3511 = CARTESIAN_POINT ( 'NONE',  ( 6.200000000000052580, -2.399999999999999911, -1.879999999999995453 ) ) ;
#3512 = COLOUR_RGB ( '',0.8313725490196077761, 0.6705882352941175961, 0.1294117647058823373 ) ;
#3513 = DIRECTION ( 'NONE',  ( -8.330334836186190947E-15, 1.000000000000000000, 0.000000000000000000 ) ) ;
#3514 = ORIENTED_EDGE ( 'NONE', *, *, #5036, .F. ) ;
#3515 = DIRECTION ( 'NONE',  ( 1.000000000000000000, 0.000000000000000000, 0.000000000000000000 ) ) ;
#3516 = DIRECTION ( 'NONE',  ( 0.000000000000000000, 0.000000000000000000, 1.000000000000000000 ) ) ;
#3517 = ORIENTED_EDGE ( 'NONE', *, *, #5482, .T. ) ;
#3518 =( LENGTH_UNIT ( ) NAMED_UNIT ( * ) SI_UNIT ( .MILLI., .METRE. ) );
#3519 = COLOUR_RGB ( '',0.8941176470588234615, 0.9137254901960784048, 0.9294117647058823817 ) ;
#3520 = ORIENTED_EDGE ( 'NONE', *, *, #8592, .F. ) ;
#3521 = LINE ( 'NONE', #5024, #10367 ) ;
#3522 = MECHANICAL_DESIGN_GEOMETRIC_PRESENTATION_REPRESENTATION (  '', ( #4228 ), #9107 ) ;
#3523 = PRESENTATION_STYLE_ASSIGNMENT (( #1030 ) ) ;
#3524 = CARTESIAN_POINT ( 'NONE',  ( -5.229999999999998650, -2.399999999999999911, -0.9700000000000029710 ) ) ;
#3525 = VERTEX_POINT ( 'NONE', #2998 ) ;
#3526 = COLOUR_RGB ( '',0.8313725490196077761, 0.6705882352941175961, 0.1294117647058823373 ) ;
#3527 = DIRECTION ( 'NONE',  ( 0.000000000000000000, 0.000000000000000000, 1.000000000000000000 ) ) ;
#3528 = EDGE_CURVE ( 'NONE', #8255, #10851, #4538, .T. ) ;
#3529 = ORIENTED_EDGE ( 'NONE', *, *, #8374, .F. ) ;
#3530 = ADVANCED_FACE ( 'NONE', ( #345 ), #3727, .F. ) ;
#3531 = LINE ( 'NONE', #2035, #262 ) ;
#3532 = FACE_BOUND ( 'NONE', #5317, .T. ) ;
#3533 = DIRECTION ( 'NONE',  ( 1.138412281109778670E-15, -0.000000000000000000, 1.000000000000000000 ) ) ;
#3534 =( LENGTH_UNIT ( ) NAMED_UNIT ( * ) SI_UNIT ( .MILLI., .METRE. ) );
#3535 = DIRECTION ( 'NONE',  ( -1.000000000000000000, 0.000000000000000000, 0.000000000000000000 ) ) ;
#3536 = VECTOR ( 'NONE', #4156, 1000.000000000000114 ) ;
#3537 = AXIS2_PLACEMENT_3D ( 'NONE', #3920, #597, #10908 ) ;
#3538 = VECTOR ( 'NONE', #5005, 1000.000000000000114 ) ;
#3539 = EDGE_LOOP ( 'NONE', ( #8940, #4256, #6201, #11056 ) ) ;
#3540 = CARTESIAN_POINT ( 'NONE',  ( 0.6499999999999999112, 2.100000000000000089, 6.000000000000000000 ) ) ;
#3541 = ORIENTED_EDGE ( 'NONE', *, *, #9758, .F. ) ;
#3542 = SURFACE_STYLE_FILL_AREA ( #330 ) ;
#3543 = STYLED_ITEM ( 'NONE', ( #10894 ), #4915 ) ;
#3544 = CARTESIAN_POINT ( 'NONE',  ( -0.6499999999999985789, 2.100000000000000089, -4.500000000000003553 ) ) ;
#3545 = PRESENTATION_LAYER_ASSIGNMENT (  '', '', ( #4957 ) ) ;
#3546 =( NAMED_UNIT ( * ) SI_UNIT ( $, .STERADIAN. ) SOLID_ANGLE_UNIT ( ) );
#3547 = CARTESIAN_POINT ( 'NONE',  ( 0.6499999999999982458, 1.600000000000000089, -4.500000000000003553 ) ) ;
#3548 = CARTESIAN_POINT ( 'NONE',  ( -8.000000000000007105, 1.600000000000000089, -6.250000000000000000 ) ) ;
#3549 =( NAMED_UNIT ( * ) PLANE_ANGLE_UNIT ( ) SI_UNIT ( $, .RADIAN. ) );
#3550 = CARTESIAN_POINT ( 'NONE',  ( -3.231990237815517641, 1.600000000000000755, -2.500000000000000888 ) ) ;
#3551 = CARTESIAN_POINT ( 'NONE',  ( -7.769999999999999574, -2.399999999999999911, 3.510000000000003340 ) ) ;
#3552 = VECTOR ( 'NONE', #5319, 1000.000000000000000 ) ;
#3553 = VECTOR ( 'NONE', #4778, 1000.000000000000000 ) ;
#3555 = EDGE_CURVE ( 'NONE', #2355, #9724, #4724, .T. ) ;
#3554 = FILL_AREA_STYLE_COLOUR ( '', #2759 ) ;
#3556 = AXIS2_PLACEMENT_3D ( 'NONE', #1920, #1759, #6855 ) ;
#3557 = ADVANCED_FACE ( 'NONE', ( #9749 ), #2063, .F. ) ;
#3558 = VERTEX_POINT ( 'NONE', #3323 ) ;
#3559 = DIRECTION ( 'NONE',  ( -0.000000000000000000, -1.000000000000000000, -0.000000000000000000 ) ) ;
#3560 = DIRECTION ( 'NONE',  ( 1.000000000000000000, -0.000000000000000000, -0.000000000000000000 ) ) ;
#3561 = CARTESIAN_POINT ( 'NONE',  ( 3.950000000000000178, 2.100000000000000089, 6.000000000000000000 ) ) ;
#3562 = AXIS2_PLACEMENT_3D ( 'NONE', #5519, #8924, #8050 ) ;
#3563 = STYLED_ITEM ( 'NONE', ( #3836 ), #5448 ) ;
#3564 = ORIENTED_EDGE ( 'NONE', *, *, #1107, .T. ) ;
#3565 = SURFACE_STYLE_FILL_AREA ( #8048 ) ;
#3566 = CARTESIAN_POINT ( 'NONE',  ( -2.994689754873801846, 1.600000000000000755, -0.5000000000000004441 ) ) ;
#3567 = SURFACE_SIDE_STYLE ('',( #960 ) ) ;
#3568 = ADVANCED_FACE ( 'NONE', ( #7587 ), #5672, .F. ) ;
#3569 = CIRCLE ( 'NONE', #8, 0.5000000000000008882 ) ;
#3570 = FILL_AREA_STYLE_COLOUR ( '', #4305 ) ;
#3571 =( LENGTH_UNIT ( ) NAMED_UNIT ( * ) SI_UNIT ( .MILLI., .METRE. ) );
#3572 =( LENGTH_UNIT ( ) NAMED_UNIT ( * ) SI_UNIT ( .MILLI., .METRE. ) );
#3573 = DIRECTION ( 'NONE',  ( 0.000000000000000000, -0.000000000000000000, -1.000000000000000000 ) ) ;
#3574 = FACE_OUTER_BOUND ( 'NONE', #5138, .T. ) ;
#3575 = DIRECTION ( 'NONE',  ( -0.7071067811865443531, 0.000000000000000000, -0.7071067811865506814 ) ) ;
#3576 = SURFACE_STYLE_USAGE ( .BOTH. , #8060 ) ;
#3577 = VECTOR ( 'NONE', #1473, 1000.000000000000000 ) ;
#3578 = ORIENTED_EDGE ( 'NONE', *, *, #9475, .T. ) ;
#3579 = CARTESIAN_POINT ( 'NONE',  ( 1.986111111111112937, 2.450000000000009059, -2.500000000000000444 ) ) ;
#3580 = DIRECTION ( 'NONE',  ( -0.000000000000000000, -1.000000000000000000, -0.000000000000000000 ) ) ;
#3581 = DIRECTION ( 'NONE',  ( 0.000000000000000000, 0.4383711467890764601, 0.8987940462991674817 ) ) ;
#3582 = CARTESIAN_POINT ( 'NONE',  ( -6.239933679492688512, -8.798306128475207544, -2.279933679492742726 ) ) ;
#3583 = DIRECTION ( 'NONE',  ( -8.330334836186190947E-15, 1.000000000000000000, 0.000000000000000000 ) ) ;
#3584 = PRESENTATION_LAYER_ASSIGNMENT (  '', '', ( #10959 ) ) ;
#3585 = VERTEX_POINT ( 'NONE', #6647 ) ;
#3586 = LINE ( 'NONE', #1915, #5560 ) ;
#3587 = ORIENTED_EDGE ( 'NONE', *, *, #1935, .T. ) ;
#3588 = CARTESIAN_POINT ( 'NONE',  ( -7.769999999999999574, -2.399999999999999911, 0.9700000000000029710 ) ) ;
#3589 = CARTESIAN_POINT ( 'NONE',  ( 0.6499999999999999112, 2.100000000000000089, 6.000000000000000000 ) ) ;
#3590 = DIRECTION ( 'NONE',  ( 0.000000000000000000, 1.000000000000000000, 0.000000000000000000 ) ) ;
#3591 = DIRECTION ( 'NONE',  ( -0.000000000000000000, -0.000000000000000000, 1.000000000000000000 ) ) ;
#3592 = CARTESIAN_POINT ( 'NONE',  ( 7.999999999999992895, 0.000000000000000000, -9.750000000000007105 ) ) ;
#3593 = VECTOR ( 'NONE', #1902, 1000.000000000000000 ) ;
#3594 = CARTESIAN_POINT ( 'NONE',  ( 6.800000000000078870, -2.399999999999999911, -4.419999999999995488 ) ) ;
#3595 = LINE ( 'NONE', #1985, #9563 ) ;
#3596 = ORIENTED_EDGE ( 'NONE', *, *, #2809, .T. ) ;
#3597 = EDGE_CURVE ( 'NONE', #2478, #3504, #10075, .T. ) ;
#3598 =( NAMED_UNIT ( * ) SI_UNIT ( $, .STERADIAN. ) SOLID_ANGLE_UNIT ( ) );
#3599 = ORIENTED_EDGE ( 'NONE', *, *, #4712, .T. ) ;
#3600 = STYLED_ITEM ( 'NONE', ( #6494 ), #6930 ) ;
#3601 = FACE_OUTER_BOUND ( 'NONE', #1288, .T. ) ;
#3602 = VECTOR ( 'NONE', #3457, 1000.000000000000000 ) ;
#3604 = DIRECTION ( 'NONE',  ( 0.000000000000000000, 1.000000000000000000, 0.000000000000000000 ) ) ;
#3603 = FACE_OUTER_BOUND ( 'NONE', #6568, .T. ) ;
#3605 = CARTESIAN_POINT ( 'NONE',  ( 7.769999999999999574, -2.399999999999999911, -0.009999999999998291506 ) ) ;
#3606 = DIRECTION ( 'NONE',  ( 0.000000000000000000, 0.000000000000000000, 1.000000000000000000 ) ) ;
#3607 = UNCERTAINTY_MEASURE_WITH_UNIT (LENGTH_MEASURE( 1.000000000000000082E-05 ), #6326, 'distance_accuracy_value', 'NONE');
#3608 = LINE ( 'NONE', #3721, #2214 ) ;
#3609 = ORIENTED_EDGE ( 'NONE', *, *, #4775, .F. ) ;
#3610 = VERTEX_POINT ( 'NONE', #726 ) ;
#3611 = COLOUR_RGB ( '',0.2980392156862745057, 0.2980392156862745057, 0.2980392156862745057 ) ;
#3612 = FILL_AREA_STYLE_COLOUR ( '', #10773 ) ;
#3613 = DIRECTION ( 'NONE',  ( 1.000000000000000000, 9.137799966060740935E-16, 0.000000000000000000 ) ) ;
#3614 = SURFACE_STYLE_FILL_AREA ( #4333 ) ;
#3615 = STYLED_ITEM ( 'NONE', ( #9971 ), #8095 ) ;
#3616 = COLOUR_RGB ( '',1.000000000000000000, 0.9372549019607843146, 0.1372549019607843257 ) ;
#3617 = SURFACE_SIDE_STYLE ('',( #1893 ) ) ;
#3618 = ADVANCED_FACE ( 'NONE', ( #4105 ), #155, .F. ) ;
#3619 = UNCERTAINTY_MEASURE_WITH_UNIT (LENGTH_MEASURE( 1.000000000000000082E-05 ), #3360, 'distance_accuracy_value', 'NONE');
#3620 = ADVANCED_FACE ( 'NONE', ( #4324 ), #5958, .F. ) ;
#3621 = SURFACE_SIDE_STYLE ('',( #3565 ) ) ;
#3622 = STYLED_ITEM ( 'NONE', ( #10556 ), #11046 ) ;
#3623 = UNCERTAINTY_MEASURE_WITH_UNIT (LENGTH_MEASURE( 1.000000000000000082E-05 ), #8184, 'distance_accuracy_value', 'NONE');
#3624 = CARTESIAN_POINT ( 'NONE',  ( 9.499999999999996447, 1.600000000000000089, 11.50000000000000000 ) ) ;
#3625 = LINE ( 'NONE', #1177, #10090 ) ;
#3626 = DIRECTION ( 'NONE',  ( 0.000000000000000000, 0.000000000000000000, 1.000000000000000000 ) ) ;
#3627 = CARTESIAN_POINT ( 'NONE',  ( 6.200000000000025935, -7.899999999999999467, 0.6600000000000048050 ) ) ;
#3628 = ORIENTED_EDGE ( 'NONE', *, *, #6114, .T. ) ;
#3629 = VECTOR ( 'NONE', #7847, 1000.000000000000000 ) ;
#3630 = FILL_AREA_STYLE ('',( #4284 ) ) ;
#3631 = CARTESIAN_POINT ( 'NONE',  ( -1.986111111111112049, 2.549999999999997158, -1.000000000000000888 ) ) ;
#3632 =( GEOMETRIC_REPRESENTATION_CONTEXT ( 3 ) GLOBAL_UNCERTAINTY_ASSIGNED_CONTEXT ( ( #8570 ) ) GLOBAL_UNIT_ASSIGNED_CONTEXT ( ( #8685, #8278, #3003 ) ) REPRESENTATION_CONTEXT ( 'NONE', 'WORKASPACE' ) );
#3633 = EDGE_LOOP ( 'NONE', ( #7120, #7257, #2596, #2872 ) ) ;
#3634 = PRESENTATION_LAYER_ASSIGNMENT (  '', '', ( #7034 ) ) ;
#3635 = CARTESIAN_POINT ( 'NONE',  ( -1.986111111111112049, 2.550000000000002043, -1.000000000000000444 ) ) ;
#3636 = FACE_OUTER_BOUND ( 'NONE', #10957, .T. ) ;
#3637 =( NAMED_UNIT ( * ) SI_UNIT ( $, .STERADIAN. ) SOLID_ANGLE_UNIT ( ) );
#3638 = ADVANCED_FACE ( 'NONE', ( #7753 ), #10416, .F. ) ;
#3639 = SURFACE_STYLE_USAGE ( .BOTH. , #7889 ) ;
#3640 = VECTOR ( 'NONE', #2246, 1000.000000000000227 ) ;
#3641 = ORIENTED_EDGE ( 'NONE', *, *, #5892, .F. ) ;
#3642 = PLANE ( 'NONE',  #2911 ) ;
#3643 = EDGE_CURVE ( 'NONE', #6828, #5015, #7691, .T. ) ;
#3644 = DIRECTION ( 'NONE',  ( 0.000000000000000000, -1.000000000000000000, 0.000000000000000000 ) ) ;
#3645 = DIRECTION ( 'NONE',  ( -0.4014883995042272113, 0.8231732078530423768, -0.4014883995042272113 ) ) ;
#3646 = DIRECTION ( 'NONE',  ( 0.000000000000000000, 1.000000000000000000, 0.000000000000000000 ) ) ;
#3647 = COLOUR_RGB ( '',0.8941176470588234615, 0.9137254901960784048, 0.9294117647058823817 ) ;
#3648 = ORIENTED_EDGE ( 'NONE', *, *, #9, .T. ) ;
#3649 = EDGE_LOOP ( 'NONE', ( #5109, #8389, #3262, #8942 ) ) ;
#3650 = SURFACE_STYLE_USAGE ( .BOTH. , #5430 ) ;
#3651 = LINE ( 'NONE', #7678, #1663 ) ;
#3652 = CARTESIAN_POINT ( 'NONE',  ( 0.000000000000000000, 1.600000000000000089, 0.000000000000000000 ) ) ;
#3653 = PLANE ( 'NONE',  #10529 ) ;
#3654 = PRESENTATION_LAYER_ASSIGNMENT (  '', '', ( #6877 ) ) ;
#3655 = AXIS2_PLACEMENT_3D ( 'NONE', #7970, #7744, #8836 ) ;
#3656 =( NAMED_UNIT ( * ) SI_UNIT ( $, .STERADIAN. ) SOLID_ANGLE_UNIT ( ) );
#3657 = LINE ( 'NONE', #6163, #7730 ) ;
#3658 = FILL_AREA_STYLE ('',( #6860 ) ) ;
#3659 = EDGE_LOOP ( 'NONE', ( #353, #9793, #2970, #3001 ) ) ;
#3660 =( NAMED_UNIT ( * ) PLANE_ANGLE_UNIT ( ) SI_UNIT ( $, .RADIAN. ) );
#3661 = VECTOR ( 'NONE', #1059, 1000.000000000000000 ) ;
#3662 = ORIENTED_EDGE ( 'NONE', *, *, #10992, .F. ) ;
#3663 = CIRCLE ( 'NONE', #2413, 0.01226741143414049676 ) ;
#3664 = VERTEX_POINT ( 'NONE', #9506 ) ;
#3665 = CARTESIAN_POINT ( 'NONE',  ( -8.000000000000007105, 0.000000000000000000, 8.000000000000007105 ) ) ;
#3666 = MECHANICAL_DESIGN_GEOMETRIC_PRESENTATION_REPRESENTATION (  '', ( #6339 ), #9946 ) ;
#3667 = FILL_AREA_STYLE_COLOUR ( '', #6968 ) ;
#3668 = SURFACE_STYLE_USAGE ( .BOTH. , #106 ) ;
#3669 = DIRECTION ( 'NONE',  ( 0.7071067811865470176, -0.7071067811865479058, 0.000000000000000000 ) ) ;
#3670 =( NAMED_UNIT ( * ) SI_UNIT ( $, .STERADIAN. ) SOLID_ANGLE_UNIT ( ) );
#3671 =( GEOMETRIC_REPRESENTATION_CONTEXT ( 3 ) GLOBAL_UNCERTAINTY_ASSIGNED_CONTEXT ( ( #5516 ) ) GLOBAL_UNIT_ASSIGNED_CONTEXT ( ( #1069, #6198, #5242 ) ) REPRESENTATION_CONTEXT ( 'NONE', 'WORKASPACE' ) );
#3672 = DIRECTION ( 'NONE',  ( 0.000000000000000000, 1.000000000000000000, 0.000000000000000000 ) ) ;
#3673 = FACE_OUTER_BOUND ( 'NONE', #2049, .T. ) ;
#3674 = CARTESIAN_POINT ( 'NONE',  ( -6.499999999999999112, 2.600000000000000089, 2.540000000000000036 ) ) ;
#3675 = SURFACE_STYLE_FILL_AREA ( #1054 ) ;
#3676 = EDGE_CURVE ( 'NONE', #1754, #1533, #1822, .T. ) ;
#3677 = DIRECTION ( 'NONE',  ( -0.000000000000000000, 1.000000000000000000, -0.000000000000000000 ) ) ;
#3678 = DIRECTION ( 'NONE',  ( 0.000000000000000000, 1.000000000000000000, 0.000000000000000000 ) ) ;
#3679 =( NAMED_UNIT ( * ) PLANE_ANGLE_UNIT ( ) SI_UNIT ( $, .RADIAN. ) );
#3680 = DIRECTION ( 'NONE',  ( -0.7071067811865475727, 0.000000000000000000, 0.7071067811865475727 ) ) ;
#3681 = PLANE ( 'NONE',  #1453 ) ;
#3682 = ORIENTED_EDGE ( 'NONE', *, *, #7745, .F. ) ;
#3683 = PRESENTATION_STYLE_ASSIGNMENT (( #1953 ) ) ;
#3684 = ORIENTED_EDGE ( 'NONE', *, *, #8290, .F. ) ;
#3685 = DIRECTION ( 'NONE',  ( 0.000000000000000000, 0.000000000000000000, -1.000000000000000000 ) ) ;
#3686 = ADVANCED_FACE ( 'NONE', ( #3601 ), #6009, .F. ) ;
#3687 = DIRECTION ( 'NONE',  ( -0.7071067811865474617, 0.000000000000000000, -0.7071067811865474617 ) ) ;
#3688 = SURFACE_SIDE_STYLE ('',( #9645 ) ) ;
#3689 = CARTESIAN_POINT ( 'NONE',  ( -2.000000000000000888, 2.500000000000002220, -11.50000000000000000 ) ) ;
#3690 = FILL_AREA_STYLE_COLOUR ( '', #711 ) ;
#3691 = EDGE_LOOP ( 'NONE', ( #2228, #10457 ) ) ;
#3692 =( NAMED_UNIT ( * ) PLANE_ANGLE_UNIT ( ) SI_UNIT ( $, .RADIAN. ) );
#3693 = DIRECTION ( 'NONE',  ( 0.000000000000000000, -0.000000000000000000, 1.000000000000000000 ) ) ;
#3694 =( NAMED_UNIT ( * ) SI_UNIT ( $, .STERADIAN. ) SOLID_ANGLE_UNIT ( ) );
#3695 = EDGE_CURVE ( 'NONE', #1754, #9167, #2966, .T. ) ;
#3696 =( LENGTH_UNIT ( ) NAMED_UNIT ( * ) SI_UNIT ( .MILLI., .METRE. ) );
#3697 = ORIENTED_EDGE ( 'NONE', *, *, #1035, .T. ) ;
#3698 = ORIENTED_EDGE ( 'NONE', *, *, #4302, .F. ) ;
#3699 = DIRECTION ( 'NONE',  ( 0.000000000000000000, -0.4383711467890764046, 0.8987940462991675927 ) ) ;
#3700 = PRESENTATION_LAYER_ASSIGNMENT (  '', '', ( #9277 ) ) ;
#3701 = PLANE ( 'NONE',  #9378 ) ;
#3702 = EDGE_LOOP ( 'NONE', ( #3878, #2389, #10592, #4982 ) ) ;
#3703 = PRESENTATION_STYLE_ASSIGNMENT (( #7964 ) ) ;
#3704 = DIRECTION ( 'NONE',  ( -1.000000000000000000, -1.084202172485504040E-15, 0.000000000000000000 ) ) ;
#3705 = DIRECTION ( 'NONE',  ( -0.000000000000000000, -1.000000000000000000, -0.000000000000000000 ) ) ;
#3706 = FILL_AREA_STYLE ('',( #325 ) ) ;
#3707 = CARTESIAN_POINT ( 'NONE',  ( 1.986111111111112937, 2.550000000000002487, 1.999999999999999556 ) ) ;
#3708 = ORIENTED_EDGE ( 'NONE', *, *, #5879, .F. ) ;
#3709 = ORIENTED_EDGE ( 'NONE', *, *, #2319, .T. ) ;
#3710 = VECTOR ( 'NONE', #8889, 1000.000000000000000 ) ;
#3711 = DIRECTION ( 'NONE',  ( 0.000000000000000000, 0.000000000000000000, 1.000000000000000000 ) ) ;
#3712 = EDGE_CURVE ( 'NONE', #6279, #5256, #5034, .T. ) ;
#3713 = ORIENTED_EDGE ( 'NONE', *, *, #556, .F. ) ;
#3714 = SURFACE_STYLE_USAGE ( .BOTH. , #2984 ) ;
#3715 = VECTOR ( 'NONE', #7993, 1000.000000000000000 ) ;
#3716 = VECTOR ( 'NONE', #9940, 1000.000000000000000 ) ;
#3717 = LINE ( 'NONE', #9509, #6702 ) ;
#3718 = DIRECTION ( 'NONE',  ( 0.000000000000000000, 0.000000000000000000, 1.000000000000000000 ) ) ;
#3719 = STYLED_ITEM ( 'NONE', ( #8456 ), #3959 ) ;
#3720 = UNCERTAINTY_MEASURE_WITH_UNIT (LENGTH_MEASURE( 1.000000000000000082E-05 ), #4375, 'distance_accuracy_value', 'NONE');
#3721 = CARTESIAN_POINT ( 'NONE',  ( 6.800000000000078870, -7.649999999999995026, -3.819999999999995399 ) ) ;
#3722 = ORIENTED_EDGE ( 'NONE', *, *, #10096, .F. ) ;
#3723 = PRESENTATION_LAYER_ASSIGNMENT (  '', '', ( #1604 ) ) ;
#3724 = DIRECTION ( 'NONE',  ( 1.000000000000000000, -0.000000000000000000, -0.000000000000000000 ) ) ;
#3725 = ORIENTED_EDGE ( 'NONE', *, *, #686, .T. ) ;
#3726 = DIRECTION ( 'NONE',  ( 0.000000000000000000, -0.000000000000000000, -1.000000000000000000 ) ) ;
#3727 = PLANE ( 'NONE',  #10890 ) ;
#3728 = CARTESIAN_POINT ( 'NONE',  ( 6.678066852858532521, -7.899999999999999467, 3.678066852858537850 ) ) ;
#3729 = UNCERTAINTY_MEASURE_WITH_UNIT (LENGTH_MEASURE( 1.000000000000000082E-05 ), #8252, 'distance_accuracy_value', 'NONE');
#3730 = DIRECTION ( 'NONE',  ( 0.000000000000000000, 0.000000000000000000, 1.000000000000000000 ) ) ;
#3731 =( GEOMETRIC_REPRESENTATION_CONTEXT ( 3 ) GLOBAL_UNCERTAINTY_ASSIGNED_CONTEXT ( ( #10152 ) ) GLOBAL_UNIT_ASSIGNED_CONTEXT ( ( #472, #5682, #5801 ) ) REPRESENTATION_CONTEXT ( 'NONE', 'WORKASPACE' ) );
#3732 = UNCERTAINTY_MEASURE_WITH_UNIT (LENGTH_MEASURE( 1.000000000000000082E-05 ), #9833, 'distance_accuracy_value', 'NONE');
#3733 = VECTOR ( 'NONE', #513, 1000.000000000000000 ) ;
#3734 = PLANE ( 'NONE',  #2284 ) ;
#3735 = DIRECTION ( 'NONE',  ( 0.7071067811865510144, 0.000000000000000000, -0.7071067811865441310 ) ) ;
#3736 = DIRECTION ( 'NONE',  ( -0.000000000000000000, -1.000000000000000000, -0.000000000000000000 ) ) ;
#3737 =( NAMED_UNIT ( * ) PLANE_ANGLE_UNIT ( ) SI_UNIT ( $, .RADIAN. ) );
#3738 = EDGE_LOOP ( 'NONE', ( #9044, #10146 ) ) ;
#3739 = CARTESIAN_POINT ( 'NONE',  ( 0.000000000000000000, 2.100000000000000089, 0.000000000000000000 ) ) ;
#3740 = ORIENTED_EDGE ( 'NONE', *, *, #5180, .T. ) ;
#3741 = ADVANCED_FACE ( 'NONE', ( #9663 ), #2037, .T. ) ;
#3742 = DIRECTION ( 'NONE',  ( 1.000000000000000000, 0.000000000000000000, 0.000000000000000000 ) ) ;
#3743 = VECTOR ( 'NONE', #104, 1000.000000000000000 ) ;
#3744 = PRESENTATION_LAYER_ASSIGNMENT (  '', '', ( #2311 ) ) ;
#3745 = PRESENTATION_STYLE_ASSIGNMENT (( #1188 ) ) ;
#3746 = DIRECTION ( 'NONE',  ( -0.000000000000000000, -0.4383711467890764601, -0.8987940462991674817 ) ) ;
#3747 = PRESENTATION_STYLE_ASSIGNMENT (( #3639 ) ) ;
#3748 = ORIENTED_EDGE ( 'NONE', *, *, #9529, .F. ) ;
#3749 = DIRECTION ( 'NONE',  ( -0.7071067811865450192, 0.000000000000000000, 0.7071067811865500152 ) ) ;
#3750 = FILL_AREA_STYLE_COLOUR ( '', #535 ) ;
#3751 = ADVANCED_FACE ( 'NONE', ( #4637 ), #8137, .T. ) ;
#3752 = FACE_OUTER_BOUND ( 'NONE', #8080, .T. ) ;
#3753 = EDGE_LOOP ( 'NONE', ( #1770, #8957, #614, #1085 ) ) ;
#3754 = SURFACE_SIDE_STYLE ('',( #372 ) ) ;
#3755 = VERTEX_POINT ( 'NONE', #10522 ) ;
#3756 = STYLED_ITEM ( 'NONE', ( #4407 ), #1528 ) ;
#3757 = DIRECTION ( 'NONE',  ( -0.000000000000000000, 1.000000000000000000, -0.000000000000000000 ) ) ;
#3758 = SURFACE_STYLE_USAGE ( .BOTH. , #7289 ) ;
#3759 =( NAMED_UNIT ( * ) SI_UNIT ( $, .STERADIAN. ) SOLID_ANGLE_UNIT ( ) );
#3760 = EDGE_CURVE ( 'NONE', #2291, #6287, #1918, .T. ) ;
#3761 = ADVANCED_FACE ( 'NONE', ( #4463 ), #3653, .F. ) ;
#3762 = PLANE ( 'NONE',  #10305 ) ;
#3763 = DIRECTION ( 'NONE',  ( 5.368498217537949798E-17, -0.8987940462991682589, 0.4383711467890747948 ) ) ;
#3764 = DIRECTION ( 'NONE',  ( 0.000000000000000000, 1.000000000000000000, 0.000000000000000000 ) ) ;
#3765 = ORIENTED_EDGE ( 'NONE', *, *, #842, .T. ) ;
#3766 = ORIENTED_EDGE ( 'NONE', *, *, #9006, .T. ) ;
#3767 = MECHANICAL_DESIGN_GEOMETRIC_PRESENTATION_REPRESENTATION (  '', ( #2868 ), #5010 ) ;
#3768 = CARTESIAN_POINT ( 'NONE',  ( 3.031990237815518796, 1.704120873295593919, 2.499999999999999556 ) ) ;
#3769 = VERTEX_POINT ( 'NONE', #4971 ) ;
#3770 = LINE ( 'NONE', #4819, #720 ) ;
#3771 = DIRECTION ( 'NONE',  ( -1.000000000000000000, 0.000000000000000000, 4.470936793754646013E-16 ) ) ;
#3772 = ORIENTED_EDGE ( 'NONE', *, *, #3804, .F. ) ;
#3773 = SURFACE_SIDE_STYLE ('',( #5553 ) ) ;
#3774 = DIRECTION ( 'NONE',  ( -0.000000000000000000, 1.000000000000000000, -0.000000000000000000 ) ) ;
#3775 =( NAMED_UNIT ( * ) SI_UNIT ( $, .STERADIAN. ) SOLID_ANGLE_UNIT ( ) );
#3776 = EDGE_CURVE ( 'NONE', #3028, #2639, #6562, .T. ) ;
#3777 = SURFACE_STYLE_USAGE ( .BOTH. , #502 ) ;
#3778 = FACE_BOUND ( 'NONE', #10280, .T. ) ;
#3779 = EDGE_CURVE ( 'NONE', #10447, #3769, #4810, .T. ) ;
#3780 = EDGE_LOOP ( 'NONE', ( #2692, #1880, #2264, #8872, #2016, #753, #7247, #6261, #6735 ) ) ;
#3781 = VECTOR ( 'NONE', #5883, 1000.000000000000000 ) ;
#3782 = LINE ( 'NONE', #1280, #9313 ) ;
#3783 = CARTESIAN_POINT ( 'NONE',  ( -7.058793788969989436, -7.119394100297959938, 1.981206211030008602 ) ) ;
#3784 = FILL_AREA_STYLE_COLOUR ( '', #3616 ) ;
#3785 = DIRECTION ( 'NONE',  ( -1.000000000000000000, 0.000000000000000000, 2.262682794752357637E-16 ) ) ;
#3786 = DIRECTION ( 'NONE',  ( 0.000000000000000000, -0.000000000000000000, 1.000000000000000000 ) ) ;
#3787 = DIRECTION ( 'NONE',  ( -1.000000000000000000, 0.000000000000000000, 0.000000000000000000 ) ) ;
#3788 = COLOUR_RGB ( '',0.8941176470588234615, 0.9137254901960784048, 0.9294117647058823817 ) ;
#3789 = LINE ( 'NONE', #9805, #9930 ) ;
#3790 = DIRECTION ( 'NONE',  ( 1.000000000000000000, 0.000000000000000000, 0.000000000000000000 ) ) ;
#3791 = DIRECTION ( 'NONE',  ( 1.000000000000000000, -0.000000000000000000, -0.000000000000000000 ) ) ;
#3792 = ORIENTED_EDGE ( 'NONE', *, *, #10200, .T. ) ;
#3793 = VECTOR ( 'NONE', #4326, 1000.000000000000000 ) ;
#3794 = CARTESIAN_POINT ( 'NONE',  ( 6.200000000000000178, -7.649999999999995026, 3.800000000000004707 ) ) ;
#3795 = ORIENTED_EDGE ( 'NONE', *, *, #11008, .F. ) ;
#3796 = CARTESIAN_POINT ( 'NONE',  ( 1.986111111111112937, 2.550000000000002487, 0.4999999999999995559 ) ) ;
#3797 = AXIS2_PLACEMENT_3D ( 'NONE', #6726, #4171, #8406 ) ;
#3798 = VECTOR ( 'NONE', #2997, 1000.000000000000000 ) ;
#3799 =( NAMED_UNIT ( * ) PLANE_ANGLE_UNIT ( ) SI_UNIT ( $, .RADIAN. ) );
#3800 =( NAMED_UNIT ( * ) PLANE_ANGLE_UNIT ( ) SI_UNIT ( $, .RADIAN. ) );
#3801 =( GEOMETRIC_REPRESENTATION_CONTEXT ( 3 ) GLOBAL_UNCERTAINTY_ASSIGNED_CONTEXT ( ( #2830 ) ) GLOBAL_UNIT_ASSIGNED_CONTEXT ( ( #9064, #2873, #2107 ) ) REPRESENTATION_CONTEXT ( 'NONE', 'WORKASPACE' ) );
#3802 = AXIS2_PLACEMENT_3D ( 'NONE', #9897, #10815, #2263 ) ;
#3803 = SURFACE_STYLE_USAGE ( .BOTH. , #6144 ) ;
#3804 = EDGE_CURVE ( 'NONE', #6196, #4030, #5641, .T. ) ;
#3805 = EDGE_LOOP ( 'NONE', ( #5332, #5484, #5365, #3740 ) ) ;
#3806 =( LENGTH_UNIT ( ) NAMED_UNIT ( * ) SI_UNIT ( .MILLI., .METRE. ) );
#3807 = FILL_AREA_STYLE_COLOUR ( '', #3526 ) ;
#3808 = LINE ( 'NONE', #530, #4183 ) ;
#3809 =( GEOMETRIC_REPRESENTATION_CONTEXT ( 3 ) GLOBAL_UNCERTAINTY_ASSIGNED_CONTEXT ( ( #7205 ) ) GLOBAL_UNIT_ASSIGNED_CONTEXT ( ( #7505, #5303, #5195 ) ) REPRESENTATION_CONTEXT ( 'NONE', 'WORKASPACE' ) );
#3810 = VECTOR ( 'NONE', #8734, 1000.000000000000000 ) ;
#3811 =( NAMED_UNIT ( * ) PLANE_ANGLE_UNIT ( ) SI_UNIT ( $, .RADIAN. ) );
#3812 = VECTOR ( 'NONE', #3580, 1000.000000000000000 ) ;
#3813 = VERTEX_POINT ( 'NONE', #1591 ) ;
#3814 = DIRECTION ( 'NONE',  ( -0.7071067811865462405, -0.7071067811865489050, -0.000000000000000000 ) ) ;
#3815 = VERTEX_POINT ( 'NONE', #9884 ) ;
#3816 = CIRCLE ( 'NONE', #7571, 0.01226741143414006308 ) ;
#3817 = SURFACE_SIDE_STYLE ('',( #7174 ) ) ;
#3818 = LINE ( 'NONE', #9662, #958 ) ;
#3819 = EDGE_CURVE ( 'NONE', #3269, #7072, #3186, .T. ) ;
#3820 =( GEOMETRIC_REPRESENTATION_CONTEXT ( 3 ) GLOBAL_UNCERTAINTY_ASSIGNED_CONTEXT ( ( #6988 ) ) GLOBAL_UNIT_ASSIGNED_CONTEXT ( ( #7416, #466, #9965 ) ) REPRESENTATION_CONTEXT ( 'NONE', 'WORKASPACE' ) );
#3821 =( LENGTH_UNIT ( ) NAMED_UNIT ( * ) SI_UNIT ( .MILLI., .METRE. ) );
#3822 = DIRECTION ( 'NONE',  ( -0.000000000000000000, 1.000000000000000000, -0.000000000000000000 ) ) ;
#3823 = CARTESIAN_POINT ( 'NONE',  ( 3.231990237815519418, 1.600000000000001643, 2.499999999999999556 ) ) ;
#3824 = ORIENTED_EDGE ( 'NONE', *, *, #1238, .F. ) ;
#3825 = STYLED_ITEM ( 'NONE', ( #4518 ), #8710 ) ;
#3826 = ORIENTED_EDGE ( 'NONE', *, *, #8560, .T. ) ;
#3827 = PLANE ( 'NONE',  #8783 ) ;
#3828 = ADVANCED_FACE ( 'NONE', ( #3243 ), #6686, .T. ) ;
#3830 = EDGE_CURVE ( 'NONE', #7581, #6762, #7340, .T. ) ;
#3829 = FILL_AREA_STYLE_COLOUR ( '', #9176 ) ;
#3831 =( GEOMETRIC_REPRESENTATION_CONTEXT ( 3 ) GLOBAL_UNCERTAINTY_ASSIGNED_CONTEXT ( ( #7415 ) ) GLOBAL_UNIT_ASSIGNED_CONTEXT ( ( #3821, #6504, #3134 ) ) REPRESENTATION_CONTEXT ( 'NONE', 'WORKASPACE' ) );
#3832 = ORIENTED_EDGE ( 'NONE', *, *, #23, .F. ) ;
#3833 = PRESENTATION_STYLE_ASSIGNMENT (( #3714 ) ) ;
#3834 = LINE ( 'NONE', #7250, #9490 ) ;
#3835 = DIRECTION ( 'NONE',  ( 1.084202172485504434E-16, -0.000000000000000000, 1.000000000000000000 ) ) ;
#3836 = PRESENTATION_STYLE_ASSIGNMENT (( #555 ) ) ;
#3837 =( NAMED_UNIT ( * ) PLANE_ANGLE_UNIT ( ) SI_UNIT ( $, .RADIAN. ) );
#3838 = UNCERTAINTY_MEASURE_WITH_UNIT (LENGTH_MEASURE( 1.000000000000000082E-05 ), #7948, 'distance_accuracy_value', 'NONE');
#3839 = VECTOR ( 'NONE', #4, 1000.000000000000000 ) ;
#3840 = DIRECTION ( 'NONE',  ( 0.000000000000000000, 0.000000000000000000, 1.000000000000000000 ) ) ;
#3841 = SURFACE_STYLE_FILL_AREA ( #5662 ) ;
#3842 = ORIENTED_EDGE ( 'NONE', *, *, #342, .T. ) ;
#3844 = ADVANCED_FACE ( 'NONE', ( #1375 ), #4923, .F. ) ;
#3843 = VERTEX_POINT ( 'NONE', #10906 ) ;
#3845 = DIRECTION ( 'NONE',  ( -1.000000000000000000, 0.000000000000000000, -0.000000000000000000 ) ) ;
#3846 = ADVANCED_FACE ( 'NONE', ( #2581 ), #2629, .F. ) ;
#3847 = DIRECTION ( 'NONE',  ( -1.000000000000000000, -0.000000000000000000, -1.807003620809174632E-16 ) ) ;
#3848 = COLOUR_RGB ( '',1.000000000000000000, 0.9372549019607843146, 0.1372549019607843257 ) ;
#3849 =( NAMED_UNIT ( * ) PLANE_ANGLE_UNIT ( ) SI_UNIT ( $, .RADIAN. ) );
#3850 = FILL_AREA_STYLE_COLOUR ( '', #2604 ) ;
#3851 = LINE ( 'NONE', #4539, #8846 ) ;
#3852 = UNCERTAINTY_MEASURE_WITH_UNIT (LENGTH_MEASURE( 1.000000000000000082E-05 ), #4455, 'distance_accuracy_value', 'NONE');
#3853 = ORIENTED_EDGE ( 'NONE', *, *, #10991, .F. ) ;
#3854 = FACE_OUTER_BOUND ( 'NONE', #2746, .T. ) ;
#3855 = VECTOR ( 'NONE', #5558, 1000.000000000000114 ) ;
#3856 = UNCERTAINTY_MEASURE_WITH_UNIT (LENGTH_MEASURE( 1.000000000000000082E-05 ), #7835, 'distance_accuracy_value', 'NONE');
#3857 = FILL_AREA_STYLE ('',( #9035 ) ) ;
#3858 =( NAMED_UNIT ( * ) SI_UNIT ( $, .STERADIAN. ) SOLID_ANGLE_UNIT ( ) );
#3859 = ORIENTED_EDGE ( 'NONE', *, *, #2745, .T. ) ;
#3860 = ORIENTED_EDGE ( 'NONE', *, *, #5245, .F. ) ;
#3861 = DIRECTION ( 'NONE',  ( -0.000000000000000000, 0.000000000000000000, 1.000000000000000000 ) ) ;
#3862 = FILL_AREA_STYLE_COLOUR ( '', #6431 ) ;
#3863 = SURFACE_SIDE_STYLE ('',( #5467 ) ) ;
#3864 = VECTOR ( 'NONE', #405, 1000.000000000000000 ) ;
#3865 = DIRECTION ( 'NONE',  ( 2.262682794752357637E-16, -0.000000000000000000, 1.000000000000000000 ) ) ;
#3866 =( NAMED_UNIT ( * ) SI_UNIT ( $, .STERADIAN. ) SOLID_ANGLE_UNIT ( ) );
#3867 = PLANE ( 'NONE',  #10573 ) ;
#3868 = AXIS2_PLACEMENT_3D ( 'NONE', #2483, #8546, #5887 ) ;
#3869 = VERTEX_POINT ( 'NONE', #911 ) ;
#3870 = VERTEX_POINT ( 'NONE', #8486 ) ;
#3871 = FACE_OUTER_BOUND ( 'NONE', #5938, .T. ) ;
#3872 = ORIENTED_EDGE ( 'NONE', *, *, #8631, .T. ) ;
#3873 = CARTESIAN_POINT ( 'NONE',  ( -6.321933147141439946, -7.899999999999999467, 0.000000000000000000 ) ) ;
#3874 = EDGE_LOOP ( 'NONE', ( #1869, #4562, #7733, #10109 ) ) ;
#3875 = FACE_OUTER_BOUND ( 'NONE', #3455, .T. ) ;
#3876 = CARTESIAN_POINT ( 'NONE',  ( 3.949999999999999734, 2.100000000000000089, 8.000000000000000000 ) ) ;
#3877 = ORIENTED_EDGE ( 'NONE', *, *, #857, .F. ) ;
#3878 = ORIENTED_EDGE ( 'NONE', *, *, #5802, .T. ) ;
#3879 = EDGE_CURVE ( 'NONE', #4742, #439, #6744, .T. ) ;
#3880 =( LENGTH_UNIT ( ) NAMED_UNIT ( * ) SI_UNIT ( .MILLI., .METRE. ) );
#3881 = ORIENTED_EDGE ( 'NONE', *, *, #7803, .F. ) ;
#3882 = DIRECTION ( 'NONE',  ( -1.000000000000000000, 0.000000000000000000, 0.000000000000000000 ) ) ;
#3883 =( NAMED_UNIT ( * ) SI_UNIT ( $, .STERADIAN. ) SOLID_ANGLE_UNIT ( ) );
#3884 = CARTESIAN_POINT ( 'NONE',  ( -2.144689754873802645, 2.450000000000001954, -1.000000000000000444 ) ) ;
#3885 = COLOUR_RGB ( '',0.8941176470588234615, 0.9137254901960784048, 0.9294117647058823817 ) ;
#3886 = ORIENTED_EDGE ( 'NONE', *, *, #4572, .T. ) ;
#3887 = ADVANCED_FACE ( 'NONE', ( #5987 ), #4237, .F. ) ;
#3888 = ORIENTED_EDGE ( 'NONE', *, *, #7935, .F. ) ;
#3889 = PLANE ( 'NONE',  #1454 ) ;
#3890 =( LENGTH_UNIT ( ) NAMED_UNIT ( * ) SI_UNIT ( .MILLI., .METRE. ) );
#3891 = CARTESIAN_POINT ( 'NONE',  ( -2.144689754873802645, 2.450000000000001954, -2.000000000000000888 ) ) ;
#3892 = ADVANCED_FACE ( 'NONE', ( #251 ), #6776, .T. ) ;
#3893 = EDGE_CURVE ( 'NONE', #5827, #10538, #10446, .T. ) ;
#3894 = FACE_OUTER_BOUND ( 'NONE', #4649, .T. ) ;
#3895 = CARTESIAN_POINT ( 'NONE',  ( 5.529999999999995808, -2.399999999999999911, -0.3099999999999951683 ) ) ;
#3896 = VECTOR ( 'NONE', #7425, 1000.000000000000000 ) ;
#3897 = DIRECTION ( 'NONE',  ( 0.000000000000000000, 0.000000000000000000, 1.000000000000000000 ) ) ;
#3898 = ORIENTED_EDGE ( 'NONE', *, *, #3528, .F. ) ;
#3899 = LINE ( 'NONE', #3116, #4622 ) ;
#3900 = FACE_OUTER_BOUND ( 'NONE', #9825, .T. ) ;
#3901 =( GEOMETRIC_REPRESENTATION_CONTEXT ( 3 ) GLOBAL_UNCERTAINTY_ASSIGNED_CONTEXT ( ( #10033 ) ) GLOBAL_UNIT_ASSIGNED_CONTEXT ( ( #8609, #3494, #10357 ) ) REPRESENTATION_CONTEXT ( 'NONE', 'WORKASPACE' ) );
#3902 = VECTOR ( 'NONE', #7936, 1000.000000000000000 ) ;
#3903 = STYLED_ITEM ( 'NONE', ( #8089 ), #4155 ) ;
#3904 = ORIENTED_EDGE ( 'NONE', *, *, #8771, .T. ) ;
#3905 = CARTESIAN_POINT ( 'NONE',  ( 3.231990237815518530, 1.704120873295594141, 0.4999999999999995559 ) ) ;
#3906 = ORIENTED_EDGE ( 'NONE', *, *, #9401, .F. ) ;
#3907 = ADVANCED_FACE ( 'NONE', ( #2902 ), #1191, .T. ) ;
#3908 = DIRECTION ( 'NONE',  ( -0.000000000000000000, 1.000000000000000000, -0.000000000000000000 ) ) ;
#3909 = LINE ( 'NONE', #10843, #10000 ) ;
#3910 = MECHANICAL_DESIGN_GEOMETRIC_PRESENTATION_REPRESENTATION (  '', ( #7669 ), #2492 ) ;
#3911 = VECTOR ( 'NONE', #7307, 1000.000000000000000 ) ;
#3912 = FACE_OUTER_BOUND ( 'NONE', #1217, .T. ) ;
#3913 = AXIS2_PLACEMENT_3D ( 'NONE', #6517, #10918, #2261 ) ;
#3914 = ORIENTED_EDGE ( 'NONE', *, *, #6794, .F. ) ;
#3915 = ORIENTED_EDGE ( 'NONE', *, *, #2201, .F. ) ;
#3916 = SURFACE_STYLE_FILL_AREA ( #2033 ) ;
#3917 = CARTESIAN_POINT ( 'NONE',  ( -3.231990237815517641, 1.600000000000000755, -2.000000000000000888 ) ) ;
#3918 = SURFACE_SIDE_STYLE ('',( #4081 ) ) ;
#3919 = VECTOR ( 'NONE', #4594, 1000.000000000000000 ) ;
#3920 = CARTESIAN_POINT ( 'NONE',  ( 0.000000000000000000, -7.899999999999999467, 3.678066852858537850 ) ) ;
#3921 = CARTESIAN_POINT ( 'NONE',  ( -11.49999999999999645, 0.000000000000000000, -9.499999999999996447 ) ) ;
#3922 =( NAMED_UNIT ( * ) PLANE_ANGLE_UNIT ( ) SI_UNIT ( $, .RADIAN. ) );
#3923 = ORIENTED_EDGE ( 'NONE', *, *, #9529, .T. ) ;
#3924 = COLOUR_RGB ( '',0.8941176470588234615, 0.9137254901960784048, 0.9294117647058823817 ) ;
#3925 = AXIS2_PLACEMENT_3D ( 'NONE', #3561, #228, #4334 ) ;
#3926 = CARTESIAN_POINT ( 'NONE',  ( -2.186111111111112226, 2.550000000000002043, -2.500000000000000888 ) ) ;
#3927 = ORIENTED_EDGE ( 'NONE', *, *, #9339, .T. ) ;
#3928 = CARTESIAN_POINT ( 'NONE',  ( -2.994689754873801846, 1.600000000000000755, 0.9999999999999995559 ) ) ;
#3929 = MECHANICAL_DESIGN_GEOMETRIC_PRESENTATION_REPRESENTATION (  '', ( #4996 ), #1276 ) ;
#3930 =( NAMED_UNIT ( * ) PLANE_ANGLE_UNIT ( ) SI_UNIT ( $, .RADIAN. ) );
#3931 = SURFACE_STYLE_FILL_AREA ( #10128 ) ;
#3932 = DIRECTION ( 'NONE',  ( 0.000000000000000000, 0.000000000000000000, -1.000000000000000000 ) ) ;
#3933 =( NAMED_UNIT ( * ) PLANE_ANGLE_UNIT ( ) SI_UNIT ( $, .RADIAN. ) );
#3934 = ADVANCED_FACE ( 'NONE', ( #8812 ), #10506, .F. ) ;
#3935 = UNCERTAINTY_MEASURE_WITH_UNIT (LENGTH_MEASURE( 1.000000000000000082E-05 ), #6704, 'distance_accuracy_value', 'NONE');
#3936 = AXIS2_PLACEMENT_3D ( 'NONE', #7841, #9657, #136 ) ;
#3937 = PRESENTATION_LAYER_ASSIGNMENT (  '', '', ( #4647 ) ) ;
#3938 = PLANE ( 'NONE',  #6343 ) ;
#3939 = ORIENTED_EDGE ( 'NONE', *, *, #8712, .T. ) ;
#3940 = VERTEX_POINT ( 'NONE', #4109 ) ;
#3941 = CARTESIAN_POINT ( 'NONE',  ( 6.800000000000025580, -7.649999999999998579, 0.6600000000000048050 ) ) ;
#3942 = PRESENTATION_LAYER_ASSIGNMENT (  '', '', ( #215 ) ) ;
#3943 =( GEOMETRIC_REPRESENTATION_CONTEXT ( 3 ) GLOBAL_UNCERTAINTY_ASSIGNED_CONTEXT ( ( #4478 ) ) GLOBAL_UNIT_ASSIGNED_CONTEXT ( ( #5090, #6101, #202 ) ) REPRESENTATION_CONTEXT ( 'NONE', 'WORKASPACE' ) );
#3944 = DIRECTION ( 'NONE',  ( -1.000000000000000000, 0.000000000000000000, -0.000000000000000000 ) ) ;
#3945 = CARTESIAN_POINT ( 'NONE',  ( -3.231990237815517641, 1.704120873295593253, 1.999999999999999556 ) ) ;
#3946 =( NAMED_UNIT ( * ) PLANE_ANGLE_UNIT ( ) SI_UNIT ( $, .RADIAN. ) );
#3947 = ORIENTED_EDGE ( 'NONE', *, *, #1730, .T. ) ;
#3948 = EDGE_CURVE ( 'NONE', #1424, #8544, #10247, .T. ) ;
#3949 = UNCERTAINTY_MEASURE_WITH_UNIT (LENGTH_MEASURE( 1.000000000000000082E-05 ), #6514, 'distance_accuracy_value', 'NONE');
#3950 = SURFACE_STYLE_USAGE ( .BOTH. , #4730 ) ;
#3951 = DIRECTION ( 'NONE',  ( -1.000000000000000000, -0.000000000000000000, -0.000000000000000000 ) ) ;
#3952 = LINE ( 'NONE', #10886, #7676 ) ;
#3953 = CARTESIAN_POINT ( 'NONE',  ( 7.769999999999999574, 0.000000000000000000, -2.549999999999998490 ) ) ;
#3954 = VERTEX_POINT ( 'NONE', #6591 ) ;
#3955 = CARTESIAN_POINT ( 'NONE',  ( 7.770000000000000462, -2.399999999999999911, -0.6099999999999933253 ) ) ;
#3956 = CARTESIAN_POINT ( 'NONE',  ( -2.649999999999999467, 1.600000000000000089, -6.500000000000004441 ) ) ;
#3957 = EDGE_CURVE ( 'NONE', #10783, #8255, #8343, .T. ) ;
#3958 = CARTESIAN_POINT ( 'NONE',  ( 0.000000000000000000, 0.000000000000000000, 0.9999999999999995559 ) ) ;
#3959 = ADVANCED_FACE ( 'NONE', ( #4052 ), #6718, .F. ) ;
#3960 = AXIS2_PLACEMENT_3D ( 'NONE', #8146, #3771, #2208 ) ;
#3961 = DIRECTION ( 'NONE',  ( -1.000000000000000000, 0.000000000000000000, -0.000000000000000000 ) ) ;
#3962 = ORIENTED_EDGE ( 'NONE', *, *, #2343, .T. ) ;
#3963 = FACE_OUTER_BOUND ( 'NONE', #7351, .T. ) ;
#3964 = VERTEX_POINT ( 'NONE', #10883 ) ;
#3965 = CARTESIAN_POINT ( 'NONE',  ( 5.229999999999997762, -2.399999999999999911, -0.6099999999999933253 ) ) ;
#3966 =( NAMED_UNIT ( * ) SI_UNIT ( $, .STERADIAN. ) SOLID_ANGLE_UNIT ( ) );
#3967 = DIRECTION ( 'NONE',  ( 1.000000000000000000, 0.000000000000000000, -0.000000000000000000 ) ) ;
#3968 =( GEOMETRIC_REPRESENTATION_CONTEXT ( 3 ) GLOBAL_UNCERTAINTY_ASSIGNED_CONTEXT ( ( #3838 ) ) GLOBAL_UNIT_ASSIGNED_CONTEXT ( ( #7948, #8117, #360 ) ) REPRESENTATION_CONTEXT ( 'NONE', 'WORKASPACE' ) );
#3969 = CARTESIAN_POINT ( 'NONE',  ( -2.144689754873802645, 2.450000000000001954, -1.000000000000000444 ) ) ;
#3970 = ORIENTED_EDGE ( 'NONE', *, *, #968, .T. ) ;
#3971 =( GEOMETRIC_REPRESENTATION_CONTEXT ( 3 ) GLOBAL_UNCERTAINTY_ASSIGNED_CONTEXT ( ( #1840 ) ) GLOBAL_UNIT_ASSIGNED_CONTEXT ( ( #10586, #3837, #8039 ) ) REPRESENTATION_CONTEXT ( 'NONE', 'WORKASPACE' ) );
#3972 = ORIENTED_EDGE ( 'NONE', *, *, #8571, .T. ) ;
#3973 = SURFACE_STYLE_USAGE ( .BOTH. , #5538 ) ;
#3974 = EDGE_CURVE ( 'NONE', #2164, #6894, #3158, .T. ) ;
#3975 =( NAMED_UNIT ( * ) SI_UNIT ( $, .STERADIAN. ) SOLID_ANGLE_UNIT ( ) );
#3976 = LINE ( 'NONE', #10853, #8247 ) ;
#3977 = FILL_AREA_STYLE ('',( #10741 ) ) ;
#3978 = COLOUR_RGB ( '',0.8941176470588234615, 0.9137254901960784048, 0.9294117647058823817 ) ;
#3979 = ADVANCED_FACE ( 'NONE', ( #2547 ), #7589, .T. ) ;
#3980 = PRESENTATION_LAYER_ASSIGNMENT (  '', '', ( #9731 ) ) ;
#3981 = LINE ( 'NONE', #756, #4584 ) ;
#3982 = DIRECTION ( 'NONE',  ( -0.000000000000000000, 1.000000000000000000, -0.000000000000000000 ) ) ;
#3983 = PRESENTATION_LAYER_ASSIGNMENT (  '', '', ( #10272 ) ) ;
#3984 = ORIENTED_EDGE ( 'NONE', *, *, #4493, .T. ) ;
#3985 = COLOUR_RGB ( '',0.8313725490196077761, 0.6705882352941175961, 0.1294117647058823373 ) ;
#3986 = VECTOR ( 'NONE', #6958, 1000.000000000000000 ) ;
#3987 = VERTEX_POINT ( 'NONE', #4264 ) ;
#3988 = LINE ( 'NONE', #7399, #5146 ) ;
#3989 =( LENGTH_UNIT ( ) NAMED_UNIT ( * ) SI_UNIT ( .MILLI., .METRE. ) );
#3990 =( NAMED_UNIT ( * ) SI_UNIT ( $, .STERADIAN. ) SOLID_ANGLE_UNIT ( ) );
#3991 = ORIENTED_EDGE ( 'NONE', *, *, #842, .F. ) ;
#3992 = DIRECTION ( 'NONE',  ( -1.000000000000000000, 0.000000000000000000, 1.084202172485504434E-16 ) ) ;
#3993 = FILL_AREA_STYLE ('',( #4145 ) ) ;
#3994 = SURFACE_STYLE_FILL_AREA ( #5041 ) ;
#3995 = CARTESIAN_POINT ( 'NONE',  ( -2.144689754873802645, 2.450000000000001954, 0.9999999999999995559 ) ) ;
#3996 = EDGE_LOOP ( 'NONE', ( #6888, #3372, #4703, #6388 ) ) ;
#3997 = LINE ( 'NONE', #4831, #1968 ) ;
#3998 = VECTOR ( 'NONE', #326, 1000.000000000000000 ) ;
#4000 = DIRECTION ( 'NONE',  ( -0.000000000000000000, -0.000000000000000000, 1.000000000000000000 ) ) ;
#3999 = PLANE ( 'NONE',  #1283 ) ;
#4001 = PRESENTATION_LAYER_ASSIGNMENT (  '', '', ( #9920 ) ) ;
#4002 = AXIS2_PLACEMENT_3D ( 'NONE', #9221, #6621, #863 ) ;
#4003 = LINE ( 'NONE', #6364, #7923 ) ;
#4004 = COLOUR_RGB ( '',1.000000000000000000, 0.9372549019607843146, 0.1372549019607843257 ) ;
#4005 = CARTESIAN_POINT ( 'NONE',  ( 6.200000000000000178, -7.649999999999995026, 3.200000000000005063 ) ) ;
#4006 = ORIENTED_EDGE ( 'NONE', *, *, #9782, .F. ) ;
#4007 = DIRECTION ( 'NONE',  ( -0.000000000000000000, 1.000000000000000000, -0.000000000000000000 ) ) ;
#4008 = EDGE_CURVE ( 'NONE', #3230, #7117, #9408, .T. ) ;
#4009 = STYLED_ITEM ( 'NONE', ( #8726 ), #9181 ) ;
#4010 = CARTESIAN_POINT ( 'NONE',  ( -6.199999999999945999, -7.899999999999999467, -2.840000000000000302 ) ) ;
#4011 = SURFACE_STYLE_USAGE ( .BOTH. , #4741 ) ;
#4012 = ORIENTED_EDGE ( 'NONE', *, *, #8364, .T. ) ;
#4013 = CARTESIAN_POINT ( 'NONE',  ( -2.144689754873802645, 2.450000000000001954, -2.500000000000000888 ) ) ;
#4014 = SURFACE_STYLE_FILL_AREA ( #10575 ) ;
#4015 = ORIENTED_EDGE ( 'NONE', *, *, #9985, .T. ) ;
#4016 =( NAMED_UNIT ( * ) PLANE_ANGLE_UNIT ( ) SI_UNIT ( $, .RADIAN. ) );
#4017 = ORIENTED_EDGE ( 'NONE', *, *, #1481, .T. ) ;
#4018 = ORIENTED_EDGE ( 'NONE', *, *, #7071, .F. ) ;
#4019 = MECHANICAL_DESIGN_GEOMETRIC_PRESENTATION_REPRESENTATION (  '', ( #7609 ), #1381 ) ;
#4020 = CARTESIAN_POINT ( 'NONE',  ( 6.499999999999999112, 1.600000000000000089, 3.500000000000004885 ) ) ;
#4021 = VERTEX_POINT ( 'NONE', #1725 ) ;
#4022 = CARTESIAN_POINT ( 'NONE',  ( 2.501432664756447544, 0.6948424068767914408, -2.000000000000001776 ) ) ;
#4023 = CARTESIAN_POINT ( 'NONE',  ( 7.769999999999998685, 0.000000000000000000, -5.089999999999998082 ) ) ;
#4024 =( NAMED_UNIT ( * ) SI_UNIT ( $, .STERADIAN. ) SOLID_ANGLE_UNIT ( ) );
#4025 = DIRECTION ( 'NONE',  ( 0.4014883995042270448, 0.8231732078530425989, -0.4014883995042270448 ) ) ;
#4026 = SURFACE_STYLE_FILL_AREA ( #10168 ) ;
#4027 = EDGE_CURVE ( 'NONE', #831, #6665, #7082, .T. ) ;
#4029 = EDGE_CURVE ( 'NONE', #6821, #2856, #6173, .T. ) ;
#4028 = CARTESIAN_POINT ( 'NONE',  ( -5.302882188681582676, -5.810635905104684085, -1.197117811318391123 ) ) ;
#4030 = VERTEX_POINT ( 'NONE', #1884 ) ;
#4031 = CARTESIAN_POINT ( 'NONE',  ( 3.949999999999997957, 1.600000000000000089, -4.500000000000005329 ) ) ;
#4032 = CARTESIAN_POINT ( 'NONE',  ( -1.986111111111110716, 2.550000000000002043, 2.000000000000000000 ) ) ;
#4033 = VECTOR ( 'NONE', #5213, 1000.000000000000000 ) ;
#4034 = CARTESIAN_POINT ( 'NONE',  ( -5.529999999999998472, -2.399999999999999911, 1.269999999999999352 ) ) ;
#4035 = CARTESIAN_POINT ( 'NONE',  ( 2.000000000000000000, 2.500000000000001332, -11.50000000000000000 ) ) ;
#4036 = DIRECTION ( 'NONE',  ( 0.000000000000000000, -1.000000000000000000, 0.000000000000000000 ) ) ;
#4037 = LINE ( 'NONE', #3202, #1975 ) ;
#4038 = STYLED_ITEM ( 'NONE', ( #3081 ), #3844 ) ;
#4039 = DIRECTION ( 'NONE',  ( 0.000000000000000000, 0.000000000000000000, 1.000000000000000000 ) ) ;
#4040 = PRESENTATION_STYLE_ASSIGNMENT (( #672 ) ) ;
#4042 = EDGE_CURVE ( 'NONE', #10783, #5664, #6062, .T. ) ;
#4041 = LINE ( 'NONE', #4094, #9213 ) ;
#4043 = ORIENTED_EDGE ( 'NONE', *, *, #462, .F. ) ;
#4044 = CARTESIAN_POINT ( 'NONE',  ( 6.321933147141518106, -7.899999999999999467, 0.000000000000000000 ) ) ;
#4045 = EDGE_LOOP ( 'NONE', ( #3972, #5261, #6392, #4892 ) ) ;
#4046 = CARTESIAN_POINT ( 'NONE',  ( -7.469999999999999751, 0.000000000000000000, 3.809999999999999609 ) ) ;
#4047 = ORIENTED_EDGE ( 'NONE', *, *, #10310, .T. ) ;
#4048 = ORIENTED_EDGE ( 'NONE', *, *, #8931, .T. ) ;
#4049 = CARTESIAN_POINT ( 'NONE',  ( -1.986111111111112049, 2.450000000000001954, -1.000000000000000444 ) ) ;
#4050 = AXIS2_PLACEMENT_3D ( 'NONE', #3739, #7267, #6537 ) ;
#4051 = FILL_AREA_STYLE ('',( #10882 ) ) ;
#4052 = FACE_OUTER_BOUND ( 'NONE', #6102, .T. ) ;
#4053 = UNCERTAINTY_MEASURE_WITH_UNIT (LENGTH_MEASURE( 1.000000000000000082E-05 ), #835, 'distance_accuracy_value', 'NONE');
#4054 = FACE_BOUND ( 'NONE', #7427, .T. ) ;
#4055 = CARTESIAN_POINT ( 'NONE',  ( 2.501432664756447544, 0.6948424068767914408, 2.499999999999999556 ) ) ;
#4056 = VERTEX_POINT ( 'NONE', #3548 ) ;
#4057 = PRESENTATION_LAYER_ASSIGNMENT (  '', '', ( #8934 ) ) ;
#4058 = LINE ( 'NONE', #10938, #9684 ) ;
#4059 = SURFACE_STYLE_USAGE ( .BOTH. , #7596 ) ;
#4060 =( LENGTH_UNIT ( ) NAMED_UNIT ( * ) SI_UNIT ( .MILLI., .METRE. ) );
#4061 = FACE_OUTER_BOUND ( 'NONE', #6798, .T. ) ;
#4062 = COLOUR_RGB ( '',0.8313725490196077761, 0.6705882352941175961, 0.1294117647058823373 ) ;
#4063 = UNCERTAINTY_MEASURE_WITH_UNIT (LENGTH_MEASURE( 1.000000000000000082E-05 ), #2923, 'distance_accuracy_value', 'NONE');
#4064 = ORIENTED_EDGE ( 'NONE', *, *, #9743, .F. ) ;
#4065 = AXIS2_PLACEMENT_3D ( 'NONE', #7006, #8590, #74 ) ;
#4066 = DIRECTION ( 'NONE',  ( 0.000000000000000000, -0.000000000000000000, -1.000000000000000000 ) ) ;
#4067 = VECTOR ( 'NONE', #72, 1000.000000000000000 ) ;
#4069 = EDGE_CURVE ( 'NONE', #9796, #1690, #8026, .T. ) ;
#4068 = SURFACE_STYLE_USAGE ( .BOTH. , #10947 ) ;
#4070 = DIRECTION ( 'NONE',  ( -1.000000000000000000, 0.000000000000000000, -1.807003620809174878E-16 ) ) ;
#4071 = ADVANCED_FACE ( 'NONE', ( #9510 ), #5103, .F. ) ;
#4072 = EDGE_LOOP ( 'NONE', ( #8935, #2409, #9245, #7681 ) ) ;
#4073 =( NAMED_UNIT ( * ) SI_UNIT ( $, .STERADIAN. ) SOLID_ANGLE_UNIT ( ) );
#4074 = VECTOR ( 'NONE', #4784, 1000.000000000000000 ) ;
#4075 = VECTOR ( 'NONE', #643, 1000.000000000000000 ) ;
#4076 = VERTEX_POINT ( 'NONE', #5961 ) ;
#4077 = STYLED_ITEM ( 'NONE', ( #6703 ), #4165 ) ;
#4078 =( NAMED_UNIT ( * ) PLANE_ANGLE_UNIT ( ) SI_UNIT ( $, .RADIAN. ) );
#4079 = FACE_OUTER_BOUND ( 'NONE', #1431, .T. ) ;
#4080 = CARTESIAN_POINT ( 'NONE',  ( -3.949999999999998845, 2.100000000000000089, -4.500000000000003553 ) ) ;
#4081 = SURFACE_STYLE_FILL_AREA ( #3977 ) ;
#4082 = CARTESIAN_POINT ( 'NONE',  ( 7.469999999999999751, 0.000000000000000000, -5.389999999999996128 ) ) ;
#4083 = AXIS2_PLACEMENT_3D ( 'NONE', #6276, #1210, #4579 ) ;
#4084 = SURFACE_STYLE_USAGE ( .BOTH. , #7500 ) ;
#4085 = DIRECTION ( 'NONE',  ( 0.000000000000000000, 0.000000000000000000, -1.000000000000000000 ) ) ;
#4086 = STYLED_ITEM ( 'NONE', ( #8346 ), #1190 ) ;
#4087 = CIRCLE ( 'NONE', #4985, 2.000000000000000000 ) ;
#4088 = EDGE_CURVE ( 'NONE', #6812, #6828, #46, .T. ) ;
#4089 = PRESENTATION_LAYER_ASSIGNMENT (  '', '', ( #3173 ) ) ;
#4090 = DIRECTION ( 'NONE',  ( -0.000000000000000000, 1.000000000000000000, -0.000000000000000000 ) ) ;
#4091 = ADVANCED_FACE ( 'NONE', ( #3436 ), #8777, .F. ) ;
#4092 = LINE ( 'NONE', #5835, #3191 ) ;
#4093 =( NAMED_UNIT ( * ) SI_UNIT ( $, .STERADIAN. ) SOLID_ANGLE_UNIT ( ) );
#4094 = CARTESIAN_POINT ( 'NONE',  ( 7.769999999999999574, -2.399999999999999911, -0.009999999999998291506 ) ) ;
#4095 = ORIENTED_EDGE ( 'NONE', *, *, #7254, .T. ) ;
#4096 = VECTOR ( 'NONE', #4550, 1000.000000000000000 ) ;
#4097 = ORIENTED_EDGE ( 'NONE', *, *, #9239, .T. ) ;
#4098 = ORIENTED_EDGE ( 'NONE', *, *, #6932, .F. ) ;
#4099 =( NAMED_UNIT ( * ) PLANE_ANGLE_UNIT ( ) SI_UNIT ( $, .RADIAN. ) );
#4100 = ORIENTED_EDGE ( 'NONE', *, *, #5598, .T. ) ;
#4101 = ORIENTED_EDGE ( 'NONE', *, *, #4008, .T. ) ;
#4102 = CARTESIAN_POINT ( 'NONE',  ( 2.501432664756447544, 0.6948424068767914408, -1.000000000000000888 ) ) ;
#4103 = DIRECTION ( 'NONE',  ( 5.421010862427522170E-17, 0.000000000000000000, 1.000000000000000000 ) ) ;
#4104 = EDGE_CURVE ( 'NONE', #8041, #10783, #5498, .T. ) ;
#4105 = FACE_OUTER_BOUND ( 'NONE', #1383, .T. ) ;
#4106 = MECHANICAL_DESIGN_GEOMETRIC_PRESENTATION_REPRESENTATION (  '', ( #9687 ), #6984 ) ;
#4107 =( GEOMETRIC_REPRESENTATION_CONTEXT ( 3 ) GLOBAL_UNCERTAINTY_ASSIGNED_CONTEXT ( ( #5055 ) ) GLOBAL_UNIT_ASSIGNED_CONTEXT ( ( #890, #2556, #5967 ) ) REPRESENTATION_CONTEXT ( 'NONE', 'WORKASPACE' ) );
#4108 = CARTESIAN_POINT ( 'NONE',  ( -5.229999999999998650, -2.399999999999999911, -0.9700000000000029710 ) ) ;
#4109 = CARTESIAN_POINT ( 'NONE',  ( -3.231990237815517641, 1.704120873295593253, -2.500000000000000888 ) ) ;
#4110 = SURFACE_STYLE_FILL_AREA ( #3218 ) ;
#4111 = ADVANCED_FACE ( 'NONE', ( #4766 ), #7662, .T. ) ;
#4112 = PRESENTATION_LAYER_ASSIGNMENT (  '', '', ( #4996 ) ) ;
#4113 = LINE ( 'NONE', #8514, #628 ) ;
#4114 = ORIENTED_EDGE ( 'NONE', *, *, #10849, .T. ) ;
#4115 = VECTOR ( 'NONE', #9499, 1000.000000000000000 ) ;
#4116 =( LENGTH_UNIT ( ) NAMED_UNIT ( * ) SI_UNIT ( .MILLI., .METRE. ) );
#4117 = STYLED_ITEM ( 'NONE', ( #3075 ), #9610 ) ;
#4118 = DIRECTION ( 'NONE',  ( 0.000000000000000000, -1.000000000000000000, 0.000000000000000000 ) ) ;
#4119 = CARTESIAN_POINT ( 'NONE',  ( 0.000000000000000000, -7.899999999999999467, 0.000000000000000000 ) ) ;
#4120 = CARTESIAN_POINT ( 'NONE',  ( 7.470000000000000639, -2.399999999999999911, -0.3099999999999951683 ) ) ;
#4121 = VECTOR ( 'NONE', #8895, 1000.000000000000114 ) ;
#4122 = ORIENTED_EDGE ( 'NONE', *, *, #9122, .T. ) ;
#4123 = CARTESIAN_POINT ( 'NONE',  ( 5.529999999999995808, -2.399999999999999911, 2.230000000000004867 ) ) ;
#4124 = CARTESIAN_POINT ( 'NONE',  ( 5.229999999999997762, -2.399999999999999911, 2.530000000000002469 ) ) ;
#4125 = ORIENTED_EDGE ( 'NONE', *, *, #9678, .T. ) ;
#4126 = SURFACE_STYLE_USAGE ( .BOTH. , #4860 ) ;
#4127 = VERTEX_POINT ( 'NONE', #2157 ) ;
#4128 = ORIENTED_EDGE ( 'NONE', *, *, #1731, .T. ) ;
#4129 = STYLED_ITEM ( 'NONE', ( #9173 ), #6829 ) ;
#4130 = ORIENTED_EDGE ( 'NONE', *, *, #8972, .T. ) ;
#4131 = EDGE_LOOP ( 'NONE', ( #7182, #2340, #5473, #718, #9560, #7350, #1219, #6777, #8316, #10876, #6642, #10399, #5415, #6107, #5295, #3914, #222, #1766, #8652, #8139, #9808, #10560, #7365, #6955, #970, #5823 ) ) ;
#4132 = CARTESIAN_POINT ( 'NONE',  ( 5.229999999999997762, 0.000000000000000000, -2.549999999999998046 ) ) ;
#4133 = ORIENTED_EDGE ( 'NONE', *, *, #10897, .T. ) ;
#4134 = LINE ( 'NONE', #4240, #4349 ) ;
#4135 = DIRECTION ( 'NONE',  ( 0.000000000000000000, 0.000000000000000000, 1.000000000000000000 ) ) ;
#4136 = ORIENTED_EDGE ( 'NONE', *, *, #992, .T. ) ;
#4137 =( NAMED_UNIT ( * ) PLANE_ANGLE_UNIT ( ) SI_UNIT ( $, .RADIAN. ) );
#4138 = PRESENTATION_STYLE_ASSIGNMENT (( #2527 ) ) ;
#4139 = LINE ( 'NONE', #11024, #41 ) ;
#4140 = EDGE_CURVE ( 'NONE', #1251, #7798, #7977, .T. ) ;
#4141 = CONICAL_SURFACE ( 'NONE', #955, 0.01226741143414049676, 0.4537856055185227611 ) ;
#4142 = DIRECTION ( 'NONE',  ( 0.000000000000000000, 1.000000000000000000, 0.000000000000000000 ) ) ;
#4143 = STYLED_ITEM ( 'NONE', ( #7440 ), #11029 ) ;
#4144 = STYLED_ITEM ( 'NONE', ( #7457 ), #10162 ) ;
#4145 = FILL_AREA_STYLE_COLOUR ( '', #9305 ) ;
#4146 = EDGE_LOOP ( 'NONE', ( #9000, #1685, #8388, #3465 ) ) ;
#4148 = EDGE_CURVE ( 'NONE', #3769, #1005, #8151, .T. ) ;
#4147 = FACE_OUTER_BOUND ( 'NONE', #5706, .T. ) ;
#4149 = EDGE_LOOP ( 'NONE', ( #4520, #676, #5145, #771 ) ) ;
#4150 =( GEOMETRIC_REPRESENTATION_CONTEXT ( 3 ) GLOBAL_UNCERTAINTY_ASSIGNED_CONTEXT ( ( #4387 ) ) GLOBAL_UNIT_ASSIGNED_CONTEXT ( ( #7775, #3291, #10263 ) ) REPRESENTATION_CONTEXT ( 'NONE', 'WORKASPACE' ) );
#4151 =( GEOMETRIC_REPRESENTATION_CONTEXT ( 3 ) GLOBAL_UNCERTAINTY_ASSIGNED_CONTEXT ( ( #7207 ) ) GLOBAL_UNIT_ASSIGNED_CONTEXT ( ( #9711, #4620, #3966 ) ) REPRESENTATION_CONTEXT ( 'NONE', 'WORKASPACE' ) );
#4152 = DIRECTION ( 'NONE',  ( 1.000000000000000000, -0.000000000000000000, -0.000000000000000000 ) ) ;
#4153 = CARTESIAN_POINT ( 'NONE',  ( -3.231990237815517641, 1.704120873295593253, 2.499999999999999556 ) ) ;
#4154 = ORIENTED_EDGE ( 'NONE', *, *, #3211, .T. ) ;
#4155 = ADVANCED_FACE ( 'NONE', ( #2934 ), #8900, .F. ) ;
#4156 = DIRECTION ( 'NONE',  ( 0.2676438637860947822, -0.9635179096299405499, 0.000000000000000000 ) ) ;
#4157 = SURFACE_STYLE_USAGE ( .BOTH. , #6715 ) ;
#4159 = FACE_OUTER_BOUND ( 'NONE', #4523, .T. ) ;
#4158 = CARTESIAN_POINT ( 'NONE',  ( -1.986111111111112049, 2.450000000000001954, 0.4999999999999987232 ) ) ;
#4160 =( NAMED_UNIT ( * ) PLANE_ANGLE_UNIT ( ) SI_UNIT ( $, .RADIAN. ) );
#4161 = PRESENTATION_LAYER_ASSIGNMENT (  '', '', ( #2739 ) ) ;
#4162 = UNCERTAINTY_MEASURE_WITH_UNIT (LENGTH_MEASURE( 1.000000000000000082E-05 ), #3330, 'distance_accuracy_value', 'NONE');
#4163 = AXIS2_PLACEMENT_3D ( 'NONE', #236, #8576, #3626 ) ;
#4164 = DIRECTION ( 'NONE',  ( 0.000000000000000000, -0.000000000000000000, 1.000000000000000000 ) ) ;
#4165 = ADVANCED_FACE ( 'NONE', ( #2212 ), #825, .F. ) ;
#4166 = EDGE_CURVE ( 'NONE', #9625, #5057, #2377, .T. ) ;
#4167 = ORIENTED_EDGE ( 'NONE', *, *, #3424, .T. ) ;
#4168 = ORIENTED_EDGE ( 'NONE', *, *, #5264, .F. ) ;
#4169 = FACE_OUTER_BOUND ( 'NONE', #591, .T. ) ;
#4170 = CARTESIAN_POINT ( 'NONE',  ( 7.999999999999992895, 0.000000000000000000, 7.999999999999992895 ) ) ;
#4171 = DIRECTION ( 'NONE',  ( -0.8987940462991675927, -0.4383711467890764046, 0.000000000000000000 ) ) ;
#4172 = VERTEX_POINT ( 'NONE', #9950 ) ;
#4173 = CARTESIAN_POINT ( 'NONE',  ( 9.499999999999996447, 1.600000000000000089, 11.50000000000000000 ) ) ;
#4174 = VECTOR ( 'NONE', #10749, 1000.000000000000000 ) ;
#4175 = UNCERTAINTY_MEASURE_WITH_UNIT (LENGTH_MEASURE( 1.000000000000000082E-05 ), #3880, 'distance_accuracy_value', 'NONE');
#4176 = FILL_AREA_STYLE ('',( #797 ) ) ;
#4177 = LINE ( 'NONE', #7603, #1520 ) ;
#4178 = ORIENTED_EDGE ( 'NONE', *, *, #1322, .F. ) ;
#4179 = CARTESIAN_POINT ( 'NONE',  ( -5.229999999999998650, -2.399999999999999911, -1.569999999999998064 ) ) ;
#4180 =( GEOMETRIC_REPRESENTATION_CONTEXT ( 3 ) GLOBAL_UNCERTAINTY_ASSIGNED_CONTEXT ( ( #10143 ) ) GLOBAL_UNIT_ASSIGNED_CONTEXT ( ( #9580, #3679, #9753 ) ) REPRESENTATION_CONTEXT ( 'NONE', 'WORKASPACE' ) );
#4181 = FACE_OUTER_BOUND ( 'NONE', #5248, .T. ) ;
#4182 = CARTESIAN_POINT ( 'NONE',  ( -1.986111111111112049, 2.450000000000001954, 0.4999999999999995559 ) ) ;
#4183 = VECTOR ( 'NONE', #8124, 1000.000000000000000 ) ;
#4184 = ORIENTED_EDGE ( 'NONE', *, *, #10223, .T. ) ;
#4185 = PRESENTATION_LAYER_ASSIGNMENT (  '', '', ( #6339 ) ) ;
#4186 = DIRECTION ( 'NONE',  ( -0.4014883995042272113, 0.8231732078530423768, -0.4014883995042272113 ) ) ;
#4187 = CARTESIAN_POINT ( 'NONE',  ( -5.529999999999998472, -2.399999999999999911, 3.809999999999999609 ) ) ;
#4188 = CARTESIAN_POINT ( 'NONE',  ( 0.000000000000000000, -7.899999999999999467, -3.941933147141462257 ) ) ;
#4189 = DIRECTION ( 'NONE',  ( 0.8987940462991674817, 0.4383711467890764601, 0.000000000000000000 ) ) ;
#4190 = ORIENTED_EDGE ( 'NONE', *, *, #2806, .F. ) ;
#4191 = FILL_AREA_STYLE_COLOUR ( '', #7333 ) ;
#4192 = CIRCLE ( 'NONE', #3123, 0.01226741143414006308 ) ;
#4193 = CARTESIAN_POINT ( 'NONE',  ( -7.469999999999999751, -2.399999999999999911, -1.270000000000000684 ) ) ;
#4194 = EDGE_LOOP ( 'NONE', ( #10410, #816, #2267, #3596 ) ) ;
#4195 = DIRECTION ( 'NONE',  ( -0.000000000000000000, 1.000000000000000000, -0.000000000000000000 ) ) ;
#4196 = DIRECTION ( 'NONE',  ( 0.000000000000000000, 1.000000000000000000, -0.000000000000000000 ) ) ;
#4197 = COLOUR_RGB ( '',0.2980392156862745057, 0.2980392156862745057, 0.2980392156862745057 ) ;
#4198 = FILL_AREA_STYLE_COLOUR ( '', #246 ) ;
#4199 = CARTESIAN_POINT ( 'NONE',  ( 6.200000000000025935, -7.649999999999998579, 0.6600000000000048050 ) ) ;
#4200 = SURFACE_STYLE_FILL_AREA ( #4313 ) ;
#4201 = DIRECTION ( 'NONE',  ( 0.000000000000000000, 0.000000000000000000, 1.000000000000000000 ) ) ;
#4202 = VECTOR ( 'NONE', #10257, 1000.000000000000000 ) ;
#4203 = PLANE ( 'NONE',  #6679 ) ;
#4204 = SURFACE_SIDE_STYLE ('',( #7458 ) ) ;
#4205 = ORIENTED_EDGE ( 'NONE', *, *, #211, .F. ) ;
#4206 = MECHANICAL_DESIGN_GEOMETRIC_PRESENTATION_REPRESENTATION (  '', ( #1200 ), #7430 ) ;
#4207 = ADVANCED_FACE ( 'NONE', ( #1605 ), #8261, .T. ) ;
#4208 =( NAMED_UNIT ( * ) PLANE_ANGLE_UNIT ( ) SI_UNIT ( $, .RADIAN. ) );
#4209 = ORIENTED_EDGE ( 'NONE', *, *, #10768, .F. ) ;
#4210 = ORIENTED_EDGE ( 'NONE', *, *, #5535, .F. ) ;
#4211 = CARTESIAN_POINT ( 'NONE',  ( 6.500000000000000888, 2.600000000000000089, -4.119999999999994778 ) ) ;
#4212 = DIRECTION ( 'NONE',  ( -0.2676438637860944492, 0.9635179096299406609, 2.901800585692979897E-17 ) ) ;
#4213 = AXIS2_PLACEMENT_3D ( 'NONE', #2247, #10962, #7495 ) ;
#4214 = FILL_AREA_STYLE_COLOUR ( '', #35 ) ;
#4215 = CARTESIAN_POINT ( 'NONE',  ( -7.469999999999999751, 0.000000000000000000, 1.269999999999999352 ) ) ;
#4216 = EDGE_CURVE ( 'NONE', #6762, #7242, #4092, .T. ) ;
#4217 = FILL_AREA_STYLE ('',( #4428 ) ) ;
#4218 = LINE ( 'NONE', #4384, #10632 ) ;
#4219 = SURFACE_STYLE_USAGE ( .BOTH. , #689 ) ;
#4220 = DIRECTION ( 'NONE',  ( -0.000000000000000000, -1.000000000000000000, -0.000000000000000000 ) ) ;
#4221 = ADVANCED_FACE ( 'NONE', ( #608 ), #1450, .T. ) ;
#4222 = EDGE_CURVE ( 'NONE', #484, #5360, #7624, .T. ) ;
#4223 = DIRECTION ( 'NONE',  ( 0.000000000000000000, -0.000000000000000000, 1.000000000000000000 ) ) ;
#4224 =( NAMED_UNIT ( * ) SI_UNIT ( $, .STERADIAN. ) SOLID_ANGLE_UNIT ( ) );
#4225 = CARTESIAN_POINT ( 'NONE',  ( 7.469999999999999751, -2.399999999999999911, -5.389999999999996128 ) ) ;
#4226 = ORIENTED_EDGE ( 'NONE', *, *, #1805, .F. ) ;
#4227 =( LENGTH_UNIT ( ) NAMED_UNIT ( * ) SI_UNIT ( .MILLI., .METRE. ) );
#4228 = STYLED_ITEM ( 'NONE', ( #9822 ), #92 ) ;
#4229 = ORIENTED_EDGE ( 'NONE', *, *, #1573, .T. ) ;
#4230 = DIRECTION ( 'NONE',  ( -0.000000000000000000, -0.000000000000000000, -1.000000000000000000 ) ) ;
#4231 = CARTESIAN_POINT ( 'NONE',  ( 3.231990237815519418, 1.600000000000001643, -2.500000000000000888 ) ) ;
#4232 = ORIENTED_EDGE ( 'NONE', *, *, #5114, .T. ) ;
#4233 = CARTESIAN_POINT ( 'NONE',  ( 3.950000000000000178, 2.100000000000000089, 6.000000000000000000 ) ) ;
#4234 = VECTOR ( 'NONE', #9185, 1000.000000000000000 ) ;
#4235 = FILL_AREA_STYLE ('',( #7004 ) ) ;
#4236 = EDGE_CURVE ( 'NONE', #6636, #3964, #10407, .T. ) ;
#4237 = PLANE ( 'NONE',  #10737 ) ;
#4238 = ORIENTED_EDGE ( 'NONE', *, *, #4216, .T. ) ;
#4239 = FACE_OUTER_BOUND ( 'NONE', #5440, .T. ) ;
#4240 = CARTESIAN_POINT ( 'NONE',  ( 1.212034383954153416, -0.3366762177650429733, 2.499999999999999556 ) ) ;
#4241 = DIRECTION ( 'NONE',  ( 0.000000000000000000, 0.000000000000000000, 1.000000000000000000 ) ) ;
#4242 = VERTEX_POINT ( 'NONE', #9607 ) ;
#4243 = CARTESIAN_POINT ( 'NONE',  ( -7.469999999999997975, -2.399999999999999911, -3.810000000000000941 ) ) ;
#4244 = STYLED_ITEM ( 'NONE', ( #2781 ), #223 ) ;
#4245 = AXIS2_PLACEMENT_3D ( 'NONE', #6011, #217, #5217 ) ;
#4246 = CARTESIAN_POINT ( 'NONE',  ( 2.000000000000000000, 2.500000000000001332, 0.9999999999999956701 ) ) ;
#4247 = FACE_BOUND ( 'NONE', #2977, .T. ) ;
#4248 = DIRECTION ( 'NONE',  ( 1.000000000000000000, 0.000000000000000000, 0.000000000000000000 ) ) ;
#4249 = CONICAL_SURFACE ( 'NONE', #7482, 0.01226741143414006308, 0.4537856055185231496 ) ;
#4250 = DIRECTION ( 'NONE',  ( 0.000000000000000000, 0.000000000000000000, 1.000000000000000000 ) ) ;
#4251 = LINE ( 'NONE', #1260, #3026 ) ;
#4252 = DIRECTION ( 'NONE',  ( -0.000000000000000000, -1.000000000000000000, -0.000000000000000000 ) ) ;
#4253 = CARTESIAN_POINT ( 'NONE',  ( -6.500000000000000000, 2.600000000000000089, 0.01226741143414006308 ) ) ;
#4254 = ORIENTED_EDGE ( 'NONE', *, *, #3224, .F. ) ;
#4255 = FILL_AREA_STYLE ('',( #7517 ) ) ;
#4256 = ORIENTED_EDGE ( 'NONE', *, *, #8972, .F. ) ;
#4257 = AXIS2_PLACEMENT_3D ( 'NONE', #6712, #5898, #6866 ) ;
#4258 = MECHANICAL_DESIGN_GEOMETRIC_PRESENTATION_REPRESENTATION (  '', ( #5885 ), #191 ) ;
#4259 = VECTOR ( 'NONE', #1244, 1000.000000000000000 ) ;
#4260 = ORIENTED_EDGE ( 'NONE', *, *, #10992, .T. ) ;
#4261 = CARTESIAN_POINT ( 'NONE',  ( 2.144689754873803533, 2.450000000000002398, 0.4999999999999995559 ) ) ;
#4262 =( NAMED_UNIT ( * ) SI_UNIT ( $, .STERADIAN. ) SOLID_ANGLE_UNIT ( ) );
#4263 = DIRECTION ( 'NONE',  ( 0.2676438637860943937, 0.9635179096299407719, 0.000000000000000000 ) ) ;
#4264 = CARTESIAN_POINT ( 'NONE',  ( 2.000000000000000000, 2.500000000000001332, -2.000000000000005329 ) ) ;
#4265 = CARTESIAN_POINT ( 'NONE',  ( 2.994689754873803622, 1.600000000000001421, -1.000000000000000444 ) ) ;
#4266 = UNCERTAINTY_MEASURE_WITH_UNIT (LENGTH_MEASURE( 1.000000000000000082E-05 ), #6883, 'distance_accuracy_value', 'NONE');
#4267 = STYLED_ITEM ( 'NONE', ( #6352 ), #5612 ) ;
#4268 = DIRECTION ( 'NONE',  ( 1.000000000000000000, -0.000000000000000000, -2.262682794752357637E-16 ) ) ;
#4269 = ORIENTED_EDGE ( 'NONE', *, *, #6372, .F. ) ;
#4270 = VECTOR ( 'NONE', #7402, 1000.000000000000114 ) ;
#4271 = MECHANICAL_DESIGN_GEOMETRIC_PRESENTATION_REPRESENTATION (  '', ( #1274 ), #8607 ) ;
#4272 = CARTESIAN_POINT ( 'NONE',  ( 2.501432664756447544, 0.6948424068767914408, 0.9999999999999991118 ) ) ;
#4273 = DIRECTION ( 'NONE',  ( -0.7071067811865489050, 0.7071067811865462405, 0.000000000000000000 ) ) ;
#4274 = EDGE_CURVE ( 'NONE', #1386, #7266, #10469, .T. ) ;
#4275 = COLOUR_RGB ( '',1.000000000000000000, 0.9372549019607843146, 0.1372549019607843257 ) ;
#4276 = CARTESIAN_POINT ( 'NONE',  ( 6.321933147141466591, -7.899999999999999467, 3.321933147141471920 ) ) ;
#4277 = UNCERTAINTY_MEASURE_WITH_UNIT (LENGTH_MEASURE( 1.000000000000000082E-05 ), #1729, 'distance_accuracy_value', 'NONE');
#4278 = FILL_AREA_STYLE_COLOUR ( '', #3179 ) ;
#4279 = DIRECTION ( 'NONE',  ( 0.000000000000000000, -0.000000000000000000, 1.000000000000000000 ) ) ;
#4280 = ORIENTED_EDGE ( 'NONE', *, *, #1864, .T. ) ;
#4281 = VECTOR ( 'NONE', #4186, 1000.000000000000227 ) ;
#4282 = PLANE ( 'NONE',  #2475 ) ;
#4283 = COLOUR_RGB ( '',0.8941176470588234615, 0.9137254901960784048, 0.9294117647058823817 ) ;
#4284 = FILL_AREA_STYLE_COLOUR ( '', #942 ) ;
#4285 = ADVANCED_FACE ( 'NONE', ( #6161 ), #1710, .F. ) ;
#4286 = EDGE_CURVE ( 'NONE', #914, #5785, #4408, .T. ) ;
#4287 = ORIENTED_EDGE ( 'NONE', *, *, #686, .F. ) ;
#4288 = DIRECTION ( 'NONE',  ( 0.000000000000000000, 0.000000000000000000, -1.000000000000000000 ) ) ;
#4289 = VECTOR ( 'NONE', #10140, 1000.000000000000114 ) ;
#4290 = PRESENTATION_LAYER_ASSIGNMENT (  '', '', ( #4653 ) ) ;
#4291 =( NAMED_UNIT ( * ) SI_UNIT ( $, .STERADIAN. ) SOLID_ANGLE_UNIT ( ) );
#4292 = DIRECTION ( 'NONE',  ( 0.000000000000000000, 0.000000000000000000, -1.000000000000000000 ) ) ;
#4293 = DIRECTION ( 'NONE',  ( -0.7071067811865506814, 0.000000000000000000, 0.7071067811865443531 ) ) ;
#4294 = SURFACE_STYLE_FILL_AREA ( #7613 ) ;
#4295 = ORIENTED_EDGE ( 'NONE', *, *, #3203, .F. ) ;
#4296 = FACE_OUTER_BOUND ( 'NONE', #122, .T. ) ;
#4297 = SURFACE_STYLE_USAGE ( .BOTH. , #3410 ) ;
#4298 = FILL_AREA_STYLE_COLOUR ( '', #1513 ) ;
#4299 = CARTESIAN_POINT ( 'NONE',  ( 9.499999999999996447, 1.600000000000000089, 9.500000000000000000 ) ) ;
#4300 = AXIS2_PLACEMENT_3D ( 'NONE', #923, #4307, #7119 ) ;
#4301 =( LENGTH_UNIT ( ) NAMED_UNIT ( * ) SI_UNIT ( .MILLI., .METRE. ) );
#4302 = EDGE_CURVE ( 'NONE', #9703, #9183, #1090, .T. ) ;
#4303 = LINE ( 'NONE', #1079, #5532 ) ;
#4304 = EDGE_CURVE ( 'NONE', #3150, #10006, #11074, .T. ) ;
#4305 = COLOUR_RGB ( '',0.2980392156862745057, 0.2980392156862745057, 0.2980392156862745057 ) ;
#4306 = EDGE_LOOP ( 'NONE', ( #7546, #6007, #4125, #188 ) ) ;
#4307 = DIRECTION ( 'NONE',  ( 0.7071067811865475727, 0.000000000000000000, -0.7071067811865475727 ) ) ;
#4308 = EDGE_CURVE ( 'NONE', #9163, #327, #6804, .T. ) ;
#4309 =( NAMED_UNIT ( * ) PLANE_ANGLE_UNIT ( ) SI_UNIT ( $, .RADIAN. ) );
#4310 = DIRECTION ( 'NONE',  ( 1.000000000000000000, 0.000000000000000000, 0.000000000000000000 ) ) ;
#4311 = FACE_BOUND ( 'NONE', #9768, .T. ) ;
#4312 = VERTEX_POINT ( 'NONE', #7741 ) ;
#4313 = FILL_AREA_STYLE ('',( #8661 ) ) ;
#4314 = VERTEX_POINT ( 'NONE', #5091 ) ;
#4315 =( LENGTH_UNIT ( ) NAMED_UNIT ( * ) SI_UNIT ( .MILLI., .METRE. ) );
#4316 = CIRCLE ( 'NONE', #8821, 0.5000000000000008882 ) ;
#4317 = CARTESIAN_POINT ( 'NONE',  ( -6.199999999999945999, -7.649999999999995026, -2.240000000000000657 ) ) ;
#4318 = EDGE_LOOP ( 'NONE', ( #3208, #9671, #1485, #8718 ) ) ;
#4319 = EDGE_CURVE ( 'NONE', #642, #10005, #928, .T. ) ;
#4320 =( GEOMETRIC_REPRESENTATION_CONTEXT ( 3 ) GLOBAL_UNCERTAINTY_ASSIGNED_CONTEXT ( ( #10705 ) ) GLOBAL_UNIT_ASSIGNED_CONTEXT ( ( #4739, #9814, #7275 ) ) REPRESENTATION_CONTEXT ( 'NONE', 'WORKASPACE' ) );
#4321 = VECTOR ( 'NONE', #226, 999.9999999999998863 ) ;
#4322 = VERTEX_POINT ( 'NONE', #873 ) ;
#4323 = FACE_OUTER_BOUND ( 'NONE', #8303, .T. ) ;
#4324 = FACE_OUTER_BOUND ( 'NONE', #5390, .T. ) ;
#4325 = DIRECTION ( 'NONE',  ( -0.000000000000000000, -1.000000000000000000, -0.000000000000000000 ) ) ;
#4326 = DIRECTION ( 'NONE',  ( -0.000000000000000000, 1.000000000000000000, -0.000000000000000000 ) ) ;
#4327 = STYLED_ITEM ( 'NONE', ( #2194 ), #7714 ) ;
#4328 = CARTESIAN_POINT ( 'NONE',  ( -5.229999999999998650, -2.399999999999999911, -3.510000000000003340 ) ) ;
#4329 = VECTOR ( 'NONE', #8473, 1000.000000000000000 ) ;
#4330 = VERTEX_POINT ( 'NONE', #3484 ) ;
#4331 = COLOUR_RGB ( '',0.2980392156862745057, 0.2980392156862745057, 0.2980392156862745057 ) ;
#4332 = CARTESIAN_POINT ( 'NONE',  ( -6.799999999999945643, -2.399999999999999911, -2.840000000000000302 ) ) ;
#4333 = FILL_AREA_STYLE ('',( #7704 ) ) ;
#4334 = DIRECTION ( 'NONE',  ( 1.000000000000000000, 0.000000000000000000, -0.000000000000000000 ) ) ;
#4335 =( GEOMETRIC_REPRESENTATION_CONTEXT ( 3 ) GLOBAL_UNCERTAINTY_ASSIGNED_CONTEXT ( ( #2065 ) ) GLOBAL_UNIT_ASSIGNED_CONTEXT ( ( #6545, #2281, #8289 ) ) REPRESENTATION_CONTEXT ( 'NONE', 'WORKASPACE' ) );
#4336 = CARTESIAN_POINT ( 'NONE',  ( 2.144689754873803533, 2.450000000000002398, 2.499999999999999556 ) ) ;
#4337 = CARTESIAN_POINT ( 'NONE',  ( 6.678066852858560942, -7.899999999999999467, 0.000000000000000000 ) ) ;
#4338 =( LENGTH_UNIT ( ) NAMED_UNIT ( * ) SI_UNIT ( .MILLI., .METRE. ) );
#4339 =( NAMED_UNIT ( * ) SI_UNIT ( $, .STERADIAN. ) SOLID_ANGLE_UNIT ( ) );
#4340 = EDGE_CURVE ( 'NONE', #7523, #2025, #4251, .T. ) ;
#4341 = CARTESIAN_POINT ( 'NONE',  ( -3.031990237815517908, 1.704120873295593253, -2.000000000000000888 ) ) ;
#4342 = LINE ( 'NONE', #7783, #3593 ) ;
#4343 = VECTOR ( 'NONE', #3135, 1000.000000000000000 ) ;
#4344 = DIRECTION ( 'NONE',  ( 0.000000000000000000, 1.000000000000000000, 0.000000000000000000 ) ) ;
#4345 = SURFACE_STYLE_USAGE ( .BOTH. , #127 ) ;
#4346 = ORIENTED_EDGE ( 'NONE', *, *, #10673, .T. ) ;
#4347 = AXIS2_PLACEMENT_3D ( 'NONE', #2955, #10601, #3735 ) ;
#4348 = FILL_AREA_STYLE ('',( #4543 ) ) ;
#4349 = VECTOR ( 'NONE', #2471, 1000.000000000000114 ) ;
#4350 = SURFACE_STYLE_FILL_AREA ( #4400 ) ;
#4351 = DIRECTION ( 'NONE',  ( 0.000000000000000000, -1.000000000000000000, 0.000000000000000000 ) ) ;
#4352 = CARTESIAN_POINT ( 'NONE',  ( 2.649999999999999911, 2.100000000000000089, 8.000000000000000000 ) ) ;
#4353 = CARTESIAN_POINT ( 'NONE',  ( 3.231990237815519418, 1.600000000000001643, 1.999999999999999556 ) ) ;
#4354 = ORIENTED_EDGE ( 'NONE', *, *, #4042, .T. ) ;
#4355 = VECTOR ( 'NONE', #5444, 1000.000000000000000 ) ;
#4356 = LINE ( 'NONE', #7898, #769 ) ;
#4357 =( NAMED_UNIT ( * ) SI_UNIT ( $, .STERADIAN. ) SOLID_ANGLE_UNIT ( ) );
#4358 = ORIENTED_EDGE ( 'NONE', *, *, #2069, .T. ) ;
#4359 = CARTESIAN_POINT ( 'NONE',  ( -7.769999999999999574, -2.399999999999999911, 3.510000000000003340 ) ) ;
#4360 = DIRECTION ( 'NONE',  ( -0.7071067811865462405, -0.7071067811865489050, -0.000000000000000000 ) ) ;
#4361 =( NAMED_UNIT ( * ) PLANE_ANGLE_UNIT ( ) SI_UNIT ( $, .RADIAN. ) );
#4362 = ORIENTED_EDGE ( 'NONE', *, *, #3974, .T. ) ;
#4363 = ADVANCED_FACE ( 'NONE', ( #8140 ), #1204, .F. ) ;
#4364 = DIRECTION ( 'NONE',  ( 0.8987940462991674817, 0.4383711467890764601, 0.000000000000000000 ) ) ;
#4365 = EDGE_CURVE ( 'NONE', #3370, #3525, #268, .T. ) ;
#4366 =( NAMED_UNIT ( * ) SI_UNIT ( $, .STERADIAN. ) SOLID_ANGLE_UNIT ( ) );
#4367 = CARTESIAN_POINT ( 'NONE',  ( 6.200000000000078337, -2.399999999999999911, -3.819999999999995399 ) ) ;
#4368 = VECTOR ( 'NONE', #3314, 1000.000000000000000 ) ;
#4369 = DIRECTION ( 'NONE',  ( -1.000000000000000000, 0.000000000000000000, 0.000000000000000000 ) ) ;
#4370 =( GEOMETRIC_REPRESENTATION_CONTEXT ( 3 ) GLOBAL_UNCERTAINTY_ASSIGNED_CONTEXT ( ( #5164 ) ) GLOBAL_UNIT_ASSIGNED_CONTEXT ( ( #5492, #7344, #1440 ) ) REPRESENTATION_CONTEXT ( 'NONE', 'WORKASPACE' ) );
#4371 = PRESENTATION_STYLE_ASSIGNMENT (( #5209 ) ) ;
#4372 = EDGE_LOOP ( 'NONE', ( #10895, #2462, #73, #9745 ) ) ;
#4373 = DIRECTION ( 'NONE',  ( -0.7071067811865495711, 0.000000000000000000, -0.7071067811865454633 ) ) ;
#4374 = DIRECTION ( 'NONE',  ( -0.000000000000000000, 1.000000000000000000, -0.000000000000000000 ) ) ;
#4375 =( LENGTH_UNIT ( ) NAMED_UNIT ( * ) SI_UNIT ( .MILLI., .METRE. ) );
#4376 = ADVANCED_FACE ( 'NONE', ( #7237 ), #2802, .T. ) ;
#4377 = AXIS2_PLACEMENT_3D ( 'NONE', #5001, #8511, #4897 ) ;
#4378 = CARTESIAN_POINT ( 'NONE',  ( -8.000000000000007105, 1.600000000000000089, 6.250000000000007105 ) ) ;
#4379 = UNCERTAINTY_MEASURE_WITH_UNIT (LENGTH_MEASURE( 1.000000000000000082E-05 ), #7088, 'distance_accuracy_value', 'NONE');
#4380 = CARTESIAN_POINT ( 'NONE',  ( 3.231990237815519418, 1.600000000000001643, -2.000000000000000888 ) ) ;
#4381 = EDGE_LOOP ( 'NONE', ( #9050, #5806, #5810, #39, #3193, #7005, #3587, #3288, #3300, #6730, #3027, #7618, #5187, #6405, #8370, #3079 ) ) ;
#4382 = FILL_AREA_STYLE_COLOUR ( '', #1239 ) ;
#4383 = MECHANICAL_DESIGN_GEOMETRIC_PRESENTATION_REPRESENTATION (  '', ( #7984 ), #6923 ) ;
#4384 = CARTESIAN_POINT ( 'NONE',  ( 6.800000000000078870, -7.899999999999999467, -4.419999999999995488 ) ) ;
#4385 = CARTESIAN_POINT ( 'NONE',  ( -3.231990237815517641, 1.600000000000000755, 1.999999999999999556 ) ) ;
#4386 = FILL_AREA_STYLE ('',( #229 ) ) ;
#4387 = UNCERTAINTY_MEASURE_WITH_UNIT (LENGTH_MEASURE( 1.000000000000000082E-05 ), #7775, 'distance_accuracy_value', 'NONE');
#4388 = LINE ( 'NONE', #8860, #3902 ) ;
#4389 = UNCERTAINTY_MEASURE_WITH_UNIT (LENGTH_MEASURE( 1.000000000000000082E-05 ), #2642, 'distance_accuracy_value', 'NONE');
#4390 = PLANE ( 'NONE',  #4705 ) ;
#4391 = LINE ( 'NONE', #2784, #10976 ) ;
#4392 = CARTESIAN_POINT ( 'NONE',  ( -2.186111111111112226, 2.550000000000002043, 0.4999999999999995559 ) ) ;
#4393 = LINE ( 'NONE', #3635, #5564 ) ;
#4394 = DIRECTION ( 'NONE',  ( 0.7071067811865485719, 0.000000000000000000, -0.7071067811865465735 ) ) ;
#4395 = FILL_AREA_STYLE ('',( #7107 ) ) ;
#4396 = SURFACE_STYLE_FILL_AREA ( #10391 ) ;
#4397 = DIRECTION ( 'NONE',  ( 1.000000000000000000, -0.000000000000000000, -0.000000000000000000 ) ) ;
#4398 = EDGE_CURVE ( 'NONE', #40, #5288, #9667, .T. ) ;
#4399 =( LENGTH_UNIT ( ) NAMED_UNIT ( * ) SI_UNIT ( .MILLI., .METRE. ) );
#4400 = FILL_AREA_STYLE ('',( #1753 ) ) ;
#4401 = DIRECTION ( 'NONE',  ( 0.7071067811865500152, 0.000000000000000000, 0.7071067811865450192 ) ) ;
#4402 = DIRECTION ( 'NONE',  ( 1.000000000000000000, 0.000000000000000000, 0.000000000000000000 ) ) ;
#4403 = AXIS2_PLACEMENT_3D ( 'NONE', #2068, #5126, #5405 ) ;
#4404 = ORIENTED_EDGE ( 'NONE', *, *, #7701, .F. ) ;
#4405 = ORIENTED_EDGE ( 'NONE', *, *, #9596, .F. ) ;
#4406 = DIRECTION ( 'NONE',  ( 0.000000000000000000, 0.000000000000000000, 1.000000000000000000 ) ) ;
#4407 = PRESENTATION_STYLE_ASSIGNMENT (( #1036 ) ) ;
#4408 = LINE ( 'NONE', #5310, #9847 ) ;
#4409 =( NAMED_UNIT ( * ) PLANE_ANGLE_UNIT ( ) SI_UNIT ( $, .RADIAN. ) );
#4410 = DIRECTION ( 'NONE',  ( 0.000000000000000000, 0.000000000000000000, 1.000000000000000000 ) ) ;
#4411 =( GEOMETRIC_REPRESENTATION_CONTEXT ( 3 ) GLOBAL_UNCERTAINTY_ASSIGNED_CONTEXT ( ( #4838 ) ) GLOBAL_UNIT_ASSIGNED_CONTEXT ( ( #9487, #7837, #811 ) ) REPRESENTATION_CONTEXT ( 'NONE', 'WORKASPACE' ) );
#4412 = DIRECTION ( 'NONE',  ( 0.000000000000000000, 0.000000000000000000, -1.000000000000000000 ) ) ;
#4413 = MECHANICAL_DESIGN_GEOMETRIC_PRESENTATION_REPRESENTATION (  '', ( #1425 ), #1941 ) ;
#4414 = LINE ( 'NONE', #270, #5066 ) ;
#4415 = ORIENTED_EDGE ( 'NONE', *, *, #1247, .T. ) ;
#4416 = PRESENTATION_STYLE_ASSIGNMENT (( #8717 ) ) ;
#4417 = EDGE_CURVE ( 'NONE', #3463, #5934, #5434, .T. ) ;
#4418 = EDGE_CURVE ( 'NONE', #1495, #2780, #7178, .T. ) ;
#4419 = VERTEX_POINT ( 'NONE', #5367 ) ;
#4420 = FILL_AREA_STYLE ('',( #1778 ) ) ;
#4421 =( NAMED_UNIT ( * ) SI_UNIT ( $, .STERADIAN. ) SOLID_ANGLE_UNIT ( ) );
#4422 = CARTESIAN_POINT ( 'NONE',  ( -6.199999999999999289, -7.899999999999999467, 2.839999999999999858 ) ) ;
#4423 = FACE_OUTER_BOUND ( 'NONE', #1168, .T. ) ;
#4424 =( LENGTH_UNIT ( ) NAMED_UNIT ( * ) SI_UNIT ( .MILLI., .METRE. ) );
#4425 =( GEOMETRIC_REPRESENTATION_CONTEXT ( 3 ) GLOBAL_UNCERTAINTY_ASSIGNED_CONTEXT ( ( #7878 ) ) GLOBAL_UNIT_ASSIGNED_CONTEXT ( ( #9891, #2207, #8256 ) ) REPRESENTATION_CONTEXT ( 'NONE', 'WORKASPACE' ) );
#4426 =( GEOMETRIC_REPRESENTATION_CONTEXT ( 3 ) GLOBAL_UNCERTAINTY_ASSIGNED_CONTEXT ( ( #1160 ) ) GLOBAL_UNIT_ASSIGNED_CONTEXT ( ( #10078, #4160, #9241 ) ) REPRESENTATION_CONTEXT ( 'NONE', 'WORKASPACE' ) );
#4427 = ORIENTED_EDGE ( 'NONE', *, *, #2343, .F. ) ;
#4428 = FILL_AREA_STYLE_COLOUR ( '', #2857 ) ;
#4429 = EDGE_CURVE ( 'NONE', #3870, #4322, #8831, .T. ) ;
#4430 = CARTESIAN_POINT ( 'NONE',  ( 2.000000000000000000, 2.500000000000001332, -0.5000000000000038858 ) ) ;
#4431 = DIRECTION ( 'NONE',  ( -1.000000000000000000, 0.000000000000000000, 0.000000000000000000 ) ) ;
#4432 = SURFACE_SIDE_STYLE ('',( #3675 ) ) ;
#4433 = ADVANCED_FACE ( 'NONE', ( #9270 ), #8187, .F. ) ;
#4434 =( GEOMETRIC_REPRESENTATION_CONTEXT ( 3 ) GLOBAL_UNCERTAINTY_ASSIGNED_CONTEXT ( ( #6774 ) ) GLOBAL_UNIT_ASSIGNED_CONTEXT ( ( #9244, #10024, #1521 ) ) REPRESENTATION_CONTEXT ( 'NONE', 'WORKASPACE' ) );
#4435 = VECTOR ( 'NONE', #6462, 1000.000000000000114 ) ;
#4436 = VERTEX_POINT ( 'NONE', #6745 ) ;
#4437 = DIRECTION ( 'NONE',  ( 0.000000000000000000, 0.000000000000000000, -1.000000000000000000 ) ) ;
#4438 = DIRECTION ( 'NONE',  ( 0.000000000000000000, 0.000000000000000000, 1.000000000000000000 ) ) ;
#4439 = FACE_OUTER_BOUND ( 'NONE', #2034, .T. ) ;
#4440 = EDGE_LOOP ( 'NONE', ( #8740, #7836, #9073, #7614 ) ) ;
#4441 = ORIENTED_EDGE ( 'NONE', *, *, #8156, .T. ) ;
#4442 = CIRCLE ( 'NONE', #7330, 0.5000000000000008882 ) ;
#4443 = CARTESIAN_POINT ( 'NONE',  ( 6.500000000000000888, 2.600000000000000089, -4.107732588565855103 ) ) ;
#4444 = LINE ( 'NONE', #2726, #1644 ) ;
#4445 = VERTEX_POINT ( 'NONE', #7341 ) ;
#4446 = LINE ( 'NONE', #8806, #7360 ) ;
#4447 = CARTESIAN_POINT ( 'NONE',  ( -6.799999999999945643, -7.649999999999995026, -2.840000000000000302 ) ) ;
#4448 = PRESENTATION_STYLE_ASSIGNMENT (( #10337 ) ) ;
#4449 =( LENGTH_UNIT ( ) NAMED_UNIT ( * ) SI_UNIT ( .MILLI., .METRE. ) );
#4450 = MECHANICAL_DESIGN_GEOMETRIC_PRESENTATION_REPRESENTATION (  '', ( #5540 ), #6817 ) ;
#4451 = ORIENTED_EDGE ( 'NONE', *, *, #6340, .T. ) ;
#4452 =( NAMED_UNIT ( * ) SI_UNIT ( $, .STERADIAN. ) SOLID_ANGLE_UNIT ( ) );
#4453 =( NAMED_UNIT ( * ) PLANE_ANGLE_UNIT ( ) SI_UNIT ( $, .RADIAN. ) );
#4454 = DIRECTION ( 'NONE',  ( 0.000000000000000000, 0.000000000000000000, -1.000000000000000000 ) ) ;
#4455 =( LENGTH_UNIT ( ) NAMED_UNIT ( * ) SI_UNIT ( .MILLI., .METRE. ) );
#4456 = CARTESIAN_POINT ( 'NONE',  ( -2.649999999999995914, 1.600000000000000089, 6.000000000000000000 ) ) ;
#4457 = STYLED_ITEM ( 'NONE', ( #1708 ), #6361 ) ;
#4458 = EDGE_LOOP ( 'NONE', ( #1966, #6627, #10338, #89, #7671, #3709, #6331, #7293, #10468, #1232, #4047, #5489, #9869, #8209, #9672, #6833, #21, #8177, #1746, #1926, #9993, #9958, #8727, #10607, #8485, #10303 ) ) ;
#4459 = SURFACE_SIDE_STYLE ('',( #4509 ) ) ;
#4460 = ORIENTED_EDGE ( 'NONE', *, *, #4027, .F. ) ;
#4461 = FACE_BOUND ( 'NONE', #904, .T. ) ;
#4462 = ORIENTED_EDGE ( 'NONE', *, *, #2978, .F. ) ;
#4463 = FACE_OUTER_BOUND ( 'NONE', #9235, .T. ) ;
#4464 =( LENGTH_UNIT ( ) NAMED_UNIT ( * ) SI_UNIT ( .MILLI., .METRE. ) );
#4465 = DIRECTION ( 'NONE',  ( 0.000000000000000000, 0.000000000000000000, 1.000000000000000000 ) ) ;
#4466 = SURFACE_STYLE_USAGE ( .BOTH. , #7682 ) ;
#4467 =( GEOMETRIC_REPRESENTATION_CONTEXT ( 3 ) GLOBAL_UNCERTAINTY_ASSIGNED_CONTEXT ( ( #4589 ) ) GLOBAL_UNIT_ASSIGNED_CONTEXT ( ( #8690, #8339, #5726 ) ) REPRESENTATION_CONTEXT ( 'NONE', 'WORKASPACE' ) );
#4468 = COLOUR_RGB ( '',0.8941176470588234615, 0.9137254901960784048, 0.9294117647058823817 ) ;
#4469 = DIRECTION ( 'NONE',  ( 0.000000000000000000, 1.000000000000000000, 0.000000000000000000 ) ) ;
#4470 = EDGE_CURVE ( 'NONE', #8917, #6748, #1378, .T. ) ;
#4471 = VERTEX_POINT ( 'NONE', #5824 ) ;
#4472 = CIRCLE ( 'NONE', #4850, 1.749999999999999778 ) ;
#4473 = VECTOR ( 'NONE', #8778, 1000.000000000000000 ) ;
#4474 = DIRECTION ( 'NONE',  ( -0.7071067811865465735, 0.000000000000000000, -0.7071067811865485719 ) ) ;
#4475 = DIRECTION ( 'NONE',  ( 0.7071067811865511255, 0.000000000000000000, -0.7071067811865440200 ) ) ;
#4476 =( NAMED_UNIT ( * ) SI_UNIT ( $, .STERADIAN. ) SOLID_ANGLE_UNIT ( ) );
#4477 = CARTESIAN_POINT ( 'NONE',  ( -6.799999999999998934, -7.899999999999999467, 2.839999999999999858 ) ) ;
#4478 = UNCERTAINTY_MEASURE_WITH_UNIT (LENGTH_MEASURE( 1.000000000000000082E-05 ), #5090, 'distance_accuracy_value', 'NONE');
#4479 =( NAMED_UNIT ( * ) PLANE_ANGLE_UNIT ( ) SI_UNIT ( $, .RADIAN. ) );
#4480 = MECHANICAL_DESIGN_GEOMETRIC_PRESENTATION_REPRESENTATION (  '', ( #10290 ), #10101 ) ;
#4481 =( GEOMETRIC_REPRESENTATION_CONTEXT ( 3 ) GLOBAL_UNCERTAINTY_ASSIGNED_CONTEXT ( ( #9683 ) ) GLOBAL_UNIT_ASSIGNED_CONTEXT ( ( #5590, #2245, #7387 ) ) REPRESENTATION_CONTEXT ( 'NONE', 'WORKASPACE' ) );
#4482 = EDGE_LOOP ( 'NONE', ( #1148, #6178, #7962, #10133 ) ) ;
#4483 = VECTOR ( 'NONE', #219, 1000.000000000000000 ) ;
#4484 = DIRECTION ( 'NONE',  ( 5.368498217537953495E-17, -0.8987940462991681478, 0.4383711467890751279 ) ) ;
#4485 = SURFACE_STYLE_FILL_AREA ( #10660 ) ;
#4486 = SURFACE_STYLE_USAGE ( .BOTH. , #7037 ) ;
#4487 = VECTOR ( 'NONE', #2020, 1000.000000000000000 ) ;
#4488 = DIRECTION ( 'NONE',  ( 0.000000000000000000, -1.000000000000000000, 0.000000000000000000 ) ) ;
#4489 = UNCERTAINTY_MEASURE_WITH_UNIT (LENGTH_MEASURE( 1.000000000000000082E-05 ), #5175, 'distance_accuracy_value', 'NONE');
#4490 = VERTEX_POINT ( 'NONE', #1547 ) ;
#4491 = AXIS2_PLACEMENT_3D ( 'NONE', #5093, #874, #6914 ) ;
#4492 = UNCERTAINTY_MEASURE_WITH_UNIT (LENGTH_MEASURE( 1.000000000000000082E-05 ), #8720, 'distance_accuracy_value', 'NONE');
#4493 = EDGE_CURVE ( 'NONE', #9023, #10662, #706, .T. ) ;
#4494 = FILL_AREA_STYLE ('',( #9633 ) ) ;
#4495 = EDGE_CURVE ( 'NONE', #975, #6492, #2248, .T. ) ;
#4496 = PRESENTATION_STYLE_ASSIGNMENT (( #8735 ) ) ;
#4497 = ORIENTED_EDGE ( 'NONE', *, *, #7590, .T. ) ;
#4498 = ORIENTED_EDGE ( 'NONE', *, *, #885, .F. ) ;
#4499 = PRESENTATION_LAYER_ASSIGNMENT (  '', '', ( #7563 ) ) ;
#4500 = VECTOR ( 'NONE', #8625, 1000.000000000000000 ) ;
#4501 =( NAMED_UNIT ( * ) PLANE_ANGLE_UNIT ( ) SI_UNIT ( $, .RADIAN. ) );
#4502 = VECTOR ( 'NONE', #3840, 1000.000000000000000 ) ;
#4503 = VECTOR ( 'NONE', #3301, 1000.000000000000114 ) ;
#4504 = ORIENTED_EDGE ( 'NONE', *, *, #10142, .T. ) ;
#4505 =( LENGTH_UNIT ( ) NAMED_UNIT ( * ) SI_UNIT ( .MILLI., .METRE. ) );
#4506 = MECHANICAL_DESIGN_GEOMETRIC_PRESENTATION_REPRESENTATION (  '', ( #5776 ), #4696 ) ;
#4507 = DIRECTION ( 'NONE',  ( 0.000000000000000000, 0.000000000000000000, 1.000000000000000000 ) ) ;
#4508 = ORIENTED_EDGE ( 'NONE', *, *, #6292, .F. ) ;
#4509 = SURFACE_STYLE_FILL_AREA ( #1034 ) ;
#4510 = VERTEX_POINT ( 'NONE', #4973 ) ;
#4511 = DIRECTION ( 'NONE',  ( 0.000000000000000000, 0.000000000000000000, -1.000000000000000000 ) ) ;
#4512 = SURFACE_SIDE_STYLE ('',( #1141 ) ) ;
#4513 = CIRCLE ( 'NONE', #8678, 2.000000000000000000 ) ;
#4514 = CARTESIAN_POINT ( 'NONE',  ( 3.231990237815518530, 1.704120873295594141, -2.500000000000000888 ) ) ;
#4515 = CARTESIAN_POINT ( 'NONE',  ( 5.601609657144360988, -10.10706432366850471, 1.858390342855668953 ) ) ;
#4516 = VECTOR ( 'NONE', #8952, 1000.000000000000000 ) ;
#4517 = SURFACE_SIDE_STYLE ('',( #187 ) ) ;
#4518 = PRESENTATION_STYLE_ASSIGNMENT (( #6165 ) ) ;
#4519 = ORIENTED_EDGE ( 'NONE', *, *, #9651, .F. ) ;
#4520 = ORIENTED_EDGE ( 'NONE', *, *, #4552, .T. ) ;
#4521 = AXIS2_PLACEMENT_3D ( 'NONE', #8380, #2256, #8325 ) ;
#4522 = VERTEX_POINT ( 'NONE', #5704 ) ;
#4523 = EDGE_LOOP ( 'NONE', ( #4548, #11028, #9132, #5621 ) ) ;
#4524 = CARTESIAN_POINT ( 'NONE',  ( -3.414417399195086217E-15, -7.899999999999999467, 2.361933147141476397 ) ) ;
#4525 = PLANE ( 'NONE',  #5588 ) ;
#4526 = DIRECTION ( 'NONE',  ( 0.000000000000000000, 0.000000000000000000, -1.000000000000000000 ) ) ;
#4527 =( GEOMETRIC_REPRESENTATION_CONTEXT ( 3 ) GLOBAL_UNCERTAINTY_ASSIGNED_CONTEXT ( ( #1290 ) ) GLOBAL_UNIT_ASSIGNED_CONTEXT ( ( #5417, #3800, #10837 ) ) REPRESENTATION_CONTEXT ( 'NONE', 'WORKASPACE' ) );
#4528 = EDGE_CURVE ( 'NONE', #10577, #6353, #10799, .T. ) ;
#4530 = EDGE_CURVE ( 'NONE', #10901, #1127, #378, .T. ) ;
#4529 = LINE ( 'NONE', #7084, #7718 ) ;
#4531 = LINE ( 'NONE', #9623, #3097 ) ;
#4532 = VERTEX_POINT ( 'NONE', #3244 ) ;
#4533 = STYLED_ITEM ( 'NONE', ( #5910 ), #3334 ) ;
#4534 = DIRECTION ( 'NONE',  ( 0.000000000000000000, 0.000000000000000000, 1.000000000000000000 ) ) ;
#4535 = EDGE_LOOP ( 'NONE', ( #5639, #6658, #2473, #206 ) ) ;
#4536 = PRESENTATION_STYLE_ASSIGNMENT (( #7199 ) ) ;
#4537 = MECHANICAL_DESIGN_GEOMETRIC_PRESENTATION_REPRESENTATION (  '', ( #10509 ), #312 ) ;
#4538 = LINE ( 'NONE', #8162, #1568 ) ;
#4539 = CARTESIAN_POINT ( 'NONE',  ( -7.769999999999999574, 0.000000000000000000, 1.569999999999997176 ) ) ;
#4540 = ORIENTED_EDGE ( 'NONE', *, *, #6074, .F. ) ;
#4541 = CARTESIAN_POINT ( 'NONE',  ( 6.499999999999999112, 2.600000000000000089, -1.579999999999995408 ) ) ;
#4542 = EDGE_CURVE ( 'NONE', #5469, #6459, #6564, .T. ) ;
#4543 = FILL_AREA_STYLE_COLOUR ( '', #3519 ) ;
#4544 = CARTESIAN_POINT ( 'NONE',  ( -6.500000000000000000, 2.600000000000000089, 0.000000000000000000 ) ) ;
#4545 = CARTESIAN_POINT ( 'NONE',  ( 5.229999999999997762, 0.000000000000000000, 4.470000000000006857 ) ) ;
#4546 = SURFACE_STYLE_USAGE ( .BOTH. , #3061 ) ;
#4547 = ORIENTED_EDGE ( 'NONE', *, *, #6213, .F. ) ;
#4548 = ORIENTED_EDGE ( 'NONE', *, *, #10012, .F. ) ;
#4549 = SURFACE_SIDE_STYLE ('',( #7216 ) ) ;
#4550 = DIRECTION ( 'NONE',  ( -0.000000000000000000, -0.000000000000000000, -1.000000000000000000 ) ) ;
#4551 = ORIENTED_EDGE ( 'NONE', *, *, #4712, .F. ) ;
#4552 = EDGE_CURVE ( 'NONE', #5977, #8642, #6687, .T. ) ;
#4553 = CARTESIAN_POINT ( 'NONE',  ( -2.186111111111112226, 2.550000000000002043, 0.4999999999999995559 ) ) ;
#4554 = EDGE_CURVE ( 'NONE', #8504, #311, #3981, .T. ) ;
#4555 = SURFACE_SIDE_STYLE ('',( #3012 ) ) ;
#4556 = CARTESIAN_POINT ( 'NONE',  ( 6.200000000000052580, -7.899999999999999467, -1.279999999999995586 ) ) ;
#4557 =( NAMED_UNIT ( * ) SI_UNIT ( $, .STERADIAN. ) SOLID_ANGLE_UNIT ( ) );
#4558 = EDGE_LOOP ( 'NONE', ( #2349, #5537, #7811, #7501 ) ) ;
#4559 = PRESENTATION_LAYER_ASSIGNMENT (  '', '', ( #4752 ) ) ;
#4560 = FILL_AREA_STYLE ('',( #9769 ) ) ;
#4561 = DIRECTION ( 'NONE',  ( -1.000000000000000000, 0.000000000000000000, 0.000000000000000000 ) ) ;
#4562 = ORIENTED_EDGE ( 'NONE', *, *, #6896, .F. ) ;
#4563 = ORIENTED_EDGE ( 'NONE', *, *, #6780, .T. ) ;
#4564 = SURFACE_SIDE_STYLE ('',( #3916 ) ) ;
#4565 = EDGE_CURVE ( 'NONE', #9090, #4076, #7392, .T. ) ;
#4566 = ORIENTED_EDGE ( 'NONE', *, *, #5708, .T. ) ;
#4567 = MECHANICAL_DESIGN_GEOMETRIC_PRESENTATION_REPRESENTATION (  '', ( #9277 ), #521 ) ;
#4568 = DIRECTION ( 'NONE',  ( -1.000000000000000000, 0.000000000000000000, 1.334402673828315410E-15 ) ) ;
#4569 = FILL_AREA_STYLE_COLOUR ( '', #1123 ) ;
#4570 = VECTOR ( 'NONE', #8141, 1000.000000000000000 ) ;
#4571 = CARTESIAN_POINT ( 'NONE',  ( 6.500000000000000000, 1.600000000000000089, 1.460000000000003073 ) ) ;
#4572 = EDGE_CURVE ( 'NONE', #356, #6446, #5875, .T. ) ;
#4573 = CARTESIAN_POINT ( 'NONE',  ( -3.231990237815517641, 1.704120873295593253, 1.999999999999999556 ) ) ;
#4574 = CARTESIAN_POINT ( 'NONE',  ( -2.649999999999995914, 1.600000000000000089, 8.000000000000000000 ) ) ;
#4575 =( NAMED_UNIT ( * ) PLANE_ANGLE_UNIT ( ) SI_UNIT ( $, .RADIAN. ) );
#4576 = ORIENTED_EDGE ( 'NONE', *, *, #7444, .F. ) ;
#4577 = ORIENTED_EDGE ( 'NONE', *, *, #7113, .F. ) ;
#4578 = CARTESIAN_POINT ( 'NONE',  ( -2.144689754873802645, 2.450000000000001954, 1.999999999999999556 ) ) ;
#4579 = DIRECTION ( 'NONE',  ( 0.000000000000000000, -0.000000000000000000, -1.000000000000000000 ) ) ;
#4580 = FILL_AREA_STYLE ('',( #3829 ) ) ;
#4581 = EDGE_LOOP ( 'NONE', ( #3939, #1714, #7041, #545 ) ) ;
#4582 = FILL_AREA_STYLE_COLOUR ( '', #9060 ) ;
#4583 =( GEOMETRIC_REPRESENTATION_CONTEXT ( 3 ) GLOBAL_UNCERTAINTY_ASSIGNED_CONTEXT ( ( #10944 ) ) GLOBAL_UNIT_ASSIGNED_CONTEXT ( ( #10879, #7308, #5669 ) ) REPRESENTATION_CONTEXT ( 'NONE', 'WORKASPACE' ) );
#4584 = VECTOR ( 'NONE', #7562, 1000.000000000000000 ) ;
#4585 = AXIS2_PLACEMENT_3D ( 'NONE', #8064, #3967, #6432 ) ;
#4586 = SURFACE_STYLE_FILL_AREA ( #1214 ) ;
#4587 = DIRECTION ( 'NONE',  ( -0.7071067811865443531, 0.000000000000000000, -0.7071067811865506814 ) ) ;
#4588 = CARTESIAN_POINT ( 'NONE',  ( 6.321933147141490572, -7.899999999999999467, 0.7819331471414698864 ) ) ;
#4589 = UNCERTAINTY_MEASURE_WITH_UNIT (LENGTH_MEASURE( 1.000000000000000082E-05 ), #8690, 'distance_accuracy_value', 'NONE');
#4590 = FILL_AREA_STYLE ('',( #8905 ) ) ;
#4591 = ORIENTED_EDGE ( 'NONE', *, *, #8437, .T. ) ;
#4592 = CIRCLE ( 'NONE', #9653, 1.749999999999999778 ) ;
#4593 = VECTOR ( 'NONE', #5065, 1000.000000000000000 ) ;
#4594 = DIRECTION ( 'NONE',  ( 0.000000000000000000, 0.000000000000000000, 1.000000000000000000 ) ) ;
#4595 = EDGE_CURVE ( 'NONE', #7536, #6558, #9100, .T. ) ;
#4596 = PRESENTATION_STYLE_ASSIGNMENT (( #6355 ) ) ;
#4597 = CARTESIAN_POINT ( 'NONE',  ( 11.49999999999999645, 0.000000000000000000, -11.50000000000000000 ) ) ;
#4598 = APPLICATION_CONTEXT ( 'automotive_design' ) ;
#4599 = DIRECTION ( 'NONE',  ( 0.000000000000000000, 1.000000000000000000, 0.000000000000000000 ) ) ;
#4600 = UNCERTAINTY_MEASURE_WITH_UNIT (LENGTH_MEASURE( 1.000000000000000082E-05 ), #9841, 'distance_accuracy_value', 'NONE');
#4601 =( NAMED_UNIT ( * ) PLANE_ANGLE_UNIT ( ) SI_UNIT ( $, .RADIAN. ) );
#4602 = VECTOR ( 'NONE', #3042, 1000.000000000000000 ) ;
#4603 = UNCERTAINTY_MEASURE_WITH_UNIT (LENGTH_MEASURE( 1.000000000000000082E-05 ), #1641, 'distance_accuracy_value', 'NONE');
#4604 =( GEOMETRIC_REPRESENTATION_CONTEXT ( 3 ) GLOBAL_UNCERTAINTY_ASSIGNED_CONTEXT ( ( #4266 ) ) GLOBAL_UNIT_ASSIGNED_CONTEXT ( ( #6883, #2618, #7707 ) ) REPRESENTATION_CONTEXT ( 'NONE', 'WORKASPACE' ) );
#4605 = DIRECTION ( 'NONE',  ( -1.000000000000000000, 0.000000000000000000, 0.000000000000000000 ) ) ;
#4606 = LINE ( 'NONE', #7938, #10643 ) ;
#4607 = FILL_AREA_STYLE ('',( #351 ) ) ;
#4608 = EDGE_LOOP ( 'NONE', ( #7020, #2219, #7159, #5079 ) ) ;
#4609 = SURFACE_SIDE_STYLE ('',( #4781 ) ) ;
#4610 = VERTEX_POINT ( 'NONE', #4870 ) ;
#4611 = FILL_AREA_STYLE ('',( #1183 ) ) ;
#4612 = EDGE_CURVE ( 'NONE', #5759, #5858, #1695, .T. ) ;
#4613 = ADVANCED_FACE ( 'NONE', ( #4239 ), #18, .F. ) ;
#4614 = SURFACE_STYLE_USAGE ( .BOTH. , #7161 ) ;
#4615 = SURFACE_STYLE_USAGE ( .BOTH. , #2078 ) ;
#4616 = ORIENTED_EDGE ( 'NONE', *, *, #2862, .F. ) ;
#4617 = DIRECTION ( 'NONE',  ( 0.000000000000000000, -1.000000000000000000, 0.000000000000000000 ) ) ;
#4618 = VERTEX_POINT ( 'NONE', #3579 ) ;
#4619 =( NAMED_UNIT ( * ) SI_UNIT ( $, .STERADIAN. ) SOLID_ANGLE_UNIT ( ) );
#4620 =( NAMED_UNIT ( * ) PLANE_ANGLE_UNIT ( ) SI_UNIT ( $, .RADIAN. ) );
#4621 = PRESENTATION_LAYER_ASSIGNMENT (  '', '', ( #6967 ) ) ;
#4622 = VECTOR ( 'NONE', #6543, 999.9999999999998863 ) ;
#4623 =( NAMED_UNIT ( * ) PLANE_ANGLE_UNIT ( ) SI_UNIT ( $, .RADIAN. ) );
#4624 = ADVANCED_FACE ( 'NONE', ( #4296 ), #10281, .T. ) ;
#4625 = EDGE_CURVE ( 'NONE', #10425, #5760, #3521, .T. ) ;
#4626 = SURFACE_SIDE_STYLE ('',( #8939 ) ) ;
#4627 = DIRECTION ( 'NONE',  ( 0.7071067811865465735, 0.000000000000000000, 0.7071067811865485719 ) ) ;
#4628 = ORIENTED_EDGE ( 'NONE', *, *, #5957, .T. ) ;
#4629 = VERTEX_POINT ( 'NONE', #6091 ) ;
#4630 = CARTESIAN_POINT ( 'NONE',  ( -1.986111111111112049, 2.450000000000001954, 0.4999999999999995559 ) ) ;
#4631 = FILL_AREA_STYLE ('',( #10569 ) ) ;
#4632 = ORIENTED_EDGE ( 'NONE', *, *, #4104, .T. ) ;
#4633 = STYLED_ITEM ( 'NONE', ( #1978 ), #1525 ) ;
#4634 = CARTESIAN_POINT ( 'NONE',  ( -6.321933147141465703, -7.899999999999999467, 2.361933147141467515 ) ) ;
#4635 = CARTESIAN_POINT ( 'NONE',  ( -3.231990237815517641, 1.600000000000000089, -2.000000000000000888 ) ) ;
#4636 = VERTEX_POINT ( 'NONE', #5188 ) ;
#4637 = FACE_OUTER_BOUND ( 'NONE', #3169, .T. ) ;
#4638 = DIRECTION ( 'NONE',  ( 0.000000000000000000, 1.000000000000000000, 0.000000000000000000 ) ) ;
#4639 = DIRECTION ( 'NONE',  ( -1.000000000000000000, 0.000000000000000000, 0.000000000000000000 ) ) ;
#4640 = ORIENTED_EDGE ( 'NONE', *, *, #8839, .T. ) ;
#4641 = ADVANCED_FACE ( 'NONE', ( #7615 ), #3466, .F. ) ;
#4643 = EDGE_CURVE ( 'NONE', #3113, #3150, #6146, .T. ) ;
#4642 = DIRECTION ( 'NONE',  ( 0.7071067811865501263, 0.000000000000000000, 0.7071067811865450192 ) ) ;
#4644 = ORIENTED_EDGE ( 'NONE', *, *, #6554, .T. ) ;
#4645 = ORIENTED_EDGE ( 'NONE', *, *, #2745, .F. ) ;
#4646 = COLOUR_RGB ( '',0.8941176470588234615, 0.9137254901960784048, 0.9294117647058823817 ) ;
#4647 = STYLED_ITEM ( 'NONE', ( #4686 ), #9614 ) ;
#4648 =( NAMED_UNIT ( * ) PLANE_ANGLE_UNIT ( ) SI_UNIT ( $, .RADIAN. ) );
#4649 = EDGE_LOOP ( 'NONE', ( #8283, #758, #3450, #4114 ) ) ;
#4650 = DIRECTION ( 'NONE',  ( 0.8987940462991674817, -0.4383711467890764601, 0.000000000000000000 ) ) ;
#4651 = CARTESIAN_POINT ( 'NONE',  ( 7.769999999999998685, -5.992102448427662154, -5.089999999999998082 ) ) ;
#4652 =( GEOMETRIC_REPRESENTATION_CONTEXT ( 3 ) GLOBAL_UNCERTAINTY_ASSIGNED_CONTEXT ( ( #641 ) ) GLOBAL_UNIT_ASSIGNED_CONTEXT ( ( #7834, #1905, #3637 ) ) REPRESENTATION_CONTEXT ( 'NONE', 'WORKASPACE' ) );
#4653 = STYLED_ITEM ( 'NONE', ( #10413 ), #6629 ) ;
#4654 =( NAMED_UNIT ( * ) PLANE_ANGLE_UNIT ( ) SI_UNIT ( $, .RADIAN. ) );
#4655 = LINE ( 'NONE', #3049, #8004 ) ;
#4656 = ADVANCED_FACE ( 'NONE', ( #9648 ), #3867, .T. ) ;
#4657 = PRESENTATION_STYLE_ASSIGNMENT (( #6523 ) ) ;
#4658 = ORIENTED_EDGE ( 'NONE', *, *, #9472, .T. ) ;
#4659 =( GEOMETRIC_REPRESENTATION_CONTEXT ( 3 ) GLOBAL_UNCERTAINTY_ASSIGNED_CONTEXT ( ( #7980 ) ) GLOBAL_UNIT_ASSIGNED_CONTEXT ( ( #6848, #10059, #8823 ) ) REPRESENTATION_CONTEXT ( 'NONE', 'WORKASPACE' ) );
#4660 = LINE ( 'NONE', #6408, #6788 ) ;
#4661 = ORIENTED_EDGE ( 'NONE', *, *, #4417, .F. ) ;
#4662 = CARTESIAN_POINT ( 'NONE',  ( 0.000000000000000000, -7.899999999999999467, 0.000000000000000000 ) ) ;
#4663 = SURFACE_SIDE_STYLE ('',( #7091 ) ) ;
#4664 = CARTESIAN_POINT ( 'NONE',  ( -7.769999999999999574, 0.000000000000000000, -0.9700000000000029710 ) ) ;
#4665 = LINE ( 'NONE', #4837, #1784 ) ;
#4666 = MECHANICAL_DESIGN_GEOMETRIC_PRESENTATION_REPRESENTATION (  '', ( #6468 ), #7904 ) ;
#4667 = SURFACE_SIDE_STYLE ('',( #6534 ) ) ;
#4668 = PRESENTATION_STYLE_ASSIGNMENT (( #10828 ) ) ;
#4669 = VERTEX_POINT ( 'NONE', #2847 ) ;
#4670 = ORIENTED_EDGE ( 'NONE', *, *, #1377, .T. ) ;
#4671 =( GEOMETRIC_REPRESENTATION_CONTEXT ( 3 ) GLOBAL_UNCERTAINTY_ASSIGNED_CONTEXT ( ( #49 ) ) GLOBAL_UNIT_ASSIGNED_CONTEXT ( ( #10613, #7372, #579 ) ) REPRESENTATION_CONTEXT ( 'NONE', 'WORKASPACE' ) );
#4672 = AXIS2_PLACEMENT_3D ( 'NONE', #7160, #524, #6368 ) ;
#4673 = CARTESIAN_POINT ( 'NONE',  ( -6.799999999999998934, -7.899999999999999467, 2.239999999999999769 ) ) ;
#4674 = FILL_AREA_STYLE_COLOUR ( '', #8695 ) ;
#4675 = AXIS2_PLACEMENT_3D ( 'NONE', #5480, #8183, #1255 ) ;
#4676 = CIRCLE ( 'NONE', #10818, 0.5000000000000008882 ) ;
#4677 = CARTESIAN_POINT ( 'NONE',  ( -2.994689754873801846, 1.600000000000000755, -2.500000000000000888 ) ) ;
#4678 = FILL_AREA_STYLE ('',( #1305 ) ) ;
#4679 = ORIENTED_EDGE ( 'NONE', *, *, #9111, .F. ) ;
#4680 = ADVANCED_FACE ( 'NONE', ( #6258 ), #1192, .T. ) ;
#4681 = ADVANCED_FACE ( 'NONE', ( #8006 ), #2791, .F. ) ;
#4682 =( GEOMETRIC_REPRESENTATION_CONTEXT ( 3 ) GLOBAL_UNCERTAINTY_ASSIGNED_CONTEXT ( ( #7192 ) ) GLOBAL_UNIT_ASSIGNED_CONTEXT ( ( #486, #8182, #4693 ) ) REPRESENTATION_CONTEXT ( 'NONE', 'WORKASPACE' ) );
#4683 = ORIENTED_EDGE ( 'NONE', *, *, #5178, .F. ) ;
#4684 = MECHANICAL_DESIGN_GEOMETRIC_PRESENTATION_REPRESENTATION (  '', ( #6851 ), #5767 ) ;
#4685 = STYLED_ITEM ( 'NONE', ( #10380 ), #10516 ) ;
#4686 = PRESENTATION_STYLE_ASSIGNMENT (( #7168 ) ) ;
#4687 = ORIENTED_EDGE ( 'NONE', *, *, #6296, .T. ) ;
#4688 = ORIENTED_EDGE ( 'NONE', *, *, #9874, .T. ) ;
#4689 = PLANE ( 'NONE',  #5745 ) ;
#4690 =( GEOMETRIC_REPRESENTATION_CONTEXT ( 3 ) GLOBAL_UNCERTAINTY_ASSIGNED_CONTEXT ( ( #8203 ) ) GLOBAL_UNIT_ASSIGNED_CONTEXT ( ( #4424, #4479, #10423 ) ) REPRESENTATION_CONTEXT ( 'NONE', 'WORKASPACE' ) );
#4691 = EDGE_LOOP ( 'NONE', ( #3984, #2599, #9258, #7684 ) ) ;
#4692 = VECTOR ( 'NONE', #14, 1000.000000000000000 ) ;
#4693 =( NAMED_UNIT ( * ) SI_UNIT ( $, .STERADIAN. ) SOLID_ANGLE_UNIT ( ) );
#4694 =( LENGTH_UNIT ( ) NAMED_UNIT ( * ) SI_UNIT ( .MILLI., .METRE. ) );
#4695 = FILL_AREA_STYLE_COLOUR ( '', #9960 ) ;
#4696 =( GEOMETRIC_REPRESENTATION_CONTEXT ( 3 ) GLOBAL_UNCERTAINTY_ASSIGNED_CONTEXT ( ( #4277 ) ) GLOBAL_UNIT_ASSIGNED_CONTEXT ( ( #1729, #8559, #10988 ) ) REPRESENTATION_CONTEXT ( 'NONE', 'WORKASPACE' ) );
#4697 = VERTEX_POINT ( 'NONE', #9255 ) ;
#4698 =( NAMED_UNIT ( * ) SI_UNIT ( $, .STERADIAN. ) SOLID_ANGLE_UNIT ( ) );
#4699 = PRESENTATION_STYLE_ASSIGNMENT (( #2974 ) ) ;
#4700 = DIRECTION ( 'NONE',  ( -1.000000000000000000, 0.000000000000000000, 0.000000000000000000 ) ) ;
#4701 = ORIENTED_EDGE ( 'NONE', *, *, #6372, .T. ) ;
#4702 = MECHANICAL_DESIGN_GEOMETRIC_PRESENTATION_REPRESENTATION (  '', ( #3825 ), #10119 ) ;
#4703 = ORIENTED_EDGE ( 'NONE', *, *, #7935, .T. ) ;
#4704 = CARTESIAN_POINT ( 'NONE',  ( 6.605321102968300551, -8.481031414488956699, -1.474678897031747926 ) ) ;
#4705 = AXIS2_PLACEMENT_3D ( 'NONE', #2673, #10326, #10262 ) ;
#4706 = CARTESIAN_POINT ( 'NONE',  ( -7.469999999999997975, -2.399999999999999911, -3.810000000000000941 ) ) ;
#4707 = CIRCLE ( 'NONE', #7582, 1.749999999999999778 ) ;
#4708 = ORIENTED_EDGE ( 'NONE', *, *, #9339, .F. ) ;
#4709 =( NAMED_UNIT ( * ) PLANE_ANGLE_UNIT ( ) SI_UNIT ( $, .RADIAN. ) );
#4710 = DIRECTION ( 'NONE',  ( 0.000000000000000000, 0.000000000000000000, -1.000000000000000000 ) ) ;
#4711 = EDGE_CURVE ( 'NONE', #7024, #5462, #5750, .T. ) ;
#4712 = EDGE_CURVE ( 'NONE', #9497, #7305, #10095, .T. ) ;
#4713 = CARTESIAN_POINT ( 'NONE',  ( -3.231990237815517641, 1.704120873295593253, -0.5000000000000004441 ) ) ;
#4714 = CARTESIAN_POINT ( 'NONE',  ( -5.229999999999998650, -2.399999999999999911, -1.569999999999998064 ) ) ;
#4715 = UNCERTAINTY_MEASURE_WITH_UNIT (LENGTH_MEASURE( 1.000000000000000082E-05 ), #6764, 'distance_accuracy_value', 'NONE');
#4716 = VECTOR ( 'NONE', #7263, 1000.000000000000000 ) ;
#4717 = FILL_AREA_STYLE_COLOUR ( '', #3985 ) ;
#4718 = PRESENTATION_STYLE_ASSIGNMENT (( #613 ) ) ;
#4719 = ORIENTED_EDGE ( 'NONE', *, *, #6363, .T. ) ;
#4720 = FILL_AREA_STYLE_COLOUR ( '', #199 ) ;
#4721 = EDGE_LOOP ( 'NONE', ( #9397, #4783, #1954, #4727 ) ) ;
#4722 = STYLED_ITEM ( 'NONE', ( #3833 ), #3015 ) ;
#4723 = EDGE_CURVE ( 'NONE', #8427, #2583, #1415, .T. ) ;
#4724 = LINE ( 'NONE', #6295, #7273 ) ;
#4725 = CARTESIAN_POINT ( 'NONE',  ( 6.200000000000052580, -2.399999999999999911, -1.879999999999995453 ) ) ;
#4726 = UNCERTAINTY_MEASURE_WITH_UNIT (LENGTH_MEASURE( 1.000000000000000082E-05 ), #4301, 'distance_accuracy_value', 'NONE');
#4727 = ORIENTED_EDGE ( 'NONE', *, *, #4771, .T. ) ;
#4728 =( GEOMETRIC_REPRESENTATION_CONTEXT ( 3 ) GLOBAL_UNCERTAINTY_ASSIGNED_CONTEXT ( ( #10374 ) ) GLOBAL_UNIT_ASSIGNED_CONTEXT ( ( #10875, #9791, #9121 ) ) REPRESENTATION_CONTEXT ( 'NONE', 'WORKASPACE' ) );
#4729 = UNCERTAINTY_MEASURE_WITH_UNIT (LENGTH_MEASURE( 1.000000000000000082E-05 ), #9419, 'distance_accuracy_value', 'NONE');
#4730 = SURFACE_SIDE_STYLE ('',( #2172 ) ) ;
#4731 = CARTESIAN_POINT ( 'NONE',  ( -2.186111111111112226, 2.550000000000002043, 2.499999999999999556 ) ) ;
#4732 = DIRECTION ( 'NONE',  ( -0.000000000000000000, 1.000000000000000000, -0.000000000000000000 ) ) ;
#4733 = DIRECTION ( 'NONE',  ( 0.000000000000000000, 0.000000000000000000, -1.000000000000000000 ) ) ;
#4734 = STYLED_ITEM ( 'NONE', ( #4787 ), #3277 ) ;
#4735 = ORIENTED_EDGE ( 'NONE', *, *, #1389, .T. ) ;
#4736 = DIRECTION ( 'NONE',  ( -1.000000000000000000, 0.000000000000000000, -0.000000000000000000 ) ) ;
#4737 = FILL_AREA_STYLE ('',( #9247 ) ) ;
#4738 = CARTESIAN_POINT ( 'NONE',  ( -1.986111111111110716, 2.550000000000002043, -2.000000000000001776 ) ) ;
#4739 =( LENGTH_UNIT ( ) NAMED_UNIT ( * ) SI_UNIT ( .MILLI., .METRE. ) );
#4740 = ORIENTED_EDGE ( 'NONE', *, *, #1189, .F. ) ;
#4741 = SURFACE_SIDE_STYLE ('',( #7276 ) ) ;
#4742 = VERTEX_POINT ( 'NONE', #10946 ) ;
#4743 = FACE_OUTER_BOUND ( 'NONE', #6433, .T. ) ;
#4744 = DIRECTION ( 'NONE',  ( -1.000000000000000000, -1.084202172485504040E-15, 0.000000000000000000 ) ) ;
#4745 =( LENGTH_UNIT ( ) NAMED_UNIT ( * ) SI_UNIT ( .MILLI., .METRE. ) );
#4746 =( NAMED_UNIT ( * ) PLANE_ANGLE_UNIT ( ) SI_UNIT ( $, .RADIAN. ) );
#4747 = CARTESIAN_POINT ( 'NONE',  ( 3.949999999999997957, 2.100000000000000089, -4.500000000000005329 ) ) ;
#4748 = ORIENTED_EDGE ( 'NONE', *, *, #10363, .T. ) ;
#4749 = PLANE ( 'NONE',  #3170 ) ;
#4750 = PLANE ( 'NONE',  #5386 ) ;
#4751 = DIRECTION ( 'NONE',  ( 1.000000000000000000, 0.000000000000000000, 0.000000000000000000 ) ) ;
#4752 = STYLED_ITEM ( 'NONE', ( #2300 ), #3828 ) ;
#4753 = ADVANCED_FACE ( 'NONE', ( #4743 ), #8357, .T. ) ;
#4754 = DIRECTION ( 'NONE',  ( -0.000000000000000000, -1.000000000000000000, -0.000000000000000000 ) ) ;
#4755 = SURFACE_STYLE_FILL_AREA ( #1374 ) ;
#4756 = SURFACE_STYLE_FILL_AREA ( #3033 ) ;
#4757 = DIRECTION ( 'NONE',  ( 1.000000000000000000, 0.000000000000000000, 0.000000000000000000 ) ) ;
#4758 = FILL_AREA_STYLE ('',( #2924 ) ) ;
#4759 = ORIENTED_EDGE ( 'NONE', *, *, #664, .F. ) ;
#4760 = SURFACE_SIDE_STYLE ('',( #6338 ) ) ;
#4761 = AXIS2_PLACEMENT_3D ( 'NONE', #10679, #5691, #3399 ) ;
#4762 = SURFACE_STYLE_FILL_AREA ( #2254 ) ;
#4763 = CARTESIAN_POINT ( 'NONE',  ( 6.500000000000000888, 1.600000000000000089, -3.619999999999996998 ) ) ;
#4764 = EDGE_CURVE ( 'NONE', #4964, #5469, #359, .T. ) ;
#4765 = PLANE ( 'NONE',  #10635 ) ;
#4766 = FACE_OUTER_BOUND ( 'NONE', #3753, .T. ) ;
#4767 = PLANE ( 'NONE',  #2667 ) ;
#4768 = PLANE ( 'NONE',  #5748 ) ;
#4769 = COLOUR_RGB ( '',0.8313725490196077761, 0.6705882352941175961, 0.1294117647058823373 ) ;
#4771 = EDGE_CURVE ( 'NONE', #1235, #6606, #8235, .T. ) ;
#4770 = DIRECTION ( 'NONE',  ( -0.7071067811865463515, 0.7071067811865487940, 0.000000000000000000 ) ) ;
#4772 = EDGE_CURVE ( 'NONE', #356, #6273, #4956, .T. ) ;
#4773 = ORIENTED_EDGE ( 'NONE', *, *, #8457, .T. ) ;
#4774 = ORIENTED_EDGE ( 'NONE', *, *, #7444, .T. ) ;
#4775 = EDGE_CURVE ( 'NONE', #8853, #4242, #9974, .T. ) ;
#4776 = AXIS2_PLACEMENT_3D ( 'NONE', #6915, #3358, #6796 ) ;
#4777 = FILL_AREA_STYLE ('',( #7311 ) ) ;
#4778 = DIRECTION ( 'NONE',  ( 0.000000000000000000, 0.000000000000000000, 1.000000000000000000 ) ) ;
#4779 = CARTESIAN_POINT ( 'NONE',  ( -11.49999999999999645, 0.000000000000000000, 9.500000000000005329 ) ) ;
#4780 = LINE ( 'NONE', #2015, #2666 ) ;
#4781 = SURFACE_STYLE_FILL_AREA ( #1180 ) ;
#4782 = EDGE_CURVE ( 'NONE', #8205, #4510, #585, .T. ) ;
#4783 = ORIENTED_EDGE ( 'NONE', *, *, #7326, .F. ) ;
#4784 = DIRECTION ( 'NONE',  ( -5.421010862427522170E-17, 0.000000000000000000, -1.000000000000000000 ) ) ;
#4785 = EDGE_CURVE ( 'NONE', #2486, #2520, #9149, .T. ) ;
#4786 =( NAMED_UNIT ( * ) SI_UNIT ( $, .STERADIAN. ) SOLID_ANGLE_UNIT ( ) );
#4787 = PRESENTATION_STYLE_ASSIGNMENT (( #4614 ) ) ;
#4788 = PRESENTATION_LAYER_ASSIGNMENT (  '', '', ( #1947 ) ) ;
#4789 = COLOUR_RGB ( '',1.000000000000000000, 0.9372549019607843146, 0.1372549019607843257 ) ;
#4790 = FACE_OUTER_BOUND ( 'NONE', #10739, .T. ) ;
#4791 = PRESENTATION_LAYER_ASSIGNMENT (  '', '', ( #3181 ) ) ;
#4792 = CARTESIAN_POINT ( 'NONE',  ( -2.186111111111112226, 2.550000000000002043, 0.4999999999999995559 ) ) ;
#4793 = LINE ( 'NONE', #2752, #10594 ) ;
#4794 = VERTEX_POINT ( 'NONE', #5635 ) ;
#4795 = CARTESIAN_POINT ( 'NONE',  ( 6.200000000000000178, -7.899999999999999467, 3.200000000000005063 ) ) ;
#4796 = DIRECTION ( 'NONE',  ( 0.000000000000000000, 0.000000000000000000, 1.000000000000000000 ) ) ;
#4797 = PRESENTATION_LAYER_ASSIGNMENT (  '', '', ( #8959 ) ) ;
#4798 =( GEOMETRIC_REPRESENTATION_CONTEXT ( 3 ) GLOBAL_UNCERTAINTY_ASSIGNED_CONTEXT ( ( #1828 ) ) GLOBAL_UNIT_ASSIGNED_CONTEXT ( ( #10871, #9119, #8262 ) ) REPRESENTATION_CONTEXT ( 'NONE', 'WORKASPACE' ) );
#4799 = FACE_OUTER_BOUND ( 'NONE', #8304, .T. ) ;
#4800 = COLOUR_RGB ( '',0.8313725490196077761, 0.6705882352941175961, 0.1294117647058823373 ) ;
#4801 = SURFACE_STYLE_FILL_AREA ( #10682 ) ;
#4802 = VERTEX_POINT ( 'NONE', #3965 ) ;
#4803 = ORIENTED_EDGE ( 'NONE', *, *, #2179, .T. ) ;
#4804 = SURFACE_STYLE_FILL_AREA ( #9935 ) ;
#4805 = ORIENTED_EDGE ( 'NONE', *, *, #2296, .T. ) ;
#4806 = SURFACE_SIDE_STYLE ('',( #2297 ) ) ;
#4807 = SURFACE_STYLE_USAGE ( .BOTH. , #655 ) ;
#4808 = DIRECTION ( 'NONE',  ( 0.000000000000000000, 1.000000000000000000, 0.000000000000000000 ) ) ;
#4809 = EDGE_LOOP ( 'NONE', ( #6199, #7535, #10566, #1643 ) ) ;
#4810 = LINE ( 'NONE', #704, #9086 ) ;
#4811 = COLOUR_RGB ( '',0.8313725490196077761, 0.6705882352941175961, 0.1294117647058823373 ) ;
#4812 =( GEOMETRIC_REPRESENTATION_CONTEXT ( 3 ) GLOBAL_UNCERTAINTY_ASSIGNED_CONTEXT ( ( #2937 ) ) GLOBAL_UNIT_ASSIGNED_CONTEXT ( ( #5162, #8620, #7705 ) ) REPRESENTATION_CONTEXT ( 'NONE', 'WORKASPACE' ) );
#4813 = DIRECTION ( 'NONE',  ( 0.000000000000000000, 0.000000000000000000, 1.000000000000000000 ) ) ;
#4814 = DIRECTION ( 'NONE',  ( 0.000000000000000000, 0.000000000000000000, 1.000000000000000000 ) ) ;
#4815 = PRESENTATION_STYLE_ASSIGNMENT (( #8189 ) ) ;
#4816 = ORIENTED_EDGE ( 'NONE', *, *, #5607, .F. ) ;
#4817 =( LENGTH_UNIT ( ) NAMED_UNIT ( * ) SI_UNIT ( .MILLI., .METRE. ) );
#4818 = ORIENTED_EDGE ( 'NONE', *, *, #5361, .T. ) ;
#4819 = CARTESIAN_POINT ( 'NONE',  ( 0.000000000000000000, -7.899999999999999467, 3.321933147141471920 ) ) ;
#4820 = DIRECTION ( 'NONE',  ( -0.000000000000000000, 1.000000000000000000, -0.000000000000000000 ) ) ;
#4821 = DIRECTION ( 'NONE',  ( -0.7071067811865505703, 0.000000000000000000, -0.7071067811865444641 ) ) ;
#4822 =( NAMED_UNIT ( * ) PLANE_ANGLE_UNIT ( ) SI_UNIT ( $, .RADIAN. ) );
#4823 = FILL_AREA_STYLE ('',( #669 ) ) ;
#4824 = DIRECTION ( 'NONE',  ( 1.000000000000000000, 0.000000000000000000, 0.000000000000000000 ) ) ;
#4825 = VECTOR ( 'NONE', #9376, 1000.000000000000000 ) ;
#4826 = CARTESIAN_POINT ( 'NONE',  ( 6.678066852858587588, -7.899999999999999467, -1.401933147141460667 ) ) ;
#4827 = EDGE_CURVE ( 'NONE', #1694, #6606, #4858, .T. ) ;
#4828 = MECHANICAL_DESIGN_GEOMETRIC_PRESENTATION_REPRESENTATION (  '', ( #917 ), #924 ) ;
#4829 = SURFACE_SIDE_STYLE ('',( #9902 ) ) ;
#4830 = EDGE_LOOP ( 'NONE', ( #1063, #6378, #7699, #6407, #8460, #9347, #6683, #10042, #751 ) ) ;
#4831 = CARTESIAN_POINT ( 'NONE',  ( -5.529999999999998472, -2.399999999999999911, 3.809999999999999609 ) ) ;
#4832 = VECTOR ( 'NONE', #5176, 1000.000000000000000 ) ;
#4833 = PLANE ( 'NONE',  #5496 ) ;
#4834 = STYLED_ITEM ( 'NONE', ( #7225 ), #9649 ) ;
#4835 = CARTESIAN_POINT ( 'NONE',  ( 5.529999999999995808, 0.000000000000000000, -0.3099999999999951683 ) ) ;
#4836 = VERTEX_POINT ( 'NONE', #4013 ) ;
#4837 = CARTESIAN_POINT ( 'NONE',  ( -5.529999999999998472, 0.000000000000000000, -3.810000000000000941 ) ) ;
#4838 = UNCERTAINTY_MEASURE_WITH_UNIT (LENGTH_MEASURE( 1.000000000000000082E-05 ), #9487, 'distance_accuracy_value', 'NONE');
#4839 = DIRECTION ( 'NONE',  ( -0.000000000000000000, 1.000000000000000000, -0.000000000000000000 ) ) ;
#4840 = CARTESIAN_POINT ( 'NONE',  ( -6.799999999999972289, -7.649999999999995026, 0.2999999999999994893 ) ) ;
#4841 = CARTESIAN_POINT ( 'NONE',  ( 3.231990237815519418, 1.600000000000001643, -1.000000000000000444 ) ) ;
#4842 = EDGE_CURVE ( 'NONE', #4997, #1974, #7428, .T. ) ;
#4843 = VECTOR ( 'NONE', #5029, 999.9999999999998863 ) ;
#4844 = CARTESIAN_POINT ( 'NONE',  ( 1.986111111111110716, 2.550000000000002487, -2.500000000000000444 ) ) ;
#4845 = ORIENTED_EDGE ( 'NONE', *, *, #8986, .F. ) ;
#4846 = STYLED_ITEM ( 'NONE', ( #6195 ), #9789 ) ;
#4847 = SURFACE_STYLE_FILL_AREA ( #8462 ) ;
#4848 = DIRECTION ( 'NONE',  ( 0.000000000000000000, 0.000000000000000000, 1.000000000000000000 ) ) ;
#4849 = CARTESIAN_POINT ( 'NONE',  ( 3.950000000000000178, 1.600000000000000089, 6.000000000000000000 ) ) ;
#4850 = AXIS2_PLACEMENT_3D ( 'NONE', #2368, #7451, #5087 ) ;
#4851 = ADVANCED_FACE ( 'NONE', ( #3963 ), #1304, .T. ) ;
#4852 = ORIENTED_EDGE ( 'NONE', *, *, #10550, .F. ) ;
#4853 = EDGE_CURVE ( 'NONE', #10298, #7843, #10780, .T. ) ;
#4854 = DIRECTION ( 'NONE',  ( 0.000000000000000000, 1.000000000000000000, 0.000000000000000000 ) ) ;
#4855 = VECTOR ( 'NONE', #48, 1000.000000000000000 ) ;
#4856 = UNCERTAINTY_MEASURE_WITH_UNIT (LENGTH_MEASURE( 1.000000000000000082E-05 ), #7049, 'distance_accuracy_value', 'NONE');
#4857 = ORIENTED_EDGE ( 'NONE', *, *, #67, .F. ) ;
#4858 = LINE ( 'NONE', #5688, #4075 ) ;
#4859 = CARTESIAN_POINT ( 'NONE',  ( 7.770000000000000462, -2.399999999999999911, -0.6099999999999933253 ) ) ;
#4860 = SURFACE_SIDE_STYLE ('',( #6556 ) ) ;
#4861 = VECTOR ( 'NONE', #181, 1000.000000000000000 ) ;
#4862 = ORIENTED_EDGE ( 'NONE', *, *, #5107, .F. ) ;
#4863 = MECHANICAL_DESIGN_GEOMETRIC_PRESENTATION_REPRESENTATION (  '', ( #2899 ), #3257 ) ;
#4864 = ORIENTED_EDGE ( 'NONE', *, *, #2549, .T. ) ;
#4865 = VERTEX_POINT ( 'NONE', #639 ) ;
#4866 = LINE ( 'NONE', #4022, #9918 ) ;
#4867 = CARTESIAN_POINT ( 'NONE',  ( 7.470000000000001528, 0.000000000000000000, 4.770000000000004903 ) ) ;
#4868 = CARTESIAN_POINT ( 'NONE',  ( 3.231990237815519418, 1.600000000000001643, 0.4999999999999995559 ) ) ;
#4869 = VECTOR ( 'NONE', #1237, 1000.000000000000000 ) ;
#4870 = CARTESIAN_POINT ( 'NONE',  ( -6.799999999999998934, -2.399999999999999911, 2.239999999999999769 ) ) ;
#4871 = AXIS2_PLACEMENT_3D ( 'NONE', #6038, #4292, #7720 ) ;
#4872 = COLOUR_RGB ( '',0.8313725490196077761, 0.6705882352941175961, 0.1294117647058823373 ) ;
#4873 = EDGE_LOOP ( 'NONE', ( #7304, #4226, #685, #2683 ) ) ;
#4874 = FILL_AREA_STYLE ('',( #2304 ) ) ;
#4875 = ORIENTED_EDGE ( 'NONE', *, *, #9987, .T. ) ;
#4876 = VECTOR ( 'NONE', #9619, 1000.000000000000000 ) ;
#4877 = LINE ( 'NONE', #2428, #6073 ) ;
#4878 = PLANE ( 'NONE',  #2678 ) ;
#4879 = PRESENTATION_LAYER_ASSIGNMENT (  '', '', ( #9549 ) ) ;
#4880 = FILL_AREA_STYLE_COLOUR ( '', #5515 ) ;
#4881 = LINE ( 'NONE', #1702, #50 ) ;
#4882 = EDGE_LOOP ( 'NONE', ( #8132, #8549, #7858, #6678 ) ) ;
#4883 = PRESENTATION_STYLE_ASSIGNMENT (( #7186 ) ) ;
#4884 = DIRECTION ( 'NONE',  ( -0.7071067811865479058, -0.7071067811865471286, 0.000000000000000000 ) ) ;
#4885 = CARTESIAN_POINT ( 'NONE',  ( 6.800000000000078870, -7.649999999999995026, -3.819999999999995399 ) ) ;
#4886 =( NAMED_UNIT ( * ) SI_UNIT ( $, .STERADIAN. ) SOLID_ANGLE_UNIT ( ) );
#4887 = CARTESIAN_POINT ( 'NONE',  ( 2.186111111111113114, 2.550000000000002487, -1.000000000000000444 ) ) ;
#4888 = CARTESIAN_POINT ( 'NONE',  ( -7.769999999999999574, -2.399999999999999911, 1.569999999999997176 ) ) ;
#4889 = VECTOR ( 'NONE', #9776, 1000.000000000000000 ) ;
#4890 = SURFACE_STYLE_FILL_AREA ( #9953 ) ;
#4891 = DIRECTION ( 'NONE',  ( 0.7071067811865470176, -0.7071067811865479058, 0.000000000000000000 ) ) ;
#4892 = ORIENTED_EDGE ( 'NONE', *, *, #7054, .T. ) ;
#4893 = EDGE_LOOP ( 'NONE', ( #7386, #8178, #3278, #10069 ) ) ;
#4894 = DIRECTION ( 'NONE',  ( 0.000000000000000000, 1.000000000000000000, 0.000000000000000000 ) ) ;
#4895 = DIRECTION ( 'NONE',  ( -0.2676438637860944492, 0.9635179096299406609, 0.000000000000000000 ) ) ;
#4896 = PRESENTATION_STYLE_ASSIGNMENT (( #2445 ) ) ;
#4897 = DIRECTION ( 'NONE',  ( -0.7071067811865480168, 0.000000000000000000, -0.7071067811865470176 ) ) ;
#4898 = EDGE_CURVE ( 'NONE', #1615, #3493, #2233, .T. ) ;
#4899 =( GEOMETRIC_REPRESENTATION_CONTEXT ( 3 ) GLOBAL_UNCERTAINTY_ASSIGNED_CONTEXT ( ( #5404 ) ) GLOBAL_UNIT_ASSIGNED_CONTEXT ( ( #9308, #2456, #7774 ) ) REPRESENTATION_CONTEXT ( 'NONE', 'WORKASPACE' ) );
#4900 =( NAMED_UNIT ( * ) PLANE_ANGLE_UNIT ( ) SI_UNIT ( $, .RADIAN. ) );
#4901 = CARTESIAN_POINT ( 'NONE',  ( -5.529999999999998472, 0.000000000000000000, -1.270000000000000684 ) ) ;
#4902 = CARTESIAN_POINT ( 'NONE',  ( 6.800000000000052225, -7.899999999999999467, -1.758066852858530371 ) ) ;
#4903 = MECHANICAL_DESIGN_GEOMETRIC_PRESENTATION_REPRESENTATION (  '', ( #3472 ), #9230 ) ;
#4904 = CARTESIAN_POINT ( 'NONE',  ( 7.769999999999998685, 0.000000000000000000, -5.089999999999998082 ) ) ;
#4905 = ORIENTED_EDGE ( 'NONE', *, *, #5112, .T. ) ;
#4906 =( NAMED_UNIT ( * ) PLANE_ANGLE_UNIT ( ) SI_UNIT ( $, .RADIAN. ) );
#4907 = CARTESIAN_POINT ( 'NONE',  ( -3.031990237815517908, 1.704120873295593253, 0.4999999999999995559 ) ) ;
#4908 = LINE ( 'NONE', #2398, #3273 ) ;
#4909 = ADVANCED_FACE ( 'NONE', ( #4061 ), #7373, .F. ) ;
#4910 = DIRECTION ( 'NONE',  ( -1.000000000000000000, -1.084202172485504040E-15, 0.000000000000000000 ) ) ;
#4911 = PRESENTATION_STYLE_ASSIGNMENT (( #1583 ) ) ;
#4912 =( GEOMETRIC_REPRESENTATION_CONTEXT ( 3 ) GLOBAL_UNCERTAINTY_ASSIGNED_CONTEXT ( ( #10495 ) ) GLOBAL_UNIT_ASSIGNED_CONTEXT ( ( #7406, #2318, #8334 ) ) REPRESENTATION_CONTEXT ( 'NONE', 'WORKASPACE' ) );
#4913 = PRESENTATION_STYLE_ASSIGNMENT (( #805 ) ) ;
#4914 = EDGE_CURVE ( 'NONE', #8372, #4490, #1477, .T. ) ;
#4915 = ADVANCED_FACE ( 'NONE', ( #5633 ), #2184, .T. ) ;
#4916 = ORIENTED_EDGE ( 'NONE', *, *, #9067, .T. ) ;
#4917 = EDGE_LOOP ( 'NONE', ( #9980, #6241, #6485, #9063 ) ) ;
#4918 = CARTESIAN_POINT ( 'NONE',  ( 2.649999999999999911, 1.600000000000000089, 8.000000000000000000 ) ) ;
#4919 = ORIENTED_EDGE ( 'NONE', *, *, #3133, .F. ) ;
#4920 = CARTESIAN_POINT ( 'NONE',  ( 6.200000000000078337, -7.899999999999999467, -4.419999999999995488 ) ) ;
#4921 = CARTESIAN_POINT ( 'NONE',  ( -3.031990237815517908, 1.704120873295593253, -1.000000000000000444 ) ) ;
#4922 = ORIENTED_EDGE ( 'NONE', *, *, #2461, .T. ) ;
#4923 = PLANE ( 'NONE',  #5099 ) ;
#4924 = CARTESIAN_POINT ( 'NONE',  ( -6.500000000000000000, 2.600000000000000089, 0.000000000000000000 ) ) ;
#4925 = FILL_AREA_STYLE ('',( #10220 ) ) ;
#4926 = SURFACE_STYLE_FILL_AREA ( #661 ) ;
#4927 = ORIENTED_EDGE ( 'NONE', *, *, #9111, .T. ) ;
#4928 = DIRECTION ( 'NONE',  ( 1.000000000000000000, 0.000000000000000000, 0.000000000000000000 ) ) ;
#4929 =( NAMED_UNIT ( * ) SI_UNIT ( $, .STERADIAN. ) SOLID_ANGLE_UNIT ( ) );
#4930 = ADVANCED_FACE ( 'NONE', ( #6934 ), #2565, .T. ) ;
#4931 = ORIENTED_EDGE ( 'NONE', *, *, #2319, .F. ) ;
#4932 = SURFACE_SIDE_STYLE ('',( #2589 ) ) ;
#4933 = EDGE_CURVE ( 'NONE', #4436, #3121, #7772, .T. ) ;
#4934 =( LENGTH_UNIT ( ) NAMED_UNIT ( * ) SI_UNIT ( .MILLI., .METRE. ) );
#4935 = PRESENTATION_STYLE_ASSIGNMENT (( #1558 ) ) ;
#4936 = AXIS2_PLACEMENT_3D ( 'NONE', #7236, #8828, #10686 ) ;
#4937 = CARTESIAN_POINT ( 'NONE',  ( -2.649999999999999467, 2.100000000000000089, -6.500000000000004441 ) ) ;
#4938 = EDGE_LOOP ( 'NONE', ( #526, #4927, #4167, #5906 ) ) ;
#4939 = ORIENTED_EDGE ( 'NONE', *, *, #6920, .T. ) ;
#4940 = ORIENTED_EDGE ( 'NONE', *, *, #3147, .F. ) ;
#4941 = PRESENTATION_STYLE_ASSIGNMENT (( #1564 ) ) ;
#4942 = CARTESIAN_POINT ( 'NONE',  ( 2.994689754873805398, 1.600000000000000089, 0.4999999999999995559 ) ) ;
#4943 =( NAMED_UNIT ( * ) PLANE_ANGLE_UNIT ( ) SI_UNIT ( $, .RADIAN. ) );
#4944 = STYLED_ITEM ( 'NONE', ( #2957 ), #320 ) ;
#4945 = CARTESIAN_POINT ( 'NONE',  ( 3.231990237815519418, 1.600000000000000089, -1.000000000000000444 ) ) ;
#4946 = UNCERTAINTY_MEASURE_WITH_UNIT (LENGTH_MEASURE( 1.000000000000000082E-05 ), #10869, 'distance_accuracy_value', 'NONE');
#4947 = CARTESIAN_POINT ( 'NONE',  ( 0.000000000000000000, 0.000000000000000000, 0.000000000000000000 ) ) ;
#4948 = ORIENTED_EDGE ( 'NONE', *, *, #581, .T. ) ;
#4949 = ADVANCED_FACE ( 'NONE', ( #5971 ), #740, .T. ) ;
#4951 = CARTESIAN_POINT ( 'NONE',  ( -2.144689754873802645, 2.450000000000001954, 1.999999999999999556 ) ) ;
#4950 = PRESENTATION_STYLE_ASSIGNMENT (( #10622 ) ) ;
#4952 =( NAMED_UNIT ( * ) PLANE_ANGLE_UNIT ( ) SI_UNIT ( $, .RADIAN. ) );
#4953 = VECTOR ( 'NONE', #833, 1000.000000000000114 ) ;
#4954 = UNCERTAINTY_MEASURE_WITH_UNIT (LENGTH_MEASURE( 1.000000000000000082E-05 ), #515, 'distance_accuracy_value', 'NONE');
#4955 = ORIENTED_EDGE ( 'NONE', *, *, #10082, .T. ) ;
#4956 = LINE ( 'NONE', #10784, #2654 ) ;
#4957 = STYLED_ITEM ( 'NONE', ( #10077 ), #3979 ) ;
#4958 = DIRECTION ( 'NONE',  ( -1.000000000000000000, 0.000000000000000000, 0.000000000000000000 ) ) ;
#4959 = ORIENTED_EDGE ( 'NONE', *, *, #3597, .F. ) ;
#4960 = CARTESIAN_POINT ( 'NONE',  ( 0.6499999999999982458, 2.100000000000000089, -4.500000000000003553 ) ) ;
#4961 =( LENGTH_UNIT ( ) NAMED_UNIT ( * ) SI_UNIT ( .MILLI., .METRE. ) );
#4962 = EDGE_CURVE ( 'NONE', #1658, #4669, #2493, .T. ) ;
#4963 = PLANE ( 'NONE',  #8461 ) ;
#4964 = VERTEX_POINT ( 'NONE', #4173 ) ;
#4965 = ORIENTED_EDGE ( 'NONE', *, *, #4612, .F. ) ;
#4966 = MECHANICAL_DESIGN_GEOMETRIC_PRESENTATION_REPRESENTATION (  '', ( #4077 ), #7840 ) ;
#4967 = DIRECTION ( 'NONE',  ( 0.7071067811865441310, 0.000000000000000000, 0.7071067811865510144 ) ) ;
#4968 = ORIENTED_EDGE ( 'NONE', *, *, #5646, .T. ) ;
#4969 = DIRECTION ( 'NONE',  ( 0.000000000000000000, 0.000000000000000000, 1.000000000000000000 ) ) ;
#4970 = DIRECTION ( 'NONE',  ( -1.000000000000000000, 0.000000000000000000, 0.000000000000000000 ) ) ;
#4971 = CARTESIAN_POINT ( 'NONE',  ( -6.199999999999972644, -7.649999999999995026, -0.3000000000000003775 ) ) ;
#4972 = EDGE_CURVE ( 'NONE', #7024, #1553, #8407, .T. ) ;
#4973 = CARTESIAN_POINT ( 'NONE',  ( 2.994689754873804954, 1.599999999999999867, 2.499999999999999556 ) ) ;
#4974 = CARTESIAN_POINT ( 'NONE',  ( 5.529999999999995808, -5.992102448427662154, -5.389999999999996128 ) ) ;
#4975 = AXIS2_PLACEMENT_3D ( 'NONE', #5493, #9947, #9110 ) ;
#4976 = VECTOR ( 'NONE', #4437, 1000.000000000000000 ) ;
#4977 = AXIS2_PLACEMENT_3D ( 'NONE', #9725, #4638, #2922 ) ;
#4978 = LINE ( 'NONE', #3247, #6713 ) ;
#4979 = ORIENTED_EDGE ( 'NONE', *, *, #2132, .T. ) ;
#4980 = FACE_OUTER_BOUND ( 'NONE', #6807, .T. ) ;
#4981 = FACE_OUTER_BOUND ( 'NONE', #4917, .T. ) ;
#4982 = ORIENTED_EDGE ( 'NONE', *, *, #7602, .T. ) ;
#4983 = CARTESIAN_POINT ( 'NONE',  ( 7.999999999999992895, 1.600000000000000089, 7.999999999999992895 ) ) ;
#4984 = SURFACE_STYLE_USAGE ( .BOTH. , #5833 ) ;
#4985 = AXIS2_PLACEMENT_3D ( 'NONE', #5451, #3672, #4534 ) ;
#4986 = FACE_BOUND ( 'NONE', #7048, .T. ) ;
#4987 = ADVANCED_FACE ( 'NONE', ( #6729 ), #5859, .F. ) ;
#4988 = FILL_AREA_STYLE ('',( #8382 ) ) ;
#4989 = EDGE_CURVE ( 'NONE', #5057, #2154, #8918, .T. ) ;
#4990 = PRESENTATION_STYLE_ASSIGNMENT (( #10181 ) ) ;
#4991 = ORIENTED_EDGE ( 'NONE', *, *, #10295, .F. ) ;
#4992 = VECTOR ( 'NONE', #6755, 1000.000000000000000 ) ;
#4993 = STYLED_ITEM ( 'NONE', ( #10011 ), #5667 ) ;
#4994 = FILL_AREA_STYLE_COLOUR ( '', #10681 ) ;
#4995 = ORIENTED_EDGE ( 'NONE', *, *, #8516, .T. ) ;
#4996 = STYLED_ITEM ( 'NONE', ( #2306 ), #9439 ) ;
#4997 = VERTEX_POINT ( 'NONE', #230 ) ;
#4998 = DIRECTION ( 'NONE',  ( 0.000000000000000000, 0.000000000000000000, 1.000000000000000000 ) ) ;
#4999 = ORIENTED_EDGE ( 'NONE', *, *, #5085, .T. ) ;
#5000 = CARTESIAN_POINT ( 'NONE',  ( -3.949999999999998845, 2.100000000000000089, -6.500000000000004441 ) ) ;
#5001 = CARTESIAN_POINT ( 'NONE',  ( 5.229999999999998650, -5.992102448427662154, -3.149999999999992362 ) ) ;
#5002 = VECTOR ( 'NONE', #10392, 1000.000000000000000 ) ;
#5003 = VECTOR ( 'NONE', #4402, 1000.000000000000000 ) ;
#5004 = CARTESIAN_POINT ( 'NONE',  ( 2.994689754873804954, 1.599999999999999867, 0.9999999999999995559 ) ) ;
#5005 = DIRECTION ( 'NONE',  ( 0.7071067811865501263, 0.000000000000000000, 0.7071067811865450192 ) ) ;
#5006 = MECHANICAL_DESIGN_GEOMETRIC_PRESENTATION_REPRESENTATION (  '', ( #8243 ), #9859 ) ;
#5007 = DIRECTION ( 'NONE',  ( 0.000000000000000000, 1.000000000000000000, 0.000000000000000000 ) ) ;
#5008 = ORIENTED_EDGE ( 'NONE', *, *, #8310, .F. ) ;
#5009 = COLOUR_RGB ( '',0.8313725490196077761, 0.6705882352941175961, 0.1294117647058823373 ) ;
#5010 =( GEOMETRIC_REPRESENTATION_CONTEXT ( 3 ) GLOBAL_UNCERTAINTY_ASSIGNED_CONTEXT ( ( #4715 ) ) GLOBAL_UNIT_ASSIGNED_CONTEXT ( ( #6764, #3946, #6530 ) ) REPRESENTATION_CONTEXT ( 'NONE', 'WORKASPACE' ) );
#5011 = DIRECTION ( 'NONE',  ( 0.000000000000000000, 1.000000000000000000, 0.000000000000000000 ) ) ;
#5012 = FACE_OUTER_BOUND ( 'NONE', #10184, .T. ) ;
#5013 = DIRECTION ( 'NONE',  ( 0.000000000000000000, 0.000000000000000000, 1.000000000000000000 ) ) ;
#5014 =( GEOMETRIC_REPRESENTATION_CONTEXT ( 3 ) GLOBAL_UNCERTAINTY_ASSIGNED_CONTEXT ( ( #1728 ) ) GLOBAL_UNIT_ASSIGNED_CONTEXT ( ( #3571, #6998, #10333 ) ) REPRESENTATION_CONTEXT ( 'NONE', 'WORKASPACE' ) );
#5015 = VERTEX_POINT ( 'NONE', #9632 ) ;
#5016 = LINE ( 'NONE', #9260, #6721 ) ;
#5017 = STYLED_ITEM ( 'NONE', ( #5604 ), #6705 ) ;
#5018 = ORIENTED_EDGE ( 'NONE', *, *, #6093, .T. ) ;
#5019 = AXIS2_PLACEMENT_3D ( 'NONE', #2624, #5236, #6032 ) ;
#5020 = CARTESIAN_POINT ( 'NONE',  ( 3.231990237815518530, 1.704120873295594141, 0.9999999999999995559 ) ) ;
#5021 =( NAMED_UNIT ( * ) PLANE_ANGLE_UNIT ( ) SI_UNIT ( $, .RADIAN. ) );
#5022 = LINE ( 'NONE', #2420, #4281 ) ;
#5023 = EDGE_CURVE ( 'NONE', #4802, #6090, #2832, .T. ) ;
#5024 = CARTESIAN_POINT ( 'NONE',  ( 3.031990237815518796, 1.704120873295593919, 0.9999999999999995559 ) ) ;
#5025 = VERTEX_POINT ( 'NONE', #1895 ) ;
#5026 = STYLED_ITEM ( 'NONE', ( #9566 ), #9944 ) ;
#5027 = CARTESIAN_POINT ( 'NONE',  ( -7.769999999999999574, -2.399999999999999911, -1.569999999999997176 ) ) ;
#5028 = ORIENTED_EDGE ( 'NONE', *, *, #10104, .T. ) ;
#5029 = DIRECTION ( 'NONE',  ( 0.2676438637860944492, 0.9635179096299407719, 0.000000000000000000 ) ) ;
#5030 = VECTOR ( 'NONE', #8059, 1000.000000000000000 ) ;
#5031 = CARTESIAN_POINT ( 'NONE',  ( -5.302882188681560471, -5.810635905104692078, -3.737117811318386718 ) ) ;
#5032 = STYLED_ITEM ( 'NONE', ( #10595 ), #7456 ) ;
#5033 = CARTESIAN_POINT ( 'NONE',  ( -1.212034383954155858, -0.3366762177650429733, 0.5000000000000004441 ) ) ;
#5034 = LINE ( 'NONE', #8499, #494 ) ;
#5035 = PRESENTATION_LAYER_ASSIGNMENT (  '', '', ( #6851 ) ) ;
#5036 = EDGE_CURVE ( 'NONE', #1457, #7101, #7991, .T. ) ;
#5037 = AXIS2_PLACEMENT_3D ( 'NONE', #336, #8902, #1215 ) ;
#5038 = CARTESIAN_POINT ( 'NONE',  ( -2.000000000000000888, 2.500000000000002220, -11.50000000000000000 ) ) ;
#5039 = ORIENTED_EDGE ( 'NONE', *, *, #6656, .F. ) ;
#5040 = DIRECTION ( 'NONE',  ( -1.000000000000000000, 0.000000000000000000, 0.000000000000000000 ) ) ;
#5041 = FILL_AREA_STYLE ('',( #10235 ) ) ;
#5042 = VERTEX_POINT ( 'NONE', #10434 ) ;
#5043 = VECTOR ( 'NONE', #5843, 1000.000000000000000 ) ;
#5044 = DIRECTION ( 'NONE',  ( -0.8987940462991675927, -0.4383711467890764046, 0.000000000000000000 ) ) ;
#5045 = ORIENTED_EDGE ( 'NONE', *, *, #6830, .T. ) ;
#5046 = VECTOR ( 'NONE', #8800, 1000.000000000000114 ) ;
#5048 = ADVANCED_FACE ( 'NONE', ( #6187 ), #1112, .F. ) ;
#5047 = ORIENTED_EDGE ( 'NONE', *, *, #7248, .F. ) ;
#5049 = MECHANICAL_DESIGN_GEOMETRIC_PRESENTATION_REPRESENTATION (  '', ( #7034 ), #3281 ) ;
#5050 = CARTESIAN_POINT ( 'NONE',  ( -6.321933147141439946, -7.899999999999999467, -0.1780668528585335197 ) ) ;
#5051 = EDGE_CURVE ( 'NONE', #5025, #5783, #5402, .T. ) ;
#5052 = SURFACE_SIDE_STYLE ('',( #9454 ) ) ;
#5053 =( LENGTH_UNIT ( ) NAMED_UNIT ( * ) SI_UNIT ( .MILLI., .METRE. ) );
#5054 = CARTESIAN_POINT ( 'NONE',  ( 6.799999999999999822, -2.399999999999999911, 3.200000000000005063 ) ) ;
#5055 = UNCERTAINTY_MEASURE_WITH_UNIT (LENGTH_MEASURE( 1.000000000000000082E-05 ), #890, 'distance_accuracy_value', 'NONE');
#5056 = DIRECTION ( 'NONE',  ( 0.7071067811865454633, -0.000000000000000000, -0.7071067811865495711 ) ) ;
#5057 = VERTEX_POINT ( 'NONE', #8797 ) ;
#5059 = CARTESIAN_POINT ( 'NONE',  ( 6.799999999999999822, -7.649999999999995026, 3.200000000000005063 ) ) ;
#5058 = SURFACE_STYLE_FILL_AREA ( #5275 ) ;
#5060 = EDGE_CURVE ( 'NONE', #2154, #2458, #4388, .T. ) ;
#5061 = STYLED_ITEM ( 'NONE', ( #5406 ), #2796 ) ;
#5062 = CARTESIAN_POINT ( 'NONE',  ( 1.986111111111112937, 2.450000000000002398, -0.5000000000000004441 ) ) ;
#5063 = MECHANICAL_DESIGN_GEOMETRIC_PRESENTATION_REPRESENTATION (  '', ( #3283 ), #7400 ) ;
#5064 = CARTESIAN_POINT ( 'NONE',  ( -2.649999999999995914, 2.100000000000000089, 8.000000000000000000 ) ) ;
#5065 = DIRECTION ( 'NONE',  ( -0.000000000000000000, -0.000000000000000000, 1.000000000000000000 ) ) ;
#5066 = VECTOR ( 'NONE', #4369, 1000.000000000000000 ) ;
#5067 = UNCERTAINTY_MEASURE_WITH_UNIT (LENGTH_MEASURE( 1.000000000000000082E-05 ), #7090, 'distance_accuracy_value', 'NONE');
#5068 = CARTESIAN_POINT ( 'NONE',  ( -7.769999999999999574, 0.000000000000000000, -3.510000000000003340 ) ) ;
#5069 = CARTESIAN_POINT ( 'NONE',  ( -6.500000000000000000, 2.600000000000000089, -0.01226741143414006308 ) ) ;
#5070 = FILL_AREA_STYLE_COLOUR ( '', #11009 ) ;
#5071 = EDGE_LOOP ( 'NONE', ( #3859, #1585, #1476, #7690 ) ) ;
#5072 = DIRECTION ( 'NONE',  ( 1.000000000000000000, 0.000000000000000000, 0.000000000000000000 ) ) ;
#5073 = CARTESIAN_POINT ( 'NONE',  ( 3.031990237815518796, 1.704120873295593919, 1.999999999999999556 ) ) ;
#5074 = CIRCLE ( 'NONE', #295, 0.4999999999999997780 ) ;
#5075 = SURFACE_STYLE_USAGE ( .BOTH. , #8530 ) ;
#5076 = ORIENTED_EDGE ( 'NONE', *, *, #10574, .T. ) ;
#5077 = DIRECTION ( 'NONE',  ( 0.7071067811865510144, 0.000000000000000000, -0.7071067811865441310 ) ) ;
#5078 = LINE ( 'NONE', #1692, #4825 ) ;
#5079 = ORIENTED_EDGE ( 'NONE', *, *, #5036, .T. ) ;
#5080 = SURFACE_STYLE_FILL_AREA ( #2737 ) ;
#5081 = SURFACE_STYLE_USAGE ( .BOTH. , #9271 ) ;
#5082 = LINE ( 'NONE', #10910, #7584 ) ;
#5083 = EDGE_LOOP ( 'NONE', ( #6371, #1993, #4210, #4122 ) ) ;
#5084 = PRESENTATION_STYLE_ASSIGNMENT (( #663 ) ) ;
#5085 = EDGE_CURVE ( 'NONE', #3558, #2458, #7823, .T. ) ;
#5086 = ORIENTED_EDGE ( 'NONE', *, *, #8944, .T. ) ;
#5087 = DIRECTION ( 'NONE',  ( 0.000000000000000000, 0.000000000000000000, 1.000000000000000000 ) ) ;
#5088 = ORIENTED_EDGE ( 'NONE', *, *, #6771, .F. ) ;
#5089 = DIRECTION ( 'NONE',  ( -0.000000000000000000, -1.000000000000000000, -0.000000000000000000 ) ) ;
#5090 =( LENGTH_UNIT ( ) NAMED_UNIT ( * ) SI_UNIT ( .MILLI., .METRE. ) );
#5091 = CARTESIAN_POINT ( 'NONE',  ( -2.649999999999999467, 2.100000000000000089, -4.500000000000003553 ) ) ;
#5092 =( GEOMETRIC_REPRESENTATION_CONTEXT ( 3 ) GLOBAL_UNCERTAINTY_ASSIGNED_CONTEXT ( ( #4729 ) ) GLOBAL_UNIT_ASSIGNED_CONTEXT ( ( #9419, #7770, #1007 ) ) REPRESENTATION_CONTEXT ( 'NONE', 'WORKASPACE' ) );
#5093 = CARTESIAN_POINT ( 'NONE',  ( 6.800000000000078870, -7.899999999999999467, -4.419999999999995488 ) ) ;
#5094 = EDGE_LOOP ( 'NONE', ( #4576, #2316, #9329, #1755 ) ) ;
#5095 = FILL_AREA_STYLE_COLOUR ( '', #3312 ) ;
#5096 = VERTEX_POINT ( 'NONE', #2671 ) ;
#5097 = ORIENTED_EDGE ( 'NONE', *, *, #10364, .F. ) ;
#5098 = FILL_AREA_STYLE_COLOUR ( '', #9125 ) ;
#5099 = AXIS2_PLACEMENT_3D ( 'NONE', #11014, #3464, #5243 ) ;
#5100 = SURFACE_SIDE_STYLE ('',( #9618 ) ) ;
#5102 = PRESENTATION_STYLE_ASSIGNMENT (( #1724 ) ) ;
#5101 = SURFACE_STYLE_USAGE ( .BOTH. , #7862 ) ;
#5103 = PLANE ( 'NONE',  #544 ) ;
#5104 = SURFACE_STYLE_FILL_AREA ( #11088 ) ;
#5105 = CARTESIAN_POINT ( 'NONE',  ( -3.031990237815517908, 1.704120873295593253, 0.4999999999999995559 ) ) ;
#5106 = EDGE_CURVE ( 'NONE', #550, #6812, #8732, .T. ) ;
#5107 = EDGE_CURVE ( 'NONE', #4522, #5638, #3024, .T. ) ;
#5108 = SURFACE_STYLE_USAGE ( .BOTH. , #9463 ) ;
#5109 = ORIENTED_EDGE ( 'NONE', *, *, #1655, .F. ) ;
#5110 = SURFACE_STYLE_USAGE ( .BOTH. , #6179 ) ;
#5111 = LINE ( 'NONE', #1733, #7796 ) ;
#5112 = EDGE_CURVE ( 'NONE', #1698, #4172, #7095, .T. ) ;
#5113 = SURFACE_SIDE_STYLE ('',( #6886 ) ) ;
#5114 = EDGE_CURVE ( 'NONE', #10699, #7890, #2886, .T. ) ;
#5115 = ORIENTED_EDGE ( 'NONE', *, *, #496, .T. ) ;
#5116 = EDGE_CURVE ( 'NONE', #11047, #7506, #6301, .T. ) ;
#5117 = LINE ( 'NONE', #965, #43 ) ;
#5118 = LINE ( 'NONE', #9584, #7349 ) ;
#5119 = ORIENTED_EDGE ( 'NONE', *, *, #10315, .F. ) ;
#5120 = MECHANICAL_DESIGN_GEOMETRIC_PRESENTATION_REPRESENTATION (  '', ( #5677 ), #4583 ) ;
#5121 = FILL_AREA_STYLE_COLOUR ( '', #1151 ) ;
#5122 =( GEOMETRIC_REPRESENTATION_CONTEXT ( 3 ) GLOBAL_UNCERTAINTY_ASSIGNED_CONTEXT ( ( #10826 ) ) GLOBAL_UNIT_ASSIGNED_CONTEXT ( ( #6040, #9319, #9485 ) ) REPRESENTATION_CONTEXT ( 'NONE', 'WORKASPACE' ) );
#5123 = CARTESIAN_POINT ( 'NONE',  ( -7.769999999999999574, 0.000000000000000000, -1.569999999999997176 ) ) ;
#5124 = FILL_AREA_STYLE ('',( #9430 ) ) ;
#5125 = VERTEX_POINT ( 'NONE', #5733 ) ;
#5126 = DIRECTION ( 'NONE',  ( 0.000000000000000000, 0.4383711467890764601, -0.8987940462991674817 ) ) ;
#5127 = EDGE_CURVE ( 'NONE', #7536, #5759, #7358, .T. ) ;
#5128 = PLANE ( 'NONE',  #1360 ) ;
#5129 = PRESENTATION_LAYER_ASSIGNMENT (  '', '', ( #10379 ) ) ;
#5130 = STYLED_ITEM ( 'NONE', ( #10786 ), #143 ) ;
#5131 = ORIENTED_EDGE ( 'NONE', *, *, #1992, .T. ) ;
#5132 = CARTESIAN_POINT ( 'NONE',  ( 7.769999999999999574, 0.000000000000000000, 2.530000000000002025 ) ) ;
#5133 = LINE ( 'NONE', #7845, #10270 ) ;
#5134 = VERTEX_POINT ( 'NONE', #10767 ) ;
#5135 = LINE ( 'NONE', #7468, #5043 ) ;
#5136 = CARTESIAN_POINT ( 'NONE',  ( -6.199999999999945999, -7.899999999999999467, -2.718066852858533888 ) ) ;
#5137 = CARTESIAN_POINT ( 'NONE',  ( 3.031990237815518796, 1.704120873295593919, -2.500000000000000888 ) ) ;
#5138 = EDGE_LOOP ( 'NONE', ( #534, #5771, #7885, #3872 ) ) ;
#5139 = CIRCLE ( 'NONE', #10925, 1.749999999999999778 ) ;
#5140 = DIRECTION ( 'NONE',  ( 0.7071067811865454633, 0.000000000000000000, -0.7071067811865495711 ) ) ;
#5141 = CARTESIAN_POINT ( 'NONE',  ( 6.321933147141466591, -7.899999999999999467, 0.000000000000000000 ) ) ;
#5142 = MECHANICAL_DESIGN_GEOMETRIC_PRESENTATION_REPRESENTATION (  '', ( #6053 ), #1248 ) ;
#5143 = LINE ( 'NONE', #10352, #1124 ) ;
#5144 = LINE ( 'NONE', #9609, #7046 ) ;
#5145 = ORIENTED_EDGE ( 'NONE', *, *, #5023, .F. ) ;
#5146 = VECTOR ( 'NONE', #10865, 1000.000000000000000 ) ;
#5147 = VECTOR ( 'NONE', #10115, 1000.000000000000000 ) ;
#5148 = SURFACE_STYLE_USAGE ( .BOTH. , #5100 ) ;
#5149 = DIRECTION ( 'NONE',  ( -0.000000000000000000, -1.000000000000000000, -0.000000000000000000 ) ) ;
#5150 = DIRECTION ( 'NONE',  ( -0.000000000000000000, 0.000000000000000000, 1.000000000000000000 ) ) ;
#5151 = DIRECTION ( 'NONE',  ( 0.000000000000000000, 0.000000000000000000, -1.000000000000000000 ) ) ;
#5152 = EDGE_CURVE ( 'NONE', #734, #8537, #2951, .T. ) ;
#5154 = EDGE_CURVE ( 'NONE', #2378, #8658, #4665, .T. ) ;
#5153 = LINE ( 'NONE', #5327, #4473 ) ;
#5155 = VECTOR ( 'NONE', #10829, 1000.000000000000000 ) ;
#5156 = UNCERTAINTY_MEASURE_WITH_UNIT (LENGTH_MEASURE( 1.000000000000000082E-05 ), #3696, 'distance_accuracy_value', 'NONE');
#5157 =( GEOMETRIC_REPRESENTATION_CONTEXT ( 3 ) GLOBAL_UNCERTAINTY_ASSIGNED_CONTEXT ( ( #3381 ) ) GLOBAL_UNIT_ASSIGNED_CONTEXT ( ( #9184, #3210, #7520 ) ) REPRESENTATION_CONTEXT ( 'NONE', 'WORKASPACE' ) );
#5158 = EDGE_LOOP ( 'NONE', ( #10928, #8629, #1299, #4238 ) ) ;
#5159 = SURFACE_STYLE_FILL_AREA ( #4217 ) ;
#5160 = AXIS2_PLACEMENT_3D ( 'NONE', #430, #7235, #375 ) ;
#5161 = AXIS2_PLACEMENT_3D ( 'NONE', #1006, #10255, #225 ) ;
#5162 =( LENGTH_UNIT ( ) NAMED_UNIT ( * ) SI_UNIT ( .MILLI., .METRE. ) );
#5163 = CARTESIAN_POINT ( 'NONE',  ( -7.469999999999997975, -2.399999999999999911, 1.269999999999999352 ) ) ;
#5164 = UNCERTAINTY_MEASURE_WITH_UNIT (LENGTH_MEASURE( 1.000000000000000082E-05 ), #5492, 'distance_accuracy_value', 'NONE');
#5165 = ORIENTED_EDGE ( 'NONE', *, *, #1396, .T. ) ;
#5166 = PRESENTATION_STYLE_ASSIGNMENT (( #8468 ) ) ;
#5167 = EDGE_CURVE ( 'NONE', #6748, #8542, #6467, .T. ) ;
#5168 = UNCERTAINTY_MEASURE_WITH_UNIT (LENGTH_MEASURE( 1.000000000000000082E-05 ), #9977, 'distance_accuracy_value', 'NONE');
#5169 =( NAMED_UNIT ( * ) SI_UNIT ( $, .STERADIAN. ) SOLID_ANGLE_UNIT ( ) );
#5170 = CARTESIAN_POINT ( 'NONE',  ( 6.200000000000025935, -2.399999999999999911, 0.6600000000000048050 ) ) ;
#5171 = VERTEX_POINT ( 'NONE', #3160 ) ;
#5172 = CONICAL_SURFACE ( 'NONE', #7514, 0.01226741143414006308, 0.4537856055185231496 ) ;
#5173 = PRESENTATION_LAYER_ASSIGNMENT (  '', '', ( #10236 ) ) ;
#5174 = FACE_OUTER_BOUND ( 'NONE', #7486, .T. ) ;
#5175 =( LENGTH_UNIT ( ) NAMED_UNIT ( * ) SI_UNIT ( .MILLI., .METRE. ) );
#5176 = DIRECTION ( 'NONE',  ( -0.000000000000000000, 1.000000000000000000, -0.000000000000000000 ) ) ;
#5177 = ORIENTED_EDGE ( 'NONE', *, *, #7701, .T. ) ;
#5178 = EDGE_CURVE ( 'NONE', #3085, #5249, #9081, .T. ) ;
#5179 = CARTESIAN_POINT ( 'NONE',  ( 6.678066852858587588, -7.899999999999999467, 0.000000000000000000 ) ) ;
#5180 = EDGE_CURVE ( 'NONE', #6336, #6611, #9133, .T. ) ;
#5181 = VECTOR ( 'NONE', #8342, 1000.000000000000000 ) ;
#5182 = PRESENTATION_LAYER_ASSIGNMENT (  '', '', ( #2175 ) ) ;
#5183 = CARTESIAN_POINT ( 'NONE',  ( -6.321933147141465703, -7.899999999999999467, 2.718066852858533000 ) ) ;
#5184 = DIRECTION ( 'NONE',  ( -0.7071067811865485719, 0.000000000000000000, 0.7071067811865465735 ) ) ;
#5185 = FILL_AREA_STYLE_COLOUR ( '', #1740 ) ;
#5186 = MECHANICAL_DESIGN_GEOMETRIC_PRESENTATION_REPRESENTATION (  '', ( #6825 ), #7896 ) ;
#5187 = ORIENTED_EDGE ( 'NONE', *, *, #9239, .F. ) ;
#5188 = CARTESIAN_POINT ( 'NONE',  ( 3.949999999999997957, 1.600000000000000089, -4.500000000000005329 ) ) ;
#5189 = PLANE ( 'NONE',  #3337 ) ;
#5190 = CARTESIAN_POINT ( 'NONE',  ( -1.750000000000000666, 1.600000000000000533, 2.499999999999999556 ) ) ;
#5191 = PLANE ( 'NONE',  #997 ) ;
#5192 = CARTESIAN_POINT ( 'NONE',  ( 3.950000000000000178, 2.100000000000000089, 6.000000000000000000 ) ) ;
#5193 = ORIENTED_EDGE ( 'NONE', *, *, #5468, .F. ) ;
#5194 = DIRECTION ( 'NONE',  ( 1.000000000000000000, 9.137799966060740935E-16, 0.000000000000000000 ) ) ;
#5195 =( NAMED_UNIT ( * ) SI_UNIT ( $, .STERADIAN. ) SOLID_ANGLE_UNIT ( ) );
#5196 = EDGE_CURVE ( 'NONE', #2451, #2540, #627, .T. ) ;
#5197 = ORIENTED_EDGE ( 'NONE', *, *, #6794, .T. ) ;
#5198 = CARTESIAN_POINT ( 'NONE',  ( 3.949999999999997957, 2.100000000000000089, -6.500000000000005329 ) ) ;
#5199 = CARTESIAN_POINT ( 'NONE',  ( 7.470000000000001528, 0.000000000000000000, 4.770000000000004903 ) ) ;
#5200 = AXIS2_PLACEMENT_3D ( 'NONE', #5179, #1121, #4288 ) ;
#5201 = CARTESIAN_POINT ( 'NONE',  ( -3.949999999999999734, 2.100000000000000089, 8.000000000000000000 ) ) ;
#5202 = CARTESIAN_POINT ( 'NONE',  ( -3.231990237815517641, 1.600000000000000755, 0.9999999999999995559 ) ) ;
#5203 = SURFACE_STYLE_FILL_AREA ( #6054 ) ;
#5204 = VECTOR ( 'NONE', #8847, 1000.000000000000000 ) ;
#5205 = DIRECTION ( 'NONE',  ( 1.000000000000000000, -0.000000000000000000, -2.262682794752357637E-16 ) ) ;
#5206 = ORIENTED_EDGE ( 'NONE', *, *, #755, .T. ) ;
#5207 = AXIS2_PLACEMENT_3D ( 'NONE', #3226, #2280, #9249 ) ;
#5208 = LINE ( 'NONE', #8669, #3552 ) ;
#5209 = SURFACE_STYLE_USAGE ( .BOTH. , #1819 ) ;
#5210 = ORIENTED_EDGE ( 'NONE', *, *, #1483, .T. ) ;
#5211 = STYLED_ITEM ( 'NONE', ( #11075 ), #10130 ) ;
#5212 = SURFACE_STYLE_USAGE ( .BOTH. , #10189 ) ;
#5213 = DIRECTION ( 'NONE',  ( 5.368498217537953495E-17, -0.8987940462991681478, 0.4383711467890751279 ) ) ;
#5214 = AXIS2_PLACEMENT_3D ( 'NONE', #10076, #8555, #3217 ) ;
#5216 = CARTESIAN_POINT ( 'NONE',  ( -7.469999999999997975, 0.000000000000000000, -3.810000000000000941 ) ) ;
#5215 = DIRECTION ( 'NONE',  ( 1.000000000000000000, 0.000000000000000000, 0.000000000000000000 ) ) ;
#5217 = DIRECTION ( 'NONE',  ( 0.000000000000000000, -0.000000000000000000, 1.000000000000000000 ) ) ;
#5218 = PRESENTATION_STYLE_ASSIGNMENT (( #6063 ) ) ;
#5219 =( GEOMETRIC_REPRESENTATION_CONTEXT ( 3 ) GLOBAL_UNCERTAINTY_ASSIGNED_CONTEXT ( ( #2159 ) ) GLOBAL_UNIT_ASSIGNED_CONTEXT ( ( #6664, #8293, #637 ) ) REPRESENTATION_CONTEXT ( 'NONE', 'WORKASPACE' ) );
#5220 = CARTESIAN_POINT ( 'NONE',  ( -2.000000000000000888, 2.500000000000002220, 0.4999999999999970024 ) ) ;
#5221 = MECHANICAL_DESIGN_GEOMETRIC_PRESENTATION_REPRESENTATION (  '', ( #2558 ), #7378 ) ;
#5222 = DIRECTION ( 'NONE',  ( 0.000000000000000000, 0.000000000000000000, 1.000000000000000000 ) ) ;
#5223 = MECHANICAL_DESIGN_GEOMETRIC_PRESENTATION_REPRESENTATION (  '', ( #10272 ), #4150 ) ;
#5224 = MECHANICAL_DESIGN_GEOMETRIC_PRESENTATION_REPRESENTATION (  '', ( #2385 ), #7742 ) ;
#5225 = ORIENTED_EDGE ( 'NONE', *, *, #8457, .F. ) ;
#5226 = FACE_OUTER_BOUND ( 'NONE', #2192, .T. ) ;
#5227 = ADVANCED_FACE ( 'NONE', ( #3854 ), #4249, .T. ) ;
#5228 = STYLED_ITEM ( 'NONE', ( #1070 ), #7942 ) ;
#5229 = DIRECTION ( 'NONE',  ( -0.000000000000000000, 1.000000000000000000, -0.000000000000000000 ) ) ;
#5230 = VECTOR ( 'NONE', #5056, 1000.000000000000000 ) ;
#5231 = DIRECTION ( 'NONE',  ( -0.000000000000000000, -1.000000000000000000, -0.000000000000000000 ) ) ;
#5233 = EDGE_LOOP ( 'NONE', ( #1295, #10561, #3109, #9916 ) ) ;
#5232 = MECHANICAL_DESIGN_GEOMETRIC_PRESENTATION_REPRESENTATION (  '', ( #5777 ), #7924 ) ;
#5234 = FILL_AREA_STYLE ('',( #1010 ) ) ;
#5235 = DIRECTION ( 'NONE',  ( 0.000000000000000000, 1.000000000000000000, 0.000000000000000000 ) ) ;
#5236 = DIRECTION ( 'NONE',  ( 0.000000000000000000, 1.000000000000000000, 0.000000000000000000 ) ) ;
#5237 = SURFACE_STYLE_USAGE ( .BOTH. , #10271 ) ;
#5238 = EDGE_CURVE ( 'NONE', #6493, #10266, #5139, .T. ) ;
#5239 = ORIENTED_EDGE ( 'NONE', *, *, #1792, .F. ) ;
#5240 = CARTESIAN_POINT ( 'NONE',  ( -6.799999999999998934, -2.399999999999999911, 2.839999999999999858 ) ) ;
#5241 = MECHANICAL_DESIGN_GEOMETRIC_PRESENTATION_REPRESENTATION (  '', ( #1531 ), #5972 ) ;
#5242 =( NAMED_UNIT ( * ) SI_UNIT ( $, .STERADIAN. ) SOLID_ANGLE_UNIT ( ) );
#5243 = DIRECTION ( 'NONE',  ( -0.7071067811865505703, 0.000000000000000000, -0.7071067811865444641 ) ) ;
#5244 = COLOUR_RGB ( '',1.000000000000000000, 0.9372549019607843146, 0.1372549019607843257 ) ;
#5245 = EDGE_CURVE ( 'NONE', #40, #6041, #47, .T. ) ;
#5246 = ADVANCED_FACE ( 'NONE', ( #7472 ), #6012, .T. ) ;
#5247 = FACE_OUTER_BOUND ( 'NONE', #722, .T. ) ;
#5248 = EDGE_LOOP ( 'NONE', ( #5251, #1119, #8881, #4133 ) ) ;
#5249 = VERTEX_POINT ( 'NONE', #1668 ) ;
#5250 = FACE_OUTER_BOUND ( 'NONE', #3633, .T. ) ;
#5251 = ORIENTED_EDGE ( 'NONE', *, *, #10283, .F. ) ;
#5252 =( LENGTH_UNIT ( ) NAMED_UNIT ( * ) SI_UNIT ( .MILLI., .METRE. ) );
#5253 = LINE ( 'NONE', #1705, #2022 ) ;
#5254 =( NAMED_UNIT ( * ) SI_UNIT ( $, .STERADIAN. ) SOLID_ANGLE_UNIT ( ) );
#5255 = DIRECTION ( 'NONE',  ( 0.000000000000000000, 1.000000000000000000, 0.000000000000000000 ) ) ;
#5256 = VERTEX_POINT ( 'NONE', #5054 ) ;
#5257 =( NAMED_UNIT ( * ) PLANE_ANGLE_UNIT ( ) SI_UNIT ( $, .RADIAN. ) );
#5258 = AXIS2_PLACEMENT_3D ( 'NONE', #8693, #1020, #3573 ) ;
#5260 = EDGE_CURVE ( 'NONE', #484, #703, #3437, .T. ) ;
#5259 = PLANE ( 'NONE',  #3655 ) ;
#5261 = ORIENTED_EDGE ( 'NONE', *, *, #6213, .T. ) ;
#5262 = DIRECTION ( 'NONE',  ( 0.000000000000000000, 0.000000000000000000, 1.000000000000000000 ) ) ;
#5263 = MECHANICAL_DESIGN_GEOMETRIC_PRESENTATION_REPRESENTATION (  '', ( #10331 ), #11039 ) ;
#5264 = EDGE_CURVE ( 'NONE', #10071, #3370, #10248, .T. ) ;
#5265 = CARTESIAN_POINT ( 'NONE',  ( 0.6500000000000000222, 2.100000000000000089, 8.000000000000000000 ) ) ;
#5266 = VECTOR ( 'NONE', #2948, 1000.000000000000000 ) ;
#5267 = DIRECTION ( 'NONE',  ( 0.000000000000000000, 0.000000000000000000, 1.000000000000000000 ) ) ;
#5268 = FILL_AREA_STYLE_COLOUR ( '', #2826 ) ;
#5269 = LINE ( 'NONE', #1158, #8040 ) ;
#5270 = AXIS2_PLACEMENT_3D ( 'NONE', #9455, #9405, #1723 ) ;
#5271 = UNCERTAINTY_MEASURE_WITH_UNIT (LENGTH_MEASURE( 1.000000000000000082E-05 ), #4464, 'distance_accuracy_value', 'NONE');
#5272 = DIRECTION ( 'NONE',  ( 0.000000000000000000, 0.000000000000000000, -1.000000000000000000 ) ) ;
#5273 =( NAMED_UNIT ( * ) PLANE_ANGLE_UNIT ( ) SI_UNIT ( $, .RADIAN. ) );
#5274 = ORIENTED_EDGE ( 'NONE', *, *, #9734, .T. ) ;
#5275 = FILL_AREA_STYLE ('',( #3612 ) ) ;
#5276 = COLOUR_RGB ( '',0.8313725490196077761, 0.6705882352941175961, 0.1294117647058823373 ) ;
#5277 = SURFACE_STYLE_FILL_AREA ( #8911 ) ;
#5278 = CARTESIAN_POINT ( 'NONE',  ( 0.6499999999999991340, 2.100000000000000089, -6.500000000000005329 ) ) ;
#5279 = PRESENTATION_STYLE_ASSIGNMENT (( #11034 ) ) ;
#5280 = DIRECTION ( 'NONE',  ( -0.7071067811865474617, 0.000000000000000000, -0.7071067811865474617 ) ) ;
#5281 = MECHANICAL_DESIGN_GEOMETRIC_PRESENTATION_REPRESENTATION (  '', ( #2794 ), #6006 ) ;
#5282 = UNCERTAINTY_MEASURE_WITH_UNIT (LENGTH_MEASURE( 1.000000000000000082E-05 ), #1357, 'distance_accuracy_value', 'NONE');
#5283 = VERTEX_POINT ( 'NONE', #9409 ) ;
#5284 = DIRECTION ( 'NONE',  ( 0.000000000000000000, 0.000000000000000000, 1.000000000000000000 ) ) ;
#5285 = UNCERTAINTY_MEASURE_WITH_UNIT (LENGTH_MEASURE( 1.000000000000000082E-05 ), #9066, 'distance_accuracy_value', 'NONE');
#5286 = CARTESIAN_POINT ( 'NONE',  ( -5.229999999999998650, 0.000000000000000000, 0.9700000000000020828 ) ) ;
#5287 = FACE_OUTER_BOUND ( 'NONE', #8703, .T. ) ;
#5288 = VERTEX_POINT ( 'NONE', #4945 ) ;
#5289 =( NAMED_UNIT ( * ) SI_UNIT ( $, .STERADIAN. ) SOLID_ANGLE_UNIT ( ) );
#5290 = EDGE_LOOP ( 'NONE', ( #10949, #1367, #101, #3234 ) ) ;
#5291 = DIRECTION ( 'NONE',  ( 0.7071067811865465735, 0.7071067811865483499, -0.000000000000000000 ) ) ;
#5292 = LINE ( 'NONE', #7658, #4832 ) ;
#5293 = ORIENTED_EDGE ( 'NONE', *, *, #4286, .F. ) ;
#5294 =( LENGTH_UNIT ( ) NAMED_UNIT ( * ) SI_UNIT ( .MILLI., .METRE. ) );
#5295 = ORIENTED_EDGE ( 'NONE', *, *, #8012, .F. ) ;
#5296 = CARTESIAN_POINT ( 'NONE',  ( 6.499999999999999112, 2.600000000000000089, 3.500000000000004885 ) ) ;
#5297 = EDGE_CURVE ( 'NONE', #1201, #10006, #1726, .T. ) ;
#5298 =( NAMED_UNIT ( * ) PLANE_ANGLE_UNIT ( ) SI_UNIT ( $, .RADIAN. ) );
#5299 = SURFACE_STYLE_USAGE ( .BOTH. , #1031 ) ;
#5300 = VECTOR ( 'NONE', #10291, 1000.000000000000000 ) ;
#5301 = ORIENTED_EDGE ( 'NONE', *, *, #6017, .F. ) ;
#5302 = AXIS2_PLACEMENT_3D ( 'NONE', #7223, #1308, #4561 ) ;
#5303 =( NAMED_UNIT ( * ) PLANE_ANGLE_UNIT ( ) SI_UNIT ( $, .RADIAN. ) );
#5304 = ORIENTED_EDGE ( 'NONE', *, *, #447, .F. ) ;
#5305 = FILL_AREA_STYLE ('',( #725 ) ) ;
#5306 = CARTESIAN_POINT ( 'NONE',  ( -6.500000000000000000, 2.600000000000000089, 0.01226741143414006308 ) ) ;
#5307 = FACE_BOUND ( 'NONE', #3738, .T. ) ;
#5308 =( LENGTH_UNIT ( ) NAMED_UNIT ( * ) SI_UNIT ( .MILLI., .METRE. ) );
#5309 = CARTESIAN_POINT ( 'NONE',  ( 3.231990237815519418, 1.600000000000000089, -2.500000000000000888 ) ) ;
#5310 = CARTESIAN_POINT ( 'NONE',  ( 7.213539006508997709, -6.802119386311709093, 2.786460993491007176 ) ) ;
#5311 = FILL_AREA_STYLE_COLOUR ( '', #8648 ) ;
#5312 = EDGE_CURVE ( 'NONE', #8365, #3085, #8398, .T. ) ;
#5313 = PRESENTATION_LAYER_ASSIGNMENT (  '', '', ( #9642 ) ) ;
#5314 = PRESENTATION_LAYER_ASSIGNMENT (  '', '', ( #3543 ) ) ;
#5315 = PRESENTATION_LAYER_ASSIGNMENT (  '', '', ( #10191 ) ) ;
#5316 = FILL_AREA_STYLE ('',( #5371 ) ) ;
#5317 = EDGE_LOOP ( 'NONE', ( #5589, #7631 ) ) ;
#5318 = ORIENTED_EDGE ( 'NONE', *, *, #2113, .F. ) ;
#5319 = DIRECTION ( 'NONE',  ( 0.000000000000000000, 0.000000000000000000, 1.000000000000000000 ) ) ;
#5320 = CARTESIAN_POINT ( 'NONE',  ( 0.6499999999999991340, 2.100000000000000089, -6.500000000000005329 ) ) ;
#5321 = MECHANICAL_DESIGN_GEOMETRIC_PRESENTATION_REPRESENTATION (  '', ( #7851 ), #3190 ) ;
#5322 = ADVANCED_FACE ( 'NONE', ( #6872 ), #8613, .F. ) ;
#5323 = EDGE_CURVE ( 'NONE', #7164, #10114, #5269, .T. ) ;
#5324 = SURFACE_STYLE_USAGE ( .BOTH. , #6869 ) ;
#5325 =( LENGTH_UNIT ( ) NAMED_UNIT ( * ) SI_UNIT ( .MILLI., .METRE. ) );
#5326 = CARTESIAN_POINT ( 'NONE',  ( 2.649999999999999911, 2.100000000000000089, 6.000000000000000000 ) ) ;
#5327 = CARTESIAN_POINT ( 'NONE',  ( 2.000000000000000000, 2.500000000000001332, -11.50000000000000000 ) ) ;
#5328 = CARTESIAN_POINT ( 'NONE',  ( -6.199999999999972644, -2.399999999999999911, 0.2999999999999996003 ) ) ;
#5329 = MECHANICAL_DESIGN_GEOMETRIC_PRESENTATION_REPRESENTATION (  '', ( #10924 ), #178 ) ;
#5330 = VECTOR ( 'NONE', #5561, 1000.000000000000000 ) ;
#5331 = STYLED_ITEM ( 'NONE', ( #9444 ), #4285 ) ;
#5332 = ORIENTED_EDGE ( 'NONE', *, *, #10917, .T. ) ;
#5333 = SURFACE_STYLE_USAGE ( .BOTH. , #1346 ) ;
#5334 = PRESENTATION_STYLE_ASSIGNMENT (( #8973 ) ) ;
#5335 = FACE_OUTER_BOUND ( 'NONE', #8577, .T. ) ;
#5336 = ADVANCED_FACE ( 'NONE', ( #4423 ), #1934, .F. ) ;
#5337 = DIRECTION ( 'NONE',  ( 0.000000000000000000, -1.000000000000000000, 0.000000000000000000 ) ) ;
#5338 = COLOUR_RGB ( '',0.8941176470588234615, 0.9137254901960784048, 0.9294117647058823817 ) ;
#5339 = PRESENTATION_LAYER_ASSIGNMENT (  '', '', ( #1267 ) ) ;
#5340 = DIRECTION ( 'NONE',  ( 0.000000000000000000, 1.000000000000000000, 0.000000000000000000 ) ) ;
#5341 = CARTESIAN_POINT ( 'NONE',  ( 5.229999999999997762, -2.399999999999999911, -0.6099999999999933253 ) ) ;
#5342 = DIRECTION ( 'NONE',  ( -0.000000000000000000, 1.000000000000000000, -0.000000000000000000 ) ) ;
#5343 = CARTESIAN_POINT ( 'NONE',  ( 3.031990237815518796, 1.704120873295593919, 0.9999999999999995559 ) ) ;
#5344 = VERTEX_POINT ( 'NONE', #6975 ) ;
#5345 = SURFACE_STYLE_USAGE ( .BOTH. , #2623 ) ;
#5346 = ORIENTED_EDGE ( 'NONE', *, *, #8287, .F. ) ;
#5347 = FILL_AREA_STYLE_COLOUR ( '', #6732 ) ;
#5348 = DIRECTION ( 'NONE',  ( 0.000000000000000000, 0.000000000000000000, -1.000000000000000000 ) ) ;
#5349 = SURFACE_STYLE_FILL_AREA ( #9767 ) ;
#5350 = CIRCLE ( 'NONE', #207, 0.5000000000000008882 ) ;
#5351 = MECHANICAL_DESIGN_GEOMETRIC_PRESENTATION_REPRESENTATION (  '', ( #2511 ), #10227 ) ;
#5352 = DIRECTION ( 'NONE',  ( -1.000000000000000000, 0.000000000000000000, 0.000000000000000000 ) ) ;
#5353 = LINE ( 'NONE', #9650, #10645 ) ;
#5354 = CARTESIAN_POINT ( 'NONE',  ( -5.229999999999998650, -2.399999999999999911, 3.510000000000002451 ) ) ;
#5355 = LINE ( 'NONE', #9543, #5003 ) ;
#5356 = ORIENTED_EDGE ( 'NONE', *, *, #1225, .F. ) ;
#5357 = VECTOR ( 'NONE', #5140, 1000.000000000000000 ) ;
#5358 = EDGE_LOOP ( 'NONE', ( #2903, #9453, #10051, #130 ) ) ;
#5359 = FILL_AREA_STYLE_COLOUR ( '', #6655 ) ;
#5360 = VERTEX_POINT ( 'NONE', #5446 ) ;
#5361 = EDGE_CURVE ( 'NONE', #5288, #8333, #6117, .T. ) ;
#5362 = VECTOR ( 'NONE', #9371, 1000.000000000000000 ) ;
#5363 = CARTESIAN_POINT ( 'NONE',  ( -1.986111111111112049, 2.550000000000002043, 1.999999999999999556 ) ) ;
#5364 = PLANE ( 'NONE',  #10765 ) ;
#5365 = ORIENTED_EDGE ( 'NONE', *, *, #7268, .F. ) ;
#5366 = FILL_AREA_STYLE ('',( #2801 ) ) ;
#5367 = CARTESIAN_POINT ( 'NONE',  ( 2.144689754873803533, 2.450000000000002398, -2.500000000000000888 ) ) ;
#5368 = DIRECTION ( 'NONE',  ( 0.000000000000000000, 1.000000000000000000, 0.000000000000000000 ) ) ;
#5369 = PRESENTATION_STYLE_ASSIGNMENT (( #4068 ) ) ;
#5370 =( GEOMETRIC_REPRESENTATION_CONTEXT ( 3 ) GLOBAL_UNCERTAINTY_ASSIGNED_CONTEXT ( ( #10250 ) ) GLOBAL_UNIT_ASSIGNED_CONTEXT ( ( #9400, #938, #2442 ) ) REPRESENTATION_CONTEXT ( 'NONE', 'WORKASPACE' ) );
#5371 = FILL_AREA_STYLE_COLOUR ( '', #3647 ) ;
#5372 = VERTEX_POINT ( 'NONE', #5326 ) ;
#5373 = VERTEX_POINT ( 'NONE', #3500 ) ;
#5374 = AXIS2_PLACEMENT_3D ( 'NONE', #7657, #6082, #1064 ) ;
#5375 = SURFACE_STYLE_FILL_AREA ( #10578 ) ;
#5376 = CARTESIAN_POINT ( 'NONE',  ( -1.750000000000000222, 3.400000000000000355, -2.500000000000003997 ) ) ;
#5377 = ORIENTED_EDGE ( 'NONE', *, *, #8411, .F. ) ;
#5378 =( GEOMETRIC_REPRESENTATION_CONTEXT ( 3 ) GLOBAL_UNCERTAINTY_ASSIGNED_CONTEXT ( ( #6402 ) ) GLOBAL_UNIT_ASSIGNED_CONTEXT ( ( #83, #1081, #1756 ) ) REPRESENTATION_CONTEXT ( 'NONE', 'WORKASPACE' ) );
#5379 = STYLED_ITEM ( 'NONE', ( #393 ), #10055 ) ;
#5380 =( NAMED_UNIT ( * ) PLANE_ANGLE_UNIT ( ) SI_UNIT ( $, .RADIAN. ) );
#5381 = CARTESIAN_POINT ( 'NONE',  ( 6.499999999999999112, 2.600000000000000089, 3.500000000000004885 ) ) ;
#5382 = FILL_AREA_STYLE ('',( #6119 ) ) ;
#5383 = UNCERTAINTY_MEASURE_WITH_UNIT (LENGTH_MEASURE( 1.000000000000000082E-05 ), #3572, 'distance_accuracy_value', 'NONE');
#5384 = CARTESIAN_POINT ( 'NONE',  ( 6.200000000000025935, -7.899999999999999467, 1.138066852858539590 ) ) ;
#5385 = PRESENTATION_LAYER_ASSIGNMENT (  '', '', ( #3615 ) ) ;
#5386 = AXIS2_PLACEMENT_3D ( 'NONE', #6681, #6560, #10110 ) ;
#5387 = ADVANCED_FACE ( 'NONE', ( #2817 ), #7917, .F. ) ;
#5388 = ADVANCED_FACE ( 'NONE', ( #1272 ), #2935, .T. ) ;
#5389 = ORIENTED_EDGE ( 'NONE', *, *, #6592, .F. ) ;
#5390 = EDGE_LOOP ( 'NONE', ( #11066, #9548, #1555, #5028 ) ) ;
#5391 = MECHANICAL_DESIGN_GEOMETRIC_PRESENTATION_REPRESENTATION (  '', ( #8469 ), #3801 ) ;
#5392 = VECTOR ( 'NONE', #3908, 1000.000000000000000 ) ;
#5393 = CARTESIAN_POINT ( 'NONE',  ( -3.949999999999998845, 2.100000000000000089, -6.500000000000004441 ) ) ;
#5394 = FILL_AREA_STYLE_COLOUR ( '', #4062 ) ;
#5395 =( LENGTH_UNIT ( ) NAMED_UNIT ( * ) SI_UNIT ( .MILLI., .METRE. ) );
#5396 = CARTESIAN_POINT ( 'NONE',  ( -7.769999999999999574, -2.399999999999999911, 1.569999999999997176 ) ) ;
#5397 = AXIS2_PLACEMENT_3D ( 'NONE', #9031, #4599, #3786 ) ;
#5398 = VECTOR ( 'NONE', #4848, 1000.000000000000000 ) ;
#5399 = DIRECTION ( 'NONE',  ( -1.000000000000000000, -0.000000000000000000, -0.000000000000000000 ) ) ;
#5400 = UNCERTAINTY_MEASURE_WITH_UNIT (LENGTH_MEASURE( 1.000000000000000082E-05 ), #6375, 'distance_accuracy_value', 'NONE');
#5401 = VERTEX_POINT ( 'NONE', #9849 ) ;
#5402 = LINE ( 'NONE', #1009, #10385 ) ;
#5403 =( GEOMETRIC_REPRESENTATION_CONTEXT ( 3 ) GLOBAL_UNCERTAINTY_ASSIGNED_CONTEXT ( ( #3619 ) ) GLOBAL_UNIT_ASSIGNED_CONTEXT ( ( #3360, #7734, #4357 ) ) REPRESENTATION_CONTEXT ( 'NONE', 'WORKASPACE' ) );
#5404 = UNCERTAINTY_MEASURE_WITH_UNIT (LENGTH_MEASURE( 1.000000000000000082E-05 ), #9308, 'distance_accuracy_value', 'NONE');
#5405 = DIRECTION ( 'NONE',  ( -1.000000000000000000, 0.000000000000000000, 0.000000000000000000 ) ) ;
#5406 = PRESENTATION_STYLE_ASSIGNMENT (( #2013 ) ) ;
#5407 = CARTESIAN_POINT ( 'NONE',  ( 6.800000000000025580, -7.899999999999999467, 0.6600000000000048050 ) ) ;
#5408 = EDGE_CURVE ( 'NONE', #9604, #5698, #2111, .T. ) ;
#5409 = ORIENTED_EDGE ( 'NONE', *, *, #11059, .F. ) ;
#5410 = STYLED_ITEM ( 'NONE', ( #9234 ), #8550 ) ;
#5411 = PRESENTATION_LAYER_ASSIGNMENT (  '', '', ( #10822 ) ) ;
#5412 = CARTESIAN_POINT ( 'NONE',  ( -6.499999999999999112, 1.600000000000000089, -2.540000000000000036 ) ) ;
#5413 = EDGE_CURVE ( 'NONE', #2783, #5698, #7405, .T. ) ;
#5414 = VECTOR ( 'NONE', #2499, 1000.000000000000000 ) ;
#5415 = ORIENTED_EDGE ( 'NONE', *, *, #1965, .F. ) ;
#5416 =( NAMED_UNIT ( * ) SI_UNIT ( $, .STERADIAN. ) SOLID_ANGLE_UNIT ( ) );
#5417 =( LENGTH_UNIT ( ) NAMED_UNIT ( * ) SI_UNIT ( .MILLI., .METRE. ) );
#5418 = SURFACE_STYLE_USAGE ( .BOTH. , #1962 ) ;
#5419 =( NAMED_UNIT ( * ) SI_UNIT ( $, .STERADIAN. ) SOLID_ANGLE_UNIT ( ) );
#5420 = VECTOR ( 'NONE', #2699, 1000.000000000000000 ) ;
#5421 = ORIENTED_EDGE ( 'NONE', *, *, #370, .F. ) ;
#5422 =( NAMED_UNIT ( * ) PLANE_ANGLE_UNIT ( ) SI_UNIT ( $, .RADIAN. ) );
#5423 = PLANE ( 'NONE',  #70 ) ;
#5424 = CARTESIAN_POINT ( 'NONE',  ( 6.500000000000000000, 1.600000000000000089, 0.9600000000000047384 ) ) ;
#5425 = COLOUR_RGB ( '',0.8941176470588234615, 0.9137254901960784048, 0.9294117647058823817 ) ;
#5426 = FILL_AREA_STYLE_COLOUR ( '', #1633 ) ;
#5427 = VECTOR ( 'NONE', #6806, 1000.000000000000000 ) ;
#5428 = DIRECTION ( 'NONE',  ( 0.000000000000000000, 0.000000000000000000, -1.000000000000000000 ) ) ;
#5429 = ORIENTED_EDGE ( 'NONE', *, *, #3076, .F. ) ;
#5430 = SURFACE_SIDE_STYLE ('',( #9661 ) ) ;
#5431 = VECTOR ( 'NONE', #7152, 1000.000000000000000 ) ;
#5432 =( NAMED_UNIT ( * ) SI_UNIT ( $, .STERADIAN. ) SOLID_ANGLE_UNIT ( ) );
#5433 = EDGE_LOOP ( 'NONE', ( #8830, #9338, #4101, #5648 ) ) ;
#5434 = LINE ( 'NONE', #4574, #10205 ) ;
#5435 = MECHANICAL_DESIGN_GEOMETRIC_PRESENTATION_REPRESENTATION (  '', ( #9048 ), #7764 ) ;
#5436 = CARTESIAN_POINT ( 'NONE',  ( 7.470000000000001528, -2.399999999999999911, 4.770000000000004903 ) ) ;
#5437 = CARTESIAN_POINT ( 'NONE',  ( -5.529999999999998472, -2.399999999999999911, -3.810000000000000941 ) ) ;
#5438 = EDGE_LOOP ( 'NONE', ( #4916, #7900 ) ) ;
#5439 = EDGE_CURVE ( 'NONE', #7778, #7952, #5499, .T. ) ;
#5440 = EDGE_LOOP ( 'NONE', ( #650, #8757, #7627, #983 ) ) ;
#5441 = LINE ( 'NONE', #2701, #1193 ) ;
#5442 = CARTESIAN_POINT ( 'NONE',  ( 3.949999999999997957, 2.100000000000000089, -6.500000000000005329 ) ) ;
#5443 = CARTESIAN_POINT ( 'NONE',  ( 2.144689754873803533, 2.450000000000002398, -1.000000000000000444 ) ) ;
#5444 = DIRECTION ( 'NONE',  ( -0.000000000000000000, 1.000000000000000000, -0.000000000000000000 ) ) ;
#5445 = SURFACE_STYLE_USAGE ( .BOTH. , #6281 ) ;
#5446 = CARTESIAN_POINT ( 'NONE',  ( 5.229999999999997762, 0.000000000000000000, 4.470000000000006857 ) ) ;
#5447 = SURFACE_STYLE_USAGE ( .BOTH. , #1392 ) ;
#5448 = ADVANCED_FACE ( 'NONE', ( #9896 ), #4767, .T. ) ;
#5449 = ORIENTED_EDGE ( 'NONE', *, *, #5455, .T. ) ;
#5450 = ORIENTED_EDGE ( 'NONE', *, *, #10834, .T. ) ;
#5451 = CARTESIAN_POINT ( 'NONE',  ( 9.499999999999996447, 1.600000000000000089, -9.500000000000000000 ) ) ;
#5452 = PRESENTATION_LAYER_ASSIGNMENT (  '', '', ( #110 ) ) ;
#5453 = FILL_AREA_STYLE_COLOUR ( '', #6014 ) ;
#5454 = CARTESIAN_POINT ( 'NONE',  ( 11.49999999999999645, 0.000000000000000000, -9.499999999999998224 ) ) ;
#5455 = EDGE_CURVE ( 'NONE', #9192, #546, #9177, .T. ) ;
#5456 = ORIENTED_EDGE ( 'NONE', *, *, #3597, .T. ) ;
#5457 = EDGE_CURVE ( 'NONE', #807, #82, #287, .T. ) ;
#5458 = CARTESIAN_POINT ( 'NONE',  ( -3.031990237815517908, 1.704120873295593253, 1.999999999999999556 ) ) ;
#5459 = CARTESIAN_POINT ( 'NONE',  ( 1.986111111111112937, 2.450000000000002398, -1.000000000000000444 ) ) ;
#5460 = DIRECTION ( 'NONE',  ( 0.000000000000000000, -1.000000000000000000, 0.000000000000000000 ) ) ;
#5461 = LINE ( 'NONE', #4545, #3265 ) ;
#5463 = EDGE_CURVE ( 'NONE', #2478, #5401, #4660, .T. ) ;
#5462 = VERTEX_POINT ( 'NONE', #5506 ) ;
#5464 = VECTOR ( 'NONE', #9238, 1000.000000000000114 ) ;
#5465 = ORIENTED_EDGE ( 'NONE', *, *, #2325, .F. ) ;
#5466 = DIRECTION ( 'NONE',  ( 0.000000000000000000, 1.000000000000000000, 0.000000000000000000 ) ) ;
#5467 = SURFACE_STYLE_FILL_AREA ( #10776 ) ;
#5468 = EDGE_CURVE ( 'NONE', #4794, #7181, #8855, .T. ) ;
#5469 = VERTEX_POINT ( 'NONE', #8158 ) ;
#5470 = EDGE_CURVE ( 'NONE', #7269, #10207, #458, .T. ) ;
#5471 = DIRECTION ( 'NONE',  ( -0.7071067811865450192, 0.000000000000000000, 0.7071067811865500152 ) ) ;
#5472 = SURFACE_STYLE_FILL_AREA ( #7283 ) ;
#5473 = ORIENTED_EDGE ( 'NONE', *, *, #4552, .F. ) ;
#5474 = ORIENTED_EDGE ( 'NONE', *, *, #9472, .F. ) ;
#5475 =( NAMED_UNIT ( * ) PLANE_ANGLE_UNIT ( ) SI_UNIT ( $, .RADIAN. ) );
#5476 = FILL_AREA_STYLE_COLOUR ( '', #10621 ) ;
#5477 = CARTESIAN_POINT ( 'NONE',  ( 0.000000000000000000, 0.000000000000000000, 0.000000000000000000 ) ) ;
#5478 = VECTOR ( 'NONE', #1470, 1000.000000000000000 ) ;
#5479 = CARTESIAN_POINT ( 'NONE',  ( -2.144689754873802645, 2.450000000000001954, -1.000000000000000444 ) ) ;
#5480 = CARTESIAN_POINT ( 'NONE',  ( -3.414417399195086217E-15, -7.899999999999999467, 2.361933147141476397 ) ) ;
#5481 = SURFACE_STYLE_USAGE ( .BOTH. , #2094 ) ;
#5482 = EDGE_CURVE ( 'NONE', #7674, #914, #8970, .T. ) ;
#5483 = SURFACE_STYLE_USAGE ( .BOTH. , #1257 ) ;
#5484 = ORIENTED_EDGE ( 'NONE', *, *, #8074, .F. ) ;
#5485 = CARTESIAN_POINT ( 'NONE',  ( 3.949999999999999734, 2.100000000000000089, 8.000000000000000000 ) ) ;
#5486 = DIRECTION ( 'NONE',  ( 0.000000000000000000, 0.000000000000000000, -1.000000000000000000 ) ) ;
#5487 = CARTESIAN_POINT ( 'NONE',  ( 2.649999999999999911, 1.600000000000000089, -4.500000000000003553 ) ) ;
#5488 = PLANE ( 'NONE',  #10848 ) ;
#5489 = ORIENTED_EDGE ( 'NONE', *, *, #6311, .T. ) ;
#5490 = ORIENTED_EDGE ( 'NONE', *, *, #5754, .F. ) ;
#5491 =( GEOMETRIC_REPRESENTATION_CONTEXT ( 3 ) GLOBAL_UNCERTAINTY_ASSIGNED_CONTEXT ( ( #2721 ) ) GLOBAL_UNIT_ASSIGNED_CONTEXT ( ( #8384, #10131, #1656 ) ) REPRESENTATION_CONTEXT ( 'NONE', 'WORKASPACE' ) );
#5492 =( LENGTH_UNIT ( ) NAMED_UNIT ( * ) SI_UNIT ( .MILLI., .METRE. ) );
#5493 = CARTESIAN_POINT ( 'NONE',  ( -3.217674478614652658E-17, -7.899999999999999467, 0.1780668528585338806 ) ) ;
#5494 = DIRECTION ( 'NONE',  ( 1.000000000000000000, 0.000000000000000000, 0.000000000000000000 ) ) ;
#5495 = DIRECTION ( 'NONE',  ( 0.7071067811865444641, 0.000000000000000000, -0.7071067811865505703 ) ) ;
#5496 = AXIS2_PLACEMENT_3D ( 'NONE', #8210, #10929, #3944 ) ;
#5497 = STYLED_ITEM ( 'NONE', ( #2521 ), #4641 ) ;
#5498 = LINE ( 'NONE', #9680, #9297 ) ;
#5499 = LINE ( 'NONE', #7299, #3035 ) ;
#5500 = LINE ( 'NONE', #8964, #5576 ) ;
#5501 = UNCERTAINTY_MEASURE_WITH_UNIT (LENGTH_MEASURE( 1.000000000000000082E-05 ), #6048, 'distance_accuracy_value', 'NONE');
#5502 = FACE_BOUND ( 'NONE', #5880, .T. ) ;
#5503 = ORIENTED_EDGE ( 'NONE', *, *, #3414, .F. ) ;
#5504 = VECTOR ( 'NONE', #8409, 1000.000000000000000 ) ;
#5505 = PRESENTATION_LAYER_ASSIGNMENT (  '', '', ( #4077 ) ) ;
#5506 = CARTESIAN_POINT ( 'NONE',  ( 7.769999999999999574, -2.399999999999999911, -0.009999999999998291506 ) ) ;
#5507 = EDGE_LOOP ( 'NONE', ( #10830, #5429, #1098, #9273 ) ) ;
#5508 = SURFACE_SIDE_STYLE ('',( #2772 ) ) ;
#5509 = FACE_OUTER_BOUND ( 'NONE', #7579, .T. ) ;
#5510 = EDGE_CURVE ( 'NONE', #6459, #5827, #4087, .T. ) ;
#5511 = DIRECTION ( 'NONE',  ( 0.7071067811865511255, 0.000000000000000000, -0.7071067811865440200 ) ) ;
#5512 = UNCERTAINTY_MEASURE_WITH_UNIT (LENGTH_MEASURE( 1.000000000000000082E-05 ), #1939, 'distance_accuracy_value', 'NONE');
#5513 = VERTEX_POINT ( 'NONE', #3053 ) ;
#5514 = DIRECTION ( 'NONE',  ( 5.368498217537952879E-17, -0.8987940462991681478, 0.4383711467890750724 ) ) ;
#5515 = COLOUR_RGB ( '',0.8941176470588234615, 0.9137254901960784048, 0.9294117647058823817 ) ;
#5516 = UNCERTAINTY_MEASURE_WITH_UNIT (LENGTH_MEASURE( 1.000000000000000082E-05 ), #1069, 'distance_accuracy_value', 'NONE');
#5517 = CARTESIAN_POINT ( 'NONE',  ( 3.031990237815518796, 1.704120873295593919, -2.500000000000000888 ) ) ;
#5518 = PRESENTATION_LAYER_ASSIGNMENT (  '', '', ( #8220 ) ) ;
#5519 = CARTESIAN_POINT ( 'NONE',  ( -0.6500000000000000222, 2.100000000000000089, 8.000000000000000000 ) ) ;
#5520 = ORIENTED_EDGE ( 'NONE', *, *, #7167, .T. ) ;
#5521 = DIRECTION ( 'NONE',  ( 1.000000000000000000, -0.000000000000000000, 0.000000000000000000 ) ) ;
#5522 = VERTEX_POINT ( 'NONE', #7983 ) ;
#5523 = SURFACE_STYLE_USAGE ( .BOTH. , #4549 ) ;
#5524 = VECTOR ( 'NONE', #9138, 1000.000000000000000 ) ;
#5525 =( GEOMETRIC_REPRESENTATION_CONTEXT ( 3 ) GLOBAL_UNCERTAINTY_ASSIGNED_CONTEXT ( ( #8920 ) ) GLOBAL_UNIT_ASSIGNED_CONTEXT ( ( #7221, #1967, #4452 ) ) REPRESENTATION_CONTEXT ( 'NONE', 'WORKASPACE' ) );
#5526 = CARTESIAN_POINT ( 'NONE',  ( -1.986111111111112049, 2.450000000000001066, -0.5000000000000004441 ) ) ;
#5527 = FACE_OUTER_BOUND ( 'NONE', #10185, .T. ) ;
#5528 = SURFACE_STYLE_FILL_AREA ( #8875 ) ;
#5529 = ORIENTED_EDGE ( 'NONE', *, *, #5413, .F. ) ;
#5530 = FACE_OUTER_BOUND ( 'NONE', #11070, .T. ) ;
#5531 = VECTOR ( 'NONE', #6911, 1000.000000000000000 ) ;
#5532 = VECTOR ( 'NONE', #9598, 1000.000000000000000 ) ;
#5533 = DIRECTION ( 'NONE',  ( 0.000000000000000000, 1.000000000000000000, 0.000000000000000000 ) ) ;
#5534 = EDGE_CURVE ( 'NONE', #4021, #5947, #3782, .T. ) ;
#5535 = EDGE_CURVE ( 'NONE', #3146, #4742, #10709, .T. ) ;
#5536 = ORIENTED_EDGE ( 'NONE', *, *, #2352, .F. ) ;
#5537 = ORIENTED_EDGE ( 'NONE', *, *, #4140, .F. ) ;
#5538 = SURFACE_SIDE_STYLE ('',( #4804 ) ) ;
#5539 = ORIENTED_EDGE ( 'NONE', *, *, #8651, .F. ) ;
#5540 = STYLED_ITEM ( 'NONE', ( #8946 ), #1595 ) ;
#5541 =( LENGTH_UNIT ( ) NAMED_UNIT ( * ) SI_UNIT ( .MILLI., .METRE. ) );
#5542 =( NAMED_UNIT ( * ) PLANE_ANGLE_UNIT ( ) SI_UNIT ( $, .RADIAN. ) );
#5543 = ORIENTED_EDGE ( 'NONE', *, *, #2961, .F. ) ;
#5544 = SURFACE_STYLE_FILL_AREA ( #10629 ) ;
#5545 = SURFACE_STYLE_FILL_AREA ( #2041 ) ;
#5546 = LINE ( 'NONE', #8142, #6516 ) ;
#5547 = ORIENTED_EDGE ( 'NONE', *, *, #8323, .T. ) ;
#5548 = VERTEX_POINT ( 'NONE', #509 ) ;
#5549 = AXIS2_PLACEMENT_3D ( 'NONE', #1463, #3746, #6315 ) ;
#5550 = EDGE_CURVE ( 'NONE', #4312, #2783, #8908, .T. ) ;
#5551 = LINE ( 'NONE', #2307, #10203 ) ;
#5552 = ORIENTED_EDGE ( 'NONE', *, *, #6639, .F. ) ;
#5553 = SURFACE_STYLE_FILL_AREA ( #8033 ) ;
#5554 = CARTESIAN_POINT ( 'NONE',  ( 5.529999999999995808, -5.992102448427662154, -5.389999999999996128 ) ) ;
#5555 = COLOUR_RGB ( '',1.000000000000000000, 0.9372549019607843146, 0.1372549019607843257 ) ;
#5556 = DIRECTION ( 'NONE',  ( 0.000000000000000000, 0.000000000000000000, 1.000000000000000000 ) ) ;
#5557 = DIRECTION ( 'NONE',  ( -0.000000000000000000, 1.000000000000000000, -0.000000000000000000 ) ) ;
#5558 = DIRECTION ( 'NONE',  ( -0.7071067811865474617, 0.000000000000000000, -0.7071067811865474617 ) ) ;
#5559 = ORIENTED_EDGE ( 'NONE', *, *, #768, .T. ) ;
#5560 = VECTOR ( 'NONE', #3527, 1000.000000000000000 ) ;
#5561 = DIRECTION ( 'NONE',  ( 0.000000000000000000, 0.000000000000000000, 1.000000000000000000 ) ) ;
#5562 = CARTESIAN_POINT ( 'NONE',  ( 2.186111111111113114, 2.550000000000002487, 0.9999999999999995559 ) ) ;
#5563 = CARTESIAN_POINT ( 'NONE',  ( -9.499999999999994671, 1.600000000000000089, -11.49999999999999467 ) ) ;
#5564 = VECTOR ( 'NONE', #7663, 1000.000000000000000 ) ;
#5565 =( NAMED_UNIT ( * ) PLANE_ANGLE_UNIT ( ) SI_UNIT ( $, .RADIAN. ) );
#5566 = DIRECTION ( 'NONE',  ( 0.000000000000000000, 0.000000000000000000, -1.000000000000000000 ) ) ;
#5567 = SURFACE_STYLE_USAGE ( .BOTH. , #2891 ) ;
#5568 = VECTOR ( 'NONE', #3009, 1000.000000000000000 ) ;
#5569 = CARTESIAN_POINT ( 'NONE',  ( 3.231990237815518530, 1.704120873295594141, -2.000000000000000888 ) ) ;
#5570 = EDGE_LOOP ( 'NONE', ( #2494, #2676, #11022, #1522 ) ) ;
#5571 = EDGE_CURVE ( 'NONE', #9604, #6636, #2994, .T. ) ;
#5572 = LINE ( 'NONE', #2178, #9715 ) ;
#5573 =( GEOMETRIC_REPRESENTATION_CONTEXT ( 3 ) GLOBAL_UNCERTAINTY_ASSIGNED_CONTEXT ( ( #1937 ) ) GLOBAL_UNIT_ASSIGNED_CONTEXT ( ( #9921, #3799, #7218 ) ) REPRESENTATION_CONTEXT ( 'NONE', 'WORKASPACE' ) );
#5574 = LINE ( 'NONE', #9765, #10439 ) ;
#5575 =( NAMED_UNIT ( * ) PLANE_ANGLE_UNIT ( ) SI_UNIT ( $, .RADIAN. ) );
#5576 = VECTOR ( 'NONE', #8092, 1000.000000000000000 ) ;
#5577 = DIRECTION ( 'NONE',  ( 0.7071067811865470176, -0.7071067811865479058, 0.000000000000000000 ) ) ;
#5578 = VECTOR ( 'NONE', #5399, 1000.000000000000000 ) ;
#5579 = CARTESIAN_POINT ( 'NONE',  ( 6.200000000000052580, -7.649999999999998579, -1.279999999999995586 ) ) ;
#5580 = CIRCLE ( 'NONE', #790, 0.4999999999999997780 ) ;
#5581 =( NAMED_UNIT ( * ) SI_UNIT ( $, .STERADIAN. ) SOLID_ANGLE_UNIT ( ) );
#5582 =( NAMED_UNIT ( * ) PLANE_ANGLE_UNIT ( ) SI_UNIT ( $, .RADIAN. ) );
#5583 = COLOUR_RGB ( '',1.000000000000000000, 1.000000000000000000, 1.000000000000000000 ) ;
#5584 = AXIS2_PLACEMENT_3D ( 'NONE', #4124, #7547, #11003 ) ;
#5585 = SURFACE_SIDE_STYLE ('',( #5472 ) ) ;
#5586 =( GEOMETRIC_REPRESENTATION_CONTEXT ( 3 ) GLOBAL_UNCERTAINTY_ASSIGNED_CONTEXT ( ( #9694 ) ) GLOBAL_UNIT_ASSIGNED_CONTEXT ( ( #10909, #10219, #9434 ) ) REPRESENTATION_CONTEXT ( 'NONE', 'WORKASPACE' ) );
#5587 = ORIENTED_EDGE ( 'NONE', *, *, #1720, .T. ) ;
#5588 = AXIS2_PLACEMENT_3D ( 'NONE', #1103, #4474, #6283 ) ;
#5589 = ORIENTED_EDGE ( 'NONE', *, *, #9262, .F. ) ;
#5590 =( LENGTH_UNIT ( ) NAMED_UNIT ( * ) SI_UNIT ( .MILLI., .METRE. ) );
#5591 = COLOUR_RGB ( '',0.2980392156862745057, 0.2980392156862745057, 0.2980392156862745057 ) ;
#5592 =( NAMED_UNIT ( * ) SI_UNIT ( $, .STERADIAN. ) SOLID_ANGLE_UNIT ( ) );
#5593 = VECTOR ( 'NONE', #4268, 1000.000000000000000 ) ;
#5594 = ORIENTED_EDGE ( 'NONE', *, *, #9798, .F. ) ;
#5595 = EDGE_CURVE ( 'NONE', #4522, #6614, #8042, .T. ) ;
#5596 = DIRECTION ( 'NONE',  ( 0.000000000000000000, 0.000000000000000000, 1.000000000000000000 ) ) ;
#5597 = COLOUR_RGB ( '',0.8941176470588234615, 0.9137254901960784048, 0.9294117647058823817 ) ;
#5598 = EDGE_CURVE ( 'NONE', #7557, #876, #9854, .T. ) ;
#5599 = CARTESIAN_POINT ( 'NONE',  ( -3.031990237815517908, 1.704120873295593253, -1.000000000000000444 ) ) ;
#5600 = ORIENTED_EDGE ( 'NONE', *, *, #7868, .T. ) ;
#5601 = EDGE_LOOP ( 'NONE', ( #1700, #2879, #6, #10623 ) ) ;
#5602 =( NAMED_UNIT ( * ) PLANE_ANGLE_UNIT ( ) SI_UNIT ( $, .RADIAN. ) );
#5603 = EDGE_LOOP ( 'NONE', ( #10955, #9556, #5239, #2321, #9214, #1537, #11077, #399, #5552, #5931, #6673, #95, #10653, #10243, #11053, #1344, #8297, #7069, #10153, #745 ) ) ;
#5604 = PRESENTATION_STYLE_ASSIGNMENT (( #1269 ) ) ;
#5605 = VECTOR ( 'NONE', #10194, 1000.000000000000000 ) ;
#5606 = COLOUR_RGB ( '',1.000000000000000000, 0.9372549019607843146, 0.1372549019607843257 ) ;
#5607 = EDGE_CURVE ( 'NONE', #10298, #4076, #10655, .T. ) ;
#5608 = SURFACE_STYLE_FILL_AREA ( #6519 ) ;
#5609 = UNCERTAINTY_MEASURE_WITH_UNIT (LENGTH_MEASURE( 1.000000000000000082E-05 ), #6465, 'distance_accuracy_value', 'NONE');
#5610 = AXIS2_PLACEMENT_3D ( 'NONE', #9860, #465, #10884 ) ;
#5611 =( NAMED_UNIT ( * ) PLANE_ANGLE_UNIT ( ) SI_UNIT ( $, .RADIAN. ) );
#5612 = ADVANCED_FACE ( 'NONE', ( #8786 ), #3889, .F. ) ;
#5613 = CARTESIAN_POINT ( 'NONE',  ( 3.031990237815518796, 1.704120873295593919, -0.5000000000000004441 ) ) ;
#5614 = ORIENTED_EDGE ( 'NONE', *, *, #8349, .F. ) ;
#5615 = STYLED_ITEM ( 'NONE', ( #6489 ), #9076 ) ;
#5616 = ORIENTED_EDGE ( 'NONE', *, *, #304, .F. ) ;
#5617 = DIRECTION ( 'NONE',  ( 0.000000000000000000, 0.000000000000000000, -1.000000000000000000 ) ) ;
#5618 = ORIENTED_EDGE ( 'NONE', *, *, #5127, .F. ) ;
#5619 = PRESENTATION_LAYER_ASSIGNMENT (  '', '', ( #7070 ) ) ;
#5620 =( LENGTH_UNIT ( ) NAMED_UNIT ( * ) SI_UNIT ( .MILLI., .METRE. ) );
#5621 = ORIENTED_EDGE ( 'NONE', *, *, #519, .T. ) ;
#5622 = DIRECTION ( 'NONE',  ( -0.000000000000000000, 1.000000000000000000, -0.000000000000000000 ) ) ;
#5623 = UNCERTAINTY_MEASURE_WITH_UNIT (LENGTH_MEASURE( 1.000000000000000082E-05 ), #4338, 'distance_accuracy_value', 'NONE');
#5624 = LINE ( 'NONE', #9964, #4716 ) ;
#5625 = CARTESIAN_POINT ( 'NONE',  ( -2.186111111111112226, 2.550000000000002043, -1.000000000000000444 ) ) ;
#5626 = CARTESIAN_POINT ( 'NONE',  ( -1.986111111111112049, 2.450000000000001066, 0.9999999999999991118 ) ) ;
#5627 = ORIENTED_EDGE ( 'NONE', *, *, #5114, .F. ) ;
#5628 = LINE ( 'NONE', #10608, #9145 ) ;
#5629 = CARTESIAN_POINT ( 'NONE',  ( -2.144689754873802645, 2.450000000000001954, -2.500000000000000888 ) ) ;
#5630 = SURFACE_STYLE_USAGE ( .BOTH. , #765 ) ;
#5631 = CARTESIAN_POINT ( 'NONE',  ( 7.770000000000000462, 0.000000000000000000, 1.930000000000006821 ) ) ;
#5632 = EDGE_LOOP ( 'NONE', ( #1940, #10819, #10658, #4940 ) ) ;
#5633 = FACE_OUTER_BOUND ( 'NONE', #5358, .T. ) ;
#5634 = VERTEX_POINT ( 'NONE', #3268 ) ;
#5635 = CARTESIAN_POINT ( 'NONE',  ( -1.986111111111110272, 2.550000000000001155, -2.500000000000000000 ) ) ;
#5636 = PRESENTATION_STYLE_ASSIGNMENT (( #586 ) ) ;
#5637 = PRESENTATION_STYLE_ASSIGNMENT (( #8937 ) ) ;
#5638 = VERTEX_POINT ( 'NONE', #10927 ) ;
#5639 = ORIENTED_EDGE ( 'NONE', *, *, #6506, .F. ) ;
#5640 = ORIENTED_EDGE ( 'NONE', *, *, #279, .F. ) ;
#5641 = CIRCLE ( 'NONE', #4213, 1.749999999999999778 ) ;
#5642 = ORIENTED_EDGE ( 'NONE', *, *, #8192, .F. ) ;
#5643 = CARTESIAN_POINT ( 'NONE',  ( 6.799999999999999822, -7.649999999999995026, 3.800000000000004707 ) ) ;
#5644 = CARTESIAN_POINT ( 'NONE',  ( -7.769999999999999574, 0.000000000000000000, 3.510000000000003340 ) ) ;
#5645 = EDGE_LOOP ( 'NONE', ( #844, #1227, #3429, #2670 ) ) ;
#5646 = EDGE_CURVE ( 'NONE', #4742, #2384, #3997, .T. ) ;
#5647 = EDGE_CURVE ( 'NONE', #6614, #11072, #3569, .T. ) ;
#5648 = ORIENTED_EDGE ( 'NONE', *, *, #6341, .T. ) ;
#5649 = DIRECTION ( 'NONE',  ( 0.000000000000000000, 0.000000000000000000, 1.000000000000000000 ) ) ;
#5650 = LINE ( 'NONE', #7393, #5968 ) ;
#5651 = CARTESIAN_POINT ( 'NONE',  ( -6.499999999999999112, 2.600000000000000089, 2.527732588565859917 ) ) ;
#5652 = VERTEX_POINT ( 'NONE', #4046 ) ;
#5653 = CARTESIAN_POINT ( 'NONE',  ( 0.000000000000000000, -7.899999999999999467, -4.298066852858528186 ) ) ;
#5654 = PRESENTATION_LAYER_ASSIGNMENT (  '', '', ( #5130 ) ) ;
#5655 = ORIENTED_EDGE ( 'NONE', *, *, #6114, .F. ) ;
#5656 = SURFACE_STYLE_FILL_AREA ( #4580 ) ;
#5657 =( LENGTH_UNIT ( ) NAMED_UNIT ( * ) SI_UNIT ( .MILLI., .METRE. ) );
#5658 = CARTESIAN_POINT ( 'NONE',  ( -7.469999999999997975, -2.399999999999999911, -1.270000000000000684 ) ) ;
#5659 = CARTESIAN_POINT ( 'NONE',  ( -7.469999999999999751, 0.000000000000000000, 3.809999999999999609 ) ) ;
#5660 = CYLINDRICAL_SURFACE ( 'NONE', #5037, 1.749999999999999778 ) ;
#5661 = FACE_OUTER_BOUND ( 'NONE', #4458, .T. ) ;
#5662 = FILL_AREA_STYLE ('',( #9852 ) ) ;
#5663 = ORIENTED_EDGE ( 'NONE', *, *, #2514, .T. ) ;
#5665 = EDGE_CURVE ( 'NONE', #9890, #3070, #8447, .T. ) ;
#5664 = VERTEX_POINT ( 'NONE', #5666 ) ;
#5666 = CARTESIAN_POINT ( 'NONE',  ( -7.469999999999997975, -2.399999999999999911, -1.270000000000000684 ) ) ;
#5667 = ADVANCED_FACE ( 'NONE', ( #8271 ), #618, .T. ) ;
#5668 = ORIENTED_EDGE ( 'NONE', *, *, #10798, .T. ) ;
#5669 =( NAMED_UNIT ( * ) SI_UNIT ( $, .STERADIAN. ) SOLID_ANGLE_UNIT ( ) );
#5670 = AXIS2_PLACEMENT_3D ( 'NONE', #7163, #310, #1243 ) ;
#5671 = DIRECTION ( 'NONE',  ( -1.000000000000000000, 0.000000000000000000, 5.421010862427522170E-17 ) ) ;
#5672 = PLANE ( 'NONE',  #10695 ) ;
#5673 = CARTESIAN_POINT ( 'NONE',  ( -2.186111111111112226, 2.550000000000002043, -2.000000000000000888 ) ) ;
#5674 = CARTESIAN_POINT ( 'NONE',  ( -6.499999999999999112, 2.600000000000000089, 2.540000000000000036 ) ) ;
#5675 = CARTESIAN_POINT ( 'NONE',  ( -5.529999999999998472, -2.399999999999999911, 1.269999999999999352 ) ) ;
#5676 = LINE ( 'NONE', #5738, #5524 ) ;
#5677 = STYLED_ITEM ( 'NONE', ( #4941 ), #707 ) ;
#5678 = LINE ( 'NONE', #9139, #5478 ) ;
#5679 = COLOUR_RGB ( '',1.000000000000000000, 0.9372549019607843146, 0.1372549019607843257 ) ;
#5680 =( GEOMETRIC_REPRESENTATION_CONTEXT ( 3 ) GLOBAL_UNCERTAINTY_ASSIGNED_CONTEXT ( ( #3058 ) ) GLOBAL_UNIT_ASSIGNED_CONTEXT ( ( #5325, #944, #1390 ) ) REPRESENTATION_CONTEXT ( 'NONE', 'WORKASPACE' ) );
#5681 = ORIENTED_EDGE ( 'NONE', *, *, #3486, .T. ) ;
#5682 =( NAMED_UNIT ( * ) PLANE_ANGLE_UNIT ( ) SI_UNIT ( $, .RADIAN. ) );
#5683 = FILL_AREA_STYLE ('',( #1574 ) ) ;
#5684 = PLANE ( 'NONE',  #7258 ) ;
#5685 = PRESENTATION_LAYER_ASSIGNMENT (  '', '', ( #8207 ) ) ;
#5686 =( NAMED_UNIT ( * ) SI_UNIT ( $, .STERADIAN. ) SOLID_ANGLE_UNIT ( ) );
#5687 = ORIENTED_EDGE ( 'NONE', *, *, #5647, .F. ) ;
#5688 = CARTESIAN_POINT ( 'NONE',  ( 5.229999999999997762, 0.000000000000000000, 2.530000000000002469 ) ) ;
#5689 =( NAMED_UNIT ( * ) SI_UNIT ( $, .STERADIAN. ) SOLID_ANGLE_UNIT ( ) );
#5690 = DIRECTION ( 'NONE',  ( 0.000000000000000000, 0.000000000000000000, -1.000000000000000000 ) ) ;
#5691 = DIRECTION ( 'NONE',  ( 0.000000000000000000, -1.000000000000000000, 0.000000000000000000 ) ) ;
#5692 = ORIENTED_EDGE ( 'NONE', *, *, #4842, .F. ) ;
#5693 = STYLED_ITEM ( 'NONE', ( #2982 ), #1038 ) ;
#5694 = PRESENTATION_LAYER_ASSIGNMENT (  '', '', ( #5885 ) ) ;
#5695 =( NAMED_UNIT ( * ) PLANE_ANGLE_UNIT ( ) SI_UNIT ( $, .RADIAN. ) );
#5696 = VECTOR ( 'NONE', #7445, 1000.000000000000000 ) ;
#5697 = ORIENTED_EDGE ( 'NONE', *, *, #4222, .F. ) ;
#5698 = VERTEX_POINT ( 'NONE', #7998 ) ;
#5699 = FACE_OUTER_BOUND ( 'NONE', #4691, .T. ) ;
#5700 = LINE ( 'NONE', #7288, #10279 ) ;
#5701 = PLANE ( 'NONE',  #10045 ) ;
#5702 = VECTOR ( 'NONE', #3774, 1000.000000000000000 ) ;
#5703 =( GEOMETRIC_REPRESENTATION_CONTEXT ( 3 ) GLOBAL_UNCERTAINTY_ASSIGNED_CONTEXT ( ( #4379 ) ) GLOBAL_UNIT_ASSIGNED_CONTEXT ( ( #7088, #2001, #2881 ) ) REPRESENTATION_CONTEXT ( 'NONE', 'WORKASPACE' ) );
#5704 = CARTESIAN_POINT ( 'NONE',  ( 6.499999999999999112, 2.600000000000000089, -1.567732588565855512 ) ) ;
#5705 = LINE ( 'NONE', #8426, #989 ) ;
#5706 = EDGE_LOOP ( 'NONE', ( #4959, #1278, #3906, #6723 ) ) ;
#5707 = PRODUCT_RELATED_PRODUCT_CATEGORY ( 'part', '', ( #9231 ) ) ;
#5708 = EDGE_CURVE ( 'NONE', #7843, #2150, #3899, .T. ) ;
#5709 = VECTOR ( 'NONE', #9335, 1000.000000000000000 ) ;
#5710 = VECTOR ( 'NONE', #4007, 1000.000000000000000 ) ;
#5711 = LINE ( 'NONE', #4706, #4602 ) ;
#5712 = CARTESIAN_POINT ( 'NONE',  ( 7.470000000000000639, -2.399999999999999911, 2.230000000000004867 ) ) ;
#5713 = LINE ( 'NONE', #6573, #1544 ) ;
#5714 = AXIS2_PLACEMENT_3D ( 'NONE', #7009, #8753, #4401 ) ;
#5715 =( NAMED_UNIT ( * ) SI_UNIT ( $, .STERADIAN. ) SOLID_ANGLE_UNIT ( ) );
#5716 = FILL_AREA_STYLE ('',( #3255 ) ) ;
#5717 = SURFACE_SIDE_STYLE ('',( #10001 ) ) ;
#5718 = DIRECTION ( 'NONE',  ( 0.000000000000000000, 1.000000000000000000, -0.000000000000000000 ) ) ;
#5719 = FILL_AREA_STYLE_COLOUR ( '', #10636 ) ;
#5720 = PRESENTATION_LAYER_ASSIGNMENT (  '', '', ( #2517 ) ) ;
#5721 = ORIENTED_EDGE ( 'NONE', *, *, #2132, .F. ) ;
#5722 = PRESENTATION_LAYER_ASSIGNMENT (  '', '', ( #917 ) ) ;
#5723 = DIRECTION ( 'NONE',  ( 0.000000000000000000, -0.4383711467890764601, 0.8987940462991674817 ) ) ;
#5724 = ORIENTED_EDGE ( 'NONE', *, *, #4340, .F. ) ;
#5725 = EDGE_CURVE ( 'NONE', #10447, #7269, #7321, .T. ) ;
#5726 =( NAMED_UNIT ( * ) SI_UNIT ( $, .STERADIAN. ) SOLID_ANGLE_UNIT ( ) );
#5727 = STYLED_ITEM ( 'NONE', ( #5102 ), #2000 ) ;
#5728 = VECTOR ( 'NONE', #996, 1000.000000000000114 ) ;
#5729 = FILL_AREA_STYLE ('',( #1514 ) ) ;
#5730 = PRESENTATION_STYLE_ASSIGNMENT (( #681 ) ) ;
#5731 = SURFACE_SIDE_STYLE ('',( #362 ) ) ;
#5732 = SURFACE_SIDE_STYLE ('',( #10016 ) ) ;
#5733 = CARTESIAN_POINT ( 'NONE',  ( 2.186111111111113114, 2.550000000000002487, 1.999999999999999556 ) ) ;
#5734 = UNCERTAINTY_MEASURE_WITH_UNIT (LENGTH_MEASURE( 1.000000000000000082E-05 ), #10099, 'distance_accuracy_value', 'NONE');
#5735 = EDGE_CURVE ( 'NONE', #807, #1659, #5628, .T. ) ;
#5736 = EDGE_CURVE ( 'NONE', #1309, #7196, #8229, .T. ) ;
#5737 = DIRECTION ( 'NONE',  ( -0.7071067811865505703, 0.000000000000000000, -0.7071067811865444641 ) ) ;
#5738 = CARTESIAN_POINT ( 'NONE',  ( -2.994689754873801846, 1.600000000000000755, -1.000000000000000444 ) ) ;
#5739 = COLOUR_RGB ( '',0.8313725490196077761, 0.6705882352941175961, 0.1294117647058823373 ) ;
#5740 = ORIENTED_EDGE ( 'NONE', *, *, #7339, .T. ) ;
#5741 = AXIS2_PLACEMENT_3D ( 'NONE', #9978, #2290, #9314 ) ;
#5742 = CARTESIAN_POINT ( 'NONE',  ( 5.229999999999997762, -2.399999999999999911, -2.549999999999998046 ) ) ;
#5743 = CARTESIAN_POINT ( 'NONE',  ( -1.750000000000000666, 1.600000000000000533, -2.500000000000003997 ) ) ;
#5744 = DIRECTION ( 'NONE',  ( -0.000000000000000000, 1.000000000000000000, -0.000000000000000000 ) ) ;
#5745 = AXIS2_PLACEMENT_3D ( 'NONE', #8131, #5428, #1371 ) ;
#5746 =( NAMED_UNIT ( * ) PLANE_ANGLE_UNIT ( ) SI_UNIT ( $, .RADIAN. ) );
#5747 = ORIENTED_EDGE ( 'NONE', *, *, #7254, .F. ) ;
#5748 = AXIS2_PLACEMENT_3D ( 'NONE', #6350, #8153, #9952 ) ;
#5749 = UNCERTAINTY_MEASURE_WITH_UNIT (LENGTH_MEASURE( 1.000000000000000082E-05 ), #269, 'distance_accuracy_value', 'NONE');
#5750 = LINE ( 'NONE', #1534, #10746 ) ;
#5751 = ADVANCED_FACE ( 'NONE', ( #2896 ), #2074, .F. ) ;
#5752 = PRESENTATION_STYLE_ASSIGNMENT (( #9257 ) ) ;
#5753 =( NAMED_UNIT ( * ) PLANE_ANGLE_UNIT ( ) SI_UNIT ( $, .RADIAN. ) );
#5754 = EDGE_CURVE ( 'NONE', #3377, #11047, #7931, .T. ) ;
#5755 = VECTOR ( 'NONE', #3559, 1000.000000000000000 ) ;
#5756 = LINE ( 'NONE', #3176, #5362 ) ;
#5757 = MECHANICAL_DESIGN_GEOMETRIC_PRESENTATION_REPRESENTATION (  '', ( #8097 ), #9364 ) ;
#5758 = AXIS2_PLACEMENT_3D ( 'NONE', #10003, #3368, #10178 ) ;
#5759 = VERTEX_POINT ( 'NONE', #4385 ) ;
#5760 = VERTEX_POINT ( 'NONE', #168 ) ;
#5761 = DIRECTION ( 'NONE',  ( 0.000000000000000000, 1.000000000000000000, 0.000000000000000000 ) ) ;
#5762 = CARTESIAN_POINT ( 'NONE',  ( -3.231990237815517641, 1.600000000000000755, -2.500000000000000888 ) ) ;
#5763 = CIRCLE ( 'NONE', #1507, 0.01226741143414006308 ) ;
#5764 = MECHANICAL_DESIGN_GEOMETRIC_PRESENTATION_REPRESENTATION (  '', ( #4327 ), #4682 ) ;
#5765 = PRESENTATION_STYLE_ASSIGNMENT (( #2361 ) ) ;
#5766 = DIRECTION ( 'NONE',  ( 0.000000000000000000, 0.000000000000000000, 1.000000000000000000 ) ) ;
#5767 =( GEOMETRIC_REPRESENTATION_CONTEXT ( 3 ) GLOBAL_UNCERTAINTY_ASSIGNED_CONTEXT ( ( #9032 ) ) GLOBAL_UNIT_ASSIGNED_CONTEXT ( ( #5294, #9532, #8746 ) ) REPRESENTATION_CONTEXT ( 'NONE', 'WORKASPACE' ) );
#5768 = MECHANICAL_DESIGN_GEOMETRIC_PRESENTATION_REPRESENTATION (  '', ( #7563 ), #2029 ) ;
#5769 =( GEOMETRIC_REPRESENTATION_CONTEXT ( 3 ) GLOBAL_UNCERTAINTY_ASSIGNED_CONTEXT ( ( #6415 ) ) GLOBAL_UNIT_ASSIGNED_CONTEXT ( ( #7112, #9593, #6948 ) ) REPRESENTATION_CONTEXT ( 'NONE', 'WORKASPACE' ) );
#5770 = DIRECTION ( 'NONE',  ( -0.2676438637860948377, -0.9635179096299405499, 0.000000000000000000 ) ) ;
#5771 = ORIENTED_EDGE ( 'NONE', *, *, #4429, .F. ) ;
#5772 = SURFACE_SIDE_STYLE ('',( #6793 ) ) ;
#5773 = VECTOR ( 'NONE', #7493, 1000.000000000000000 ) ;
#5774 = ORIENTED_EDGE ( 'NONE', *, *, #8700, .F. ) ;
#5775 = DIRECTION ( 'NONE',  ( -0.000000000000000000, -0.000000000000000000, 1.000000000000000000 ) ) ;
#5776 = STYLED_ITEM ( 'NONE', ( #3220 ), #10641 ) ;
#5777 = STYLED_ITEM ( 'NONE', ( #9524 ), #2616 ) ;
#5778 = FACE_BOUND ( 'NONE', #9781, .T. ) ;
#5779 = MECHANICAL_DESIGN_GEOMETRIC_PRESENTATION_REPRESENTATION (  '', ( #5410 ), #9926 ) ;
#5781 = ADVANCED_FACE ( 'NONE', ( #6986 ), #10431, .F. ) ;
#5780 = FACE_OUTER_BOUND ( 'NONE', #1264, .T. ) ;
#5782 =( LENGTH_UNIT ( ) NAMED_UNIT ( * ) SI_UNIT ( .MILLI., .METRE. ) );
#5783 = VERTEX_POINT ( 'NONE', #817 ) ;
#5784 = SURFACE_STYLE_FILL_AREA ( #10304 ) ;
#5785 = VERTEX_POINT ( 'NONE', #6750 ) ;
#5786 = VECTOR ( 'NONE', #3982, 1000.000000000000000 ) ;
#5787 = ORIENTED_EDGE ( 'NONE', *, *, #10917, .F. ) ;
#5788 = DIRECTION ( 'NONE',  ( 0.000000000000000000, 0.000000000000000000, -1.000000000000000000 ) ) ;
#5789 = STYLED_ITEM ( 'NONE', ( #4815 ), #8878 ) ;
#5790 = ORIENTED_EDGE ( 'NONE', *, *, #3341, .F. ) ;
#5791 = PLANE ( 'NONE',  #624 ) ;
#5792 = CARTESIAN_POINT ( 'NONE',  ( 2.144689754873803533, 2.450000000000002398, -1.000000000000000444 ) ) ;
#5793 = CARTESIAN_POINT ( 'NONE',  ( 6.800000000000025580, -7.899999999999999467, 0.7819331471414698864 ) ) ;
#5794 = EDGE_CURVE ( 'NONE', #4127, #8531, #761, .T. ) ;
#5795 = STYLED_ITEM ( 'NONE', ( #2685 ), #2401 ) ;
#5796 = EDGE_CURVE ( 'NONE', #2190, #1356, #4442, .T. ) ;
#5797 = DIRECTION ( 'NONE',  ( 0.000000000000000000, 0.000000000000000000, 1.000000000000000000 ) ) ;
#5798 = PRESENTATION_LAYER_ASSIGNMENT (  '', '', ( #4009 ) ) ;
#5799 = EDGE_LOOP ( 'NONE', ( #7342, #3877, #4616, #9332 ) ) ;
#5801 =( NAMED_UNIT ( * ) SI_UNIT ( $, .STERADIAN. ) SOLID_ANGLE_UNIT ( ) );
#5800 = DIRECTION ( 'NONE',  ( 0.2676438637860944492, 0.9635179096299407719, -2.901800585692980514E-17 ) ) ;
#5802 = EDGE_CURVE ( 'NONE', #327, #10684, #9275, .T. ) ;
#5803 = DIRECTION ( 'NONE',  ( 0.7071067811865501263, 0.000000000000000000, 0.7071067811865450192 ) ) ;
#5804 = EDGE_CURVE ( 'NONE', #642, #2679, #5994, .T. ) ;
#5805 = PRESENTATION_LAYER_ASSIGNMENT (  '', '', ( #1548 ) ) ;
#5806 = ORIENTED_EDGE ( 'NONE', *, *, #8903, .F. ) ;
#5807 = VERTEX_POINT ( 'NONE', #4032 ) ;
#5808 = SURFACE_STYLE_FILL_AREA ( #9091 ) ;
#5809 = MECHANICAL_DESIGN_GEOMETRIC_PRESENTATION_REPRESENTATION (  '', ( #1552 ), #9588 ) ;
#5810 = ORIENTED_EDGE ( 'NONE', *, *, #776, .F. ) ;
#5811 = PLANE ( 'NONE',  #11061 ) ;
#5812 =( NAMED_UNIT ( * ) SI_UNIT ( $, .STERADIAN. ) SOLID_ANGLE_UNIT ( ) );
#5813 = AXIS2_PLACEMENT_3D ( 'NONE', #4044, #5044, #828 ) ;
#5814 = ORIENTED_EDGE ( 'NONE', *, *, #10221, .T. ) ;
#5815 = EDGE_LOOP ( 'NONE', ( #10977, #5543, #460, #8785 ) ) ;
#5816 = EDGE_CURVE ( 'NONE', #9023, #8531, #9437, .T. ) ;
#5817 = STYLED_ITEM ( 'NONE', ( #10372 ), #3427 ) ;
#5818 = PRESENTATION_STYLE_ASSIGNMENT (( #2464 ) ) ;
#5819 = EDGE_CURVE ( 'NONE', #8245, #8255, #24, .T. ) ;
#5820 = ORIENTED_EDGE ( 'NONE', *, *, #10654, .T. ) ;
#5821 = FACE_OUTER_BOUND ( 'NONE', #5645, .T. ) ;
#5822 = LINE ( 'NONE', #5644, #8788 ) ;
#5823 = ORIENTED_EDGE ( 'NONE', *, *, #6427, .F. ) ;
#5824 = CARTESIAN_POINT ( 'NONE',  ( -5.229999999999998650, -2.399999999999999911, -3.510000000000003340 ) ) ;
#5825 = SURFACE_SIDE_STYLE ('',( #4026 ) ) ;
#5826 = CARTESIAN_POINT ( 'NONE',  ( -1.986111111111112049, 2.450000000000001954, -2.500000000000000888 ) ) ;
#5827 = VERTEX_POINT ( 'NONE', #1645 ) ;
#5828 =( NAMED_UNIT ( * ) SI_UNIT ( $, .STERADIAN. ) SOLID_ANGLE_UNIT ( ) );
#5829 = ORIENTED_EDGE ( 'NONE', *, *, #9451, .T. ) ;
#5830 =( NAMED_UNIT ( * ) SI_UNIT ( $, .STERADIAN. ) SOLID_ANGLE_UNIT ( ) );
#5831 = SURFACE_STYLE_FILL_AREA ( #2369 ) ;
#5832 = EDGE_CURVE ( 'NONE', #10850, #2992, #6847, .T. ) ;
#5833 = SURFACE_SIDE_STYLE ('',( #3094 ) ) ;
#5834 = SURFACE_STYLE_FILL_AREA ( #5716 ) ;
#5835 = CARTESIAN_POINT ( 'NONE',  ( 6.200000000000078337, -2.399999999999999911, -4.419999999999995488 ) ) ;
#5836 = DIRECTION ( 'NONE',  ( 1.000000000000000000, 0.000000000000000000, 1.445602896647339706E-15 ) ) ;
#5837 = CARTESIAN_POINT ( 'NONE',  ( 0.000000000000000000, -7.899999999999999467, 0.000000000000000000 ) ) ;
#5838 = ORIENTED_EDGE ( 'NONE', *, *, #9251, .T. ) ;
#5839 = ORIENTED_EDGE ( 'NONE', *, *, #6873, .F. ) ;
#5841 =( NAMED_UNIT ( * ) SI_UNIT ( $, .STERADIAN. ) SOLID_ANGLE_UNIT ( ) );
#5840 = CARTESIAN_POINT ( 'NONE',  ( -2.994689754873801846, 1.600000000000000755, 2.499999999999999556 ) ) ;
#5842 = DIRECTION ( 'NONE',  ( 1.000000000000000000, 0.000000000000000000, 0.000000000000000000 ) ) ;
#5843 = DIRECTION ( 'NONE',  ( -1.000000000000000000, -0.000000000000000000, -0.000000000000000000 ) ) ;
#5844 = STYLED_ITEM ( 'NONE', ( #75 ), #381 ) ;
#5845 = FILL_AREA_STYLE_COLOUR ( '', #10782 ) ;
#5846 =( LENGTH_UNIT ( ) NAMED_UNIT ( * ) SI_UNIT ( .MILLI., .METRE. ) );
#5847 = SURFACE_STYLE_USAGE ( .BOTH. , #9293 ) ;
#5848 = UNCERTAINTY_MEASURE_WITH_UNIT (LENGTH_MEASURE( 1.000000000000000082E-05 ), #4505, 'distance_accuracy_value', 'NONE');
#5849 = DIRECTION ( 'NONE',  ( 1.000000000000000000, 0.000000000000000000, 0.000000000000000000 ) ) ;
#5850 = EDGE_LOOP ( 'NONE', ( #6111, #4816, #1471, #5520 ) ) ;
#5852 = DIRECTION ( 'NONE',  ( 0.000000000000000000, -1.000000000000000000, 0.000000000000000000 ) ) ;
#5851 = PLANE ( 'NONE',  #5161 ) ;
#5853 = ADVANCED_FACE ( 'NONE', ( #4981 ), #4878, .F. ) ;
#5854 = EDGE_CURVE ( 'NONE', #4445, #975, #6153, .T. ) ;
#5855 = DIRECTION ( 'NONE',  ( 0.000000000000000000, 0.000000000000000000, 1.000000000000000000 ) ) ;
#5856 = DIRECTION ( 'NONE',  ( 0.000000000000000000, -0.000000000000000000, 1.000000000000000000 ) ) ;
#5857 = FACE_OUTER_BOUND ( 'NONE', #8125, .T. ) ;
#5858 = VERTEX_POINT ( 'NONE', #2742 ) ;
#5859 = CYLINDRICAL_SURFACE ( 'NONE', #2302, 1.749999999999999778 ) ;
#5860 = VECTOR ( 'NONE', #6430, 1000.000000000000000 ) ;
#5861 = AXIS2_PLACEMENT_3D ( 'NONE', #6030, #9582, #1743 ) ;
#5862 = STYLED_ITEM ( 'NONE', ( #3747 ), #3892 ) ;
#5863 = FILL_AREA_STYLE_COLOUR ( '', #6852 ) ;
#5864 = VERTEX_POINT ( 'NONE', #1865 ) ;
#5865 = DIRECTION ( 'NONE',  ( 1.000000000000000000, 9.137799966060740935E-16, 0.000000000000000000 ) ) ;
#5866 = PRESENTATION_STYLE_ASSIGNMENT (( #803 ) ) ;
#5867 = DIRECTION ( 'NONE',  ( 1.000000000000000000, -0.000000000000000000, -0.000000000000000000 ) ) ;
#5868 = EDGE_CURVE ( 'NONE', #3504, #2305, #4303, .T. ) ;
#5869 =( GEOMETRIC_REPRESENTATION_CONTEXT ( 3 ) GLOBAL_UNCERTAINTY_ASSIGNED_CONTEXT ( ( #840 ) ) GLOBAL_UNIT_ASSIGNED_CONTEXT ( ( #2347, #6666, #9925 ) ) REPRESENTATION_CONTEXT ( 'NONE', 'WORKASPACE' ) );
#5870 = ORIENTED_EDGE ( 'NONE', *, *, #1266, .F. ) ;
#5871 = AXIS2_PLACEMENT_3D ( 'NONE', #8844, #9068, #9015 ) ;
#5872 =( NAMED_UNIT ( * ) SI_UNIT ( $, .STERADIAN. ) SOLID_ANGLE_UNIT ( ) );
#5873 = CARTESIAN_POINT ( 'NONE',  ( 6.500000000000000000, 2.600000000000000089, 0.9722674114341447460 ) ) ;
#5874 = ORIENTED_EDGE ( 'NONE', *, *, #6031, .T. ) ;
#5875 = LINE ( 'NONE', #9164, #1762 ) ;
#5876 = LINE ( 'NONE', #9322, #10674 ) ;
#5877 = EDGE_CURVE ( 'NONE', #2478, #4127, #5355, .T. ) ;
#5878 = VECTOR ( 'NONE', #8547, 1000.000000000000000 ) ;
#5879 = EDGE_CURVE ( 'NONE', #2960, #1309, #79, .T. ) ;
#5880 = EDGE_LOOP ( 'NONE', ( #10365, #3299, #1914, #9325 ) ) ;
#5881 = DIRECTION ( 'NONE',  ( -0.7071067811865505703, 0.000000000000000000, -0.7071067811865444641 ) ) ;
#5882 = ORIENTED_EDGE ( 'NONE', *, *, #6982, .T. ) ;
#5883 = DIRECTION ( 'NONE',  ( 4.470936793754646013E-16, 0.000000000000000000, 1.000000000000000000 ) ) ;
#5884 = FILL_AREA_STYLE_COLOUR ( '', #7969 ) ;
#5885 = STYLED_ITEM ( 'NONE', ( #8721 ), #5336 ) ;
#5886 = CARTESIAN_POINT ( 'NONE',  ( 1.999999999999999556, 1.600000000000000089, -2.500000000000000444 ) ) ;
#5887 = DIRECTION ( 'NONE',  ( -1.000000000000000000, 0.000000000000000000, -0.000000000000000000 ) ) ;
#5888 = DIRECTION ( 'NONE',  ( 0.000000000000000000, -0.000000000000000000, 1.000000000000000000 ) ) ;
#5889 = SURFACE_SIDE_STYLE ('',( #7513 ) ) ;
#5890 = LINE ( 'NONE', #4888, #6112 ) ;
#5892 = EDGE_CURVE ( 'NONE', #5827, #4532, #1807, .T. ) ;
#5891 =( NAMED_UNIT ( * ) SI_UNIT ( $, .STERADIAN. ) SOLID_ANGLE_UNIT ( ) );
#5893 = ORIENTED_EDGE ( 'NONE', *, *, #444, .T. ) ;
#5894 = COLOUR_RGB ( '',1.000000000000000000, 0.9372549019607843146, 0.1372549019607843257 ) ;
#5895 =( NAMED_UNIT ( * ) PLANE_ANGLE_UNIT ( ) SI_UNIT ( $, .RADIAN. ) );
#5896 = VERTEX_POINT ( 'NONE', #5192 ) ;
#5897 = VERTEX_POINT ( 'NONE', #8650 ) ;
#5898 = DIRECTION ( 'NONE',  ( 0.000000000000000000, -0.000000000000000000, 1.000000000000000000 ) ) ;
#5899 = ORIENTED_EDGE ( 'NONE', *, *, #10834, .F. ) ;
#5900 = CIRCLE ( 'NONE', #7692, 0.01226741143414049676 ) ;
#5901 = STYLED_ITEM ( 'NONE', ( #6823 ), #6152 ) ;
#5902 = PLANE ( 'NONE',  #6080 ) ;
#5903 = CARTESIAN_POINT ( 'NONE',  ( -3.231990237815517641, 1.704120873295593253, 1.999999999999999556 ) ) ;
#5904 = CARTESIAN_POINT ( 'NONE',  ( -8.000000000000007105, 1.600000000000000089, 8.000000000000007105 ) ) ;
#5905 = EDGE_LOOP ( 'NONE', ( #10137, #3826, #7763, #9391 ) ) ;
#5906 = ORIENTED_EDGE ( 'NONE', *, *, #11059, .T. ) ;
#5907 = PRESENTATION_LAYER_ASSIGNMENT (  '', '', ( #4457 ) ) ;
#5908 = CARTESIAN_POINT ( 'NONE',  ( -6.199999999999945999, -2.399999999999999911, -2.240000000000000657 ) ) ;
#5909 = FILL_AREA_STYLE_COLOUR ( '', #273 ) ;
#5910 = PRESENTATION_STYLE_ASSIGNMENT (( #4219 ) ) ;
#5911 =( NAMED_UNIT ( * ) SI_UNIT ( $, .STERADIAN. ) SOLID_ANGLE_UNIT ( ) );
#5912 = AXIS2_PLACEMENT_3D ( 'NONE', #2324, #2220, #4895 ) ;
#5913 = CARTESIAN_POINT ( 'NONE',  ( 0.000000000000000000, 2.100000000000000089, 0.000000000000000000 ) ) ;
#5914 = DIRECTION ( 'NONE',  ( -0.000000000000000000, 0.000000000000000000, -1.000000000000000000 ) ) ;
#5915 = LINE ( 'NONE', #9366, #9912 ) ;
#5916 = EDGE_CURVE ( 'NONE', #82, #2960, #10346, .T. ) ;
#5917 = ORIENTED_EDGE ( 'NONE', *, *, #8136, .F. ) ;
#5918 = PLANE ( 'NONE',  #5861 ) ;
#5919 =( NAMED_UNIT ( * ) PLANE_ANGLE_UNIT ( ) SI_UNIT ( $, .RADIAN. ) );
#5920 = CARTESIAN_POINT ( 'NONE',  ( -9.499999999999994671, 1.600000000000000089, 11.50000000000000533 ) ) ;
#5921 = VECTOR ( 'NONE', #259, 1000.000000000000000 ) ;
#5922 = EDGE_LOOP ( 'NONE', ( #1597, #3408 ) ) ;
#5923 = VECTOR ( 'NONE', #6976, 1000.000000000000227 ) ;
#5924 =( NAMED_UNIT ( * ) PLANE_ANGLE_UNIT ( ) SI_UNIT ( $, .RADIAN. ) );
#5925 = FILL_AREA_STYLE_COLOUR ( '', #6399 ) ;
#5926 =( NAMED_UNIT ( * ) SI_UNIT ( $, .STERADIAN. ) SOLID_ANGLE_UNIT ( ) );
#5927 = SURFACE_STYLE_USAGE ( .BOTH. , #5825 ) ;
#5928 = EDGE_CURVE ( 'NONE', #5096, #4610, #1912, .T. ) ;
#5929 =( GEOMETRIC_REPRESENTATION_CONTEXT ( 3 ) GLOBAL_UNCERTAINTY_ASSIGNED_CONTEXT ( ( #8558 ) ) GLOBAL_UNIT_ASSIGNED_CONTEXT ( ( #6740, #4078, #7610 ) ) REPRESENTATION_CONTEXT ( 'NONE', 'WORKASPACE' ) );
#5930 = LINE ( 'NONE', #7395, #1166 ) ;
#5931 = ORIENTED_EDGE ( 'NONE', *, *, #1398, .T. ) ;
#5932 = CARTESIAN_POINT ( 'NONE',  ( 6.800000000000025580, -2.399999999999999911, 1.260000000000004672 ) ) ;
#5933 = MECHANICAL_DESIGN_GEOMETRIC_PRESENTATION_REPRESENTATION (  '', ( #5727 ), #10086 ) ;
#5934 = VERTEX_POINT ( 'NONE', #4456 ) ;
#5935 = FACE_OUTER_BOUND ( 'NONE', #2831, .T. ) ;
#5936 = DIRECTION ( 'NONE',  ( 0.000000000000000000, -0.4383711467890764046, 0.8987940462991675927 ) ) ;
#5937 = STYLED_ITEM ( 'NONE', ( #8353 ), #8091 ) ;
#5938 = EDGE_LOOP ( 'NONE', ( #6803, #28, #3423, #3824, #6994, #10670, #8535, #5899, #9128, #540, #3052, #339, #8186, #10874, #1816, #3393 ) ) ;
#5939 = ADVANCED_FACE ( 'NONE', ( #5247 ), #1134, .T. ) ;
#5940 = LINE ( 'NONE', #2482, #4992 ) ;
#5941 = EDGE_CURVE ( 'NONE', #4532, #1581, #9153, .T. ) ;
#5942 = STYLED_ITEM ( 'NONE', ( #9150 ), #10265 ) ;
#5943 = CARTESIAN_POINT ( 'NONE',  ( -5.229999999999998650, -2.399999999999999911, 1.569999999999997176 ) ) ;
#5944 = FILL_AREA_STYLE_COLOUR ( '', #8035 ) ;
#5945 = CARTESIAN_POINT ( 'NONE',  ( 3.231990237815518530, 1.704120873295594141, -1.000000000000000444 ) ) ;
#5946 = LINE ( 'NONE', #4253, #5427 ) ;
#5947 = VERTEX_POINT ( 'NONE', #982 ) ;
#5948 = MECHANICAL_DESIGN_GEOMETRIC_PRESENTATION_REPRESENTATION (  '', ( #2027 ), #2205 ) ;
#5949 = COLOUR_RGB ( '',0.2980392156862745057, 0.2980392156862745057, 0.2980392156862745057 ) ;
#5950 = PLANE ( 'NONE',  #2424 ) ;
#5951 = ORIENTED_EDGE ( 'NONE', *, *, #3209, .F. ) ;
#5952 = MECHANICAL_DESIGN_GEOMETRIC_PRESENTATION_REPRESENTATION (  '', ( #4685 ), #3632 ) ;
#5953 = ORIENTED_EDGE ( 'NONE', *, *, #1481, .F. ) ;
#5954 = MECHANICAL_DESIGN_GEOMETRIC_PRESENTATION_REPRESENTATION (  '', ( #8668 ), #455 ) ;
#5955 = ORIENTED_EDGE ( 'NONE', *, *, #3133, .T. ) ;
#5956 = DIRECTION ( 'NONE',  ( 1.000000000000000000, 0.000000000000000000, 0.000000000000000000 ) ) ;
#5957 = EDGE_CURVE ( 'NONE', #2045, #8917, #7797, .T. ) ;
#5958 = PLANE ( 'NONE',  #5270 ) ;
#5959 = AXIS2_PLACEMENT_3D ( 'NONE', #125, #9644, #3687 ) ;
#5960 =( NAMED_UNIT ( * ) SI_UNIT ( $, .STERADIAN. ) SOLID_ANGLE_UNIT ( ) );
#5961 = CARTESIAN_POINT ( 'NONE',  ( 3.231990237815518530, 1.704120873295594141, 0.9999999999999995559 ) ) ;
#5962 = ADVANCED_FACE ( 'NONE', ( #10515 ), #7010, .F. ) ;
#5963 = UNCERTAINTY_MEASURE_WITH_UNIT (LENGTH_MEASURE( 1.000000000000000082E-05 ), #7864, 'distance_accuracy_value', 'NONE');
#5964 = FACE_BOUND ( 'NONE', #677, .T. ) ;
#5965 =( GEOMETRIC_REPRESENTATION_CONTEXT ( 3 ) GLOBAL_UNCERTAINTY_ASSIGNED_CONTEXT ( ( #7426 ) ) GLOBAL_UNIT_ASSIGNED_CONTEXT ( ( #7863, #5380, #4421 ) ) REPRESENTATION_CONTEXT ( 'NONE', 'WORKASPACE' ) );
#5966 = ORIENTED_EDGE ( 'NONE', *, *, #9802, .F. ) ;
#5967 =( NAMED_UNIT ( * ) SI_UNIT ( $, .STERADIAN. ) SOLID_ANGLE_UNIT ( ) );
#5968 = VECTOR ( 'NONE', #8076, 1000.000000000000000 ) ;
#5969 = FACE_OUTER_BOUND ( 'NONE', #8802, .T. ) ;
#5970 = UNCERTAINTY_MEASURE_WITH_UNIT (LENGTH_MEASURE( 1.000000000000000082E-05 ), #11030, 'distance_accuracy_value', 'NONE');
#5971 = FACE_OUTER_BOUND ( 'NONE', #508, .T. ) ;
#5972 =( GEOMETRIC_REPRESENTATION_CONTEXT ( 3 ) GLOBAL_UNCERTAINTY_ASSIGNED_CONTEXT ( ( #957 ) ) GLOBAL_UNIT_ASSIGNED_CONTEXT ( ( #10222, #9166, #9381 ) ) REPRESENTATION_CONTEXT ( 'NONE', 'WORKASPACE' ) );
#5973 = UNCERTAINTY_MEASURE_WITH_UNIT (LENGTH_MEASURE( 1.000000000000000082E-05 ), #9154, 'distance_accuracy_value', 'NONE');
#5974 = PLANE ( 'NONE',  #4347 ) ;
#5975 = DIRECTION ( 'NONE',  ( 1.000000000000000000, 0.000000000000000000, 0.000000000000000000 ) ) ;
#5976 = CARTESIAN_POINT ( 'NONE',  ( 5.601609657144403620, -10.10706432366852070, -5.018390342855670205 ) ) ;
#5977 = VERTEX_POINT ( 'NONE', #8176 ) ;
#5978 = FILL_AREA_STYLE_COLOUR ( '', #6397 ) ;
#5979 = VECTOR ( 'NONE', #2931, 1000.000000000000000 ) ;
#5980 = CARTESIAN_POINT ( 'NONE',  ( -6.499999999999999112, 2.600000000000000089, -2.527732588565859473 ) ) ;
#5981 = PRESENTATION_LAYER_ASSIGNMENT (  '', '', ( #6892 ) ) ;
#5982 = CARTESIAN_POINT ( 'NONE',  ( 7.999999999999992895, 0.000000000000000000, -6.250000000000007105 ) ) ;
#5983 = ORIENTED_EDGE ( 'NONE', *, *, #342, .F. ) ;
#5984 = FILL_AREA_STYLE ('',( #7055 ) ) ;
#5985 = LINE ( 'NONE', #4233, #4692 ) ;
#5986 = EDGE_LOOP ( 'NONE', ( #1929, #4995, #6961, #4774 ) ) ;
#5987 = FACE_OUTER_BOUND ( 'NONE', #10500, .T. ) ;
#5988 = PLANE ( 'NONE',  #10285 ) ;
#5989 = ORIENTED_EDGE ( 'NONE', *, *, #4029, .T. ) ;
#5990 = FACE_OUTER_BOUND ( 'NONE', #9287, .T. ) ;
#5991 = ORIENTED_EDGE ( 'NONE', *, *, #10149, .T. ) ;
#5992 = FILL_AREA_STYLE_COLOUR ( '', #6449 ) ;
#5993 = COLOUR_RGB ( '',0.8941176470588234615, 0.9137254901960784048, 0.9294117647058823817 ) ;
#5994 = LINE ( 'NONE', #7673, #10766 ) ;
#5995 = VERTEX_POINT ( 'NONE', #4747 ) ;
#5996 = VERTEX_POINT ( 'NONE', #532 ) ;
#5997 = ADVANCED_FACE ( 'NONE', ( #8067 ), #8880, .F. ) ;
#5998 = CARTESIAN_POINT ( 'NONE',  ( 6.200000000000025935, -7.649999999999998579, 1.260000000000004672 ) ) ;
#5999 = CARTESIAN_POINT ( 'NONE',  ( -6.799999999999945643, -2.399999999999999911, -2.840000000000000302 ) ) ;
#6000 = ORIENTED_EDGE ( 'NONE', *, *, #9743, .T. ) ;
#6001 = CARTESIAN_POINT ( 'NONE',  ( 6.321933147141545639, -7.899999999999999467, -3.941933147141462257 ) ) ;
#6002 =( LENGTH_UNIT ( ) NAMED_UNIT ( * ) SI_UNIT ( .MILLI., .METRE. ) );
#6003 = ORIENTED_EDGE ( 'NONE', *, *, #355, .F. ) ;
#6004 = STYLED_ITEM ( 'NONE', ( #6060 ), #3620 ) ;
#6005 = SURFACE_SIDE_STYLE ('',( #9449 ) ) ;
#6006 =( GEOMETRIC_REPRESENTATION_CONTEXT ( 3 ) GLOBAL_UNCERTAINTY_ASSIGNED_CONTEXT ( ( #10599 ) ) GLOBAL_UNIT_ASSIGNED_CONTEXT ( ( #5053, #7527, #10881 ) ) REPRESENTATION_CONTEXT ( 'NONE', 'WORKASPACE' ) );
#6007 = ORIENTED_EDGE ( 'NONE', *, *, #3676, .T. ) ;
#6008 = FACE_OUTER_BOUND ( 'NONE', #7169, .T. ) ;
#6009 = PLANE ( 'NONE',  #3868 ) ;
#6010 = DIRECTION ( 'NONE',  ( -1.000000000000000000, 0.000000000000000000, -0.000000000000000000 ) ) ;
#6011 = CARTESIAN_POINT ( 'NONE',  ( 6.500000000000000000, 2.600000000000000089, 0.9600000000000047384 ) ) ;
#6012 = PLANE ( 'NONE',  #1066 ) ;
#6013 = LINE ( 'NONE', #946, #3793 ) ;
#6014 = COLOUR_RGB ( '',1.000000000000000000, 0.9372549019607843146, 0.1372549019607843257 ) ;
#6015 = LINE ( 'NONE', #8345, #7932 ) ;
#6016 = EDGE_CURVE ( 'NONE', #4997, #984, #10889, .T. ) ;
#6017 = EDGE_CURVE ( 'NONE', #3293, #7024, #9300, .T. ) ;
#6018 = VERTEX_POINT ( 'NONE', #3328 ) ;
#6019 = FACE_BOUND ( 'NONE', #5094, .T. ) ;
#6020 = PRESENTATION_LAYER_ASSIGNMENT (  '', '', ( #9799 ) ) ;
#6021 = LINE ( 'NONE', #3388, #5755 ) ;
#6022 = FILL_AREA_STYLE ('',( #6129 ) ) ;
#6023 = CARTESIAN_POINT ( 'NONE',  ( -3.949999999999998845, 2.100000000000000089, -4.500000000000003553 ) ) ;
#6024 = SURFACE_STYLE_USAGE ( .BOTH. , #114 ) ;
#6025 = CARTESIAN_POINT ( 'NONE',  ( 6.678066852858532521, -7.899999999999999467, 0.000000000000000000 ) ) ;
#6026 =( NAMED_UNIT ( * ) PLANE_ANGLE_UNIT ( ) SI_UNIT ( $, .RADIAN. ) );
#6027 = ORIENTED_EDGE ( 'NONE', *, *, #5550, .T. ) ;
#6028 = ORIENTED_EDGE ( 'NONE', *, *, #10958, .F. ) ;
#6029 = VECTOR ( 'NONE', #7125, 1000.000000000000000 ) ;
#6030 = CARTESIAN_POINT ( 'NONE',  ( -2.144689754873802645, 2.450000000000001954, -1.000000000000000444 ) ) ;
#6031 = EDGE_CURVE ( 'NONE', #5462, #1327, #2501, .T. ) ;
#6032 = DIRECTION ( 'NONE',  ( 0.000000000000000000, 0.000000000000000000, 1.000000000000000000 ) ) ;
#6033 = PLANE ( 'NONE',  #1109 ) ;
#6034 = ORIENTED_EDGE ( 'NONE', *, *, #8773, .F. ) ;
#6035 = LINE ( 'NONE', #2729, #8466 ) ;
#6036 = COLOUR_RGB ( '',1.000000000000000000, 0.9372549019607843146, 0.1372549019607843257 ) ;
#6037 = DIRECTION ( 'NONE',  ( -1.000000000000000000, 0.000000000000000000, 2.262682794752357637E-16 ) ) ;
#6038 = CARTESIAN_POINT ( 'NONE',  ( -3.949999999999998845, 2.100000000000000089, -4.500000000000003553 ) ) ;
#6039 =( GEOMETRIC_REPRESENTATION_CONTEXT ( 3 ) GLOBAL_UNCERTAINTY_ASSIGNED_CONTEXT ( ( #2275 ) ) GLOBAL_UNIT_ASSIGNED_CONTEXT ( ( #3518, #6897, #7560 ) ) REPRESENTATION_CONTEXT ( 'NONE', 'WORKASPACE' ) );
#6040 =( LENGTH_UNIT ( ) NAMED_UNIT ( * ) SI_UNIT ( .MILLI., .METRE. ) );
#6041 = VERTEX_POINT ( 'NONE', #2397 ) ;
#6042 = CARTESIAN_POINT ( 'NONE',  ( -2.994689754873801846, 1.600000000000000755, 1.999999999999999556 ) ) ;
#6043 = COLOUR_RGB ( '',0.8941176470588234615, 0.9137254901960784048, 0.9294117647058823817 ) ;
#6044 = STYLED_ITEM ( 'NONE', ( #9458 ), #4071 ) ;
#6045 = DIRECTION ( 'NONE',  ( -0.000000000000000000, -0.000000000000000000, -1.000000000000000000 ) ) ;
#6046 = ORIENTED_EDGE ( 'NONE', *, *, #10104, .F. ) ;
#6047 = DIRECTION ( 'NONE',  ( -1.000000000000000000, 0.000000000000000000, -0.000000000000000000 ) ) ;
#6048 =( LENGTH_UNIT ( ) NAMED_UNIT ( * ) SI_UNIT ( .MILLI., .METRE. ) );
#6049 = VECTOR ( 'NONE', #1618, 1000.000000000000000 ) ;
#6050 = CARTESIAN_POINT ( 'NONE',  ( -6.799999999999972289, -2.399999999999999911, -0.3000000000000003775 ) ) ;
#6051 = VERTEX_POINT ( 'NONE', #1673 ) ;
#6052 = DIRECTION ( 'NONE',  ( -0.000000000000000000, 0.000000000000000000, -1.000000000000000000 ) ) ;
#6053 = STYLED_ITEM ( 'NONE', ( #377 ), #4363 ) ;
#6054 = FILL_AREA_STYLE ('',( #9500 ) ) ;
#6055 = EDGE_CURVE ( 'NONE', #6051, #8433, #3223, .T. ) ;
#6056 = EDGE_CURVE ( 'NONE', #4794, #6623, #1571, .T. ) ;
#6057 = SURFACE_STYLE_FILL_AREA ( #2648 ) ;
#6058 = FILL_AREA_STYLE ('',( #2652 ) ) ;
#6059 =( LENGTH_UNIT ( ) NAMED_UNIT ( * ) SI_UNIT ( .MILLI., .METRE. ) );
#6060 = PRESENTATION_STYLE_ASSIGNMENT (( #5324 ) ) ;
#6061 =( LENGTH_UNIT ( ) NAMED_UNIT ( * ) SI_UNIT ( .MILLI., .METRE. ) );
#6062 = LINE ( 'NONE', #10359, #9474 ) ;
#6063 = SURFACE_STYLE_USAGE ( .BOTH. , #9681 ) ;
#6064 = CARTESIAN_POINT ( 'NONE',  ( 7.999999999999992895, 0.000000000000000000, 6.249999999999993783 ) ) ;
#6065 = UNCERTAINTY_MEASURE_WITH_UNIT (LENGTH_MEASURE( 1.000000000000000082E-05 ), #6222, 'distance_accuracy_value', 'NONE');
#6066 = COLOUR_RGB ( '',1.000000000000000000, 0.9372549019607843146, 0.1372549019607843257 ) ;
#6067 = ORIENTED_EDGE ( 'NONE', *, *, #10096, .T. ) ;
#6068 = PRESENTATION_LAYER_ASSIGNMENT (  '', '', ( #3215 ) ) ;
#6069 = PRESENTATION_LAYER_ASSIGNMENT (  '', '', ( #1274 ) ) ;
#6070 = LINE ( 'NONE', #1834, #6676 ) ;
#6071 = SURFACE_STYLE_USAGE ( .BOTH. , #6882 ) ;
#6072 = FACE_OUTER_BOUND ( 'NONE', #8475, .T. ) ;
#6073 = VECTOR ( 'NONE', #8317, 1000.000000000000000 ) ;
#6074 = EDGE_CURVE ( 'NONE', #8531, #3504, #10026, .T. ) ;
#6075 = UNCERTAINTY_MEASURE_WITH_UNIT (LENGTH_MEASURE( 1.000000000000000082E-05 ), #10287, 'distance_accuracy_value', 'NONE');
#6076 = EDGE_CURVE ( 'NONE', #5864, #1424, #2342, .T. ) ;
#6077 = DIRECTION ( 'NONE',  ( -1.000000000000000000, 0.000000000000000000, 0.000000000000000000 ) ) ;
#6078 = UNCERTAINTY_MEASURE_WITH_UNIT (LENGTH_MEASURE( 1.000000000000000082E-05 ), #1563, 'distance_accuracy_value', 'NONE');
#6079 = VECTOR ( 'NONE', #538, 1000.000000000000000 ) ;
#6080 = AXIS2_PLACEMENT_3D ( 'NONE', #2271, #1617, #7356 ) ;
#6081 = MECHANICAL_DESIGN_GEOMETRIC_PRESENTATION_REPRESENTATION (  '', ( #4117 ), #8615 ) ;
#6082 = DIRECTION ( 'NONE',  ( 1.000000000000000000, 0.000000000000000000, -4.336808689942017736E-16 ) ) ;
#6083 = PRESENTATION_STYLE_ASSIGNMENT (( #5237 ) ) ;
#6084 = CARTESIAN_POINT ( 'NONE',  ( -3.949999999999998845, 2.100000000000000089, -4.500000000000003553 ) ) ;
#6085 = LINE ( 'NONE', #9641, #7786 ) ;
#6086 = STYLED_ITEM ( 'NONE', ( #6083 ), #6565 ) ;
#6087 = PLANE ( 'NONE',  #954 ) ;
#6088 = EDGE_CURVE ( 'NONE', #1250, #7016, #4058, .T. ) ;
#6089 =( NAMED_UNIT ( * ) SI_UNIT ( $, .STERADIAN. ) SOLID_ANGLE_UNIT ( ) );
#6090 = VERTEX_POINT ( 'NONE', #5742 ) ;
#6091 = CARTESIAN_POINT ( 'NONE',  ( 1.986111111111112937, 2.550000000000002487, 1.999999999999999556 ) ) ;
#6092 = DIRECTION ( 'NONE',  ( 0.000000000000000000, 1.000000000000000000, 0.000000000000000000 ) ) ;
#6093 = EDGE_CURVE ( 'NONE', #7600, #876, #9246, .T. ) ;
#6094 = SURFACE_STYLE_USAGE ( .BOTH. , #134 ) ;
#6095 = DIRECTION ( 'NONE',  ( 1.000000000000000000, 0.000000000000000000, 0.000000000000000000 ) ) ;
#6096 = ORIENTED_EDGE ( 'NONE', *, *, #5323, .F. ) ;
#6097 = ORIENTED_EDGE ( 'NONE', *, *, #4785, .F. ) ;
#6098 = LINE ( 'NONE', #200, #8848 ) ;
#6099 = FILL_AREA_STYLE_COLOUR ( '', #3387 ) ;
#6100 = MECHANICAL_DESIGN_GEOMETRIC_PRESENTATION_REPRESENTATION (  '', ( #3600 ), #4481 ) ;
#6101 =( NAMED_UNIT ( * ) PLANE_ANGLE_UNIT ( ) SI_UNIT ( $, .RADIAN. ) );
#6102 = EDGE_LOOP ( 'NONE', ( #2942, #8171, #5503, #11011 ) ) ;
#6103 = CARTESIAN_POINT ( 'NONE',  ( -1.212034383954155858, -0.3366762177650429733, -1.000000000000000888 ) ) ;
#6104 = LINE ( 'NONE', #1873, #6289 ) ;
#6105 = LINE ( 'NONE', #8714, #3710 ) ;
#6106 = LINE ( 'NONE', #932, #640 ) ;
#6107 = ORIENTED_EDGE ( 'NONE', *, *, #3974, .F. ) ;
#6108 = PLANE ( 'NONE',  #6542 ) ;
#6109 = VECTOR ( 'NONE', #6182, 1000.000000000000000 ) ;
#6110 = EDGE_LOOP ( 'NONE', ( #5724, #1786, #3319, #10176 ) ) ;
#6111 = ORIENTED_EDGE ( 'NONE', *, *, #7791, .F. ) ;
#6112 = VECTOR ( 'NONE', #10975, 1000.000000000000000 ) ;
#6113 = LINE ( 'NONE', #5265, #4074 ) ;
#6114 = EDGE_CURVE ( 'NONE', #7196, #82, #735, .T. ) ;
#6115 = SURFACE_SIDE_STYLE ('',( #6925 ) ) ;
#6116 = CARTESIAN_POINT ( 'NONE',  ( -6.799999999999945643, -7.899999999999999467, -2.840000000000000302 ) ) ;
#6117 = LINE ( 'NONE', #945, #3743 ) ;
#6118 = PRESENTATION_LAYER_ASSIGNMENT (  '', '', ( #10267 ) ) ;
#6119 = FILL_AREA_STYLE_COLOUR ( '', #9895 ) ;
#6120 = LINE ( 'NONE', #5384, #7569 ) ;
#6121 = DIRECTION ( 'NONE',  ( 1.000000000000000000, 0.000000000000000000, -0.000000000000000000 ) ) ;
#6122 = AXIS2_PLACEMENT_3D ( 'NONE', #10619, #3749, #480 ) ;
#6123 = ORIENTED_EDGE ( 'NONE', *, *, #7519, .F. ) ;
#6125 = LINE ( 'NONE', #1943, #7474 ) ;
#6124 = CARTESIAN_POINT ( 'NONE',  ( -3.031990237815517908, 1.704120873295593253, -0.5000000000000004441 ) ) ;
#6126 = AXIS2_PLACEMENT_3D ( 'NONE', #8483, #10112, #1588 ) ;
#6127 = DIRECTION ( 'NONE',  ( -0.000000000000000000, 1.000000000000000000, -0.000000000000000000 ) ) ;
#6128 = EDGE_CURVE ( 'NONE', #10538, #8335, #1632, .T. ) ;
#6129 = FILL_AREA_STYLE_COLOUR ( '', #6171 ) ;
#6130 = ADVANCED_FACE ( 'NONE', ( #687 ), #5851, .T. ) ;
#6131 = ORIENTED_EDGE ( 'NONE', *, *, #7056, .F. ) ;
#6132 = DIRECTION ( 'NONE',  ( -1.000000000000000000, -0.000000000000000000, -0.000000000000000000 ) ) ;
#6133 = PRESENTATION_STYLE_ASSIGNMENT (( #298 ) ) ;
#6134 =( NAMED_UNIT ( * ) PLANE_ANGLE_UNIT ( ) SI_UNIT ( $, .RADIAN. ) );
#6135 = CARTESIAN_POINT ( 'NONE',  ( -8.000000000000007105, 0.000000000000000000, 9.750000000000007105 ) ) ;
#6136 = EDGE_CURVE ( 'NONE', #10981, #4510, #9414, .T. ) ;
#6137 = AXIS2_PLACEMENT_3D ( 'NONE', #10800, #10744, #9780 ) ;
#6138 = DIRECTION ( 'NONE',  ( -0.000000000000000000, 1.000000000000000000, -0.000000000000000000 ) ) ;
#6139 =( NAMED_UNIT ( * ) PLANE_ANGLE_UNIT ( ) SI_UNIT ( $, .RADIAN. ) );
#6140 = VECTOR ( 'NONE', #10637, 1000.000000000000000 ) ;
#6141 = FACE_OUTER_BOUND ( 'NONE', #8626, .T. ) ;
#6142 = FACE_OUTER_BOUND ( 'NONE', #4721, .T. ) ;
#6143 =( NAMED_UNIT ( * ) PLANE_ANGLE_UNIT ( ) SI_UNIT ( $, .RADIAN. ) );
#6144 = SURFACE_SIDE_STYLE ('',( #5349 ) ) ;
#6145 = ORIENTED_EDGE ( 'NONE', *, *, #2379, .T. ) ;
#6146 = LINE ( 'NONE', #2026, #4259 ) ;
#6147 = VECTOR ( 'NONE', #4438, 1000.000000000000000 ) ;
#6148 = SURFACE_STYLE_USAGE ( .BOTH. , #2849 ) ;
#6149 = FACE_OUTER_BOUND ( 'NONE', #5986, .T. ) ;
#6150 = MECHANICAL_DESIGN_GEOMETRIC_PRESENTATION_REPRESENTATION (  '', ( #2943 ), #10675 ) ;
#6151 = DIRECTION ( 'NONE',  ( -0.7071067811865443531, 0.000000000000000000, -0.7071067811865506814 ) ) ;
#6152 = ADVANCED_FACE ( 'NONE', ( #7700, #9572, #7765, #6019 ), #1833, .T. ) ;
#6153 = LINE ( 'NONE', #4353, #10402 ) ;
#6154 = EDGE_CURVE ( 'NONE', #5125, #4629, #1890, .T. ) ;
#6155 = ORIENTED_EDGE ( 'NONE', *, *, #715, .T. ) ;
#6156 = AXIS2_PLACEMENT_3D ( 'NONE', #5320, #10581, #2051 ) ;
#6157 = DIRECTION ( 'NONE',  ( 0.000000000000000000, 0.000000000000000000, -1.000000000000000000 ) ) ;
#6158 = PRESENTATION_STYLE_ASSIGNMENT (( #3650 ) ) ;
#6159 =( LENGTH_UNIT ( ) NAMED_UNIT ( * ) SI_UNIT ( .MILLI., .METRE. ) );
#6160 = DIRECTION ( 'NONE',  ( -1.084202172485504040E-15, 1.000000000000000000, 0.000000000000000000 ) ) ;
#6161 = FACE_OUTER_BOUND ( 'NONE', #4558, .T. ) ;
#6162 = DIRECTION ( 'NONE',  ( 0.7071067811865475727, 0.000000000000000000, -0.7071067811865475727 ) ) ;
#6163 = CARTESIAN_POINT ( 'NONE',  ( 2.144689754873803533, 2.450000000000002398, 1.999999999999999556 ) ) ;
#6164 = MECHANICAL_DESIGN_GEOMETRIC_PRESENTATION_REPRESENTATION (  '', ( #4734 ), #4527 ) ;
#6165 = SURFACE_STYLE_USAGE ( .BOTH. , #94 ) ;
#6166 = VERTEX_POINT ( 'NONE', #6124 ) ;
#6167 = ADVANCED_FACE ( 'NONE', ( #8565 ), #5902, .F. ) ;
#6168 = SURFACE_SIDE_STYLE ('',( #3542 ) ) ;
#6169 = ORIENTED_EDGE ( 'NONE', *, *, #857, .T. ) ;
#6170 = DIRECTION ( 'NONE',  ( 0.000000000000000000, 0.000000000000000000, 1.000000000000000000 ) ) ;
#6171 = COLOUR_RGB ( '',0.8941176470588234615, 0.9137254901960784048, 0.9294117647058823817 ) ;
#6172 = PRESENTATION_STYLE_ASSIGNMENT (( #1000 ) ) ;
#6173 = LINE ( 'NONE', #4422, #6599 ) ;
#6174 =( NAMED_UNIT ( * ) SI_UNIT ( $, .STERADIAN. ) SOLID_ANGLE_UNIT ( ) );
#6175 = CARTESIAN_POINT ( 'NONE',  ( 7.770000000000000462, 0.000000000000000000, 4.470000000000006857 ) ) ;
#6176 = UNCERTAINTY_MEASURE_WITH_UNIT (LENGTH_MEASURE( 1.000000000000000082E-05 ), #10912, 'distance_accuracy_value', 'NONE');
#6177 = DIRECTION ( 'NONE',  ( 0.000000000000000000, 0.000000000000000000, 1.000000000000000000 ) ) ;
#6178 = ORIENTED_EDGE ( 'NONE', *, *, #10673, .F. ) ;
#6179 = SURFACE_SIDE_STYLE ('',( #5159 ) ) ;
#6180 = COLOUR_RGB ( '',1.000000000000000000, 0.9372549019607843146, 0.1372549019607843257 ) ;
#6181 =( LENGTH_UNIT ( ) NAMED_UNIT ( * ) SI_UNIT ( .MILLI., .METRE. ) );
#6182 = DIRECTION ( 'NONE',  ( 0.000000000000000000, 0.000000000000000000, -1.000000000000000000 ) ) ;
#6183 = DIRECTION ( 'NONE',  ( -0.7071067811865462405, -0.7071067811865489050, 0.000000000000000000 ) ) ;
#6184 = SURFACE_STYLE_USAGE ( .BOTH. , #4432 ) ;
#6185 = CARTESIAN_POINT ( 'NONE',  ( -6.499999999999999112, 2.600000000000000089, 2.540000000000000036 ) ) ;
#6186 = UNCERTAINTY_MEASURE_WITH_UNIT (LENGTH_MEASURE( 1.000000000000000082E-05 ), #3426, 'distance_accuracy_value', 'NONE');
#6187 = FACE_OUTER_BOUND ( 'NONE', #5799, .T. ) ;
#6188 = UNCERTAINTY_MEASURE_WITH_UNIT (LENGTH_MEASURE( 1.000000000000000082E-05 ), #6590, 'distance_accuracy_value', 'NONE');
#6189 = DIRECTION ( 'NONE',  ( -0.000000000000000000, -0.000000000000000000, -1.000000000000000000 ) ) ;
#6190 = FILL_AREA_STYLE ('',( #2014 ) ) ;
#6191 = DIRECTION ( 'NONE',  ( -0.7071067811865463515, 0.7071067811865487940, 0.000000000000000000 ) ) ;
#6192 = VERTEX_POINT ( 'NONE', #4158 ) ;
#6193 = ADVANCED_FACE ( 'NONE', ( #727 ), #3999, .F. ) ;
#6194 = VECTOR ( 'NONE', #7605, 1000.000000000000114 ) ;
#6195 = PRESENTATION_STYLE_ASSIGNMENT (( #6997 ) ) ;
#6196 = VERTEX_POINT ( 'NONE', #7755 ) ;
#6197 = DIRECTION ( 'NONE',  ( 0.000000000000000000, 0.000000000000000000, -1.000000000000000000 ) ) ;
#6198 =( NAMED_UNIT ( * ) PLANE_ANGLE_UNIT ( ) SI_UNIT ( $, .RADIAN. ) );
#6199 = ORIENTED_EDGE ( 'NONE', *, *, #9955, .T. ) ;
#6200 = FILL_AREA_STYLE_COLOUR ( '', #3356 ) ;
#6201 = ORIENTED_EDGE ( 'NONE', *, *, #8998, .F. ) ;
#6202 =( LENGTH_UNIT ( ) NAMED_UNIT ( * ) SI_UNIT ( .MILLI., .METRE. ) );
#6203 = CARTESIAN_POINT ( 'NONE',  ( 1.212034383954153416, -0.3366762177650429733, 2.000000000000000000 ) ) ;
#6204 =( NAMED_UNIT ( * ) SI_UNIT ( $, .STERADIAN. ) SOLID_ANGLE_UNIT ( ) );
#6205 = DIRECTION ( 'NONE',  ( -0.000000000000000000, 1.000000000000000000, -0.000000000000000000 ) ) ;
#6206 = ORIENTED_EDGE ( 'NONE', *, *, #7089, .F. ) ;
#6207 = CARTESIAN_POINT ( 'NONE',  ( -5.529999999999998472, -2.399999999999999911, -1.270000000000000684 ) ) ;
#6208 = DIRECTION ( 'NONE',  ( 0.7071067811865501263, 0.000000000000000000, 0.7071067811865450192 ) ) ;
#6209 = DIRECTION ( 'NONE',  ( -0.7071067811865463515, 0.7071067811865487940, 0.000000000000000000 ) ) ;
#6210 = SURFACE_SIDE_STYLE ('',( #8947 ) ) ;
#6211 = SURFACE_STYLE_USAGE ( .BOTH. , #10633 ) ;
#6212 = ORIENTED_EDGE ( 'NONE', *, *, #9889, .T. ) ;
#6213 = EDGE_CURVE ( 'NONE', #847, #807, #2545, .T. ) ;
#6214 = ADVANCED_FACE ( 'NONE', ( #3603 ), #883, .F. ) ;
#6215 = CARTESIAN_POINT ( 'NONE',  ( -6.499999999999999112, 1.600000000000000089, -3.039999999999998259 ) ) ;
#6216 = MECHANICAL_DESIGN_GEOMETRIC_PRESENTATION_REPRESENTATION (  '', ( #3543 ), #6406 ) ;
#6217 = DIRECTION ( 'NONE',  ( 0.000000000000000000, -0.000000000000000000, 1.000000000000000000 ) ) ;
#6218 = PRESENTATION_LAYER_ASSIGNMENT (  '', '', ( #1425 ) ) ;
#6219 = PRESENTATION_LAYER_ASSIGNMENT (  '', '', ( #352 ) ) ;
#6220 = ORIENTED_EDGE ( 'NONE', *, *, #6830, .F. ) ;
#6221 = ORIENTED_EDGE ( 'NONE', *, *, #5408, .T. ) ;
#6222 =( LENGTH_UNIT ( ) NAMED_UNIT ( * ) SI_UNIT ( .MILLI., .METRE. ) );
#6223 = EDGE_LOOP ( 'NONE', ( #113, #9224 ) ) ;
#6224 = AXIS2_PLACEMENT_3D ( 'NONE', #796, #10260, #848 ) ;
#6225 = VECTOR ( 'NONE', #1001, 1000.000000000000000 ) ;
#6226 = PLANE ( 'NONE',  #1345 ) ;
#6227 = SURFACE_STYLE_USAGE ( .BOTH. , #8037 ) ;
#6228 = SURFACE_STYLE_FILL_AREA ( #7083 ) ;
#6229 = EDGE_CURVE ( 'NONE', #4172, #9163, #9679, .T. ) ;
#6230 = CARTESIAN_POINT ( 'NONE',  ( 2.994689754873803622, 1.600000000000001421, -2.500000000000000888 ) ) ;
#6231 = LINE ( 'NONE', #9568, #343 ) ;
#6232 = CIRCLE ( 'NONE', #1789, 0.01226741143414006308 ) ;
#6233 = VECTOR ( 'NONE', #3724, 1000.000000000000000 ) ;
#6234 = STYLED_ITEM ( 'NONE', ( #8502 ), #4207 ) ;
#6235 = ORIENTED_EDGE ( 'NONE', *, *, #6657, .T. ) ;
#6236 = DIRECTION ( 'NONE',  ( 0.000000000000000000, 0.000000000000000000, -1.000000000000000000 ) ) ;
#6237 = CARTESIAN_POINT ( 'NONE',  ( 0.6499999999999991340, 1.600000000000000089, -6.500000000000005329 ) ) ;
#6238 = PRESENTATION_LAYER_ASSIGNMENT (  '', '', ( #4086 ) ) ;
#6239 = AXIS2_PLACEMENT_3D ( 'NONE', #4193, #3251, #5881 ) ;
#6240 = LINE ( 'NONE', #4725, #9547 ) ;
#6241 = ORIENTED_EDGE ( 'NONE', *, *, #2421, .F. ) ;
#6242 =( LENGTH_UNIT ( ) NAMED_UNIT ( * ) SI_UNIT ( .MILLI., .METRE. ) );
#6243 = CARTESIAN_POINT ( 'NONE',  ( -6.199999999999945999, -2.399999999999999911, -2.840000000000000302 ) ) ;
#6244 = SURFACE_STYLE_USAGE ( .BOTH. , #9700 ) ;
#6245 = ORIENTED_EDGE ( 'NONE', *, *, #4418, .T. ) ;
#6246 =( GEOMETRIC_REPRESENTATION_CONTEXT ( 3 ) GLOBAL_UNCERTAINTY_ASSIGNED_CONTEXT ( ( #5285 ) ) GLOBAL_UNIT_ASSIGNED_CONTEXT ( ( #9066, #6515, #7136 ) ) REPRESENTATION_CONTEXT ( 'NONE', 'WORKASPACE' ) );
#6247 = AXIS2_PLACEMENT_3D ( 'NONE', #10427, #7036, #1787 ) ;
#6248 = CARTESIAN_POINT ( 'NONE',  ( 6.321933147141466591, -7.899999999999999467, 3.678066852858537850 ) ) ;
#6249 = LINE ( 'NONE', #2731, #1722 ) ;
#6250 = FILL_AREA_STYLE ('',( #5121 ) ) ;
#6251 = FILL_AREA_STYLE ('',( #307 ) ) ;
#6252 = FACE_OUTER_BOUND ( 'NONE', #3539, .T. ) ;
#6253 = VERTEX_POINT ( 'NONE', #4713 ) ;
#6254 = ADVANCED_FACE ( 'NONE', ( #10062 ), #8199, .F. ) ;
#6255 = VECTOR ( 'NONE', #1639, 1000.000000000000000 ) ;
#6256 = COLOUR_RGB ( '',1.000000000000000000, 0.9372549019607843146, 0.1372549019607843257 ) ;
#6257 = EDGE_LOOP ( 'NONE', ( #4269, #9936, #2968, #5115 ) ) ;
#6258 = FACE_OUTER_BOUND ( 'NONE', #3659, .T. ) ;
#6259 = DIRECTION ( 'NONE',  ( -0.7071067811865479058, -0.7071067811865471286, 0.000000000000000000 ) ) ;
#6260 = VECTOR ( 'NONE', #10614, 999.9999999999998863 ) ;
#6261 = ORIENTED_EDGE ( 'NONE', *, *, #6727, .F. ) ;
#6262 = ORIENTED_EDGE ( 'NONE', *, *, #8120, .T. ) ;
#6263 = CARTESIAN_POINT ( 'NONE',  ( 2.649999999999999023, 2.100000000000000089, -6.500000000000004441 ) ) ;
#6264 = VERTEX_POINT ( 'NONE', #7852 ) ;
#6265 = EDGE_CURVE ( 'NONE', #2204, #1005, #8500, .T. ) ;
#6266 = LINE ( 'NONE', #4573, #8999 ) ;
#6267 = PRESENTATION_STYLE_ASSIGNMENT (( #10525 ) ) ;
#6268 = SURFACE_SIDE_STYLE ('',( #8237 ) ) ;
#6269 = VECTOR ( 'NONE', #8194, 1000.000000000000000 ) ;
#6270 = CARTESIAN_POINT ( 'NONE',  ( -0.6500000000000000222, 1.600000000000000089, 8.000000000000000000 ) ) ;
#6271 = LINE ( 'NONE', #5599, #1872 ) ;
#6272 = EDGE_LOOP ( 'NONE', ( #2125, #6145, #2234, #7488 ) ) ;
#6273 = VERTEX_POINT ( 'NONE', #927 ) ;
#6274 =( LENGTH_UNIT ( ) NAMED_UNIT ( * ) SI_UNIT ( .MILLI., .METRE. ) );
#6275 = EDGE_CURVE ( 'NONE', #8544, #3964, #7680, .T. ) ;
#6276 = CARTESIAN_POINT ( 'NONE',  ( 0.000000000000000000, -7.899999999999999467, 0.000000000000000000 ) ) ;
#6278 = EDGE_CURVE ( 'NONE', #6287, #7982, #2696, .T. ) ;
#6277 =( NAMED_UNIT ( * ) PLANE_ANGLE_UNIT ( ) SI_UNIT ( $, .RADIAN. ) );
#6279 = VERTEX_POINT ( 'NONE', #3422 ) ;
#6280 =( GEOMETRIC_REPRESENTATION_CONTEXT ( 3 ) GLOBAL_UNCERTAINTY_ASSIGNED_CONTEXT ( ( #5383 ) ) GLOBAL_UNIT_ASSIGNED_CONTEXT ( ( #3572, #7717, #8636 ) ) REPRESENTATION_CONTEXT ( 'NONE', 'WORKASPACE' ) );
#6281 = SURFACE_SIDE_STYLE ('',( #1334 ) ) ;
#6282 = PRESENTATION_LAYER_ASSIGNMENT (  '', '', ( #8082 ) ) ;
#6283 = DIRECTION ( 'NONE',  ( -0.7071067811865485719, 0.000000000000000000, 0.7071067811865465735 ) ) ;
#6284 = ADVANCED_BREP_SHAPE_REPRESENTATION ( 'MagneticEncoder_AS5600', ( #7714, #1849 ), #5403 ) ;
#6285 = UNCERTAINTY_MEASURE_WITH_UNIT (LENGTH_MEASURE( 1.000000000000000082E-05 ), #1488, 'distance_accuracy_value', 'NONE');
#6286 = DIRECTION ( 'NONE',  ( 0.000000000000000000, 0.000000000000000000, 1.000000000000000000 ) ) ;
#6287 = VERTEX_POINT ( 'NONE', #9443 ) ;
#6288 = STYLED_ITEM ( 'NONE', ( #8133 ), #10978 ) ;
#6289 = VECTOR ( 'NONE', #8713, 1000.000000000000114 ) ;
#6290 = EDGE_CURVE ( 'NONE', #7462, #3869, #2532, .T. ) ;
#6291 = SURFACE_STYLE_FILL_AREA ( #9026 ) ;
#6292 = EDGE_CURVE ( 'NONE', #2357, #7318, #6853, .T. ) ;
#6293 = ORIENTED_EDGE ( 'NONE', *, *, #4398, .F. ) ;
#6294 = DIRECTION ( 'NONE',  ( -0.4014883995042269893, 0.8231732078530420438, -0.4014883995042279885 ) ) ;
#6295 = CARTESIAN_POINT ( 'NONE',  ( -1.212034383954155858, -0.3366762177650429733, 2.499999999999999556 ) ) ;
#6296 = EDGE_CURVE ( 'NONE', #10107, #2357, #7740, .T. ) ;
#6297 = AXIS2_PLACEMENT_3D ( 'NONE', #4170, #5011, #5855 ) ;
#6298 = CARTESIAN_POINT ( 'NONE',  ( 7.769999999999998685, -2.399999999999999911, -5.089999999999998082 ) ) ;
#6299 = UNCERTAINTY_MEASURE_WITH_UNIT (LENGTH_MEASURE( 1.000000000000000082E-05 ), #8503, 'distance_accuracy_value', 'NONE');
#6300 = EDGE_LOOP ( 'NONE', ( #5529, #1716, #8430, #6221 ) ) ;
#6301 = LINE ( 'NONE', #7877, #6962 ) ;
#6302 = AXIS2_PLACEMENT_3D ( 'NONE', #4859, #3232, #9207 ) ;
#6303 = UNCERTAINTY_MEASURE_WITH_UNIT (LENGTH_MEASURE( 1.000000000000000082E-05 ), #1336, 'distance_accuracy_value', 'NONE');
#6304 = DIRECTION ( 'NONE',  ( 0.000000000000000000, 0.000000000000000000, 1.000000000000000000 ) ) ;
#6305 = STYLED_ITEM ( 'NONE', ( #3335 ), #2535 ) ;
#6306 = FILL_AREA_STYLE ('',( #2890 ) ) ;
#6307 = DIRECTION ( 'NONE',  ( 1.000000000000000000, -0.000000000000000000, -0.000000000000000000 ) ) ;
#6308 = EDGE_LOOP ( 'NONE', ( #3962, #998, #6919, #2463, #5681, #10507, #2854, #2913, #9600, #4460, #10505, #2102, #2114, #8051, #4979, #7656, #9829, #6323, #6581, #5210 ) ) ;
#6309 = VECTOR ( 'NONE', #6286, 1000.000000000000000 ) ;
#6310 = MECHANICAL_DESIGN_GEOMETRIC_PRESENTATION_REPRESENTATION (  '', ( #10822 ), #2725 ) ;
#6311 = EDGE_CURVE ( 'NONE', #9962, #8603, #9390, .T. ) ;
#6312 = ORIENTED_EDGE ( 'NONE', *, *, #5868, .T. ) ;
#6313 = PLANE ( 'NONE',  #10268 ) ;
#6314 = DIRECTION ( 'NONE',  ( 0.7071067811865485719, 0.000000000000000000, -0.7071067811865465735 ) ) ;
#6315 = DIRECTION ( 'NONE',  ( -1.000000000000000000, 0.000000000000000000, 0.000000000000000000 ) ) ;
#6316 = ORIENTED_EDGE ( 'NONE', *, *, #9488, .F. ) ;
#6317 = DIRECTION ( 'NONE',  ( -1.000000000000000000, 0.000000000000000000, 0.000000000000000000 ) ) ;
#6318 = COLOUR_RGB ( '',0.8941176470588234615, 0.9137254901960784048, 0.9294117647058823817 ) ;
#6319 = AXIS2_PLACEMENT_3D ( 'NONE', #10046, #5761, #9215 ) ;
#6320 =( NAMED_UNIT ( * ) SI_UNIT ( $, .STERADIAN. ) SOLID_ANGLE_UNIT ( ) );
#6321 = CARTESIAN_POINT ( 'NONE',  ( -6.500000000000000000, 1.600000000000000089, 0.4999999999999982792 ) ) ;
#6322 = CARTESIAN_POINT ( 'NONE',  ( -2.186111111111112226, 2.550000000000002043, -2.500000000000000888 ) ) ;
#6323 = ORIENTED_EDGE ( 'NONE', *, *, #8862, .T. ) ;
#6324 = ORIENTED_EDGE ( 'NONE', *, *, #7881, .T. ) ;
#6325 = SURFACE_STYLE_USAGE ( .BOTH. , #3754 ) ;
#6326 =( LENGTH_UNIT ( ) NAMED_UNIT ( * ) SI_UNIT ( .MILLI., .METRE. ) );
#6327 = ORIENTED_EDGE ( 'NONE', *, *, #4565, .F. ) ;
#6328 = CARTESIAN_POINT ( 'NONE',  ( -6.199999999999999289, -2.399999999999999911, 2.240000000000000657 ) ) ;
#6329 = MECHANICAL_DESIGN_GEOMETRIC_PRESENTATION_REPRESENTATION (  '', ( #7398 ), #10672 ) ;
#6330 = FACE_OUTER_BOUND ( 'NONE', #3127, .T. ) ;
#6331 = ORIENTED_EDGE ( 'NONE', *, *, #8138, .T. ) ;
#6332 = FACE_OUTER_BOUND ( 'NONE', #8418, .T. ) ;
#6333 =( LENGTH_UNIT ( ) NAMED_UNIT ( * ) SI_UNIT ( .MILLI., .METRE. ) );
#6334 = LINE ( 'NONE', #6505, #8915 ) ;
#6335 = DIRECTION ( 'NONE',  ( 1.000000000000000000, -0.000000000000000000, -0.000000000000000000 ) ) ;
#6336 = VERTEX_POINT ( 'NONE', #5201 ) ;
#6337 = ORIENTED_EDGE ( 'NONE', *, *, #3055, .T. ) ;
#6338 = SURFACE_STYLE_FILL_AREA ( #547 ) ;
#6339 = STYLED_ITEM ( 'NONE', ( #4883 ), #3032 ) ;
#6340 = EDGE_CURVE ( 'NONE', #7890, #1089, #2592, .T. ) ;
#6341 = EDGE_CURVE ( 'NONE', #7117, #2780, #10406, .T. ) ;
#6342 =( NAMED_UNIT ( * ) PLANE_ANGLE_UNIT ( ) SI_UNIT ( $, .RADIAN. ) );
#6343 = AXIS2_PLACEMENT_3D ( 'NONE', #3102, #5723, #504 ) ;
#6344 = CARTESIAN_POINT ( 'NONE',  ( 6.800000000000078870, -7.649999999999995026, -4.419999999999995488 ) ) ;
#6345 = CARTESIAN_POINT ( 'NONE',  ( -2.649999999999995914, 2.100000000000000089, 6.000000000000000000 ) ) ;
#6346 = PRESENTATION_STYLE_ASSIGNMENT (( #8087 ) ) ;
#6347 =( NAMED_UNIT ( * ) PLANE_ANGLE_UNIT ( ) SI_UNIT ( $, .RADIAN. ) );
#6348 = STYLED_ITEM ( 'NONE', ( #1960 ), #3264 ) ;
#6349 = CARTESIAN_POINT ( 'NONE',  ( 0.000000000000000000, -7.899999999999999467, -1.758066852858530371 ) ) ;
#6350 = CARTESIAN_POINT ( 'NONE',  ( 1.986111111111112937, 2.450000000000002398, 0.4999999999999995559 ) ) ;
#6351 = ORIENTED_EDGE ( 'NONE', *, *, #9817, .F. ) ;
#6352 = PRESENTATION_STYLE_ASSIGNMENT (( #5333 ) ) ;
#6353 = VERTEX_POINT ( 'NONE', #7804 ) ;
#6354 = CARTESIAN_POINT ( 'NONE',  ( -6.199999999999972644, -7.899999999999999467, 0.2999999999999996003 ) ) ;
#6355 = SURFACE_STYLE_USAGE ( .BOTH. , #4663 ) ;
#6356 = COLOUR_RGB ( '',0.8313725490196077761, 0.6705882352941175961, 0.1294117647058823373 ) ;
#6357 =( NAMED_UNIT ( * ) SI_UNIT ( $, .STERADIAN. ) SOLID_ANGLE_UNIT ( ) );
#6358 = CARTESIAN_POINT ( 'NONE',  ( 3.231990237815518530, 1.704120873295594141, -2.500000000000000888 ) ) ;
#6359 = ORIENTED_EDGE ( 'NONE', *, *, #1800, .F. ) ;
#6361 = ADVANCED_FACE ( 'NONE', ( #144 ), #2485, .T. ) ;
#6360 = SURFACE_STYLE_FILL_AREA ( #976 ) ;
#6362 = LINE ( 'NONE', #5517, #5431 ) ;
#6363 = EDGE_CURVE ( 'NONE', #1600, #4172, #6802, .T. ) ;
#6364 = CARTESIAN_POINT ( 'NONE',  ( 7.999999999999992895, 0.000000000000000000, -6.250000000000007105 ) ) ;
#6365 = PLANE ( 'NONE',  #3562 ) ;
#6366 = ORIENTED_EDGE ( 'NONE', *, *, #3000, .T. ) ;
#6367 = ORIENTED_EDGE ( 'NONE', *, *, #1919, .T. ) ;
#6368 = DIRECTION ( 'NONE',  ( 0.000000000000000000, 0.000000000000000000, 1.000000000000000000 ) ) ;
#6369 = ORIENTED_EDGE ( 'NONE', *, *, #818, .F. ) ;
#6370 = FILL_AREA_STYLE_COLOUR ( '', #8395 ) ;
#6371 = ORIENTED_EDGE ( 'NONE', *, *, #7813, .T. ) ;
#6372 = EDGE_CURVE ( 'NONE', #7567, #933, #10467, .T. ) ;
#6373 = SURFACE_STYLE_FILL_AREA ( #2906 ) ;
#6374 = FILL_AREA_STYLE ('',( #3750 ) ) ;
#6375 =( LENGTH_UNIT ( ) NAMED_UNIT ( * ) SI_UNIT ( .MILLI., .METRE. ) );
#6376 = SURFACE_SIDE_STYLE ('',( #4801 ) ) ;
#6377 = VERTEX_POINT ( 'NONE', #5309 ) ;
#6378 = ORIENTED_EDGE ( 'NONE', *, *, #4236, .F. ) ;
#6379 = ORIENTED_EDGE ( 'NONE', *, *, #3224, .T. ) ;
#6380 = COLOUR_RGB ( '',0.2980392156862745057, 0.2980392156862745057, 0.2980392156862745057 ) ;
#6381 = PRESENTATION_STYLE_ASSIGNMENT (( #2144 ) ) ;
#6382 = CARTESIAN_POINT ( 'NONE',  ( 3.949999999999999734, 2.100000000000000089, 8.000000000000000000 ) ) ;
#6383 = EDGE_LOOP ( 'NONE', ( #2177, #690, #2251, #1253 ) ) ;
#6385 = UNCERTAINTY_MEASURE_WITH_UNIT (LENGTH_MEASURE( 1.000000000000000082E-05 ), #9737, 'distance_accuracy_value', 'NONE');
#6384 = SURFACE_SIDE_STYLE ('',( #7123 ) ) ;
#6386 = LINE ( 'NONE', #8078, #3157 ) ;
#6387 = DIRECTION ( 'NONE',  ( 0.000000000000000000, 0.000000000000000000, 1.000000000000000000 ) ) ;
#6388 = ORIENTED_EDGE ( 'NONE', *, *, #7881, .F. ) ;
#6389 = ORIENTED_EDGE ( 'NONE', *, *, #6093, .F. ) ;
#6390 = MECHANICAL_DESIGN_GEOMETRIC_PRESENTATION_REPRESENTATION (  '', ( #3165 ), #9456 ) ;
#6391 = PLANE ( 'NONE',  #3960 ) ;
#6392 = ORIENTED_EDGE ( 'NONE', *, *, #5735, .T. ) ;
#6393 = SURFACE_STYLE_FILL_AREA ( #1994 ) ;
#6394 = DIRECTION ( 'NONE',  ( -0.000000000000000000, 1.000000000000000000, -0.000000000000000000 ) ) ;
#6395 = COLOUR_RGB ( '',1.000000000000000000, 0.9372549019607843146, 0.1372549019607843257 ) ;
#6396 = COLOUR_RGB ( '',0.8313725490196077761, 0.6705882352941175961, 0.1294117647058823373 ) ;
#6397 = COLOUR_RGB ( '',0.8941176470588234615, 0.9137254901960784048, 0.9294117647058823817 ) ;
#6398 = FILL_AREA_STYLE_COLOUR ( '', #7306 ) ;
#6399 = COLOUR_RGB ( '',1.000000000000000000, 0.9372549019607843146, 0.1372549019607843257 ) ;
#6401 = EDGE_CURVE ( 'NONE', #703, #1235, #10523, .T. ) ;
#6400 =( NAMED_UNIT ( * ) PLANE_ANGLE_UNIT ( ) SI_UNIT ( $, .RADIAN. ) );
#6402 = UNCERTAINTY_MEASURE_WITH_UNIT (LENGTH_MEASURE( 1.000000000000000082E-05 ), #83, 'distance_accuracy_value', 'NONE');
#6403 = PLANE ( 'NONE',  #10729 ) ;
#6404 = LINE ( 'NONE', #2163, #3855 ) ;
#6405 = ORIENTED_EDGE ( 'NONE', *, *, #366, .F. ) ;
#6406 =( GEOMETRIC_REPRESENTATION_CONTEXT ( 3 ) GLOBAL_UNCERTAINTY_ASSIGNED_CONTEXT ( ( #947 ) ) GLOBAL_UNIT_ASSIGNED_CONTEXT ( ( #3018, #1412, #10840 ) ) REPRESENTATION_CONTEXT ( 'NONE', 'WORKASPACE' ) );
#6407 = ORIENTED_EDGE ( 'NONE', *, *, #7776, .F. ) ;
#6408 = CARTESIAN_POINT ( 'NONE',  ( 6.200000000000052580, -7.899999999999999467, -1.279999999999995586 ) ) ;
#6409 = EDGE_LOOP ( 'NONE', ( #7463, #5474, #3136, #9047 ) ) ;
#6410 = LINE ( 'NONE', #510, #8286 ) ;
#6411 = CARTESIAN_POINT ( 'NONE',  ( -11.49999999999999645, 1.600000000000000089, 11.50000000000000533 ) ) ;
#6412 = CARTESIAN_POINT ( 'NONE',  ( -7.769999999999999574, 0.000000000000000000, 0.9700000000000029710 ) ) ;
#6413 = UNCERTAINTY_MEASURE_WITH_UNIT (LENGTH_MEASURE( 1.000000000000000082E-05 ), #2987, 'distance_accuracy_value', 'NONE');
#6414 = AXIS2_PLACEMENT_3D ( 'NONE', #2124, #8866, #8110 ) ;
#6415 = UNCERTAINTY_MEASURE_WITH_UNIT (LENGTH_MEASURE( 1.000000000000000082E-05 ), #7112, 'distance_accuracy_value', 'NONE');
#6416 = MECHANICAL_DESIGN_GEOMETRIC_PRESENTATION_REPRESENTATION (  '', ( #543 ), #4426 ) ;
#6417 = DIRECTION ( 'NONE',  ( 0.000000000000000000, 0.000000000000000000, 1.000000000000000000 ) ) ;
#6418 =( GEOMETRIC_REPRESENTATION_CONTEXT ( 3 ) GLOBAL_UNCERTAINTY_ASSIGNED_CONTEXT ( ( #2833 ) ) GLOBAL_UNIT_ASSIGNED_CONTEXT ( ( #3534, #5257, #2697 ) ) REPRESENTATION_CONTEXT ( 'NONE', 'WORKASPACE' ) );
#6419 = PLANE ( 'NONE',  #6414 ) ;
#6420 = LINE ( 'NONE', #8983, #148 ) ;
#6421 = ORIENTED_EDGE ( 'NONE', *, *, #6912, .F. ) ;
#6422 = DIRECTION ( 'NONE',  ( -1.000000000000000000, -0.000000000000000000, -0.000000000000000000 ) ) ;
#6423 = DIRECTION ( 'NONE',  ( -1.000000000000000000, 0.000000000000000000, 4.470936793754646013E-16 ) ) ;
#6424 = EDGE_CURVE ( 'NONE', #439, #7660, #4793, .T. ) ;
#6425 = FACE_OUTER_BOUND ( 'NONE', #9945, .T. ) ;
#6426 = CARTESIAN_POINT ( 'NONE',  ( 5.529999999999995808, 0.000000000000000000, 4.770000000000004903 ) ) ;
#6427 = EDGE_CURVE ( 'NONE', #2840, #2554, #1087, .T. ) ;
#6428 = ADVANCED_FACE ( 'NONE', ( #6332 ), #8829, .T. ) ;
#6429 = ORIENTED_EDGE ( 'NONE', *, *, #10009, .F. ) ;
#6430 = DIRECTION ( 'NONE',  ( -1.000000000000000000, -1.084202172485504040E-15, 0.000000000000000000 ) ) ;
#6431 = COLOUR_RGB ( '',0.2980392156862745057, 0.2980392156862745057, 0.2980392156862745057 ) ;
#6432 = DIRECTION ( 'NONE',  ( -0.000000000000000000, 0.000000000000000000, -1.000000000000000000 ) ) ;
#6433 = EDGE_LOOP ( 'NONE', ( #987, #1198, #6582, #8954 ) ) ;
#6434 = ORIENTED_EDGE ( 'NONE', *, *, #1044, .T. ) ;
#6435 = ORIENTED_EDGE ( 'NONE', *, *, #3114, .T. ) ;
#6436 =( NAMED_UNIT ( * ) SI_UNIT ( $, .STERADIAN. ) SOLID_ANGLE_UNIT ( ) );
#6437 = EDGE_CURVE ( 'NONE', #1457, #7536, #6266, .T. ) ;
#6438 = ORIENTED_EDGE ( 'NONE', *, *, #4643, .T. ) ;
#6439 = VECTOR ( 'NONE', #10113, 1000.000000000000227 ) ;
#6440 = VECTOR ( 'NONE', #2452, 1000.000000000000000 ) ;
#6441 = DIRECTION ( 'NONE',  ( 4.336808689942017736E-16, 0.000000000000000000, -1.000000000000000000 ) ) ;
#6442 = EDGE_LOOP ( 'NONE', ( #3713, #1987 ) ) ;
#6443 = ADVANCED_FACE ( 'NONE', ( #2921 ), #2096, .F. ) ;
#6444 = CARTESIAN_POINT ( 'NONE',  ( -6.199999999999945999, -7.899999999999999467, -2.840000000000000302 ) ) ;
#6445 = LINE ( 'NONE', #5437, #7057 ) ;
#6446 = VERTEX_POINT ( 'NONE', #1796 ) ;
#6447 = VECTOR ( 'NONE', #1654, 1000.000000000000000 ) ;
#6448 = LINE ( 'NONE', #3768, #7508 ) ;
#6449 = COLOUR_RGB ( '',1.000000000000000000, 0.9372549019607843146, 0.1372549019607843257 ) ;
#6450 = PLANE ( 'NONE',  #4975 ) ;
#6451 = CARTESIAN_POINT ( 'NONE',  ( 1.749999999999999778, 3.400000000000000355, 0.000000000000000000 ) ) ;
#6452 = VERTEX_POINT ( 'NONE', #5920 ) ;
#6453 = FACE_OUTER_BOUND ( 'NONE', #4045, .T. ) ;
#6454 = PRESENTATION_STYLE_ASSIGNMENT (( #5445 ) ) ;
#6455 = MECHANICAL_DESIGN_GEOMETRIC_PRESENTATION_REPRESENTATION (  '', ( #8068 ), #5014 ) ;
#6456 = DIRECTION ( 'NONE',  ( 1.000000000000000000, 0.000000000000000000, -1.084202172485504434E-16 ) ) ;
#6457 = CARTESIAN_POINT ( 'NONE',  ( -6.799999999999998934, -7.649999999999995026, 2.239999999999999769 ) ) ;
#6458 = LINE ( 'NONE', #1504, #2995 ) ;
#6459 = VERTEX_POINT ( 'NONE', #1745 ) ;
#6460 = VERTEX_POINT ( 'NONE', #4392 ) ;
#6461 =( GEOMETRIC_REPRESENTATION_CONTEXT ( 3 ) GLOBAL_UNCERTAINTY_ASSIGNED_CONTEXT ( ( #7865 ) ) GLOBAL_UNIT_ASSIGNED_CONTEXT ( ( #9011, #6342, #9995 ) ) REPRESENTATION_CONTEXT ( 'NONE', 'WORKASPACE' ) );
#6462 = DIRECTION ( 'NONE',  ( -0.7071067811865506814, 0.000000000000000000, 0.7071067811865443531 ) ) ;
#6463 = ORIENTED_EDGE ( 'NONE', *, *, #7113, .T. ) ;
#6464 = CARTESIAN_POINT ( 'NONE',  ( -6.499999999999999112, 2.600000000000000089, -2.540000000000000036 ) ) ;
#6465 =( LENGTH_UNIT ( ) NAMED_UNIT ( * ) SI_UNIT ( .MILLI., .METRE. ) );
#6466 = EDGE_LOOP ( 'NONE', ( #1852, #8103, #9843, #7435, #9093, #10375, #8268, #9733, #827, #4939, #275, #9423, #3842, #4260, #8984, #2776 ) ) ;
#6467 = LINE ( 'NONE', #2223, #10008 ) ;
#6468 = STYLED_ITEM ( 'NONE', ( #7286 ), #6954 ) ;
#6469 =( NAMED_UNIT ( * ) PLANE_ANGLE_UNIT ( ) SI_UNIT ( $, .RADIAN. ) );
#6470 = FILL_AREA_STYLE_COLOUR ( '', #5244 ) ;
#6471 = FILL_AREA_STYLE_COLOUR ( '', #2573 ) ;
#6472 = CARTESIAN_POINT ( 'NONE',  ( 1.749999999999999334, 1.600000000000000089, -11.50000000000000000 ) ) ;
#6473 = VECTOR ( 'NONE', #10350, 1000.000000000000000 ) ;
#6474 = MECHANICAL_DESIGN_GEOMETRIC_PRESENTATION_REPRESENTATION (  '', ( #5026 ), #2537 ) ;
#6475 = ORIENTED_EDGE ( 'NONE', *, *, #2145, .T. ) ;
#6476 = LINE ( 'NONE', #8566, #6596 ) ;
#6477 = EDGE_CURVE ( 'NONE', #329, #2190, #5118, .T. ) ;
#6478 = PRESENTATION_LAYER_ASSIGNMENT (  '', '', ( #5937 ) ) ;
#6479 = EDGE_CURVE ( 'NONE', #6377, #7011, #9425, .T. ) ;
#6480 = AXIS2_PLACEMENT_3D ( 'NONE', #7986, #7145, #10710 ) ;
#6481 = CARTESIAN_POINT ( 'NONE',  ( 6.200000000000052580, -7.649999999999998579, -1.879999999999995453 ) ) ;
#6482 =( LENGTH_UNIT ( ) NAMED_UNIT ( * ) SI_UNIT ( .MILLI., .METRE. ) );
#6483 = ORIENTED_EDGE ( 'NONE', *, *, #2070, .T. ) ;
#6484 = FILL_AREA_STYLE ('',( #9972 ) ) ;
#6485 = ORIENTED_EDGE ( 'NONE', *, *, #8571, .F. ) ;
#6486 = CARTESIAN_POINT ( 'NONE',  ( 9.499999999999996447, 1.600000000000000089, 9.500000000000000000 ) ) ;
#6487 = DIRECTION ( 'NONE',  ( 0.000000000000000000, 0.000000000000000000, 1.000000000000000000 ) ) ;
#6488 = VECTOR ( 'NONE', #8914, 1000.000000000000000 ) ;
#6489 = PRESENTATION_STYLE_ASSIGNMENT (( #6094 ) ) ;
#6490 = EDGE_LOOP ( 'NONE', ( #9486, #8969, #9142, #2853 ) ) ;
#6491 = CARTESIAN_POINT ( 'NONE',  ( 5.229999999999997762, -2.399999999999999911, -2.549999999999998046 ) ) ;
#6492 = VERTEX_POINT ( 'NONE', #9372 ) ;
#6493 = VERTEX_POINT ( 'NONE', #5982 ) ;
#6494 = PRESENTATION_STYLE_ASSIGNMENT (( #3973 ) ) ;
#6495 = ORIENTED_EDGE ( 'NONE', *, *, #6522, .T. ) ;
#6496 = MECHANICAL_DESIGN_GEOMETRIC_PRESENTATION_REPRESENTATION (  '', ( #10477 ), #3099 ) ;
#6497 = DIRECTION ( 'NONE',  ( 0.000000000000000000, 0.000000000000000000, 1.000000000000000000 ) ) ;
#6498 = FILL_AREA_STYLE ('',( #1638 ) ) ;
#6499 = FILL_AREA_STYLE ('',( #9053 ) ) ;
#6500 = DIRECTION ( 'NONE',  ( -1.000000000000000000, 0.000000000000000000, 0.000000000000000000 ) ) ;
#6501 = AXIS2_PLACEMENT_3D ( 'NONE', #5629, #578, #8352 ) ;
#6502 = CARTESIAN_POINT ( 'NONE',  ( 5.229999999999997762, 0.000000000000000000, -0.6099999999999933253 ) ) ;
#6503 = PRESENTATION_LAYER_ASSIGNMENT (  '', '', ( #7043 ) ) ;
#6504 =( NAMED_UNIT ( * ) PLANE_ANGLE_UNIT ( ) SI_UNIT ( $, .RADIAN. ) );
#6505 = CARTESIAN_POINT ( 'NONE',  ( 1.212034383954153416, -0.3366762177650429733, 0.5000000000000004441 ) ) ;
#6506 = EDGE_CURVE ( 'NONE', #9973, #10772, #5292, .T. ) ;
#6507 = ADVANCED_FACE ( 'NONE', ( #6893 ), #6033, .F. ) ;
#6508 = PRESENTATION_LAYER_ASSIGNMENT (  '', '', ( #2578 ) ) ;
#6509 = ORIENTED_EDGE ( 'NONE', *, *, #5112, .F. ) ;
#6510 = FILL_AREA_STYLE_COLOUR ( '', #10769 ) ;
#6511 = VECTOR ( 'NONE', #6132, 1000.000000000000000 ) ;
#6512 = DIRECTION ( 'NONE',  ( 0.000000000000000000, 0.000000000000000000, -1.000000000000000000 ) ) ;
#6513 = FILL_AREA_STYLE_COLOUR ( '', #7031 ) ;
#6514 =( LENGTH_UNIT ( ) NAMED_UNIT ( * ) SI_UNIT ( .MILLI., .METRE. ) );
#6515 =( NAMED_UNIT ( * ) PLANE_ANGLE_UNIT ( ) SI_UNIT ( $, .RADIAN. ) );
#6516 = VECTOR ( 'NONE', #382, 999.9999999999998863 ) ;
#6517 = CARTESIAN_POINT ( 'NONE',  ( 3.231990237815518530, 1.704120873295594141, 1.999999999999999556 ) ) ;
#6518 = SURFACE_STYLE_FILL_AREA ( #9016 ) ;
#6519 = FILL_AREA_STYLE ('',( #2215 ) ) ;
#6520 = CARTESIAN_POINT ( 'NONE',  ( 5.229999999999997762, -2.399999999999999911, 4.470000000000006857 ) ) ;
#6522 = EDGE_CURVE ( 'NONE', #4865, #5783, #8633, .T. ) ;
#6521 = CARTESIAN_POINT ( 'NONE',  ( 6.200000000000000178, -7.649999999999995026, 3.200000000000005063 ) ) ;
#6523 = SURFACE_STYLE_USAGE ( .BOTH. , #9072 ) ;
#6524 = ORIENTED_EDGE ( 'NONE', *, *, #7793, .F. ) ;
#6525 = SURFACE_SIDE_STYLE ('',( #9573 ) ) ;
#6526 = SURFACE_STYLE_USAGE ( .BOTH. , #2785 ) ;
#6527 = CARTESIAN_POINT ( 'NONE',  ( 7.470000000000000639, -2.399999999999999911, -2.849999999999994316 ) ) ;
#6528 = COLOUR_RGB ( '',1.000000000000000000, 0.9372549019607843146, 0.1372549019607843257 ) ;
#6529 = SURFACE_STYLE_FILL_AREA ( #5729 ) ;
#6531 =( NAMED_UNIT ( * ) PLANE_ANGLE_UNIT ( ) SI_UNIT ( $, .RADIAN. ) );
#6530 =( NAMED_UNIT ( * ) SI_UNIT ( $, .STERADIAN. ) SOLID_ANGLE_UNIT ( ) );
#6532 = CARTESIAN_POINT ( 'NONE',  ( -7.769999999999999574, -2.399999999999999911, -3.510000000000003340 ) ) ;
#6533 = UNCERTAINTY_MEASURE_WITH_UNIT (LENGTH_MEASURE( 1.000000000000000082E-05 ), #10323, 'distance_accuracy_value', 'NONE');
#6534 = SURFACE_STYLE_FILL_AREA ( #9911 ) ;
#6535 = FILL_AREA_STYLE ('',( #9861 ) ) ;
#6536 = LINE ( 'NONE', #4904, #8045 ) ;
#6537 = DIRECTION ( 'NONE',  ( 0.000000000000000000, -0.000000000000000000, 1.000000000000000000 ) ) ;
#6538 = VECTOR ( 'NONE', #7829, 1000.000000000000000 ) ;
#6539 = EDGE_LOOP ( 'NONE', ( #3682, #10549, #6097, #8971 ) ) ;
#6541 = DIRECTION ( 'NONE',  ( -0.000000000000000000, -1.000000000000000000, -0.000000000000000000 ) ) ;
#6540 = CARTESIAN_POINT ( 'NONE',  ( 9.499999999999996447, 0.000000000000000000, -9.500000000000000000 ) ) ;
#6542 = AXIS2_PLACEMENT_3D ( 'NONE', #3540, #7973, #9613 ) ;
#6543 = DIRECTION ( 'NONE',  ( -0.7071067811865463515, 0.7071067811865487940, 0.000000000000000000 ) ) ;
#6544 = CARTESIAN_POINT ( 'NONE',  ( 9.499999999999996447, 0.000000000000000000, 11.50000000000000000 ) ) ;
#6545 =( LENGTH_UNIT ( ) NAMED_UNIT ( * ) SI_UNIT ( .MILLI., .METRE. ) );
#6546 = CARTESIAN_POINT ( 'NONE',  ( -5.529999999999998472, -2.399999999999999911, -1.270000000000000684 ) ) ;
#6547 = PRESENTATION_LAYER_ASSIGNMENT (  '', '', ( #5817 ) ) ;
#6548 = CARTESIAN_POINT ( 'NONE',  ( 11.49999999999999645, 1.600000000000000089, -11.50000000000000000 ) ) ;
#6549 = ORIENTED_EDGE ( 'NONE', *, *, #4764, .T. ) ;
#6551 = EDGE_CURVE ( 'NONE', #1067, #9357, #4444, .T. ) ;
#6550 = DIRECTION ( 'NONE',  ( -1.000000000000000000, 0.000000000000000000, 0.000000000000000000 ) ) ;
#6552 = MECHANICAL_DESIGN_GEOMETRIC_PRESENTATION_REPRESENTATION (  '', ( #1899 ), #1561 ) ;
#6553 =( NAMED_UNIT ( * ) SI_UNIT ( $, .STERADIAN. ) SOLID_ANGLE_UNIT ( ) );
#6554 = EDGE_CURVE ( 'NONE', #7674, #3755, #4342, .T. ) ;
#6555 = SURFACE_STYLE_USAGE ( .BOTH. , #8996 ) ;
#6556 = SURFACE_STYLE_FILL_AREA ( #10845 ) ;
#6557 = FILL_AREA_STYLE ('',( #6737 ) ) ;
#6558 = VERTEX_POINT ( 'NONE', #3401 ) ;
#6559 = VERTEX_POINT ( 'NONE', #3631 ) ;
#6560 = DIRECTION ( 'NONE',  ( 0.9635179096299406609, 0.2676438637860948377, 0.000000000000000000 ) ) ;
#6561 = DIRECTION ( 'NONE',  ( -0.7071067811865463515, 0.7071067811865487940, 0.000000000000000000 ) ) ;
#6562 = LINE ( 'NONE', #2360, #9438 ) ;
#6563 = ORIENTED_EDGE ( 'NONE', *, *, #5051, .F. ) ;
#6564 = LINE ( 'NONE', #8424, #6942 ) ;
#6565 = ADVANCED_FACE ( 'NONE', ( #121 ), #858, .F. ) ;
#6566 = CARTESIAN_POINT ( 'NONE',  ( 2.994689754873805398, 1.600000000000000089, -1.000000000000000444 ) ) ;
#6567 = PLANE ( 'NONE',  #11018 ) ;
#6568 = EDGE_LOOP ( 'NONE', ( #9156, #9412, #4719, #6509 ) ) ;
#6569 = DIRECTION ( 'NONE',  ( 0.000000000000000000, 0.000000000000000000, -1.000000000000000000 ) ) ;
#6570 = PRESENTATION_LAYER_ASSIGNMENT (  '', '', ( #337 ) ) ;
#6571 = FACE_OUTER_BOUND ( 'NONE', #4318, .T. ) ;
#6572 = DIRECTION ( 'NONE',  ( 0.000000000000000000, 0.000000000000000000, 1.000000000000000000 ) ) ;
#6573 = CARTESIAN_POINT ( 'NONE',  ( -6.199999999999972644, -7.649999999999995026, 0.2999999999999996003 ) ) ;
#6574 = EDGE_CURVE ( 'NONE', #1386, #3525, #679, .T. ) ;
#6575 = CARTESIAN_POINT ( 'NONE',  ( 3.949999999999997957, 2.100000000000000089, -4.500000000000005329 ) ) ;
#6576 = ADVANCED_FACE ( 'NONE', ( #1281 ), #9074, .F. ) ;
#6577 = CARTESIAN_POINT ( 'NONE',  ( 0.6500000000000000222, 2.100000000000000089, 8.000000000000000000 ) ) ;
#6578 = CARTESIAN_POINT ( 'NONE',  ( -6.799999999999998934, -2.399999999999999911, 2.239999999999999769 ) ) ;
#6579 = COLOUR_RGB ( '',0.8941176470588234615, 0.9137254901960784048, 0.9294117647058823817 ) ;
#6580 = LINE ( 'NONE', #2989, #1931 ) ;
#6581 = ORIENTED_EDGE ( 'NONE', *, *, #3555, .F. ) ;
#6582 = ORIENTED_EDGE ( 'NONE', *, *, #9141, .T. ) ;
#6583 = ORIENTED_EDGE ( 'NONE', *, *, #5260, .F. ) ;
#6584 = SURFACE_STYLE_USAGE ( .BOTH. , #10878 ) ;
#6585 = VECTOR ( 'NONE', #2167, 1000.000000000000000 ) ;
#6586 = AXIS2_PLACEMENT_3D ( 'NONE', #8814, #10677, #2904 ) ;
#6587 = VECTOR ( 'NONE', #2447, 1000.000000000000114 ) ;
#6588 = CARTESIAN_POINT ( 'NONE',  ( 0.6500000000000000222, 2.100000000000000089, 8.000000000000000000 ) ) ;
#6589 = EDGE_CURVE ( 'NONE', #914, #5256, #1772, .T. ) ;
#6590 =( LENGTH_UNIT ( ) NAMED_UNIT ( * ) SI_UNIT ( .MILLI., .METRE. ) );
#6591 = CARTESIAN_POINT ( 'NONE',  ( 2.649999999999999911, 1.600000000000000089, 6.000000000000000000 ) ) ;
#6592 = EDGE_CURVE ( 'NONE', #7101, #6558, #8449, .T. ) ;
#6593 =( NAMED_UNIT ( * ) SI_UNIT ( $, .STERADIAN. ) SOLID_ANGLE_UNIT ( ) );
#6594 = LINE ( 'NONE', #4731, #10105 ) ;
#6595 = CARTESIAN_POINT ( 'NONE',  ( -3.231990237815517641, 1.600000000000000755, 0.4999999999999995559 ) ) ;
#6596 = VECTOR ( 'NONE', #9358, 1000.000000000000000 ) ;
#6597 =( GEOMETRIC_REPRESENTATION_CONTEXT ( 3 ) GLOBAL_UNCERTAINTY_ASSIGNED_CONTEXT ( ( #395 ) ) GLOBAL_UNIT_ASSIGNED_CONTEXT ( ( #7648, #3333, #5911 ) ) REPRESENTATION_CONTEXT ( 'NONE', 'WORKASPACE' ) );
#6598 = STYLED_ITEM ( 'NONE', ( #4911 ), #150 ) ;
#6599 = VECTOR ( 'NONE', #4374, 1000.000000000000000 ) ;
#6600 = EDGE_LOOP ( 'NONE', ( #1888, #2490, #10790, #6795 ) ) ;
#6601 = DIRECTION ( 'NONE',  ( 1.000000000000000000, 9.137799966060740935E-16, 0.000000000000000000 ) ) ;
#6602 = CARTESIAN_POINT ( 'NONE',  ( -6.321933147141439946, -7.899999999999999467, 0.1780668528585327426 ) ) ;
#6603 = PRESENTATION_LAYER_ASSIGNMENT (  '', '', ( #11090 ) ) ;
#6604 = VECTOR ( 'NONE', #1056, 1000.000000000000227 ) ;
#6605 = DIRECTION ( 'NONE',  ( -0.000000000000000000, 1.000000000000000000, -0.000000000000000000 ) ) ;
#6606 = VERTEX_POINT ( 'NONE', #2702 ) ;
#6607 = CARTESIAN_POINT ( 'NONE',  ( 3.231990237815518530, 1.704120873295594141, 2.499999999999999556 ) ) ;
#6608 =( LENGTH_UNIT ( ) NAMED_UNIT ( * ) SI_UNIT ( .MILLI., .METRE. ) );
#6609 = PRESENTATION_LAYER_ASSIGNMENT (  '', '', ( #5693 ) ) ;
#6610 = DIRECTION ( 'NONE',  ( 0.7071067811865487940, 0.7071067811865463515, -0.000000000000000000 ) ) ;
#6611 = VERTEX_POINT ( 'NONE', #1878 ) ;
#6612 = ORIENTED_EDGE ( 'NONE', *, *, #2684, .T. ) ;
#6613 = DIRECTION ( 'NONE',  ( -0.7071067811865462405, -0.7071067811865489050, -0.000000000000000000 ) ) ;
#6614 = VERTEX_POINT ( 'NONE', #6921 ) ;
#6615 = EDGE_CURVE ( 'NONE', #1986, #40, #2811, .T. ) ;
#6616 = DIRECTION ( 'NONE',  ( -0.000000000000000000, 1.000000000000000000, -0.000000000000000000 ) ) ;
#6617 = LINE ( 'NONE', #5762, #6255 ) ;
#6618 = VECTOR ( 'NONE', #4821, 1000.000000000000000 ) ;
#6619 = VECTOR ( 'NONE', #10122, 1000.000000000000000 ) ;
#6620 = SURFACE_SIDE_STYLE ('',( #11015 ) ) ;
#6621 = DIRECTION ( 'NONE',  ( -0.7071067811865479058, -0.7071067811865471286, 0.000000000000000000 ) ) ;
#6622 = DIRECTION ( 'NONE',  ( -0.000000000000000000, 0.000000000000000000, -1.000000000000000000 ) ) ;
#6623 = VERTEX_POINT ( 'NONE', #5376 ) ;
#6624 = PRESENTATION_STYLE_ASSIGNMENT (( #10911 ) ) ;
#6625 = PRESENTATION_LAYER_ASSIGNMENT (  '', '', ( #10027 ) ) ;
#6626 = COLOUR_RGB ( '',0.8313725490196077761, 0.6705882352941175961, 0.1294117647058823373 ) ;
#6627 = ORIENTED_EDGE ( 'NONE', *, *, #5260, .T. ) ;
#6628 = SURFACE_STYLE_FILL_AREA ( #2367 ) ;
#6629 = ADVANCED_FACE ( 'NONE', ( #4323 ), #9616, .T. ) ;
#6630 = CARTESIAN_POINT ( 'NONE',  ( 5.229999999999997762, -2.399999999999999911, -0.6099999999999933253 ) ) ;
#6631 = VECTOR ( 'NONE', #10640, 1000.000000000000000 ) ;
#6632 = FACE_BOUND ( 'NONE', #6223, .T. ) ;
#6633 = FILL_AREA_STYLE ('',( #5719 ) ) ;
#6634 = FACE_OUTER_BOUND ( 'NONE', #603, .T. ) ;
#6635 = DIRECTION ( 'NONE',  ( 4.470936793754646013E-16, 0.000000000000000000, 1.000000000000000000 ) ) ;
#6636 = VERTEX_POINT ( 'NONE', #8772 ) ;
#6637 = MECHANICAL_DESIGN_GEOMETRIC_PRESENTATION_REPRESENTATION (  '', ( #3225 ), #1812 ) ;
#6639 = EDGE_CURVE ( 'NONE', #3425, #4618, #7132, .T. ) ;
#6638 = PRESENTATION_STYLE_ASSIGNMENT (( #2438 ) ) ;
#6640 = ADVANCED_FACE ( 'NONE', ( #99 ), #3492, .F. ) ;
#6641 = ORIENTED_EDGE ( 'NONE', *, *, #6707, .F. ) ;
#6642 = ORIENTED_EDGE ( 'NONE', *, *, #1629, .F. ) ;
#6643 = EDGE_CURVE ( 'NONE', #6665, #6273, #8956, .T. ) ;
#6644 = VECTOR ( 'NONE', #10559, 1000.000000000000000 ) ;
#6645 =( GEOMETRIC_REPRESENTATION_CONTEXT ( 3 ) GLOBAL_UNCERTAINTY_ASSIGNED_CONTEXT ( ( #281 ) ) GLOBAL_UNIT_ASSIGNED_CONTEXT ( ( #3989, #4648, #8084 ) ) REPRESENTATION_CONTEXT ( 'NONE', 'WORKASPACE' ) );
#6646 = CARTESIAN_POINT ( 'NONE',  ( 6.499999999999999112, 1.600000000000000089, 3.500000000000004885 ) ) ;
#6647 = CARTESIAN_POINT ( 'NONE',  ( 7.769999999999998685, -2.399999999999999911, -5.089999999999998082 ) ) ;
#6648 = CIRCLE ( 'NONE', #10056, 0.4999999999999997780 ) ;
#6649 = DIRECTION ( 'NONE',  ( -0.4014883995042272113, 0.8231732078530423768, -0.4014883995042272113 ) ) ;
#6650 = CARTESIAN_POINT ( 'NONE',  ( -5.529999999999998472, -2.399999999999999911, -1.270000000000000684 ) ) ;
#6651 = DIRECTION ( 'NONE',  ( 0.000000000000000000, 0.000000000000000000, -1.000000000000000000 ) ) ;
#6652 = UNCERTAINTY_MEASURE_WITH_UNIT (LENGTH_MEASURE( 1.000000000000000082E-05 ), #4449, 'distance_accuracy_value', 'NONE');
#6653 = LINE ( 'NONE', #10144, #5593 ) ;
#6654 = CARTESIAN_POINT ( 'NONE',  ( -6.799999999999972289, -7.899999999999999467, -0.3000000000000003775 ) ) ;
#6655 = COLOUR_RGB ( '',0.8941176470588234615, 0.9137254901960784048, 0.9294117647058823817 ) ;
#6656 = EDGE_CURVE ( 'NONE', #7982, #1439, #3092, .T. ) ;
#6657 = EDGE_CURVE ( 'NONE', #2486, #7999, #10808, .T. ) ;
#6658 = ORIENTED_EDGE ( 'NONE', *, *, #845, .F. ) ;
#6659 = CARTESIAN_POINT ( 'NONE',  ( -3.949999999999998845, 1.600000000000000089, -6.500000000000004441 ) ) ;
#6660 = DIRECTION ( 'NONE',  ( -0.7071067811865462405, -0.7071067811865489050, -0.000000000000000000 ) ) ;
#6661 = PLANE ( 'NONE',  #6501 ) ;
#6662 = DIRECTION ( 'NONE',  ( -0.7071067811865465735, 0.000000000000000000, -0.7071067811865485719 ) ) ;
#6663 = COLOUR_RGB ( '',0.8313725490196077761, 0.6705882352941175961, 0.1294117647058823373 ) ;
#6664 =( LENGTH_UNIT ( ) NAMED_UNIT ( * ) SI_UNIT ( .MILLI., .METRE. ) );
#6665 = VERTEX_POINT ( 'NONE', #8032 ) ;
#6666 =( NAMED_UNIT ( * ) PLANE_ANGLE_UNIT ( ) SI_UNIT ( $, .RADIAN. ) );
#6667 = VECTOR ( 'NONE', #9511, 1000.000000000000000 ) ;
#6668 = UNCERTAINTY_MEASURE_WITH_UNIT (LENGTH_MEASURE( 1.000000000000000082E-05 ), #4227, 'distance_accuracy_value', 'NONE');
#6669 = ORIENTED_EDGE ( 'NONE', *, *, #5879, .T. ) ;
#6670 = SURFACE_SIDE_STYLE ('',( #5808 ) ) ;
#6671 = CARTESIAN_POINT ( 'NONE',  ( 7.470000000000001528, -2.399999999999999911, 4.770000000000004903 ) ) ;
#6672 = CARTESIAN_POINT ( 'NONE',  ( -6.799999999999972289, -7.899999999999999467, 0.2999999999999994893 ) ) ;
#6673 = ORIENTED_EDGE ( 'NONE', *, *, #776, .T. ) ;
#6674 = SURFACE_SIDE_STYLE ('',( #10038 ) ) ;
#6675 = COLOUR_RGB ( '',0.8313725490196077761, 0.6705882352941175961, 0.1294117647058823373 ) ;
#6676 = VECTOR ( 'NONE', #6127, 1000.000000000000000 ) ;
#6677 = SURFACE_STYLE_FILL_AREA ( #6557 ) ;
#6678 = ORIENTED_EDGE ( 'NONE', *, *, #905, .F. ) ;
#6679 = AXIS2_PLACEMENT_3D ( 'NONE', #609, #7856, #3535 ) ;
#6680 = ORIENTED_EDGE ( 'NONE', *, *, #9096, .T. ) ;
#6681 = CARTESIAN_POINT ( 'NONE',  ( 2.501432664756447544, 0.6948424068767914408, -11.50000000000000000 ) ) ;
#6682 = VECTOR ( 'NONE', #4263, 1000.000000000000000 ) ;
#6683 = ORIENTED_EDGE ( 'NONE', *, *, #4898, .F. ) ;
#6684 = CARTESIAN_POINT ( 'NONE',  ( -3.031990237815517908, 1.704120873295593253, -0.5000000000000004441 ) ) ;
#6685 = DIRECTION ( 'NONE',  ( 0.000000000000000000, 0.000000000000000000, 1.000000000000000000 ) ) ;
#6686 = PLANE ( 'NONE',  #10887 ) ;
#6687 = LINE ( 'NONE', #6502, #3716 ) ;
#6688 = STYLED_ITEM ( 'NONE', ( #2141 ), #6284 ) ;
#6689 = VECTOR ( 'NONE', #5975, 1000.000000000000000 ) ;
#6690 = MECHANICAL_DESIGN_GEOMETRIC_PRESENTATION_REPRESENTATION (  '', ( #445 ), #4151 ) ;
#6691 = LINE ( 'NONE', #10050, #2226 ) ;
#6692 = EDGE_LOOP ( 'NONE', ( #8018, #5206, #5668, #3599 ) ) ;
#6693 = ORIENTED_EDGE ( 'NONE', *, *, #8075, .T. ) ;
#6694 = DIRECTION ( 'NONE',  ( 0.4014883995042272113, -0.8231732078530423768, -0.4014883995042271558 ) ) ;
#6695 = DIRECTION ( 'NONE',  ( 0.000000000000000000, 1.000000000000000000, 0.000000000000000000 ) ) ;
#6696 = AXIS2_PLACEMENT_3D ( 'NONE', #1275, #610, #3101 ) ;
#6697 = MECHANICAL_DESIGN_GEOMETRIC_PRESENTATION_REPRESENTATION (  '', ( #5228 ), #9558 ) ;
#6698 = VERTEX_POINT ( 'NONE', #3926 ) ;
#6699 = CARTESIAN_POINT ( 'NONE',  ( 0.000000000000000000, -7.899999999999999467, -1.401933147141460667 ) ) ;
#6700 =( LENGTH_UNIT ( ) NAMED_UNIT ( * ) SI_UNIT ( .MILLI., .METRE. ) );
#6701 = FACE_BOUND ( 'NONE', #7385, .T. ) ;
#6702 = VECTOR ( 'NONE', #1825, 1000.000000000000000 ) ;
#6703 = PRESENTATION_STYLE_ASSIGNMENT (( #3143 ) ) ;
#6704 =( LENGTH_UNIT ( ) NAMED_UNIT ( * ) SI_UNIT ( .MILLI., .METRE. ) );
#6705 = ADVANCED_FACE ( 'NONE', ( #9892 ), #6391, .F. ) ;
#6706 = VERTEX_POINT ( 'NONE', #4763 ) ;
#6707 = EDGE_CURVE ( 'NONE', #5373, #7418, #9785, .T. ) ;
#6708 = CARTESIAN_POINT ( 'NONE',  ( 7.999999999999992895, 1.600000000000000089, 7.999999999999992895 ) ) ;
#6709 = ORIENTED_EDGE ( 'NONE', *, *, #1173, .F. ) ;
#6710 = MECHANICAL_DESIGN_GEOMETRIC_PRESENTATION_REPRESENTATION (  '', ( #6877 ), #10116 ) ;
#6711 = ORIENTED_EDGE ( 'NONE', *, *, #775, .T. ) ;
#6712 = CARTESIAN_POINT ( 'NONE',  ( -2.649999999999995914, 2.100000000000000089, 6.000000000000000000 ) ) ;
#6713 = VECTOR ( 'NONE', #3350, 1000.000000000000000 ) ;
#6714 = FILL_AREA_STYLE_COLOUR ( '', #7839 ) ;
#6715 = SURFACE_SIDE_STYLE ('',( #1224 ) ) ;
#6717 =( NAMED_UNIT ( * ) SI_UNIT ( $, .STERADIAN. ) SOLID_ANGLE_UNIT ( ) );
#6716 = PRESENTATION_STYLE_ASSIGNMENT (( #2330 ) ) ;
#6718 = PLANE ( 'NONE',  #2645 ) ;
#6719 = CIRCLE ( 'NONE', #2229, 2.000000000000000000 ) ;
#6720 = DIRECTION ( 'NONE',  ( 0.000000000000000000, -0.000000000000000000, 1.000000000000000000 ) ) ;
#6721 = VECTOR ( 'NONE', #8414, 1000.000000000000000 ) ;
#6722 = ORIENTED_EDGE ( 'NONE', *, *, #4166, .F. ) ;
#6723 = ORIENTED_EDGE ( 'NONE', *, *, #5868, .F. ) ;
#6724 = CYLINDRICAL_SURFACE ( 'NONE', #8400, 1.749999999999999778 ) ;
#6725 = CARTESIAN_POINT ( 'NONE',  ( -2.649999999999999467, 1.600000000000000089, -6.500000000000004441 ) ) ;
#6726 = CARTESIAN_POINT ( 'NONE',  ( 6.321933147141490572, -7.899999999999999467, 0.000000000000000000 ) ) ;
#6727 = EDGE_CURVE ( 'NONE', #1399, #5025, #2104, .T. ) ;
#6728 = ADVANCED_FACE ( 'NONE', ( #8257 ), #605, .T. ) ;
#6729 = FACE_OUTER_BOUND ( 'NONE', #2366, .T. ) ;
#6730 = ORIENTED_EDGE ( 'NONE', *, *, #9985, .F. ) ;
#6731 = SURFACE_STYLE_USAGE ( .BOTH. , #3507 ) ;
#6732 = COLOUR_RGB ( '',0.8941176470588234615, 0.9137254901960784048, 0.9294117647058823817 ) ;
#6733 = SURFACE_STYLE_USAGE ( .BOTH. , #2408 ) ;
#6734 =( NAMED_UNIT ( * ) SI_UNIT ( $, .STERADIAN. ) SOLID_ANGLE_UNIT ( ) );
#6735 = ORIENTED_EDGE ( 'NONE', *, *, #9, .F. ) ;
#6736 =( NAMED_UNIT ( * ) PLANE_ANGLE_UNIT ( ) SI_UNIT ( $, .RADIAN. ) );
#6737 = FILL_AREA_STYLE_COLOUR ( '', #588 ) ;
#6738 = VERTEX_POINT ( 'NONE', #8432 ) ;
#6739 = ORIENTED_EDGE ( 'NONE', *, *, #1465, .T. ) ;
#6740 =( LENGTH_UNIT ( ) NAMED_UNIT ( * ) SI_UNIT ( .MILLI., .METRE. ) );
#6741 = DIRECTION ( 'NONE',  ( 0.000000000000000000, 0.000000000000000000, 1.000000000000000000 ) ) ;
#6742 = LINE ( 'NONE', #2299, #10226 ) ;
#6743 = EDGE_CURVE ( 'NONE', #2992, #9192, #2528, .T. ) ;
#6744 = LINE ( 'NONE', #4187, #4067 ) ;
#6745 = CARTESIAN_POINT ( 'NONE',  ( -2.000000000000001332, 2.500000000000002665, 0.9999999999999991118 ) ) ;
#6746 = FILL_AREA_STYLE_COLOUR ( '', #284 ) ;
#6747 = CARTESIAN_POINT ( 'NONE',  ( 3.231990237815519418, 1.600000000000001643, 0.4999999999999995559 ) ) ;
#6748 = VERTEX_POINT ( 'NONE', #4034 ) ;
#6749 = FACE_OUTER_BOUND ( 'NONE', #4194, .T. ) ;
#6750 = CARTESIAN_POINT ( 'NONE',  ( 6.678066852858532521, -7.899999999999999467, 3.321933147141471920 ) ) ;
#6751 = PRESENTATION_LAYER_ASSIGNMENT (  '', '', ( #2101 ) ) ;
#6752 = EDGE_LOOP ( 'NONE', ( #10966, #1363, #10543, #6435 ) ) ;
#6753 = CARTESIAN_POINT ( 'NONE',  ( 7.769999999999999574, 0.000000000000000000, -0.009999999999998291506 ) ) ;
#6754 = LINE ( 'NONE', #5031, #3487 ) ;
#6755 = DIRECTION ( 'NONE',  ( -0.000000000000000000, 1.000000000000000000, -0.000000000000000000 ) ) ;
#6756 = ORIENTED_EDGE ( 'NONE', *, *, #10708, .T. ) ;
#6757 = PRESENTATION_STYLE_ASSIGNMENT (( #3204 ) ) ;
#6758 = PLANE ( 'NONE',  #5758 ) ;
#6759 = ORIENTED_EDGE ( 'NONE', *, *, #9734, .F. ) ;
#6760 = LINE ( 'NONE', #6809, #3303 ) ;
#6761 = ORIENTED_EDGE ( 'NONE', *, *, #6707, .T. ) ;
#6762 = VERTEX_POINT ( 'NONE', #764 ) ;
#6763 = EDGE_CURVE ( 'NONE', #507, #9906, #4139, .T. ) ;
#6765 = CARTESIAN_POINT ( 'NONE',  ( 3.231990237815518530, 1.704120873295594141, -1.000000000000000444 ) ) ;
#6764 =( LENGTH_UNIT ( ) NAMED_UNIT ( * ) SI_UNIT ( .MILLI., .METRE. ) );
#6766 = CARTESIAN_POINT ( 'NONE',  ( 2.144689754873803533, 2.450000000000002398, 1.999999999999999556 ) ) ;
#6767 = UNCERTAINTY_MEASURE_WITH_UNIT (LENGTH_MEASURE( 1.000000000000000082E-05 ), #5308, 'distance_accuracy_value', 'NONE');
#6768 = FILL_AREA_STYLE_COLOUR ( '', #3449 ) ;
#6769 = ORIENTED_EDGE ( 'NONE', *, *, #3893, .T. ) ;
#6770 = FACE_OUTER_BOUND ( 'NONE', #5233, .T. ) ;
#6771 = EDGE_CURVE ( 'NONE', #1945, #5897, #10913, .T. ) ;
#6772 = SURFACE_SIDE_STYLE ('',( #7646 ) ) ;
#6773 = DIRECTION ( 'NONE',  ( 0.8987940462991675927, -0.4383711467890764046, 0.000000000000000000 ) ) ;
#6774 = UNCERTAINTY_MEASURE_WITH_UNIT (LENGTH_MEASURE( 1.000000000000000082E-05 ), #9244, 'distance_accuracy_value', 'NONE');
#6775 = DIRECTION ( 'NONE',  ( 0.000000000000000000, -0.000000000000000000, 1.000000000000000000 ) ) ;
#6776 = CONICAL_SURFACE ( 'NONE', #5670, 0.01226741143414006308, 0.4537856055185231496 ) ;
#6777 = ORIENTED_EDGE ( 'NONE', *, *, #4827, .F. ) ;
#6778 = LINE ( 'NONE', #8301, #10557 ) ;
#6779 = CARTESIAN_POINT ( 'NONE',  ( 6.200000000000025935, -7.649999999999998579, 0.6600000000000048050 ) ) ;
#6780 = EDGE_CURVE ( 'NONE', #8232, #7173, #4881, .T. ) ;
#6781 = EDGE_CURVE ( 'NONE', #10044, #8005, #4472, .T. ) ;
#6782 = MECHANICAL_DESIGN_GEOMETRIC_PRESENTATION_REPRESENTATION (  '', ( #8207 ), #3731 ) ;
#6783 = AXIS2_PLACEMENT_3D ( 'NONE', #4541, #3678, #10598 ) ;
#6784 = PLANE ( 'NONE',  #5200 ) ;
#6785 = DIRECTION ( 'NONE',  ( -0.7071067811865462405, -0.7071067811865489050, -0.000000000000000000 ) ) ;
#6786 = CARTESIAN_POINT ( 'NONE',  ( -7.469999999999999751, 0.000000000000000000, -1.270000000000000684 ) ) ;
#6787 = PLANE ( 'NONE',  #4002 ) ;
#6788 = VECTOR ( 'NONE', #8098, 1000.000000000000000 ) ;
#6789 = VECTOR ( 'NONE', #8604, 1000.000000000000114 ) ;
#6790 = DIRECTION ( 'NONE',  ( 0.4014883995042272113, 0.8231732078530423768, -0.4014883995042272113 ) ) ;
#6791 = ORIENTED_EDGE ( 'NONE', *, *, #5916, .F. ) ;
#6792 = CARTESIAN_POINT ( 'NONE',  ( -2.144689754873802645, 2.450000000000001954, 1.999999999999999556 ) ) ;
#6793 = SURFACE_STYLE_FILL_AREA ( #3357 ) ;
#6794 = EDGE_CURVE ( 'NONE', #1327, #5513, #10174, .T. ) ;
#6795 = ORIENTED_EDGE ( 'NONE', *, *, #7511, .T. ) ;
#6796 = DIRECTION ( 'NONE',  ( 0.000000000000000000, 0.000000000000000000, 1.000000000000000000 ) ) ;
#6797 = SURFACE_STYLE_FILL_AREA ( #3418 ) ;
#6798 = EDGE_LOOP ( 'NONE', ( #3641, #6769, #1314, #7407 ) ) ;
#6799 = EDGE_CURVE ( 'NONE', #8544, #7181, #1647, .T. ) ;
#6800 = VECTOR ( 'NONE', #3195, 1000.000000000000000 ) ;
#6801 = DIRECTION ( 'NONE',  ( 1.000000000000000000, -0.000000000000000000, -1.084202172485504434E-16 ) ) ;
#6802 = LINE ( 'NONE', #871, #1102 ) ;
#6803 = ORIENTED_EDGE ( 'NONE', *, *, #4572, .F. ) ;
#6804 = LINE ( 'NONE', #7806, #6789 ) ;
#6805 = CARTESIAN_POINT ( 'NONE',  ( 1.986111111111112937, 2.450000000000002398, -2.500000000000000888 ) ) ;
#6806 = DIRECTION ( 'NONE',  ( 5.368498217537953495E-17, -0.8987940462991681478, 0.4383711467890751279 ) ) ;
#6807 = EDGE_LOOP ( 'NONE', ( #701, #2983, #3297, #38 ) ) ;
#6808 = PRESENTATION_LAYER_ASSIGNMENT (  '', '', ( #1461 ) ) ;
#6809 = CARTESIAN_POINT ( 'NONE',  ( -8.000000000000007105, 0.000000000000000000, -9.750000000000000000 ) ) ;
#6810 = ORIENTED_EDGE ( 'NONE', *, *, #5457, .T. ) ;
#6811 = PRESENTATION_LAYER_ASSIGNMENT (  '', '', ( #8243 ) ) ;
#6812 = VERTEX_POINT ( 'NONE', #7622 ) ;
#6813 = FILL_AREA_STYLE_COLOUR ( '', #894 ) ;
#6814 = ORIENTED_EDGE ( 'NONE', *, *, #7727, .T. ) ;
#6815 = LINE ( 'NONE', #11035, #9824 ) ;
#6816 = SURFACE_STYLE_FILL_AREA ( #8554 ) ;
#6817 =( GEOMETRIC_REPRESENTATION_CONTEXT ( 3 ) GLOBAL_UNCERTAINTY_ASSIGNED_CONTEXT ( ( #3623 ) ) GLOBAL_UNIT_ASSIGNED_CONTEXT ( ( #8184, #595, #1489 ) ) REPRESENTATION_CONTEXT ( 'NONE', 'WORKASPACE' ) );
#6818 = PRESENTATION_LAYER_ASSIGNMENT (  '', '', ( #9328 ) ) ;
#6819 = LINE ( 'NONE', #10249, #1529 ) ;
#6820 = PRESENTATION_LAYER_ASSIGNMENT (  '', '', ( #4117 ) ) ;
#6821 = VERTEX_POINT ( 'NONE', #3197 ) ;
#6822 = MECHANICAL_DESIGN_GEOMETRIC_PRESENTATION_REPRESENTATION (  '', ( #215 ), #1995 ) ;
#6824 = PRESENTATION_STYLE_ASSIGNMENT (( #7645 ) ) ;
#6823 = PRESENTATION_STYLE_ASSIGNMENT (( #7870 ) ) ;
#6825 = STYLED_ITEM ( 'NONE', ( #4913 ), #9689 ) ;
#6826 = DIRECTION ( 'NONE',  ( 0.000000000000000000, 0.000000000000000000, 1.000000000000000000 ) ) ;
#6827 = VECTOR ( 'NONE', #241, 1000.000000000000000 ) ;
#6828 = VERTEX_POINT ( 'NONE', #9387 ) ;
#6829 = ADVANCED_FACE ( 'NONE', ( #11071 ), #3359, .F. ) ;
#6830 = EDGE_CURVE ( 'NONE', #4419, #2073, #1810, .T. ) ;
#6831 = CARTESIAN_POINT ( 'NONE',  ( 0.6499999999999991340, 2.100000000000000089, -6.500000000000005329 ) ) ;
#6832 = FILL_AREA_STYLE ('',( #177 ) ) ;
#6833 = ORIENTED_EDGE ( 'NONE', *, *, #705, .T. ) ;
#6834 = CARTESIAN_POINT ( 'NONE',  ( -3.031990237815517908, 1.704120873295593253, -2.500000000000000888 ) ) ;
#6835 = FILL_AREA_STYLE ('',( #10276 ) ) ;
#6836 = CARTESIAN_POINT ( 'NONE',  ( -5.229999999999998650, -2.399999999999999911, -0.9700000000000029710 ) ) ;
#6837 = PRESENTATION_STYLE_ASSIGNMENT (( #2469 ) ) ;
#6838 = ORIENTED_EDGE ( 'NONE', *, *, #10642, .T. ) ;
#6839 = FACE_OUTER_BOUND ( 'NONE', #6539, .T. ) ;
#6840 = DIRECTION ( 'NONE',  ( 0.000000000000000000, 0.000000000000000000, 1.000000000000000000 ) ) ;
#6841 = VECTOR ( 'NONE', #3515, 1000.000000000000000 ) ;
#6842 = SURFACE_STYLE_FILL_AREA ( #4925 ) ;
#6843 = DIRECTION ( 'NONE',  ( -1.000000000000000000, 0.000000000000000000, -0.000000000000000000 ) ) ;
#6844 = AXIS2_PLACEMENT_3D ( 'NONE', #3315, #4884, #10520 ) ;
#6845 = EDGE_LOOP ( 'NONE', ( #4857, #1672, #5991, #5045 ) ) ;
#6846 = SURFACE_STYLE_USAGE ( .BOTH. , #760 ) ;
#6847 = LINE ( 'NONE', #11068, #6619 ) ;
#6848 =( LENGTH_UNIT ( ) NAMED_UNIT ( * ) SI_UNIT ( .MILLI., .METRE. ) );
#6849 = LINE ( 'NONE', #2748, #2374 ) ;
#6850 = LINE ( 'NONE', #5998, #5531 ) ;
#6851 = STYLED_ITEM ( 'NONE', ( #15 ), #11042 ) ;
#6852 = COLOUR_RGB ( '',1.000000000000000000, 0.9372549019607843146, 0.1372549019607843257 ) ;
#6853 = LINE ( 'NONE', #824, #7343 ) ;
#6854 = ADVANCED_FACE ( 'NONE', ( #5250 ), #9601, .T. ) ;
#6855 = DIRECTION ( 'NONE',  ( 1.000000000000000000, 0.000000000000000000, -0.000000000000000000 ) ) ;
#6856 =( GEOMETRIC_REPRESENTATION_CONTEXT ( 3 ) GLOBAL_UNCERTAINTY_ASSIGNED_CONTEXT ( ( #1619 ) ) GLOBAL_UNIT_ASSIGNED_CONTEXT ( ( #3292, #10948, #6734 ) ) REPRESENTATION_CONTEXT ( 'NONE', 'WORKASPACE' ) );
#6857 = EDGE_CURVE ( 'NONE', #9356, #8335, #9495, .T. ) ;
#6858 =( GEOMETRIC_REPRESENTATION_CONTEXT ( 3 ) GLOBAL_UNCERTAINTY_ASSIGNED_CONTEXT ( ( #6385 ) ) GLOBAL_UNIT_ASSIGNED_CONTEXT ( ( #9737, #7081, #7025 ) ) REPRESENTATION_CONTEXT ( 'NONE', 'WORKASPACE' ) );
#6859 = DIRECTION ( 'NONE',  ( 0.000000000000000000, 1.000000000000000000, 0.000000000000000000 ) ) ;
#6860 = FILL_AREA_STYLE_COLOUR ( '', #5606 ) ;
#6861 = ORIENTED_EDGE ( 'NONE', *, *, #3776, .T. ) ;
#6862 = PRESENTATION_LAYER_ASSIGNMENT (  '', '', ( #7747 ) ) ;
#6863 = FACE_OUTER_BOUND ( 'NONE', #3780, .T. ) ;
#6864 = AXIS2_PLACEMENT_3D ( 'NONE', #3441, #5007, #5797 ) ;
#6865 = PRESENTATION_LAYER_ASSIGNMENT (  '', '', ( #8668 ) ) ;
#6866 = DIRECTION ( 'NONE',  ( 1.000000000000000000, 0.000000000000000000, -0.000000000000000000 ) ) ;
#6867 = EDGE_LOOP ( 'NONE', ( #8069, #2798, #10347, #2700 ) ) ;
#6868 = DIRECTION ( 'NONE',  ( -0.000000000000000000, 1.000000000000000000, -0.000000000000000000 ) ) ;
#6869 = SURFACE_SIDE_STYLE ('',( #6816 ) ) ;
#6870 =( NAMED_UNIT ( * ) PLANE_ANGLE_UNIT ( ) SI_UNIT ( $, .RADIAN. ) );
#6871 = FILL_AREA_STYLE ('',( #7026 ) ) ;
#6872 = FACE_OUTER_BOUND ( 'NONE', #8214, .T. ) ;
#6873 = EDGE_CURVE ( 'NONE', #10981, #4445, #319, .T. ) ;
#6874 = CARTESIAN_POINT ( 'NONE',  ( -5.229999999999998650, -2.399999999999999911, -0.9700000000000029710 ) ) ;
#6875 = UNCERTAINTY_MEASURE_WITH_UNIT (LENGTH_MEASURE( 1.000000000000000082E-05 ), #8795, 'distance_accuracy_value', 'NONE');
#6876 = FACE_OUTER_BOUND ( 'NONE', #10517, .T. ) ;
#6877 = STYLED_ITEM ( 'NONE', ( #4699 ), #2260 ) ;
#6878 = VERTEX_POINT ( 'NONE', #197 ) ;
#6879 = VECTOR ( 'NONE', #4135, 1000.000000000000000 ) ;
#6880 = CONICAL_SURFACE ( 'NONE', #8682, 0.01226741143414006308, 0.4537856055185231496 ) ;
#6881 = LINE ( 'NONE', #4332, #3798 ) ;
#6882 = SURFACE_SIDE_STYLE ('',( #9417 ) ) ;
#6883 =( LENGTH_UNIT ( ) NAMED_UNIT ( * ) SI_UNIT ( .MILLI., .METRE. ) );
#6884 = VECTOR ( 'NONE', #6335, 1000.000000000000000 ) ;
#6885 = UNCERTAINTY_MEASURE_WITH_UNIT (LENGTH_MEASURE( 1.000000000000000082E-05 ), #2477, 'distance_accuracy_value', 'NONE');
#6886 = SURFACE_STYLE_FILL_AREA ( #4176 ) ;
#6887 = SURFACE_STYLE_FILL_AREA ( #8801 ) ;
#6888 = ORIENTED_EDGE ( 'NONE', *, *, #992, .F. ) ;
#6889 = FILL_AREA_STYLE ('',( #3456 ) ) ;
#6890 = MECHANICAL_DESIGN_GEOMETRIC_PRESENTATION_REPRESENTATION (  '', ( #4722 ), #11027 ) ;
#6891 = CARTESIAN_POINT ( 'NONE',  ( -1.986111111111112049, 2.450000000000002398, 2.499999999999999556 ) ) ;
#6892 = STYLED_ITEM ( 'NONE', ( #3523 ), #9020 ) ;
#6893 = FACE_OUTER_BOUND ( 'NONE', #10216, .T. ) ;
#6894 = VERTEX_POINT ( 'NONE', #5132 ) ;
#6895 = CARTESIAN_POINT ( 'NONE',  ( 7.770000000000000462, 0.000000000000000000, -0.6099999999999933253 ) ) ;
#6896 = EDGE_CURVE ( 'NONE', #8070, #6738, #10568, .T. ) ;
#6897 =( NAMED_UNIT ( * ) PLANE_ANGLE_UNIT ( ) SI_UNIT ( $, .RADIAN. ) );
#6898 = EDGE_CURVE ( 'NONE', #7490, #3293, #4356, .T. ) ;
#6899 = ORIENTED_EDGE ( 'NONE', *, *, #1398, .F. ) ;
#6900 = FILL_AREA_STYLE ('',( #10394 ) ) ;
#6901 = SURFACE_SIDE_STYLE ('',( #1752 ) ) ;
#6902 = MECHANICAL_DESIGN_GEOMETRIC_PRESENTATION_REPRESENTATION (  '', ( #7782 ), #4912 ) ;
#6903 = CARTESIAN_POINT ( 'NONE',  ( -5.529999999999998472, 0.000000000000000000, 3.809999999999999609 ) ) ;
#6904 = LINE ( 'NONE', #20, #8327 ) ;
#6905 = PRESENTATION_LAYER_ASSIGNMENT (  '', '', ( #8890 ) ) ;
#6906 = DIRECTION ( 'NONE',  ( 1.000000000000000000, 0.000000000000000000, 0.000000000000000000 ) ) ;
#6907 = ORIENTED_EDGE ( 'NONE', *, *, #10238, .F. ) ;
#6908 = EDGE_LOOP ( 'NONE', ( #2032, #9792, #10170, #5177 ) ) ;
#6909 = PRESENTATION_STYLE_ASSIGNMENT (( #84 ) ) ;
#6910 = FACE_OUTER_BOUND ( 'NONE', #9124, .T. ) ;
#6911 = DIRECTION ( 'NONE',  ( 0.000000000000000000, 0.000000000000000000, 1.000000000000000000 ) ) ;
#6912 = EDGE_CURVE ( 'NONE', #4127, #2540, #7799, .T. ) ;
#6913 = SURFACE_SIDE_STYLE ('',( #4200 ) ) ;
#6914 = DIRECTION ( 'NONE',  ( 0.000000000000000000, 0.000000000000000000, 1.000000000000000000 ) ) ;
#6915 = CARTESIAN_POINT ( 'NONE',  ( -8.000000000000007105, 1.600000000000000089, -8.000000000000000000 ) ) ;
#6916 = ORIENTED_EDGE ( 'NONE', *, *, #169, .T. ) ;
#6917 = PRESENTATION_LAYER_ASSIGNMENT (  '', '', ( #1899 ) ) ;
#6918 = FACE_OUTER_BOUND ( 'NONE', #7142, .T. ) ;
#6919 = ORIENTED_EDGE ( 'NONE', *, *, #4782, .T. ) ;
#6920 = EDGE_CURVE ( 'NONE', #9544, #4021, #3586, .T. ) ;
#6922 = ADVANCED_FACE ( 'NONE', ( #9545 ), #1973, .T. ) ;
#6921 = CARTESIAN_POINT ( 'NONE',  ( 6.499999999999999112, 1.600000000000000089, -1.079999999999997184 ) ) ;
#6923 =( GEOMETRIC_REPRESENTATION_CONTEXT ( 3 ) GLOBAL_UNCERTAINTY_ASSIGNED_CONTEXT ( ( #6767 ) ) GLOBAL_UNIT_ASSIGNED_CONTEXT ( ( #5308, #2972, #9832 ) ) REPRESENTATION_CONTEXT ( 'NONE', 'WORKASPACE' ) );
#6925 = SURFACE_STYLE_FILL_AREA ( #7756 ) ;
#6924 = FILL_AREA_STYLE ('',( #2657 ) ) ;
#6926 = SURFACE_STYLE_USAGE ( .BOTH. , #10420 ) ;
#6927 = SURFACE_STYLE_FILL_AREA ( #7978 ) ;
#6928 =( LENGTH_UNIT ( ) NAMED_UNIT ( * ) SI_UNIT ( .MILLI., .METRE. ) );
#6929 = DIRECTION ( 'NONE',  ( 0.7071067811865470176, -0.7071067811865479058, 0.000000000000000000 ) ) ;
#6930 = ADVANCED_FACE ( 'NONE', ( #9828 ), #4689, .F. ) ;
#6931 = CARTESIAN_POINT ( 'NONE',  ( -7.769999999999999574, -2.399999999999999911, -0.9700000000000029710 ) ) ;
#6932 = EDGE_CURVE ( 'NONE', #939, #9773, #1252, .T. ) ;
#6933 = ORIENTED_EDGE ( 'NONE', *, *, #434, .T. ) ;
#6934 = FACE_OUTER_BOUND ( 'NONE', #4372, .T. ) ;
#6935 = PRESENTATION_STYLE_ASSIGNMENT (( #8686 ) ) ;
#6936 = ORIENTED_EDGE ( 'NONE', *, *, #6656, .T. ) ;
#6937 = CIRCLE ( 'NONE', #4776, 1.749999999999999778 ) ;
#6938 =( NAMED_UNIT ( * ) SI_UNIT ( $, .STERADIAN. ) SOLID_ANGLE_UNIT ( ) );
#6939 = SURFACE_STYLE_FILL_AREA ( #6832 ) ;
#6940 = CARTESIAN_POINT ( 'NONE',  ( -6.199999999999999289, -7.649999999999995026, 2.240000000000000657 ) ) ;
#6941 = VECTOR ( 'NONE', #619, 1000.000000000000000 ) ;
#6942 = VECTOR ( 'NONE', #1491, 1000.000000000000000 ) ;
#6943 = FILL_AREA_STYLE_COLOUR ( '', #9747 ) ;
#6944 = PRESENTATION_LAYER_ASSIGNMENT (  '', '', ( #3007 ) ) ;
#6945 = CARTESIAN_POINT ( 'NONE',  ( -2.186111111111112226, 2.550000000000002043, -0.5000000000000004441 ) ) ;
#6946 = ORIENTED_EDGE ( 'NONE', *, *, #7054, .F. ) ;
#6947 =( LENGTH_UNIT ( ) NAMED_UNIT ( * ) SI_UNIT ( .MILLI., .METRE. ) );
#6948 =( NAMED_UNIT ( * ) SI_UNIT ( $, .STERADIAN. ) SOLID_ANGLE_UNIT ( ) );
#6949 = FACE_OUTER_BOUND ( 'NONE', #9984, .T. ) ;
#6950 = COLOUR_RGB ( '',0.8941176470588234615, 0.9137254901960784048, 0.9294117647058823817 ) ;
#6951 = VECTOR ( 'NONE', #4910, 1000.000000000000000 ) ;
#6952 = MECHANICAL_DESIGN_GEOMETRIC_PRESENTATION_REPRESENTATION (  '', ( #4957 ), #2295 ) ;
#6953 = FILL_AREA_STYLE_COLOUR ( '', #8789 ) ;
#6954 = ADVANCED_FACE ( 'NONE', ( #3871 ), #4750, .T. ) ;
#6955 = ORIENTED_EDGE ( 'NONE', *, *, #4528, .F. ) ;
#6956 = ORIENTED_EDGE ( 'NONE', *, *, #6074, .T. ) ;
#6957 = ORIENTED_EDGE ( 'NONE', *, *, #1607, .F. ) ;
#6958 = DIRECTION ( 'NONE',  ( -0.000000000000000000, 1.000000000000000000, -0.000000000000000000 ) ) ;
#6959 = CARTESIAN_POINT ( 'NONE',  ( 6.200000000000000178, -2.399999999999999911, 3.200000000000005063 ) ) ;
#6960 = DIRECTION ( 'NONE',  ( 0.000000000000000000, -0.000000000000000000, 1.000000000000000000 ) ) ;
#6961 = ORIENTED_EDGE ( 'NONE', *, *, #2771, .T. ) ;
#6962 = VECTOR ( 'NONE', #9751, 1000.000000000000114 ) ;
#6963 = DIRECTION ( 'NONE',  ( 5.421010862427522170E-17, -0.000000000000000000, 1.000000000000000000 ) ) ;
#6964 = LINE ( 'NONE', #146, #5420 ) ;
#6965 = EDGE_LOOP ( 'NONE', ( #5318, #10970, #3384, #7608 ) ) ;
#6966 = ADVANCED_FACE ( 'NONE', ( #2356 ), #9316, .F. ) ;
#6967 = STYLED_ITEM ( 'NONE', ( #6454 ), #1337 ) ;
#6968 = COLOUR_RGB ( '',1.000000000000000000, 0.9372549019607843146, 0.1372549019607843257 ) ;
#6969 = STYLED_ITEM ( 'NONE', ( #9710 ), #4681 ) ;
#6970 = FILL_AREA_STYLE ('',( #2871 ) ) ;
#6971 = ORIENTED_EDGE ( 'NONE', *, *, #9782, .T. ) ;
#6972 = DIRECTION ( 'NONE',  ( 1.138412281109778670E-15, -0.000000000000000000, 1.000000000000000000 ) ) ;
#6973 = SURFACE_STYLE_FILL_AREA ( #8776 ) ;
#6974 = DIRECTION ( 'NONE',  ( 1.000000000000000000, 0.000000000000000000, 0.000000000000000000 ) ) ;
#6975 = CARTESIAN_POINT ( 'NONE',  ( -1.986111111111110716, 2.550000000000002043, -0.5000000000000004441 ) ) ;
#6976 = DIRECTION ( 'NONE',  ( -0.4014883995042272113, -0.8231732078530423768, -0.4014883995042272113 ) ) ;
#6977 = UNCERTAINTY_MEASURE_WITH_UNIT (LENGTH_MEASURE( 1.000000000000000082E-05 ), #10320, 'distance_accuracy_value', 'NONE');
#6978 = VECTOR ( 'NONE', #1184, 1000.000000000000341 ) ;
#6979 = EDGE_CURVE ( 'NONE', #5171, #8537, #7187, .T. ) ;
#6980 = FILL_AREA_STYLE ('',( #3554 ) ) ;
#6981 = ORIENTED_EDGE ( 'NONE', *, *, #7433, .T. ) ;
#6982 = EDGE_CURVE ( 'NONE', #5947, #8083, #9266, .T. ) ;
#6983 =( NAMED_UNIT ( * ) SI_UNIT ( $, .STERADIAN. ) SOLID_ANGLE_UNIT ( ) );
#6984 =( GEOMETRIC_REPRESENTATION_CONTEXT ( 3 ) GLOBAL_UNCERTAINTY_ASSIGNED_CONTEXT ( ( #9579 ) ) GLOBAL_UNIT_ASSIGNED_CONTEXT ( ( #1022, #6143, #1071 ) ) REPRESENTATION_CONTEXT ( 'NONE', 'WORKASPACE' ) );
#6985 = DIRECTION ( 'NONE',  ( -0.7071067811865505703, 0.000000000000000000, -0.7071067811865444641 ) ) ;
#6986 = FACE_OUTER_BOUND ( 'NONE', #6409, .T. ) ;
#6987 = LINE ( 'NONE', #1839, #7376 ) ;
#6988 = UNCERTAINTY_MEASURE_WITH_UNIT (LENGTH_MEASURE( 1.000000000000000082E-05 ), #7416, 'distance_accuracy_value', 'NONE');
#6989 = VERTEX_POINT ( 'NONE', #4918 ) ;
#6990 = CARTESIAN_POINT ( 'NONE',  ( 2.186111111111113114, 2.550000000000002487, -1.000000000000000444 ) ) ;
#6991 = ADVANCED_FACE ( 'NONE', ( #5699 ), #6784, .T. ) ;
#6992 = EDGE_CURVE ( 'NONE', #550, #7292, #1959, .T. ) ;
#6993 =( NAMED_UNIT ( * ) SI_UNIT ( $, .STERADIAN. ) SOLID_ANGLE_UNIT ( ) );
#6994 = ORIENTED_EDGE ( 'NONE', *, *, #519, .F. ) ;
#6995 = SURFACE_STYLE_USAGE ( .BOTH. , #962 ) ;
#6996 = AXIS2_PLACEMENT_3D ( 'NONE', #1420, #590, #1197 ) ;
#6997 = SURFACE_STYLE_USAGE ( .BOTH. , #10269 ) ;
#6998 =( NAMED_UNIT ( * ) PLANE_ANGLE_UNIT ( ) SI_UNIT ( $, .RADIAN. ) );
#6999 = VERTEX_POINT ( 'NONE', #906 ) ;
#7000 = CARTESIAN_POINT ( 'NONE',  ( 7.470000000000000639, -2.399999999999999911, -0.3099999999999951683 ) ) ;
#7001 = LINE ( 'NONE', #1904, #11036 ) ;
#7002 = VECTOR ( 'NONE', #6512, 1000.000000000000000 ) ;
#7003 = SURFACE_SIDE_STYLE ('',( #3462 ) ) ;
#7004 = FILL_AREA_STYLE_COLOUR ( '', #572 ) ;
#7005 = ORIENTED_EDGE ( 'NONE', *, *, #8276, .F. ) ;
#7006 = CARTESIAN_POINT ( 'NONE',  ( -7.769999999999999574, -2.399999999999999911, 0.9700000000000029710 ) ) ;
#7007 = EDGE_CURVE ( 'NONE', #550, #1495, #4446, .T. ) ;
#7008 = SURFACE_STYLE_FILL_AREA ( #2687 ) ;
#7009 = CARTESIAN_POINT ( 'NONE',  ( -5.529999999999998472, -2.399999999999999911, -3.810000000000000941 ) ) ;
#7010 = PLANE ( 'NONE',  #747 ) ;
#7011 = VERTEX_POINT ( 'NONE', #7784 ) ;
#7012 = ORIENTED_EDGE ( 'NONE', *, *, #9201, .F. ) ;
#7013 = DIRECTION ( 'NONE',  ( 1.334402673828314621E-15, -0.000000000000000000, 1.000000000000000000 ) ) ;
#7014 = SURFACE_STYLE_FILL_AREA ( #10463 ) ;
#7015 = CARTESIAN_POINT ( 'NONE',  ( 3.031990237815518796, 1.704120873295593919, -2.000000000000000888 ) ) ;
#7016 = VERTEX_POINT ( 'NONE', #10388 ) ;
#7017 = DIRECTION ( 'NONE',  ( -0.7071067811865480168, 0.000000000000000000, -0.7071067811865470176 ) ) ;
#7018 = MECHANICAL_DESIGN_GEOMETRIC_PRESENTATION_REPRESENTATION (  '', ( #8082 ), #1313 ) ;
#7019 = FACE_OUTER_BOUND ( 'NONE', #592, .T. ) ;
#7020 = ORIENTED_EDGE ( 'NONE', *, *, #2237, .F. ) ;
#7021 =( GEOMETRIC_REPRESENTATION_CONTEXT ( 3 ) GLOBAL_UNCERTAINTY_ASSIGNED_CONTEXT ( ( #159 ) ) GLOBAL_UNIT_ASSIGNED_CONTEXT ( ( #2230, #9088, #5416 ) ) REPRESENTATION_CONTEXT ( 'NONE', 'WORKASPACE' ) );
#7022 = PLANE ( 'NONE',  #4083 ) ;
#7023 =( NAMED_UNIT ( * ) SI_UNIT ( $, .STERADIAN. ) SOLID_ANGLE_UNIT ( ) );
#7024 = VERTEX_POINT ( 'NONE', #7000 ) ;
#7025 =( NAMED_UNIT ( * ) SI_UNIT ( $, .STERADIAN. ) SOLID_ANGLE_UNIT ( ) );
#7026 = FILL_AREA_STYLE_COLOUR ( '', #1437 ) ;
#7027 =( GEOMETRIC_REPRESENTATION_CONTEXT ( 3 ) GLOBAL_UNCERTAINTY_ASSIGNED_CONTEXT ( ( #5609 ) ) GLOBAL_UNIT_ASSIGNED_CONTEXT ( ( #6465, #1170, #8047 ) ) REPRESENTATION_CONTEXT ( 'NONE', 'WORKASPACE' ) );
#7029 = EDGE_CURVE ( 'NONE', #6559, #5344, #4393, .T. ) ;
#7028 = CARTESIAN_POINT ( 'NONE',  ( 6.085188461953734418, -9.115580842461461941, 3.085188461953739747 ) ) ;
#7030 = AXIS2_PLACEMENT_3D ( 'NONE', #6588, #5671, #4103 ) ;
#7031 = COLOUR_RGB ( '',0.8313725490196077761, 0.6705882352941175961, 0.1294117647058823373 ) ;
#7032 = STYLED_ITEM ( 'NONE', ( #6133 ), #10424 ) ;
#7033 = CARTESIAN_POINT ( 'NONE',  ( -7.769999999999999574, 0.000000000000000000, 1.569999999999997176 ) ) ;
#7034 = STYLED_ITEM ( 'NONE', ( #6935 ), #2650 ) ;
#7035 = ORIENTED_EDGE ( 'NONE', *, *, #9352, .F. ) ;
#7036 = DIRECTION ( 'NONE',  ( 0.000000000000000000, -1.000000000000000000, 0.000000000000000000 ) ) ;
#7037 = SURFACE_SIDE_STYLE ('',( #9468 ) ) ;
#7038 = AXIS2_PLACEMENT_3D ( 'NONE', #5904, #9294, #7697 ) ;
#7039 =( NAMED_UNIT ( * ) PLANE_ANGLE_UNIT ( ) SI_UNIT ( $, .RADIAN. ) );
#7041 = ORIENTED_EDGE ( 'NONE', *, *, #1573, .F. ) ;
#7040 = VECTOR ( 'NONE', #9209, 1000.000000000000114 ) ;
#7042 = CARTESIAN_POINT ( 'NONE',  ( 0.6500000000000000222, 1.600000000000000089, 8.000000000000000000 ) ) ;
#7043 = STYLED_ITEM ( 'NONE', ( #7966 ), #2130 ) ;
#7044 = CARTESIAN_POINT ( 'NONE',  ( 6.800000000000052225, -7.649999999999998579, -1.879999999999995453 ) ) ;
#7045 = LINE ( 'NONE', #10499, #2562 ) ;
#7046 = VECTOR ( 'NONE', #1147, 1000.000000000000227 ) ;
#7047 =( LENGTH_UNIT ( ) NAMED_UNIT ( * ) SI_UNIT ( .MILLI., .METRE. ) );
#7048 = EDGE_LOOP ( 'NONE', ( #9764, #6351 ) ) ;
#7049 =( LENGTH_UNIT ( ) NAMED_UNIT ( * ) SI_UNIT ( .MILLI., .METRE. ) );
#7050 = ORIENTED_EDGE ( 'NONE', *, *, #1935, .F. ) ;
#7051 =( NAMED_UNIT ( * ) PLANE_ANGLE_UNIT ( ) SI_UNIT ( $, .RADIAN. ) );
#7052 = PRESENTATION_LAYER_ASSIGNMENT (  '', '', ( #8126 ) ) ;
#7053 = ORIENTED_EDGE ( 'NONE', *, *, #6076, .F. ) ;
#7054 = EDGE_CURVE ( 'NONE', #1659, #4314, #9427, .T. ) ;
#7055 = FILL_AREA_STYLE_COLOUR ( '', #3788 ) ;
#7056 = EDGE_CURVE ( 'NONE', #5283, #9773, #123, .T. ) ;
#7057 = VECTOR ( 'NONE', #4642, 1000.000000000000114 ) ;
#7058 = SURFACE_STYLE_USAGE ( .BOTH. , #182 ) ;
#7059 = FACE_OUTER_BOUND ( 'NONE', #6908, .T. ) ;
#7060 = DIRECTION ( 'NONE',  ( -1.000000000000000000, 0.000000000000000000, 0.000000000000000000 ) ) ;
#7061 = CARTESIAN_POINT ( 'NONE',  ( 9.499999999999996447, 1.600000000000000089, -11.50000000000000000 ) ) ;
#7062 = ORIENTED_EDGE ( 'NONE', *, *, #11085, .T. ) ;
#7063 = CARTESIAN_POINT ( 'NONE',  ( 0.000000000000000000, -7.899999999999999467, 0.7819331471414698864 ) ) ;
#7064 = LINE ( 'NONE', #10510, #10092 ) ;
#7065 = FILL_AREA_STYLE ('',( #1076 ) ) ;
#7066 = COLOUR_RGB ( '',0.8941176470588234615, 0.9137254901960784048, 0.9294117647058823817 ) ;
#7067 = LINE ( 'NONE', #8818, #2344 ) ;
#7068 = CARTESIAN_POINT ( 'NONE',  ( -6.799999999999998934, -2.399999999999999911, 2.239999999999999769 ) ) ;
#7069 = ORIENTED_EDGE ( 'NONE', *, *, #9873, .F. ) ;
#7070 = STYLED_ITEM ( 'NONE', ( #3111 ), #2959 ) ;
#7071 = EDGE_CURVE ( 'NONE', #5469, #9356, #3403, .T. ) ;
#7072 = VERTEX_POINT ( 'NONE', #10275 ) ;
#7073 = LINE ( 'NONE', #3478, #9210 ) ;
#7074 = FACE_BOUND ( 'NONE', #1609, .T. ) ;
#7075 = CARTESIAN_POINT ( 'NONE',  ( 5.229999999999997762, -2.399999999999999911, 2.530000000000002469 ) ) ;
#7076 =( NAMED_UNIT ( * ) SI_UNIT ( $, .STERADIAN. ) SOLID_ANGLE_UNIT ( ) );
#7077 = SURFACE_STYLE_FILL_AREA ( #3658 ) ;
#7078 = ORIENTED_EDGE ( 'NONE', *, *, #9531, .F. ) ;
#7079 = CARTESIAN_POINT ( 'NONE',  ( -7.469999999999999751, -2.399999999999999911, 3.809999999999999609 ) ) ;
#7080 = AXIS2_PLACEMENT_3D ( 'NONE', #3674, #5337, #9575 ) ;
#7081 =( NAMED_UNIT ( * ) PLANE_ANGLE_UNIT ( ) SI_UNIT ( $, .RADIAN. ) );
#7082 = LINE ( 'NONE', #156, #11092 ) ;
#7083 = FILL_AREA_STYLE ('',( #3667 ) ) ;
#7084 = CARTESIAN_POINT ( 'NONE',  ( -1.986111111111112049, 2.450000000000001954, 0.4999999999999995559 ) ) ;
#7085 = UNCERTAINTY_MEASURE_WITH_UNIT (LENGTH_MEASURE( 1.000000000000000082E-05 ), #9959, 'distance_accuracy_value', 'NONE');
#7086 = CARTESIAN_POINT ( 'NONE',  ( 2.000000000000000000, 2.500000000000001332, -1.000000000000004441 ) ) ;
#7087 = ORIENTED_EDGE ( 'NONE', *, *, #6657, .F. ) ;
#7088 =( LENGTH_UNIT ( ) NAMED_UNIT ( * ) SI_UNIT ( .MILLI., .METRE. ) );
#7089 = EDGE_CURVE ( 'NONE', #1811, #6999, #13, .T. ) ;
#7090 =( LENGTH_UNIT ( ) NAMED_UNIT ( * ) SI_UNIT ( .MILLI., .METRE. ) );
#7091 = SURFACE_STYLE_FILL_AREA ( #8974 ) ;
#7092 =( NAMED_UNIT ( * ) PLANE_ANGLE_UNIT ( ) SI_UNIT ( $, .RADIAN. ) );
#7093 = DIRECTION ( 'NONE',  ( 0.7071067811865465735, 0.7071067811865483499, -0.000000000000000000 ) ) ;
#7094 = UNCERTAINTY_MEASURE_WITH_UNIT (LENGTH_MEASURE( 1.000000000000000082E-05 ), #7899, 'distance_accuracy_value', 'NONE');
#7095 = LINE ( 'NONE', #10544, #2834 ) ;
#7096 = UNCERTAINTY_MEASURE_WITH_UNIT (LENGTH_MEASURE( 1.000000000000000082E-05 ), #3890, 'distance_accuracy_value', 'NONE');
#7097 = LINE ( 'NONE', #7044, #9761 ) ;
#7098 = FACE_OUTER_BOUND ( 'NONE', #4149, .T. ) ;
#7099 = FACE_OUTER_BOUND ( 'NONE', #2416, .T. ) ;
#7100 =( NAMED_UNIT ( * ) PLANE_ANGLE_UNIT ( ) SI_UNIT ( $, .RADIAN. ) );
#7101 = VERTEX_POINT ( 'NONE', #2626 ) ;
#7102 = COLOUR_RGB ( '',0.8313725490196077761, 0.6705882352941175961, 0.1294117647058823373 ) ;
#7103 = PRESENTATION_STYLE_ASSIGNMENT (( #7944 ) ) ;
#7104 = EDGE_CURVE ( 'NONE', #2856, #5096, #2577, .T. ) ;
#7105 = CARTESIAN_POINT ( 'NONE',  ( -6.799999999999945643, -2.399999999999999911, -2.840000000000000302 ) ) ;
#7106 = LINE ( 'NONE', #6940, #6538 ) ;
#7107 = FILL_AREA_STYLE_COLOUR ( '', #5591 ) ;
#7108 = SURFACE_STYLE_USAGE ( .BOTH. , #3688 ) ;
#7109 =( GEOMETRIC_REPRESENTATION_CONTEXT ( 3 ) GLOBAL_UNCERTAINTY_ASSIGNED_CONTEXT ( ( #2507 ) ) GLOBAL_UNIT_ASSIGNED_CONTEXT ( ( #2723, #10330, #10382 ) ) REPRESENTATION_CONTEXT ( 'NONE', 'WORKASPACE' ) );
#7110 = ORIENTED_EDGE ( 'NONE', *, *, #580, .F. ) ;
#7111 = SURFACE_STYLE_USAGE ( .BOTH. , #9821 ) ;
#7112 =( LENGTH_UNIT ( ) NAMED_UNIT ( * ) SI_UNIT ( .MILLI., .METRE. ) );
#7113 = EDGE_CURVE ( 'NONE', #6492, #5125, #6035, .T. ) ;
#7115 = ADVANCED_FACE ( 'NONE', ( #7828 ), #8741, .T. ) ;
#7114 = DIRECTION ( 'NONE',  ( 0.000000000000000000, 1.000000000000000000, 0.000000000000000000 ) ) ;
#7116 = ORIENTED_EDGE ( 'NONE', *, *, #2379, .F. ) ;
#7117 = VERTEX_POINT ( 'NONE', #7105 ) ;
#7118 = PRESENTATION_LAYER_ASSIGNMENT (  '', '', ( #5862 ) ) ;
#7119 = DIRECTION ( 'NONE',  ( -0.7071067811865474617, 0.000000000000000000, -0.7071067811865474617 ) ) ;
#7120 = ORIENTED_EDGE ( 'NONE', *, *, #8592, .T. ) ;
#7121 = CARTESIAN_POINT ( 'NONE',  ( 3.949999999999997957, 2.100000000000000089, -4.500000000000005329 ) ) ;
#7122 = FACE_OUTER_BOUND ( 'NONE', #3431, .T. ) ;
#7123 = SURFACE_STYLE_FILL_AREA ( #2198 ) ;
#7124 = CARTESIAN_POINT ( 'NONE',  ( 7.770000000000000462, -2.399999999999999911, -0.6099999999999933253 ) ) ;
#7125 = DIRECTION ( 'NONE',  ( 0.000000000000000000, 0.000000000000000000, 1.000000000000000000 ) ) ;
#7126 = EDGE_CURVE ( 'NONE', #7660, #5522, #5574, .T. ) ;
#7127 = ADVANCED_FACE ( 'NONE', ( #6425 ), #2076, .T. ) ;
#7128 = ORIENTED_EDGE ( 'NONE', *, *, #8919, .F. ) ;
#7129 = ORIENTED_EDGE ( 'NONE', *, *, #5804, .F. ) ;
#7130 = FACE_OUTER_BOUND ( 'NONE', #5290, .T. ) ;
#7131 = EDGE_CURVE ( 'NONE', #9544, #6460, #3011, .T. ) ;
#7132 = LINE ( 'NONE', #10580, #5728 ) ;
#7133 = EDGE_LOOP ( 'NONE', ( #3915, #9893, #8445, #239 ) ) ;
#7134 = AXIS2_PLACEMENT_3D ( 'NONE', #9253, #1737, #897 ) ;
#7135 = PRESENTATION_LAYER_ASSIGNMENT (  '', '', ( #5331 ) ) ;
#7136 =( NAMED_UNIT ( * ) SI_UNIT ( $, .STERADIAN. ) SOLID_ANGLE_UNIT ( ) );
#7137 = DIRECTION ( 'NONE',  ( 0.000000000000000000, 0.000000000000000000, 1.000000000000000000 ) ) ;
#7138 = DIRECTION ( 'NONE',  ( -0.000000000000000000, 1.000000000000000000, -0.000000000000000000 ) ) ;
#7139 = EDGE_CURVE ( 'NONE', #10066, #4610, #7946, .T. ) ;
#7140 = VERTEX_POINT ( 'NONE', #5526 ) ;
#7141 = PRESENTATION_LAYER_ASSIGNMENT (  '', '', ( #8593 ) ) ;
#7142 = EDGE_LOOP ( 'NONE', ( #1742, #8356, #8408, #4679 ) ) ;
#7143 = EDGE_LOOP ( 'NONE', ( #10464, #10134, #3510, #384 ) ) ;
#7144 = ORIENTED_EDGE ( 'NONE', *, *, #1045, .T. ) ;
#7145 = DIRECTION ( 'NONE',  ( -0.7071067811865450192, 0.000000000000000000, 0.7071067811865500152 ) ) ;
#7146 = DIRECTION ( 'NONE',  ( 0.000000000000000000, 0.000000000000000000, -1.000000000000000000 ) ) ;
#7147 = VECTOR ( 'NONE', #1406, 1000.000000000000000 ) ;
#7148 =( GEOMETRIC_REPRESENTATION_CONTEXT ( 3 ) GLOBAL_UNCERTAINTY_ASSIGNED_CONTEXT ( ( #8676 ) ) GLOBAL_UNIT_ASSIGNED_CONTEXT ( ( #8792, #10288, #10225 ) ) REPRESENTATION_CONTEXT ( 'NONE', 'WORKASPACE' ) );
#7149 = FACE_OUTER_BOUND ( 'NONE', #5438, .T. ) ;
#7150 =( NAMED_UNIT ( * ) SI_UNIT ( $, .STERADIAN. ) SOLID_ANGLE_UNIT ( ) );
#7151 = FILL_AREA_STYLE ('',( #1229 ) ) ;
#7152 = DIRECTION ( 'NONE',  ( 0.000000000000000000, 0.000000000000000000, 1.000000000000000000 ) ) ;
#7153 = DIRECTION ( 'NONE',  ( 0.000000000000000000, 0.000000000000000000, -1.000000000000000000 ) ) ;
#7154 = LINE ( 'NONE', #10603, #1610 ) ;
#7155 = DIRECTION ( 'NONE',  ( 1.000000000000000000, 0.000000000000000000, 0.000000000000000000 ) ) ;
#7156 = ORIENTED_EDGE ( 'NONE', *, *, #3187, .T. ) ;
#7157 = VECTOR ( 'NONE', #6045, 1000.000000000000000 ) ;
#7158 = CARTESIAN_POINT ( 'NONE',  ( 5.529999999999995808, 0.000000000000000000, -2.849999999999995204 ) ) ;
#7159 = ORIENTED_EDGE ( 'NONE', *, *, #9758, .T. ) ;
#7160 = CARTESIAN_POINT ( 'NONE',  ( -6.678066852858479230, -7.899999999999999467, 0.000000000000000000 ) ) ;
#7161 = SURFACE_SIDE_STYLE ('',( #9813 ) ) ;
#7162 =( NAMED_UNIT ( * ) SI_UNIT ( $, .STERADIAN. ) SOLID_ANGLE_UNIT ( ) );
#7163 = CARTESIAN_POINT ( 'NONE',  ( -6.500000000000000000, 2.600000000000000089, 0.000000000000000000 ) ) ;
#7164 = VERTEX_POINT ( 'NONE', #6481 ) ;
#7165 = EDGE_CURVE ( 'NONE', #6090, #9703, #10610, .T. ) ;
#7166 = CARTESIAN_POINT ( 'NONE',  ( -6.799999999999998934, -7.649999999999995026, 2.839999999999999858 ) ) ;
#7167 = EDGE_CURVE ( 'NONE', #7843, #10425, #7322, .T. ) ;
#7168 = SURFACE_STYLE_USAGE ( .BOTH. , #5585 ) ;
#7169 = EDGE_LOOP ( 'NONE', ( #10120, #4905, #8691, #7788 ) ) ;
#7170 =( GEOMETRIC_REPRESENTATION_CONTEXT ( 3 ) GLOBAL_UNCERTAINTY_ASSIGNED_CONTEXT ( ( #5271 ) ) GLOBAL_UNIT_ASSIGNED_CONTEXT ( ( #4464, #267, #9778 ) ) REPRESENTATION_CONTEXT ( 'NONE', 'WORKASPACE' ) );
#7171 =( NAMED_UNIT ( * ) SI_UNIT ( $, .STERADIAN. ) SOLID_ANGLE_UNIT ( ) );
#7172 =( NAMED_UNIT ( * ) PLANE_ANGLE_UNIT ( ) SI_UNIT ( $, .RADIAN. ) );
#7173 = VERTEX_POINT ( 'NONE', #6248 ) ;
#7174 = SURFACE_STYLE_FILL_AREA ( #374 ) ;
#7175 = PRESENTATION_STYLE_ASSIGNMENT (( #3758 ) ) ;
#7176 = FILL_AREA_STYLE_COLOUR ( '', #5276 ) ;
#7177 = DIRECTION ( 'NONE',  ( -0.000000000000000000, -0.000000000000000000, -1.000000000000000000 ) ) ;
#7178 = LINE ( 'NONE', #6444, #3376 ) ;
#7179 = DIRECTION ( 'NONE',  ( 0.000000000000000000, 0.000000000000000000, 1.000000000000000000 ) ) ;
#7180 = LINE ( 'NONE', #5651, #4174 ) ;
#7181 = VERTEX_POINT ( 'NONE', #4738 ) ;
#7182 = ORIENTED_EDGE ( 'NONE', *, *, #434, .F. ) ;
#7183 = SURFACE_SIDE_STYLE ('',( #2980 ) ) ;
#7184 = SURFACE_STYLE_USAGE ( .BOTH. , #8955 ) ;
#7185 = CARTESIAN_POINT ( 'NONE',  ( 0.6499999999999982458, 1.600000000000000089, -4.500000000000003553 ) ) ;
#7186 = SURFACE_STYLE_USAGE ( .BOTH. , #3773 ) ;
#7187 = CIRCLE ( 'NONE', #9361, 0.5000000000000013323 ) ;
#7188 = ADVANCED_FACE ( 'NONE', ( #3900 ), #6313, .T. ) ;
#7189 = LINE ( 'NONE', #4651, #729 ) ;
#7190 = ADVANCED_FACE ( 'NONE', ( #7369 ), #7540, .F. ) ;
#7191 = STYLED_ITEM ( 'NONE', ( #8202 ), #10067 ) ;
#7192 = UNCERTAINTY_MEASURE_WITH_UNIT (LENGTH_MEASURE( 1.000000000000000082E-05 ), #486, 'distance_accuracy_value', 'NONE');
#7193 = SURFACE_SIDE_STYLE ('',( #1394 ) ) ;
#7194 = COLOUR_RGB ( '',0.8313725490196077761, 0.6705882352941175961, 0.1294117647058823373 ) ;
#7195 = VECTOR ( 'NONE', #10029, 999.9999999999998863 ) ;
#7196 = VERTEX_POINT ( 'NONE', #6725 ) ;
#7197 = PRESENTATION_LAYER_ASSIGNMENT (  '', '', ( #5211 ) ) ;
#7198 = DIRECTION ( 'NONE',  ( 0.000000000000000000, 0.000000000000000000, 1.000000000000000000 ) ) ;
#7199 = SURFACE_STYLE_USAGE ( .BOTH. , #5508 ) ;
#7200 = PLANE ( 'NONE',  #6480 ) ;
#7201 = ADVANCED_FACE ( 'NONE', ( #688 ), #4141, .T. ) ;
#7202 = LINE ( 'NONE', #7310, #10145 ) ;
#7203 = PRESENTATION_LAYER_ASSIGNMENT (  '', '', ( #4327 ) ) ;
#7204 = CARTESIAN_POINT ( 'NONE',  ( -5.229999999999998650, 0.000000000000000000, -1.569999999999998064 ) ) ;
#7205 = UNCERTAINTY_MEASURE_WITH_UNIT (LENGTH_MEASURE( 1.000000000000000082E-05 ), #7505, 'distance_accuracy_value', 'NONE');
#7206 = PRESENTATION_LAYER_ASSIGNMENT (  '', '', ( #7032 ) ) ;
#7207 = UNCERTAINTY_MEASURE_WITH_UNIT (LENGTH_MEASURE( 1.000000000000000082E-05 ), #9711, 'distance_accuracy_value', 'NONE');
#7208 = LINE ( 'NONE', #1950, #2056 ) ;
#7209 = LINE ( 'NONE', #5625, #7381 ) ;
#7210 = STYLED_ITEM ( 'NONE', ( #943 ), #2048 ) ;
#7211 = SURFACE_STYLE_FILL_AREA ( #4607 ) ;
#7212 = VERTEX_POINT ( 'NONE', #8288 ) ;
#7213 = FILL_AREA_STYLE_COLOUR ( '', #6380 ) ;
#7214 = ORIENTED_EDGE ( 'NONE', *, *, #10897, .F. ) ;
#7215 = AXIS2_PLACEMENT_3D ( 'NONE', #1691, #3241, #5077 ) ;
#7216 = SURFACE_STYLE_FILL_AREA ( #4611 ) ;
#7217 = CIRCLE ( 'NONE', #6864, 2.000000000000000000 ) ;
#7218 =( NAMED_UNIT ( * ) SI_UNIT ( $, .STERADIAN. ) SOLID_ANGLE_UNIT ( ) );
#7219 = DIRECTION ( 'NONE',  ( 0.000000000000000000, 0.000000000000000000, 1.000000000000000000 ) ) ;
#7220 = ORIENTED_EDGE ( 'NONE', *, *, #6265, .T. ) ;
#7221 =( LENGTH_UNIT ( ) NAMED_UNIT ( * ) SI_UNIT ( .MILLI., .METRE. ) );
#7222 = DIRECTION ( 'NONE',  ( -0.000000000000000000, 1.000000000000000000, -0.000000000000000000 ) ) ;
#7223 = CARTESIAN_POINT ( 'NONE',  ( 0.000000000000000000, -7.899999999999999467, -2.718066852858533888 ) ) ;
#7224 = LINE ( 'NONE', #5354, #3117 ) ;
#7225 = PRESENTATION_STYLE_ASSIGNMENT (( #425 ) ) ;
#7226 = DIRECTION ( 'NONE',  ( 0.7071067811865485719, 0.000000000000000000, -0.7071067811865465735 ) ) ;
#7227 = ORIENTED_EDGE ( 'NONE', *, *, #2320, .T. ) ;
#7228 = ORIENTED_EDGE ( 'NONE', *, *, #10971, .F. ) ;
#7229 = PRESENTATION_STYLE_ASSIGNMENT (( #2969 ) ) ;
#7230 = SURFACE_STYLE_USAGE ( .BOTH. , #9717 ) ;
#7231 = VERTEX_POINT ( 'NONE', #6544 ) ;
#7232 = EDGE_CURVE ( 'NONE', #2221, #1820, #10942, .T. ) ;
#7233 = SURFACE_STYLE_USAGE ( .BOTH. , #3817 ) ;
#7234 = DIRECTION ( 'NONE',  ( -0.7071067811865474617, 0.000000000000000000, -0.7071067811865474617 ) ) ;
#7235 = DIRECTION ( 'NONE',  ( 0.000000000000000000, 0.000000000000000000, -1.000000000000000000 ) ) ;
#7236 = CARTESIAN_POINT ( 'NONE',  ( 1.212034383954153416, -0.3366762177650429733, -11.50000000000000000 ) ) ;
#7237 = FACE_OUTER_BOUND ( 'NONE', #8617, .T. ) ;
#7238 = COLOUR_RGB ( '',0.8313725490196077761, 0.6705882352941175961, 0.1294117647058823373 ) ;
#7239 = FILL_AREA_STYLE_COLOUR ( '', #5425 ) ;
#7240 = DIRECTION ( 'NONE',  ( 0.000000000000000000, 1.000000000000000000, 0.000000000000000000 ) ) ;
#7241 = SURFACE_STYLE_FILL_AREA ( #4758 ) ;
#7242 = VERTEX_POINT ( 'NONE', #2345 ) ;
#7243 = ORIENTED_EDGE ( 'NONE', *, *, #10775, .F. ) ;
#7244 = DIRECTION ( 'NONE',  ( -1.000000000000000000, 0.000000000000000000, 0.000000000000000000 ) ) ;
#7245 = ORIENTED_EDGE ( 'NONE', *, *, #6401, .F. ) ;
#7246 =( GEOMETRIC_REPRESENTATION_CONTEXT ( 3 ) GLOBAL_UNCERTAINTY_ASSIGNED_CONTEXT ( ( #10597 ) ) GLOBAL_UNIT_ASSIGNED_CONTEXT ( ( #8505, #4208, #2597 ) ) REPRESENTATION_CONTEXT ( 'NONE', 'WORKASPACE' ) );
#7247 = ORIENTED_EDGE ( 'NONE', *, *, #768, .F. ) ;
#7248 = EDGE_CURVE ( 'NONE', #9973, #2570, #2197, .T. ) ;
#7249 =( NAMED_UNIT ( * ) SI_UNIT ( $, .STERADIAN. ) SOLID_ANGLE_UNIT ( ) );
#7250 = CARTESIAN_POINT ( 'NONE',  ( 6.200000000000000178, -7.899999999999999467, 3.800000000000004707 ) ) ;
#7251 = AXIS2_PLACEMENT_3D ( 'NONE', #8116, #10611, #6314 ) ;
#7252 = FACE_OUTER_BOUND ( 'NONE', #10841, .T. ) ;
#7254 = EDGE_CURVE ( 'NONE', #4330, #3310, #2895, .T. ) ;
#7253 = FACE_OUTER_BOUND ( 'NONE', #10094, .T. ) ;
#7255 = EDGE_CURVE ( 'NONE', #6698, #5283, #8464, .T. ) ;
#7256 = ORIENTED_EDGE ( 'NONE', *, *, #9678, .F. ) ;
#7257 = ORIENTED_EDGE ( 'NONE', *, *, #8441, .F. ) ;
#7258 = AXIS2_PLACEMENT_3D ( 'NONE', #3284, #9147, #5856 ) ;
#7259 = CARTESIAN_POINT ( 'NONE',  ( 6.799999999999999822, -7.649999999999995026, 3.200000000000005063 ) ) ;
#7260 = COLOUR_RGB ( '',0.8313725490196077761, 0.6705882352941175961, 0.1294117647058823373 ) ;
#7261 = LINE ( 'NONE', #8211, #3864 ) ;
#7262 = LINE ( 'NONE', #9079, #7918 ) ;
#7263 = DIRECTION ( 'NONE',  ( -1.000000000000000000, -0.000000000000000000, -0.000000000000000000 ) ) ;
#7264 = PLANE ( 'NONE',  #7750 ) ;
#7265 = LINE ( 'NONE', #9914, #9673 ) ;
#7266 = VERTEX_POINT ( 'NONE', #577 ) ;
#7267 = DIRECTION ( 'NONE',  ( 0.000000000000000000, 1.000000000000000000, 0.000000000000000000 ) ) ;
#7268 = EDGE_CURVE ( 'NONE', #6336, #3415, #791, .T. ) ;
#7269 = VERTEX_POINT ( 'NONE', #6602 ) ;
#7270 = LINE ( 'NONE', #10723, #5568 ) ;
#7271 = DIRECTION ( 'NONE',  ( 0.000000000000000000, 0.000000000000000000, 1.000000000000000000 ) ) ;
#7272 = EDGE_CURVE ( 'NONE', #6460, #10979, #8351, .T. ) ;
#7273 = VECTOR ( 'NONE', #511, 999.9999999999998863 ) ;
#7274 = FILL_AREA_STYLE ('',( #4674 ) ) ;
#7275 =( NAMED_UNIT ( * ) SI_UNIT ( $, .STERADIAN. ) SOLID_ANGLE_UNIT ( ) );
#7276 = SURFACE_STYLE_FILL_AREA ( #2283 ) ;
#7277 =( NAMED_UNIT ( * ) SI_UNIT ( $, .STERADIAN. ) SOLID_ANGLE_UNIT ( ) );
#7278 = ORIENTED_EDGE ( 'NONE', *, *, #5736, .F. ) ;
#7279 =( LENGTH_UNIT ( ) NAMED_UNIT ( * ) SI_UNIT ( .MILLI., .METRE. ) );
#7280 = SURFACE_SIDE_STYLE ('',( #2084 ) ) ;
#7281 = FACE_OUTER_BOUND ( 'NONE', #7914, .T. ) ;
#7282 = CLOSED_SHELL ( 'NONE', ( #5227, #3892, #7201, #4111, #1337, #1541, #8569, #6443, #2876, #10081, #7190, #8496, #6152, #10731, #1503, #6954, #3741, #420, #4155, #3032, #3530, #7955, #1848, #4909, #4987, #7814, #3638, #907, #4680, #9046, #5939, #506, #9181, #6565, #707, #2650, #4753, #9462, #3907, #5246, #10067, #4207, #365, #10860, #6130, #2000, #9649, #3275, #9007, #3686, #4915, #596, #4949, #10590, #4851, #3427, #981, #3828, #2401, #10055, #2260, #1341, #9276, #7188, #1793, #1528, #2601, #7496, #210, #1099, #2048, #1595, #9719, #7115, #6922, #951, #5448, #223, #6576, #4221, #623, #9076, #3264, #10758, #2616, #9689, #5667, #6428, #9614, #2308, #9020, #11046, #1525, #232, #5853, #6254, #5612, #11042, #3144, #6640, #6930, #150, #3015, #8748, #9789, #7664, #4165, #7570, #2661, #7713, #9815, #5048, #978, #10641, #1118, #9203, #7456, #9311, #320, #303, #7951, #8031, #5751, #3334, #8264, #8710, #1441, #3979, #6361, #4376, #2403, #8145, #9512, #143, #9610, #3497, #2796, #3386, #2959, #5336, #2674, #10130, #8878, #1837, #10162, #6829, #789, #10348, #3887, #6705, #2060, #10265, #7942, #667, #3277, #2533, #5322, #3295, #2130, #10516, #5962, #7446, #886, #10293, #3844, #4613, #6966, #3959, #9944, #9574, #5781, #4091, #7802, #9595, #9546, #8438, #5387, #3557, #3846, #2339, #2940, #10424, #6214, #841, #2269, #11029, #4681, #3620, #485, #2535, #1190, #6507, #3618, #8052, #11048, #92, #9809, #8095, #8550, #3761, #2460, #9144, #4071, #3568, #5997, #2083, #6193, #9299, #649, #7988, #4363, #166, #3934, #10858, #6167, #2580, #1900, #10212, #1028, #4433, #4285, #10309, #90, #8091, #4656, #6854, #4930, #9281, #5388, #6728, #6991, #9140, #9439, #4624, #9399, #7127, #105, #9190, #10835, #6629, #1866, #1038, #3751, #381, #8948, #4641, #10978 ) ) ;
#7283 = FILL_AREA_STYLE ('',( #1311 ) ) ;
#7284 = FILL_AREA_STYLE_COLOUR ( '', #6626 ) ;
#7285 = VERTEX_POINT ( 'NONE', #5743 ) ;
#7286 = PRESENTATION_STYLE_ASSIGNMENT (( #2915 ) ) ;
#7287 = ORIENTED_EDGE ( 'NONE', *, *, #8349, .T. ) ;
#7288 = CARTESIAN_POINT ( 'NONE',  ( 6.200000000000052580, -2.399999999999999911, -1.279999999999995586 ) ) ;
#7289 = SURFACE_SIDE_STYLE ('',( #10796 ) ) ;
#7290 = SURFACE_STYLE_FILL_AREA ( #9988 ) ;
#7291 = LINE ( 'NONE', #2149, #4516 ) ;
#7292 = VERTEX_POINT ( 'NONE', #5908 ) ;
#7293 = ORIENTED_EDGE ( 'NONE', *, *, #5023, .T. ) ;
#7294 = VECTOR ( 'NONE', #9727, 1000.000000000000000 ) ;
#7295 = ORIENTED_EDGE ( 'NONE', *, *, #1720, .F. ) ;
#7296 = FILL_AREA_STYLE_COLOUR ( '', #9024 ) ;
#7297 = DIRECTION ( 'NONE',  ( 0.000000000000000000, -1.000000000000000000, 0.000000000000000000 ) ) ;
#7298 =( GEOMETRIC_REPRESENTATION_CONTEXT ( 3 ) GLOBAL_UNCERTAINTY_ASSIGNED_CONTEXT ( ( #3171 ) ) GLOBAL_UNIT_ASSIGNED_CONTEXT ( ( #900, #9424, #5289 ) ) REPRESENTATION_CONTEXT ( 'NONE', 'WORKASPACE' ) );
#7299 = CARTESIAN_POINT ( 'NONE',  ( -6.321933147141465703, -7.899999999999999467, 0.000000000000000000 ) ) ;
#7300 = LINE ( 'NONE', #3098, #10804 ) ;
#7301 = UNCERTAINTY_MEASURE_WITH_UNIT (LENGTH_MEASURE( 1.000000000000000082E-05 ), #3096, 'distance_accuracy_value', 'NONE');
#7302 = EDGE_CURVE ( 'NONE', #4436, #4021, #1410, .T. ) ;
#7303 = CARTESIAN_POINT ( 'NONE',  ( -1.212034383954155858, -0.3366762177650429733, -0.5000000000000004441 ) ) ;
#7304 = ORIENTED_EDGE ( 'NONE', *, *, #78, .F. ) ;
#7305 = VERTEX_POINT ( 'NONE', #10491 ) ;
#7306 = COLOUR_RGB ( '',0.8941176470588234615, 0.9137254901960784048, 0.9294117647058823817 ) ;
#7307 = DIRECTION ( 'NONE',  ( -1.000000000000000000, 0.000000000000000000, -1.807003620809174878E-16 ) ) ;
#7308 =( NAMED_UNIT ( * ) PLANE_ANGLE_UNIT ( ) SI_UNIT ( $, .RADIAN. ) );
#7309 = CARTESIAN_POINT ( 'NONE',  ( 5.229999999999997762, -2.399999999999999911, 1.930000000000006821 ) ) ;
#7310 = CARTESIAN_POINT ( 'NONE',  ( 2.186111111111113114, 2.550000000000002487, -0.5000000000000004441 ) ) ;
#7311 = FILL_AREA_STYLE_COLOUR ( '', #2557 ) ;
#7312 = VECTOR ( 'NONE', #10356, 1000.000000000000000 ) ;
#7313 = UNCERTAINTY_MEASURE_WITH_UNIT (LENGTH_MEASURE( 1.000000000000000082E-05 ), #5846, 'distance_accuracy_value', 'NONE');
#7314 = VECTOR ( 'NONE', #2548, 1000.000000000000000 ) ;
#7315 = PRESENTATION_LAYER_ASSIGNMENT (  '', '', ( #6234 ) ) ;
#7316 = CARTESIAN_POINT ( 'NONE',  ( 6.500000000000000000, 1.600000000000000089, 0.4600000000000064038 ) ) ;
#7317 = SURFACE_STYLE_FILL_AREA ( #1298 ) ;
#7318 = VERTEX_POINT ( 'NONE', #10321 ) ;
#7319 = MECHANICAL_DESIGN_GEOMETRIC_PRESENTATION_REPRESENTATION (  '', ( #6967 ), #8769 ) ;
#7320 = AXIS2_PLACEMENT_3D ( 'NONE', #3605, #8845, #10421 ) ;
#7321 = LINE ( 'NONE', #10774, #6978 ) ;
#7322 = LINE ( 'NONE', #8170, #612 ) ;
#7323 = SURFACE_STYLE_USAGE ( .BOTH. , #4555 ) ;
#7324 = CARTESIAN_POINT ( 'NONE',  ( -7.769999999999999574, -2.399999999999999911, 0.9700000000000029710 ) ) ;
#7325 = EDGE_CURVE ( 'NONE', #2025, #9090, #52, .T. ) ;
#7326 = EDGE_CURVE ( 'NONE', #11010, #1312, #6070, .T. ) ;
#7327 = DIRECTION ( 'NONE',  ( 1.000000000000000000, 0.000000000000000000, -2.262682794752357637E-16 ) ) ;
#7328 = FACE_OUTER_BOUND ( 'NONE', #7630, .T. ) ;
#7329 = VECTOR ( 'NONE', #10973, 1000.000000000000000 ) ;
#7330 = AXIS2_PLACEMENT_3D ( 'NONE', #11021, #6695, #866 ) ;
#7331 = DIRECTION ( 'NONE',  ( 1.000000000000000000, -0.000000000000000000, -0.000000000000000000 ) ) ;
#7332 = DIRECTION ( 'NONE',  ( 0.000000000000000000, 0.000000000000000000, 1.000000000000000000 ) ) ;
#7333 = COLOUR_RGB ( '',0.8941176470588234615, 0.9137254901960784048, 0.9294117647058823817 ) ;
#7334 = ORIENTED_EDGE ( 'NONE', *, *, #5060, .F. ) ;
#7335 = FILL_AREA_STYLE ('',( #5359 ) ) ;
#7336 = ORIENTED_EDGE ( 'NONE', *, *, #1171, .F. ) ;
#7337 = MECHANICAL_DESIGN_GEOMETRIC_PRESENTATION_REPRESENTATION (  '', ( #9328 ), #4107 ) ;
#7338 = CARTESIAN_POINT ( 'NONE',  ( -6.500000000000000000, 1.600000000000000089, 0.000000000000000000 ) ) ;
#7339 = EDGE_CURVE ( 'NONE', #9192, #507, #4218, .T. ) ;
#7340 = LINE ( 'NONE', #7442, #501 ) ;
#7341 = CARTESIAN_POINT ( 'NONE',  ( 3.231990237815519418, 1.600000000000000089, 1.999999999999999556 ) ) ;
#7342 = ORIENTED_EDGE ( 'NONE', *, *, #4417, .T. ) ;
#7343 = VECTOR ( 'NONE', #2643, 1000.000000000000000 ) ;
#7344 =( NAMED_UNIT ( * ) PLANE_ANGLE_UNIT ( ) SI_UNIT ( $, .RADIAN. ) );
#7345 = CARTESIAN_POINT ( 'NONE',  ( 0.6499999999999982458, 2.100000000000000089, -4.500000000000003553 ) ) ;
#7346 = LINE ( 'NONE', #4035, #3476 ) ;
#7347 = FILL_AREA_STYLE ('',( #7296 ) ) ;
#7348 = DIRECTION ( 'NONE',  ( -0.7071067811865463515, 0.7071067811865487940, 0.000000000000000000 ) ) ;
#7349 = VECTOR ( 'NONE', #903, 1000.000000000000000 ) ;
#7350 = ORIENTED_EDGE ( 'NONE', *, *, #3187, .F. ) ;
#7351 = EDGE_LOOP ( 'NONE', ( #4190, #7667, #10779, #6438 ) ) ;
#7352 = ORIENTED_EDGE ( 'NONE', *, *, #995, .F. ) ;
#7353 =( GEOMETRIC_REPRESENTATION_CONTEXT ( 3 ) GLOBAL_UNCERTAINTY_ASSIGNED_CONTEXT ( ( #5282 ) ) GLOBAL_UNIT_ASSIGNED_CONTEXT ( ( #1357, #8057, #10551 ) ) REPRESENTATION_CONTEXT ( 'NONE', 'WORKASPACE' ) );
#7354 = DIRECTION ( 'NONE',  ( -1.000000000000000000, 0.000000000000000000, 0.000000000000000000 ) ) ;
#7355 = EDGE_CURVE ( 'NONE', #5283, #3940, #7769, .T. ) ;
#7357 = DIRECTION ( 'NONE',  ( 1.000000000000000000, 0.000000000000000000, 0.000000000000000000 ) ) ;
#7356 = DIRECTION ( 'NONE',  ( -1.000000000000000000, 0.000000000000000000, -0.000000000000000000 ) ) ;
#7358 = LINE ( 'NONE', #10663, #3733 ) ;
#7359 =( GEOMETRIC_REPRESENTATION_CONTEXT ( 3 ) GLOBAL_UNCERTAINTY_ASSIGNED_CONTEXT ( ( #9354 ) ) GLOBAL_UNIT_ASSIGNED_CONTEXT ( ( #4060, #5746, #5686 ) ) REPRESENTATION_CONTEXT ( 'NONE', 'WORKASPACE' ) );
#7360 = VECTOR ( 'NONE', #3460, 1000.000000000000000 ) ;
#7361 = DIRECTION ( 'NONE',  ( -8.330334836186190947E-15, 1.000000000000000000, 0.000000000000000000 ) ) ;
#7362 = PRESENTATION_LAYER_ASSIGNMENT (  '', '', ( #8469 ) ) ;
#7363 = PRESENTATION_LAYER_ASSIGNMENT (  '', '', ( #4144 ) ) ;
#7364 = CARTESIAN_POINT ( 'NONE',  ( -6.499999999999999112, 2.600000000000000089, -2.552267411434140598 ) ) ;
#7365 = ORIENTED_EDGE ( 'NONE', *, *, #1195, .F. ) ;
#7367 = FACE_OUTER_BOUND ( 'NONE', #3702, .T. ) ;
#7366 = CARTESIAN_POINT ( 'NONE',  ( 2.649999999999999023, 2.100000000000000089, -6.500000000000004441 ) ) ;
#7368 = VECTOR ( 'NONE', #9416, 1000.000000000000000 ) ;
#7369 = FACE_OUTER_BOUND ( 'NONE', #9310, .T. ) ;
#7370 = FACE_OUTER_BOUND ( 'NONE', #2979, .T. ) ;
#7371 = COLOUR_RGB ( '',0.8941176470588234615, 0.9137254901960784048, 0.9294117647058823817 ) ;
#7372 =( NAMED_UNIT ( * ) PLANE_ANGLE_UNIT ( ) SI_UNIT ( $, .RADIAN. ) );
#7373 = PLANE ( 'NONE',  #9471 ) ;
#7374 = ORIENTED_EDGE ( 'NONE', *, *, #1876, .F. ) ;
#7375 = CARTESIAN_POINT ( 'NONE',  ( 1.212034383954153416, -0.3366762177650429733, -1.000000000000000888 ) ) ;
#7376 = VECTOR ( 'NONE', #8622, 1000.000000000000000 ) ;
#7377 = FILL_AREA_STYLE_COLOUR ( '', #2728 ) ;
#7378 =( GEOMETRIC_REPRESENTATION_CONTEXT ( 3 ) GLOBAL_UNCERTAINTY_ASSIGNED_CONTEXT ( ( #10587 ) ) GLOBAL_UNIT_ASSIGNED_CONTEXT ( ( #5252, #7800, #8758 ) ) REPRESENTATION_CONTEXT ( 'NONE', 'WORKASPACE' ) );
#7379 = SURFACE_STYLE_USAGE ( .BOTH. , #1419 ) ;
#7380 = PLANE ( 'NONE',  #8336 ) ;
#7381 = VECTOR ( 'NONE', #3951, 1000.000000000000000 ) ;
#7382 = EDGE_CURVE ( 'NONE', #3493, #3843, #6021, .T. ) ;
#7383 = PRESENTATION_LAYER_ASSIGNMENT (  '', '', ( #5777 ) ) ;
#7384 = EDGE_CURVE ( 'NONE', #10668, #8245, #2773, .T. ) ;
#7385 = EDGE_LOOP ( 'NONE', ( #10318, #5687 ) ) ;
#7386 = ORIENTED_EDGE ( 'NONE', *, *, #3454, .T. ) ;
#7387 =( NAMED_UNIT ( * ) SI_UNIT ( $, .STERADIAN. ) SOLID_ANGLE_UNIT ( ) );
#7388 = PRESENTATION_LAYER_ASSIGNMENT (  '', '', ( #10477 ) ) ;
#7389 = CARTESIAN_POINT ( 'NONE',  ( -3.949999999999999734, 2.100000000000000089, 8.000000000000000000 ) ) ;
#7390 = CARTESIAN_POINT ( 'NONE',  ( 2.501432664756447544, 0.6948424068767914408, -0.5000000000000004441 ) ) ;
#7391 = SURFACE_STYLE_USAGE ( .BOTH. , #3918 ) ;
#7392 = LINE ( 'NONE', #2470, #2669 ) ;
#7393 = CARTESIAN_POINT ( 'NONE',  ( 2.994689754873803622, 1.600000000000001421, -2.500000000000000888 ) ) ;
#7394 = CARTESIAN_POINT ( 'NONE',  ( -6.499999999999999112, 1.600000000000000089, 2.540000000000000036 ) ) ;
#7395 = CARTESIAN_POINT ( 'NONE',  ( -2.144689754873802645, 2.450000000000001954, -2.500000000000000888 ) ) ;
#7396 = ORIENTED_EDGE ( 'NONE', *, *, #234, .F. ) ;
#7397 = EDGE_CURVE ( 'NONE', #3129, #8504, #2714, .T. ) ;
#7398 = STYLED_ITEM ( 'NONE', ( #8277 ), #2940 ) ;
#7399 = CARTESIAN_POINT ( 'NONE',  ( 0.6499999999999982458, 2.100000000000000089, -4.500000000000003553 ) ) ;
#7400 =( GEOMETRIC_REPRESENTATION_CONTEXT ( 3 ) GLOBAL_UNCERTAINTY_ASSIGNED_CONTEXT ( ( #4603 ) ) GLOBAL_UNIT_ASSIGNED_CONTEXT ( ( #1641, #10282, #3304 ) ) REPRESENTATION_CONTEXT ( 'NONE', 'WORKASPACE' ) );
#7401 = EDGE_LOOP ( 'NONE', ( #3698, #8825, #6933, #7116 ) ) ;
#7402 = DIRECTION ( 'NONE',  ( -0.2676438637860944492, 0.9635179096299406609, 0.000000000000000000 ) ) ;
#7403 = PRESENTATION_LAYER_ASSIGNMENT (  '', '', ( #8681 ) ) ;
#7404 = SURFACE_SIDE_STYLE ('',( #3317 ) ) ;
#7405 = LINE ( 'NONE', #10757, #1259 ) ;
#7406 =( LENGTH_UNIT ( ) NAMED_UNIT ( * ) SI_UNIT ( .MILLI., .METRE. ) );
#7407 = ORIENTED_EDGE ( 'NONE', *, *, #8221, .T. ) ;
#7408 = AXIS2_PLACEMENT_3D ( 'NONE', #3294, #10103, #4796 ) ;
#7409 = SURFACE_STYLE_FILL_AREA ( #8390 ) ;
#7410 = CARTESIAN_POINT ( 'NONE',  ( 2.501432664756447544, 0.6948424068767914408, 2.000000000000000000 ) ) ;
#7411 = CARTESIAN_POINT ( 'NONE',  ( 7.470000000000000639, -2.399999999999999911, -2.849999999999995204 ) ) ;
#7412 = LINE ( 'NONE', #10015, #4289 ) ;
#7413 = ORIENTED_EDGE ( 'NONE', *, *, #496, .F. ) ;
#7414 = FILL_AREA_STYLE ('',( #1516 ) ) ;
#7415 = UNCERTAINTY_MEASURE_WITH_UNIT (LENGTH_MEASURE( 1.000000000000000082E-05 ), #3821, 'distance_accuracy_value', 'NONE');
#7416 =( LENGTH_UNIT ( ) NAMED_UNIT ( * ) SI_UNIT ( .MILLI., .METRE. ) );
#7417 = VECTOR ( 'NONE', #1285, 1000.000000000000000 ) ;
#7418 = VERTEX_POINT ( 'NONE', #5278 ) ;
#7419 = EDGE_CURVE ( 'NONE', #734, #7549, #8646, .T. ) ;
#7420 = CARTESIAN_POINT ( 'NONE',  ( 6.200000000000078337, -7.649999999999995026, -3.819999999999995399 ) ) ;
#7421 = VECTOR ( 'NONE', #1097, 1000.000000000000114 ) ;
#7422 = CARTESIAN_POINT ( 'NONE',  ( -3.031990237815517908, 1.704120873295593253, -2.500000000000000888 ) ) ;
#7423 = CARTESIAN_POINT ( 'NONE',  ( 7.999999999999992895, 1.600000000000000089, 6.249999999999993783 ) ) ;
#7424 = PLANE ( 'NONE',  #3797 ) ;
#7425 = DIRECTION ( 'NONE',  ( -1.000000000000000000, -0.000000000000000000, -0.000000000000000000 ) ) ;
#7426 = UNCERTAINTY_MEASURE_WITH_UNIT (LENGTH_MEASURE( 1.000000000000000082E-05 ), #7863, 'distance_accuracy_value', 'NONE');
#7427 = EDGE_LOOP ( 'NONE', ( #2193, #9127 ) ) ;
#7428 = LINE ( 'NONE', #691, #714 ) ;
#7429 =( LENGTH_UNIT ( ) NAMED_UNIT ( * ) SI_UNIT ( .MILLI., .METRE. ) );
#7430 =( GEOMETRIC_REPRESENTATION_CONTEXT ( 3 ) GLOBAL_UNCERTAINTY_ASSIGNED_CONTEXT ( ( #8106 ) ) GLOBAL_UNIT_ASSIGNED_CONTEXT ( ( #6159, #431, #3759 ) ) REPRESENTATION_CONTEXT ( 'NONE', 'WORKASPACE' ) );
#7431 = DIRECTION ( 'NONE',  ( -0.000000000000000000, -1.000000000000000000, -0.000000000000000000 ) ) ;
#7432 = FILL_AREA_STYLE_COLOUR ( '', #7102 ) ;
#7433 = EDGE_CURVE ( 'NONE', #2679, #1506, #1052, .T. ) ;
#7434 = FACE_OUTER_BOUND ( 'NONE', #8552, .T. ) ;
#7435 = ORIENTED_EDGE ( 'NONE', *, *, #6275, .T. ) ;
#7436 = ORIENTED_EDGE ( 'NONE', *, *, #2848, .T. ) ;
#7437 = FILL_AREA_STYLE ('',( #3342 ) ) ;
#7438 = VERTEX_POINT ( 'NONE', #2559 ) ;
#7439 = LINE ( 'NONE', #6684, #1686 ) ;
#7440 = PRESENTATION_STYLE_ASSIGNMENT (( #4807 ) ) ;
#7441 = DIRECTION ( 'NONE',  ( -0.7071067811865505703, 0.000000000000000000, -0.7071067811865444641 ) ) ;
#7442 = CARTESIAN_POINT ( 'NONE',  ( 6.200000000000078337, -7.899999999999999467, -3.819999999999995399 ) ) ;
#7443 = ORIENTED_EDGE ( 'NONE', *, *, #2941, .T. ) ;
#7444 = EDGE_CURVE ( 'NONE', #2209, #7117, #6881, .T. ) ;
#7445 = DIRECTION ( 'NONE',  ( 1.000000000000000000, -0.000000000000000000, -0.000000000000000000 ) ) ;
#7446 = ADVANCED_FACE ( 'NONE', ( #2005 ), #7200, .F. ) ;
#7447 = DIRECTION ( 'NONE',  ( 0.000000000000000000, 0.000000000000000000, 1.000000000000000000 ) ) ;
#7448 = EDGE_CURVE ( 'NONE', #5664, #8365, #6410, .T. ) ;
#7449 = ORIENTED_EDGE ( 'NONE', *, *, #8761, .T. ) ;
#7450 = PLANE ( 'NONE',  #5714 ) ;
#7451 = DIRECTION ( 'NONE',  ( 0.000000000000000000, 1.000000000000000000, 0.000000000000000000 ) ) ;
#7452 =( NAMED_UNIT ( * ) PLANE_ANGLE_UNIT ( ) SI_UNIT ( $, .RADIAN. ) );
#7453 = SURFACE_STYLE_FILL_AREA ( #1648 ) ;
#7454 = CARTESIAN_POINT ( 'NONE',  ( -3.949999999999999734, 1.600000000000000089, 8.000000000000000000 ) ) ;
#7455 = EDGE_CURVE ( 'NONE', #11010, #1250, #1110, .T. ) ;
#7456 = ADVANCED_FACE ( 'NONE', ( #5335 ), #8790, .F. ) ;
#7457 = PRESENTATION_STYLE_ASSIGNMENT (( #7625 ) ) ;
#7458 = SURFACE_STYLE_FILL_AREA ( #1657 ) ;
#7459 = ORIENTED_EDGE ( 'NONE', *, *, #2672, .T. ) ;
#7460 = FACE_OUTER_BOUND ( 'NONE', #1136, .T. ) ;
#7461 = VERTEX_POINT ( 'NONE', #7526 ) ;
#7462 = VERTEX_POINT ( 'NONE', #2326 ) ;
#7463 = ORIENTED_EDGE ( 'NONE', *, *, #1607, .T. ) ;
#7464 = COLOUR_RGB ( '',0.8941176470588234615, 0.9137254901960784048, 0.9294117647058823817 ) ;
#7465 = COLOUR_RGB ( '',0.8313725490196077761, 0.6705882352941175961, 0.1294117647058823373 ) ;
#7466 = FACE_OUTER_BOUND ( 'NONE', #9171, .T. ) ;
#7467 =( GEOMETRIC_REPRESENTATION_CONTEXT ( 3 ) GLOBAL_UNCERTAINTY_ASSIGNED_CONTEXT ( ( #7313 ) ) GLOBAL_UNIT_ASSIGNED_CONTEXT ( ( #5846, #7636, #7277 ) ) REPRESENTATION_CONTEXT ( 'NONE', 'WORKASPACE' ) );
#7468 = CARTESIAN_POINT ( 'NONE',  ( -6.799999999999945643, -2.399999999999999911, -2.240000000000000657 ) ) ;
#7469 = DIRECTION ( 'NONE',  ( 0.000000000000000000, -0.000000000000000000, 1.000000000000000000 ) ) ;
#7470 = CARTESIAN_POINT ( 'NONE',  ( 6.200000000000025935, -7.899999999999999467, 0.6600000000000048050 ) ) ;
#7471 = SURFACE_SIDE_STYLE ('',( #682 ) ) ;
#7472 = FACE_OUTER_BOUND ( 'NONE', #7515, .T. ) ;
#7473 = FACE_BOUND ( 'NONE', #8506, .T. ) ;
#7474 = VECTOR ( 'NONE', #10656, 1000.000000000000114 ) ;
#7475 = VECTOR ( 'NONE', #5577, 1000.000000000000114 ) ;
#7476 = VECTOR ( 'NONE', #7138, 1000.000000000000000 ) ;
#7477 = EDGE_LOOP ( 'NONE', ( #2693, #4508, #1773, #10861 ) ) ;
#7479 = CARTESIAN_POINT ( 'NONE',  ( 2.649999999999999023, 1.600000000000000089, -6.500000000000004441 ) ) ;
#7478 = CARTESIAN_POINT ( 'NONE',  ( 6.200000000000025935, -7.899999999999999467, 1.260000000000004672 ) ) ;
#7480 = LINE ( 'NONE', #8791, #10691 ) ;
#7481 = PRESENTATION_LAYER_ASSIGNMENT (  '', '', ( #10924 ) ) ;
#7482 = AXIS2_PLACEMENT_3D ( 'NONE', #5674, #10141, #6651 ) ;
#7483 =( GEOMETRIC_REPRESENTATION_CONTEXT ( 3 ) GLOBAL_UNCERTAINTY_ASSIGNED_CONTEXT ( ( #4946 ) ) GLOBAL_UNIT_ASSIGNED_CONTEXT ( ( #10869, #203, #2753 ) ) REPRESENTATION_CONTEXT ( 'NONE', 'WORKASPACE' ) );
#7484 = ORIENTED_EDGE ( 'NONE', *, *, #10054, .T. ) ;
#7485 = DIRECTION ( 'NONE',  ( 0.000000000000000000, 1.000000000000000000, 0.000000000000000000 ) ) ;
#7486 = EDGE_LOOP ( 'NONE', ( #3923, #8412, #8172, #8147, #8143, #3221, #8446, #926, #4701 ) ) ;
#7487 = AXIS2_PLACEMENT_3D ( 'NONE', #4924, #1592, #10963 ) ;
#7488 = ORIENTED_EDGE ( 'NONE', *, *, #3017, .F. ) ;
#7489 = PRODUCT_DEFINITION_SHAPE ( 'NONE', 'NONE',  #10548 ) ;
#7490 = VERTEX_POINT ( 'NONE', #10880 ) ;
#7491 = PRESENTATION_STYLE_ASSIGNMENT (( #700 ) ) ;
#7492 = ORIENTED_EDGE ( 'NONE', *, *, #7355, .T. ) ;
#7493 = DIRECTION ( 'NONE',  ( -1.000000000000000000, -1.084202172485504040E-15, 0.000000000000000000 ) ) ;
#7494 = CARTESIAN_POINT ( 'NONE',  ( -3.031990237815517908, 1.704120873295593253, -1.000000000000000444 ) ) ;
#7495 = DIRECTION ( 'NONE',  ( 0.000000000000000000, 0.000000000000000000, 1.000000000000000000 ) ) ;
#7496 = ADVANCED_FACE ( 'NONE', ( #1401 ), #5791, .T. ) ;
#7497 = AXIS2_PLACEMENT_3D ( 'NONE', #8962, #1271, #7348 ) ;
#7498 =( GEOMETRIC_REPRESENTATION_CONTEXT ( 3 ) GLOBAL_UNCERTAINTY_ASSIGNED_CONTEXT ( ( #6176 ) ) GLOBAL_UNIT_ASSIGNED_CONTEXT ( ( #10912, #10053, #4929 ) ) REPRESENTATION_CONTEXT ( 'NONE', 'WORKASPACE' ) );
#7499 = DIRECTION ( 'NONE',  ( -0.7071067811865506814, 0.000000000000000000, 0.7071067811865443531 ) ) ;
#7500 = SURFACE_SIDE_STYLE ('',( #4926 ) ) ;
#7501 = ORIENTED_EDGE ( 'NONE', *, *, #2258, .F. ) ;
#7502 = LINE ( 'NONE', #4243, #9155 ) ;
#7503 = FILL_AREA_STYLE_COLOUR ( '', #5894 ) ;
#7504 = VECTOR ( 'NONE', #2636, 1000.000000000000000 ) ;
#7505 =( LENGTH_UNIT ( ) NAMED_UNIT ( * ) SI_UNIT ( .MILLI., .METRE. ) );
#7506 = VERTEX_POINT ( 'NONE', #10820 ) ;
#7507 = CARTESIAN_POINT ( 'NONE',  ( -11.49999999999999645, 1.600000000000000089, 11.50000000000000533 ) ) ;
#7508 = VECTOR ( 'NONE', #10694, 999.9999999999998863 ) ;
#7509 = SURFACE_STYLE_USAGE ( .BOTH. , #9283 ) ;
#7510 = FACE_BOUND ( 'NONE', #1368, .T. ) ;
#7511 = EDGE_CURVE ( 'NONE', #7292, #2209, #5135, .T. ) ;
#7512 =( NAMED_UNIT ( * ) SI_UNIT ( $, .STERADIAN. ) SOLID_ANGLE_UNIT ( ) );
#7513 = SURFACE_STYLE_FILL_AREA ( #4823 ) ;
#7514 = AXIS2_PLACEMENT_3D ( 'NONE', #9777, #9721, #4511 ) ;
#7515 = EDGE_LOOP ( 'NONE', ( #5389, #3514, #8665, #10733 ) ) ;
#7516 = AXIS2_PLACEMENT_3D ( 'NONE', #9436, #6151, #1133 ) ;
#7517 = FILL_AREA_STYLE_COLOUR ( '', #1887 ) ;
#7518 = VERTEX_POINT ( 'NONE', #7737 ) ;
#7519 = EDGE_CURVE ( 'NONE', #10355, #7490, #3054, .T. ) ;
#7520 =( NAMED_UNIT ( * ) SI_UNIT ( $, .STERADIAN. ) SOLID_ANGLE_UNIT ( ) );
#7522 = EDGE_CURVE ( 'NONE', #8537, #5171, #8102, .T. ) ;
#7521 = DIRECTION ( 'NONE',  ( -0.000000000000000000, 1.000000000000000000, -0.000000000000000000 ) ) ;
#7523 = VERTEX_POINT ( 'NONE', #4942 ) ;
#7524 = COLOUR_RGB ( '',0.8313725490196077761, 0.6705882352941175961, 0.1294117647058823373 ) ;
#7525 = LINE ( 'NONE', #4261, #4953 ) ;
#7526 = CARTESIAN_POINT ( 'NONE',  ( -9.499999999999994671, 0.000000000000000000, -11.49999999999999467 ) ) ;
#7527 =( NAMED_UNIT ( * ) PLANE_ANGLE_UNIT ( ) SI_UNIT ( $, .RADIAN. ) );
#7528 = SURFACE_STYLE_FILL_AREA ( #1567 ) ;
#7529 = SURFACE_STYLE_USAGE ( .BOTH. , #7471 ) ;
#7530 = CARTESIAN_POINT ( 'NONE',  ( -3.231990237815517641, 1.600000000000000755, 0.4999999999999995559 ) ) ;
#7531 = UNCERTAINTY_MEASURE_WITH_UNIT (LENGTH_MEASURE( 1.000000000000000082E-05 ), #6202, 'distance_accuracy_value', 'NONE');
#7532 = DIRECTION ( 'NONE',  ( -1.000000000000000000, 0.000000000000000000, 1.084202172485504434E-16 ) ) ;
#7533 = CARTESIAN_POINT ( 'NONE',  ( 0.000000000000000000, 2.100000000000000089, 0.000000000000000000 ) ) ;
#7534 = COLOUR_RGB ( '',1.000000000000000000, 0.9372549019607843146, 0.1372549019607843257 ) ;
#7535 = ORIENTED_EDGE ( 'NONE', *, *, #2809, .F. ) ;
#7536 = VERTEX_POINT ( 'NONE', #3945 ) ;
#7537 = CIRCLE ( 'NONE', #5019, 0.01226741143414006308 ) ;
#7538 =( NAMED_UNIT ( * ) PLANE_ANGLE_UNIT ( ) SI_UNIT ( $, .RADIAN. ) );
#7539 = EDGE_CURVE ( 'NONE', #2384, #5652, #10013, .T. ) ;
#7540 = CYLINDRICAL_SURFACE ( 'NONE', #5207, 1.749999999999999778 ) ;
#7541 = LINE ( 'NONE', #10999, #10319 ) ;
#7542 = STYLED_ITEM ( 'NONE', ( #9640 ), #7115 ) ;
#7543 = FILL_AREA_STYLE ('',( #1627 ) ) ;
#7544 = DIRECTION ( 'NONE',  ( -0.000000000000000000, 1.000000000000000000, -0.000000000000000000 ) ) ;
#7545 = PRESENTATION_LAYER_ASSIGNMENT (  '', '', ( #426 ) ) ;
#7546 = ORIENTED_EDGE ( 'NONE', *, *, #3695, .F. ) ;
#7547 = DIRECTION ( 'NONE',  ( 0.7071067811865465735, 0.000000000000000000, 0.7071067811865485719 ) ) ;
#7548 = PLANE ( 'NONE',  #2042 ) ;
#7549 = VERTEX_POINT ( 'NONE', #3105 ) ;
#7550 = LINE ( 'NONE', #4179, #6194 ) ;
#7551 = PRESENTATION_STYLE_ASSIGNMENT (( #4126 ) ) ;
#7552 = MECHANICAL_DESIGN_GEOMETRIC_PRESENTATION_REPRESENTATION (  '', ( #3615 ), #5219 ) ;
#7553 = PRESENTATION_LAYER_ASSIGNMENT (  '', '', ( #5032 ) ) ;
#7554 = ORIENTED_EDGE ( 'NONE', *, *, #5941, .T. ) ;
#7555 =( GEOMETRIC_REPRESENTATION_CONTEXT ( 3 ) GLOBAL_UNCERTAINTY_ASSIGNED_CONTEXT ( ( #2617 ) ) GLOBAL_UNIT_ASSIGNED_CONTEXT ( ( #5541, #10795, #429 ) ) REPRESENTATION_CONTEXT ( 'NONE', 'WORKASPACE' ) );
#7556 = VECTOR ( 'NONE', #929, 1000.000000000000000 ) ;
#7557 = VERTEX_POINT ( 'NONE', #10930 ) ;
#7558 = PLANE ( 'NONE',  #7215 ) ;
#7559 = LINE ( 'NONE', #809, #920 ) ;
#7560 =( NAMED_UNIT ( * ) SI_UNIT ( $, .STERADIAN. ) SOLID_ANGLE_UNIT ( ) );
#7561 = COLOUR_RGB ( '',0.2980392156862745057, 0.2980392156862745057, 0.2980392156862745057 ) ;
#7562 = DIRECTION ( 'NONE',  ( 1.000000000000000000, -0.000000000000000000, -0.000000000000000000 ) ) ;
#7563 = STYLED_ITEM ( 'NONE', ( #5 ), #10348 ) ;
#7564 = PRESENTATION_LAYER_ASSIGNMENT (  '', '', ( #2385 ) ) ;
#7565 = DIRECTION ( 'NONE',  ( -0.000000000000000000, 1.000000000000000000, -0.000000000000000000 ) ) ;
#7566 = PRESENTATION_LAYER_ASSIGNMENT (  '', '', ( #7210 ) ) ;
#7567 = VERTEX_POINT ( 'NONE', #10074 ) ;
#7568 = CARTESIAN_POINT ( 'NONE',  ( 5.601609657144383192, -10.10706432366851537, -2.478390342855664397 ) ) ;
#7569 = VECTOR ( 'NONE', #1161, 1000.000000000000000 ) ;
#7570 = ADVANCED_FACE ( 'NONE', ( #2390 ), #8396, .F. ) ;
#7571 = AXIS2_PLACEMENT_3D ( 'NONE', #3406, #9428, #7665 ) ;
#7572 = ORIENTED_EDGE ( 'NONE', *, *, #1467, .F. ) ;
#7573 = PRESENTATION_STYLE_ASSIGNMENT (( #8379 ) ) ;
#7574 = VECTOR ( 'NONE', #792, 1000.000000000000114 ) ;
#7575 = VECTOR ( 'NONE', #9422, 1000.000000000000227 ) ;
#7576 = CARTESIAN_POINT ( 'NONE',  ( -5.229999999999998650, -2.399999999999999911, 1.569999999999997176 ) ) ;
#7577 = SURFACE_STYLE_USAGE ( .BOTH. , #5717 ) ;
#7578 = VECTOR ( 'NONE', #1713, 1000.000000000000114 ) ;
#7579 = EDGE_LOOP ( 'NONE', ( #2539, #8907, #10353, #1661 ) ) ;
#7580 = DIRECTION ( 'NONE',  ( 0.000000000000000000, 0.000000000000000000, 1.000000000000000000 ) ) ;
#7581 = VERTEX_POINT ( 'NONE', #1870 ) ;
#7582 = AXIS2_PLACEMENT_3D ( 'NONE', #2425, #10049, #5766 ) ;
#7583 = EDGE_LOOP ( 'NONE', ( #5225, #8526, #7334, #11093 ) ) ;
#7584 = VECTOR ( 'NONE', #11017, 1000.000000000000000 ) ;
#7585 = ORIENTED_EDGE ( 'NONE', *, *, #6128, .T. ) ;
#7586 = PRESENTATION_STYLE_ASSIGNMENT (( #8452 ) ) ;
#7587 = FACE_OUTER_BOUND ( 'NONE', #3340, .T. ) ;
#7588 = LINE ( 'NONE', #10312, #438 ) ;
#7589 = PLANE ( 'NONE',  #4245 ) ;
#7590 = EDGE_CURVE ( 'NONE', #3940, #318, #7073, .T. ) ;
#7591 = EDGE_CURVE ( 'NONE', #8542, #3869, #10462, .T. ) ;
#7592 = PRESENTATION_LAYER_ASSIGNMENT (  '', '', ( #2943 ) ) ;
#7593 = EDGE_LOOP ( 'NONE', ( #10259, #762, #4566, #6434 ) ) ;
#7594 =( GEOMETRIC_REPRESENTATION_CONTEXT ( 3 ) GLOBAL_UNCERTAINTY_ASSIGNED_CONTEXT ( ( #2953 ) ) GLOBAL_UNIT_ASSIGNED_CONTEXT ( ( #276, #2106, #7249 ) ) REPRESENTATION_CONTEXT ( 'NONE', 'WORKASPACE' ) );
#7595 = SURFACE_STYLE_USAGE ( .BOTH. , #787 ) ;
#7596 = SURFACE_SIDE_STYLE ('',( #10150 ) ) ;
#7597 =( NAMED_UNIT ( * ) SI_UNIT ( $, .STERADIAN. ) SOLID_ANGLE_UNIT ( ) );
#7598 = AXIS2_PLACEMENT_3D ( 'NONE', #6708, #1768, #3320 ) ;
#7599 = LINE ( 'NONE', #10893, #260 ) ;
#7600 = VERTEX_POINT ( 'NONE', #6263 ) ;
#7601 = SURFACE_STYLE_USAGE ( .BOTH. , #5113 ) ;
#7602 = EDGE_CURVE ( 'NONE', #7490, #327, #8656, .T. ) ;
#7603 = CARTESIAN_POINT ( 'NONE',  ( 0.6499999999999999112, 2.100000000000000089, 6.000000000000000000 ) ) ;
#7604 = ORIENTED_EDGE ( 'NONE', *, *, #7325, .T. ) ;
#7605 = DIRECTION ( 'NONE',  ( -0.7071067811865506814, 0.000000000000000000, 0.7071067811865443531 ) ) ;
#7606 = EDGE_CURVE ( 'NONE', #4471, #9386, #6098, .T. ) ;
#7607 =( NAMED_UNIT ( * ) SI_UNIT ( $, .STERADIAN. ) SOLID_ANGLE_UNIT ( ) );
#7608 = ORIENTED_EDGE ( 'NONE', *, *, #366, .T. ) ;
#7609 = STYLED_ITEM ( 'NONE', ( #1111 ), #3386 ) ;
#7610 =( NAMED_UNIT ( * ) SI_UNIT ( $, .STERADIAN. ) SOLID_ANGLE_UNIT ( ) );
#7611 = PRESENTATION_STYLE_ASSIGNMENT (( #10960 ) ) ;
#7612 = CARTESIAN_POINT ( 'NONE',  ( 6.499999999999999112, 1.600000000000000089, -1.579999999999995408 ) ) ;
#7613 = FILL_AREA_STYLE ('',( #5925 ) ) ;
#7614 = ORIENTED_EDGE ( 'NONE', *, *, #8632, .T. ) ;
#7615 = FACE_OUTER_BOUND ( 'NONE', #5632, .T. ) ;
#7616 = CARTESIAN_POINT ( 'NONE',  ( -3.949999999999998845, 1.600000000000000089, -6.500000000000004441 ) ) ;
#7617 = LINE ( 'NONE', #9222, #10667 ) ;
#7618 = ORIENTED_EDGE ( 'NONE', *, *, #1910, .F. ) ;
#7619 = CARTESIAN_POINT ( 'NONE',  ( 6.499999999999999112, 2.600000000000000089, -1.579999999999995408 ) ) ;
#7620 = DIRECTION ( 'NONE',  ( -0.4014883995042270448, -0.8231732078530425989, -0.4014883995042270448 ) ) ;
#7621 = PRESENTATION_LAYER_ASSIGNMENT (  '', '', ( #4038 ) ) ;
#7622 = CARTESIAN_POINT ( 'NONE',  ( -6.321933147141412412, -7.899999999999999467, -2.361933147141467515 ) ) ;
#7623 = CARTESIAN_POINT ( 'NONE',  ( 1.986111111111112937, 2.450000000000008171, 0.4999999999999987232 ) ) ;
#7624 = LINE ( 'NONE', #8711, #1785 ) ;
#7625 = SURFACE_STYLE_USAGE ( .BOTH. , #1559 ) ;
#7626 =( NAMED_UNIT ( * ) PLANE_ANGLE_UNIT ( ) SI_UNIT ( $, .RADIAN. ) );
#7627 = ORIENTED_EDGE ( 'NONE', *, *, #4104, .F. ) ;
#7628 = SURFACE_STYLE_FILL_AREA ( #3207 ) ;
#7629 = AXIS2_PLACEMENT_3D ( 'NONE', #9539, #3581, #7892 ) ;
#7630 = EDGE_LOOP ( 'NONE', ( #2273, #10041, #5301, #2926 ) ) ;
#7631 = ORIENTED_EDGE ( 'NONE', *, *, #581, .F. ) ;
#7632 = DIRECTION ( 'NONE',  ( 0.000000000000000000, 1.000000000000000000, 0.000000000000000000 ) ) ;
#7633 = DIRECTION ( 'NONE',  ( 0.2676438637860947822, -0.9635179096299405499, 0.000000000000000000 ) ) ;
#7634 =( NAMED_UNIT ( * ) PLANE_ANGLE_UNIT ( ) SI_UNIT ( $, .RADIAN. ) );
#7635 = CARTESIAN_POINT ( 'NONE',  ( 5.529999999999995808, -2.399999999999999911, 4.770000000000004903 ) ) ;
#7636 =( NAMED_UNIT ( * ) PLANE_ANGLE_UNIT ( ) SI_UNIT ( $, .RADIAN. ) );
#7637 = CARTESIAN_POINT ( 'NONE',  ( 7.999999999999992895, 0.000000000000000000, -8.000000000000007105 ) ) ;
#7638 = EDGE_CURVE ( 'NONE', #5372, #9571, #3531, .T. ) ;
#7639 = CARTESIAN_POINT ( 'NONE',  ( 7.470000000000001528, 0.000000000000000000, 2.230000000000004867 ) ) ;
#7640 = UNCERTAINTY_MEASURE_WITH_UNIT (LENGTH_MEASURE( 1.000000000000000082E-05 ), #5395, 'distance_accuracy_value', 'NONE');
#7641 = LINE ( 'NONE', #2395, #2920 ) ;
#7642 = ORIENTED_EDGE ( 'NONE', *, *, #10494, .T. ) ;
#7643 = AXIS2_PLACEMENT_3D ( 'NONE', #4983, #10229, #9330 ) ;
#7644 =( GEOMETRIC_REPRESENTATION_CONTEXT ( 3 ) GLOBAL_UNCERTAINTY_ASSIGNED_CONTEXT ( ( #6652 ) ) GLOBAL_UNIT_ASSIGNED_CONTEXT ( ( #4449, #4501, #3866 ) ) REPRESENTATION_CONTEXT ( 'NONE', 'WORKASPACE' ) );
#7645 = SURFACE_STYLE_USAGE ( .BOTH. , #788 ) ;
#7646 = SURFACE_STYLE_FILL_AREA ( #9252 ) ;
#7647 = EDGE_LOOP ( 'NONE', ( #9903, #9502, #9660, #5131 ) ) ;
#7648 =( LENGTH_UNIT ( ) NAMED_UNIT ( * ) SI_UNIT ( .MILLI., .METRE. ) );
#7649 =( GEOMETRIC_REPRESENTATION_CONTEXT ( 3 ) GLOBAL_UNCERTAINTY_ASSIGNED_CONTEXT ( ( #741 ) ) GLOBAL_UNIT_ASSIGNED_CONTEXT ( ( #2088, #5475, #2244 ) ) REPRESENTATION_CONTEXT ( 'NONE', 'WORKASPACE' ) );
#7650 = UNCERTAINTY_MEASURE_WITH_UNIT (LENGTH_MEASURE( 1.000000000000000082E-05 ), #4694, 'distance_accuracy_value', 'NONE');
#7651 = COLOUR_RGB ( '',0.8313725490196077761, 0.6705882352941175961, 0.1294117647058823373 ) ;
#7652 = PRESENTATION_LAYER_ASSIGNMENT (  '', '', ( #1951 ) ) ;
#7653 = LINE ( 'NONE', #5069, #4329 ) ;
#7654 = SURFACE_SIDE_STYLE ('',( #8525 ) ) ;
#7655 = EDGE_LOOP ( 'NONE', ( #10794, #2412, #7934, #3180 ) ) ;
#7656 = ORIENTED_EDGE ( 'NONE', *, *, #5665, .T. ) ;
#7657 = CARTESIAN_POINT ( 'NONE',  ( 2.649999999999999911, 2.100000000000000089, -4.500000000000003553 ) ) ;
#7658 = CARTESIAN_POINT ( 'NONE',  ( 7.999999999999992895, 0.000000000000000000, 6.249999999999993783 ) ) ;
#7659 =( GEOMETRIC_REPRESENTATION_CONTEXT ( 3 ) GLOBAL_UNCERTAINTY_ASSIGNED_CONTEXT ( ( #10378 ) ) GLOBAL_UNIT_ASSIGNED_CONTEXT ( ( #6059, #8671, #10308 ) ) REPRESENTATION_CONTEXT ( 'NONE', 'WORKASPACE' ) );
#7660 = VERTEX_POINT ( 'NONE', #4359 ) ;
#7661 = EDGE_CURVE ( 'NONE', #8041, #8245, #9550, .T. ) ;
#7662 = CONICAL_SURFACE ( 'NONE', #1426, 0.01226741143414006308, 0.4537856055185230941 ) ;
#7663 = DIRECTION ( 'NONE',  ( 0.000000000000000000, 0.000000000000000000, 1.000000000000000000 ) ) ;
#7664 = ADVANCED_FACE ( 'NONE', ( #8884 ), #3701, .F. ) ;
#7665 = DIRECTION ( 'NONE',  ( 0.000000000000000000, 0.000000000000000000, 1.000000000000000000 ) ) ;
#7666 = CARTESIAN_POINT ( 'NONE',  ( 5.229999999999998650, -5.992102448427662154, -5.089999999999997193 ) ) ;
#7667 = ORIENTED_EDGE ( 'NONE', *, *, #2187, .F. ) ;
#7668 = FILL_AREA_STYLE ('',( #10964 ) ) ;
#7669 = STYLED_ITEM ( 'NONE', ( #1877 ), #1028 ) ;
#7670 = CARTESIAN_POINT ( 'NONE',  ( 6.678066852858587588, -7.899999999999999467, -1.758066852858530371 ) ) ;
#7671 = ORIENTED_EDGE ( 'NONE', *, *, #7455, .T. ) ;
#7672 = LINE ( 'NONE', #11020, #2333 ) ;
#7673 = CARTESIAN_POINT ( 'NONE',  ( 1.212034383954153416, -0.3366762177650429733, -0.5000000000000004441 ) ) ;
#7674 = VERTEX_POINT ( 'NONE', #5643 ) ;
#7675 = CARTESIAN_POINT ( 'NONE',  ( -2.501432664756447100, 0.6948424068767902195, -2.000000000000001776 ) ) ;
#7676 = VECTOR ( 'NONE', #7361, 1000.000000000000000 ) ;
#7677 = MECHANICAL_DESIGN_GEOMETRIC_PRESENTATION_REPRESENTATION (  '', ( #4267 ), #5703 ) ;
#7678 = CARTESIAN_POINT ( 'NONE',  ( -2.144689754873802645, 2.450000000000001954, 1.999999999999999556 ) ) ;
#7679 = FACE_BOUND ( 'NONE', #6110, .T. ) ;
#7680 = LINE ( 'NONE', #5038, #1808 ) ;
#7681 = ORIENTED_EDGE ( 'NONE', *, *, #9939, .T. ) ;
#7682 = SURFACE_SIDE_STYLE ('',( #8767 ) ) ;
#7683 = SURFACE_SIDE_STYLE ('',( #8548 ) ) ;
#7684 = ORIENTED_EDGE ( 'NONE', *, *, #5816, .F. ) ;
#7685 = VECTOR ( 'NONE', #108, 1000.000000000000000 ) ;
#7686 = ORIENTED_EDGE ( 'NONE', *, *, #1326, .F. ) ;
#7687 = COLOUR_RGB ( '',1.000000000000000000, 0.9372549019607843146, 0.1372549019607843257 ) ;
#7688 = ORIENTED_EDGE ( 'NONE', *, *, #3142, .F. ) ;
#7689 = CARTESIAN_POINT ( 'NONE',  ( 0.000000000000000000, 0.000000000000000000, -1.000000000000000444 ) ) ;
#7690 = ORIENTED_EDGE ( 'NONE', *, *, #8649, .T. ) ;
#7691 = LINE ( 'NONE', #3434, #1016 ) ;
#7692 = AXIS2_PLACEMENT_3D ( 'NONE', #3302, #656, #10905 ) ;
#7693 = VECTOR ( 'NONE', #10233, 1000.000000000000000 ) ;
#7695 = FACE_OUTER_BOUND ( 'NONE', #8234, .T. ) ;
#7694 = DIRECTION ( 'NONE',  ( -1.000000000000000000, 0.000000000000000000, -0.000000000000000000 ) ) ;
#7696 = FILL_AREA_STYLE ('',( #5268 ) ) ;
#7697 = DIRECTION ( 'NONE',  ( 0.000000000000000000, 0.000000000000000000, 1.000000000000000000 ) ) ;
#7698 = EDGE_LOOP ( 'NONE', ( #1874, #4498, #9025, #5409 ) ) ;
#7699 = ORIENTED_EDGE ( 'NONE', *, *, #5571, .F. ) ;
#7700 = FACE_BOUND ( 'NONE', #1630, .T. ) ;
#7701 = EDGE_CURVE ( 'NONE', #2540, #5401, #5700, .T. ) ;
#7702 = EDGE_CURVE ( 'NONE', #1179, #9494, #8071, .T. ) ;
#7703 = DIRECTION ( 'NONE',  ( 0.7071067811865465735, 0.7071067811865483499, -0.000000000000000000 ) ) ;
#7704 = FILL_AREA_STYLE_COLOUR ( '', #5993 ) ;
#7705 =( NAMED_UNIT ( * ) SI_UNIT ( $, .STERADIAN. ) SOLID_ANGLE_UNIT ( ) );
#7706 = LINE ( 'NONE', #9631, #3259 ) ;
#7707 =( NAMED_UNIT ( * ) SI_UNIT ( $, .STERADIAN. ) SOLID_ANGLE_UNIT ( ) );
#7708 = SURFACE_STYLE_FILL_AREA ( #10097 ) ;
#7709 = CARTESIAN_POINT ( 'NONE',  ( -2.186111111111112226, 2.550000000000002043, 0.4999999999999995559 ) ) ;
#7710 = ORIENTED_EDGE ( 'NONE', *, *, #1106, .T. ) ;
#7711 = DIRECTION ( 'NONE',  ( 0.7071067811865487940, 0.7071067811865463515, -0.000000000000000000 ) ) ;
#7712 = SURFACE_SIDE_STYLE ('',( #902 ) ) ;
#7713 = ADVANCED_FACE ( 'NONE', ( #9881 ), #2971, .F. ) ;
#7714 = MANIFOLD_SOLID_BREP ( '¸ðµû±â2', #7282 ) ;
#7715 = MECHANICAL_DESIGN_GEOMETRIC_PRESENTATION_REPRESENTATION (  '', ( #9012 ), #5929 ) ;
#7716 = ORIENTED_EDGE ( 'NONE', *, *, #2113, .T. ) ;
#7717 =( NAMED_UNIT ( * ) PLANE_ANGLE_UNIT ( ) SI_UNIT ( $, .RADIAN. ) );
#7718 = VECTOR ( 'NONE', #3606, 1000.000000000000000 ) ;
#7719 = PRESENTATION_STYLE_ASSIGNMENT (( #1961 ) ) ;
#7720 = DIRECTION ( 'NONE',  ( -1.000000000000000000, 0.000000000000000000, -0.000000000000000000 ) ) ;
#7721 = ORIENTED_EDGE ( 'NONE', *, *, #4308, .T. ) ;
#7722 = ORIENTED_EDGE ( 'NONE', *, *, #6296, .F. ) ;
#7723 = SURFACE_STYLE_USAGE ( .BOTH. , #8538 ) ;
#7724 =( NAMED_UNIT ( * ) PLANE_ANGLE_UNIT ( ) SI_UNIT ( $, .RADIAN. ) );
#7725 = MECHANICAL_DESIGN_GEOMETRIC_PRESENTATION_REPRESENTATION (  '', ( #1499 ), #4320 ) ;
#7726 =( GEOMETRIC_REPRESENTATION_CONTEXT ( 3 ) GLOBAL_UNCERTAINTY_ASSIGNED_CONTEXT ( ( #8780 ) ) GLOBAL_UNIT_ASSIGNED_CONTEXT ( ( #10997, #11044, #4786 ) ) REPRESENTATION_CONTEXT ( 'NONE', 'WORKASPACE' ) );
#7727 = EDGE_CURVE ( 'NONE', #318, #10980, #9051, .T. ) ;
#7729 = EDGE_CURVE ( 'NONE', #2476, #9956, #5580, .T. ) ;
#7728 = CARTESIAN_POINT ( 'NONE',  ( -6.499999999999999112, 2.600000000000000089, -2.540000000000000036 ) ) ;
#7730 = VECTOR ( 'NONE', #4410, 1000.000000000000000 ) ;
#7731 = CARTESIAN_POINT ( 'NONE',  ( 2.649999999999999911, 2.100000000000000089, -4.500000000000003553 ) ) ;
#7732 = CARTESIAN_POINT ( 'NONE',  ( -3.949999999999998845, 1.600000000000000089, -4.500000000000003553 ) ) ;
#7733 = ORIENTED_EDGE ( 'NONE', *, *, #169, .F. ) ;
#7734 =( NAMED_UNIT ( * ) PLANE_ANGLE_UNIT ( ) SI_UNIT ( $, .RADIAN. ) );
#7735 = ORIENTED_EDGE ( 'NONE', *, *, #7029, .F. ) ;
#7736 = VECTOR ( 'NONE', #8988, 1000.000000000000000 ) ;
#7737 = CARTESIAN_POINT ( 'NONE',  ( 3.031990237815518796, 1.704120873295593919, -2.500000000000000888 ) ) ;
#7738 = FACE_BOUND ( 'NONE', #7583, .T. ) ;
#7739 =( GEOMETRIC_REPRESENTATION_CONTEXT ( 3 ) GLOBAL_UNCERTAINTY_ASSIGNED_CONTEXT ( ( #407 ) ) GLOBAL_UNIT_ASSIGNED_CONTEXT ( ( #5657, #8322, #3990 ) ) REPRESENTATION_CONTEXT ( 'NONE', 'WORKASPACE' ) );
#7740 = LINE ( 'NONE', #88, #7693 ) ;
#7741 = CARTESIAN_POINT ( 'NONE',  ( -2.994689754873801846, 1.600000000000000755, -1.000000000000000444 ) ) ;
#7742 =( GEOMETRIC_REPRESENTATION_CONTEXT ( 3 ) GLOBAL_UNCERTAINTY_ASSIGNED_CONTEXT ( ( #5848 ) ) GLOBAL_UNIT_ASSIGNED_CONTEXT ( ( #4505, #3692, #8591 ) ) REPRESENTATION_CONTEXT ( 'NONE', 'WORKASPACE' ) );
#7743 = CARTESIAN_POINT ( 'NONE',  ( -0.6500000000000000222, 2.100000000000000089, 8.000000000000000000 ) ) ;
#7745 = EDGE_CURVE ( 'NONE', #6821, #7952, #9937, .T. ) ;
#7744 = DIRECTION ( 'NONE',  ( 0.000000000000000000, 1.000000000000000000, 0.000000000000000000 ) ) ;
#7746 = ORIENTED_EDGE ( 'NONE', *, *, #9651, .T. ) ;
#7747 = STYLED_ITEM ( 'NONE', ( #6158 ), #7570 ) ;
#7748 =( NAMED_UNIT ( * ) SI_UNIT ( $, .STERADIAN. ) SOLID_ANGLE_UNIT ( ) );
#7749 = EDGE_CURVE ( 'NONE', #2639, #2856, #9097, .T. ) ;
#7750 = AXIS2_PLACEMENT_3D ( 'NONE', #10718, #2173, #9137 ) ;
#7751 = ORIENTED_EDGE ( 'NONE', *, *, #7729, .F. ) ;
#7752 = PRESENTATION_STYLE_ASSIGNMENT (( #937 ) ) ;
#7753 = FACE_OUTER_BOUND ( 'NONE', #4535, .T. ) ;
#7754 = CIRCLE ( 'NONE', #6126, 0.01226741143414006308 ) ;
#7756 = FILL_AREA_STYLE ('',( #7976 ) ) ;
#7755 = CARTESIAN_POINT ( 'NONE',  ( -8.000000000000007105, 0.000000000000000000, -9.750000000000000000 ) ) ;
#7757 = CARTESIAN_POINT ( 'NONE',  ( -6.799999999999945643, -7.899999999999999467, -2.361933147141467515 ) ) ;
#7758 = CARTESIAN_POINT ( 'NONE',  ( -7.769999999999999574, -2.399999999999999911, 3.510000000000003340 ) ) ;
#7759 = CARTESIAN_POINT ( 'NONE',  ( -6.500000000000000000, 1.600000000000000089, -0.4999999999999982792 ) ) ;
#7760 = UNCERTAINTY_MEASURE_WITH_UNIT (LENGTH_MEASURE( 1.000000000000000082E-05 ), #6242, 'distance_accuracy_value', 'NONE');
#7761 = CARTESIAN_POINT ( 'NONE',  ( 3.949999999999997957, 1.600000000000000089, -4.500000000000005329 ) ) ;
#7762 = VECTOR ( 'NONE', #10634, 999.9999999999998863 ) ;
#7763 = ORIENTED_EDGE ( 'NONE', *, *, #7729, .T. ) ;
#7764 =( GEOMETRIC_REPRESENTATION_CONTEXT ( 3 ) GLOBAL_UNCERTAINTY_ASSIGNED_CONTEXT ( ( #3392 ) ) GLOBAL_UNIT_ASSIGNED_CONTEXT ( ( #6002, #3922, #2976 ) ) REPRESENTATION_CONTEXT ( 'NONE', 'WORKASPACE' ) );
#7766 = FACE_OUTER_BOUND ( 'NONE', #10182, .T. ) ;
#7765 = FACE_BOUND ( 'NONE', #9382, .T. ) ;
#7767 = CARTESIAN_POINT ( 'NONE',  ( 0.000000000000000000, 0.000000000000000000, -2.000000000000000888 ) ) ;
#7768 = MECHANICAL_DESIGN_GEOMETRIC_PRESENTATION_REPRESENTATION (  '', ( #5061 ), #4180 ) ;
#7769 = LINE ( 'NONE', #7820, #7368 ) ;
#7770 =( NAMED_UNIT ( * ) PLANE_ANGLE_UNIT ( ) SI_UNIT ( $, .RADIAN. ) );
#7771 = UNCERTAINTY_MEASURE_WITH_UNIT (LENGTH_MEASURE( 1.000000000000000082E-05 ), #8699, 'distance_accuracy_value', 'NONE');
#7772 = LINE ( 'NONE', #3, #4593 ) ;
#7773 = UNCERTAINTY_MEASURE_WITH_UNIT (LENGTH_MEASURE( 1.000000000000000082E-05 ), #6947, 'distance_accuracy_value', 'NONE');
#7774 =( NAMED_UNIT ( * ) SI_UNIT ( $, .STERADIAN. ) SOLID_ANGLE_UNIT ( ) );
#7775 =( LENGTH_UNIT ( ) NAMED_UNIT ( * ) SI_UNIT ( .MILLI., .METRE. ) );
#7776 = EDGE_CURVE ( 'NONE', #4312, #9604, #2092, .T. ) ;
#7777 = ORIENTED_EDGE ( 'NONE', *, *, #1300, .F. ) ;
#7778 = VERTEX_POINT ( 'NONE', #4634 ) ;
#7779 = SURFACE_SIDE_STYLE ('',( #856 ) ) ;
#7780 = VECTOR ( 'NONE', #9228, 1000.000000000000000 ) ;
#7781 = LINE ( 'NONE', #1017, #8813 ) ;
#7782 = STYLED_ITEM ( 'NONE', ( #4718 ), #9203 ) ;
#7783 = CARTESIAN_POINT ( 'NONE',  ( 6.799999999999999822, -7.899999999999999467, 3.800000000000004707 ) ) ;
#7784 = CARTESIAN_POINT ( 'NONE',  ( 3.231990237815518530, 1.704120873295594141, -2.500000000000000888 ) ) ;
#7785 = CARTESIAN_POINT ( 'NONE',  ( -5.229999999999998650, -2.399999999999999911, 3.510000000000002451 ) ) ;
#7786 = VECTOR ( 'NONE', #4394, 1000.000000000000000 ) ;
#7787 = CARTESIAN_POINT ( 'NONE',  ( -2.994689754873801846, 1.600000000000000755, -2.000000000000000888 ) ) ;
#7788 = ORIENTED_EDGE ( 'NONE', *, *, #8944, .F. ) ;
#7789 =( NAMED_UNIT ( * ) PLANE_ANGLE_UNIT ( ) SI_UNIT ( $, .RADIAN. ) );
#7790 = PRESENTATION_STYLE_ASSIGNMENT (( #1803 ) ) ;
#7791 = EDGE_CURVE ( 'NONE', #4076, #10425, #2417, .T. ) ;
#7792 = CARTESIAN_POINT ( 'NONE',  ( 3.031990237815518796, 1.704120873295593919, -1.000000000000000444 ) ) ;
#7793 = EDGE_CURVE ( 'NONE', #9167, #1754, #7754, .T. ) ;
#7794 = PRESENTATION_STYLE_ASSIGNMENT (( #10284 ) ) ;
#7795 = FILL_AREA_STYLE ('',( #10513 ) ) ;
#7796 = VECTOR ( 'NONE', #4431, 1000.000000000000000 ) ;
#7797 = LINE ( 'NONE', #3524, #8429 ) ;
#7798 = VERTEX_POINT ( 'NONE', #9268 ) ;
#7799 = LINE ( 'NONE', #9440, #10435 ) ;
#7800 =( NAMED_UNIT ( * ) PLANE_ANGLE_UNIT ( ) SI_UNIT ( $, .RADIAN. ) );
#7801 = CARTESIAN_POINT ( 'NONE',  ( -2.649999999999995914, 1.600000000000000089, 8.000000000000000000 ) ) ;
#7802 = ADVANCED_FACE ( 'NONE', ( #4079 ), #7558, .F. ) ;
#7803 = EDGE_CURVE ( 'NONE', #1820, #6166, #7439, .T. ) ;
#7804 = CARTESIAN_POINT ( 'NONE',  ( 7.469999999999999751, 0.000000000000000000, -5.389999999999996128 ) ) ;
#7805 = EDGE_LOOP ( 'NONE', ( #7642, #6429, #6583, #9759 ) ) ;
#7806 = CARTESIAN_POINT ( 'NONE',  ( 7.470000000000000639, 0.000000000000000000, -2.849999999999995204 ) ) ;
#7807 = CARTESIAN_POINT ( 'NONE',  ( 11.49999999999999645, 1.600000000000000089, 11.50000000000000000 ) ) ;
#7808 = ORIENTED_EDGE ( 'NONE', *, *, #3470, .F. ) ;
#7809 = FILL_AREA_STYLE_COLOUR ( '', #4197 ) ;
#7810 = LINE ( 'NONE', #5442, #9304 ) ;
#7811 = ORIENTED_EDGE ( 'NONE', *, *, #2002, .F. ) ;
#7812 = CARTESIAN_POINT ( 'NONE',  ( 7.999999999999992895, 0.000000000000000000, 7.999999999999992895 ) ) ;
#7813 = EDGE_CURVE ( 'NONE', #9603, #2384, #10214, .T. ) ;
#7814 = ADVANCED_FACE ( 'NONE', ( #5821 ), #8368, .F. ) ;
#7815 = CARTESIAN_POINT ( 'NONE',  ( 7.769999999999998685, -5.992102448427662154, -3.149999999999993694 ) ) ;
#7816 = DIRECTION ( 'NONE',  ( 0.000000000000000000, 0.000000000000000000, 1.000000000000000000 ) ) ;
#7817 = PRESENTATION_STYLE_ASSIGNMENT (( #10535 ) ) ;
#7818 = FACE_OUTER_BOUND ( 'NONE', #7972, .T. ) ;
#7819 = LINE ( 'NONE', #3551, #10476 ) ;
#7820 = CARTESIAN_POINT ( 'NONE',  ( -3.231990237815517641, 1.704120873295593253, -2.500000000000000888 ) ) ;
#7821 = CARTESIAN_POINT ( 'NONE',  ( -3.031990237815517908, 1.704120873295593253, 0.4999999999999995559 ) ) ;
#7822 = LINE ( 'NONE', #6023, #66 ) ;
#7823 = LINE ( 'NONE', #348, #367 ) ;
#7824 = FILL_AREA_STYLE ('',( #10328 ) ) ;
#7825 = PRESENTATION_LAYER_ASSIGNMENT (  '', '', ( #3165 ) ) ;
#7826 = PRESENTATION_LAYER_ASSIGNMENT (  '', '', ( #1589 ) ) ;
#7827 = DIRECTION ( 'NONE',  ( -1.000000000000000000, -0.000000000000000000, -0.000000000000000000 ) ) ;
#7828 = FACE_OUTER_BOUND ( 'NONE', #7647, .T. ) ;
#7829 = DIRECTION ( 'NONE',  ( 0.000000000000000000, 0.000000000000000000, -1.000000000000000000 ) ) ;
#7830 = AXIS2_PLACEMENT_3D ( 'NONE', #2004, #1891, #2828 ) ;
#7831 = VECTOR ( 'NONE', #915, 1000.000000000000000 ) ;
#7832 =( NAMED_UNIT ( * ) SI_UNIT ( $, .STERADIAN. ) SOLID_ANGLE_UNIT ( ) );
#7833 = PRESENTATION_LAYER_ASSIGNMENT (  '', '', ( #4244 ) ) ;
#7834 =( LENGTH_UNIT ( ) NAMED_UNIT ( * ) SI_UNIT ( .MILLI., .METRE. ) );
#7835 =( LENGTH_UNIT ( ) NAMED_UNIT ( * ) SI_UNIT ( .MILLI., .METRE. ) );
#7836 = ORIENTED_EDGE ( 'NONE', *, *, #9790, .T. ) ;
#7837 =( NAMED_UNIT ( * ) PLANE_ANGLE_UNIT ( ) SI_UNIT ( $, .RADIAN. ) );
#7838 =( NAMED_UNIT ( * ) PLANE_ANGLE_UNIT ( ) SI_UNIT ( $, .RADIAN. ) );
#7839 = COLOUR_RGB ( '',1.000000000000000000, 0.9372549019607843146, 0.1372549019607843257 ) ;
#7840 =( GEOMETRIC_REPRESENTATION_CONTEXT ( 3 ) GLOBAL_UNCERTAINTY_ASSIGNED_CONTEXT ( ( #629 ) ) GLOBAL_UNIT_ASSIGNED_CONTEXT ( ( #10974, #10814, #9340 ) ) REPRESENTATION_CONTEXT ( 'NONE', 'WORKASPACE' ) );
#7841 = CARTESIAN_POINT ( 'NONE',  ( -9.499999999999994671, 1.600000000000000089, 9.500000000000005329 ) ) ;
#7842 = ORIENTED_EDGE ( 'NONE', *, *, #10849, .F. ) ;
#7843 = VERTEX_POINT ( 'NONE', #8420 ) ;
#7844 = CARTESIAN_POINT ( 'NONE',  ( 2.994689754873803622, 1.600000000000001421, 1.999999999999999556 ) ) ;
#7845 = CARTESIAN_POINT ( 'NONE',  ( 6.200000000000025935, -7.899999999999999467, 1.260000000000004672 ) ) ;
#7846 = EDGE_CURVE ( 'NONE', #1127, #10901, #3816, .T. ) ;
#7847 = DIRECTION ( 'NONE',  ( -0.000000000000000000, 1.000000000000000000, -0.000000000000000000 ) ) ;
#7848 = SURFACE_STYLE_USAGE ( .BOTH. , #8600 ) ;
#7849 =( NAMED_UNIT ( * ) SI_UNIT ( $, .STERADIAN. ) SOLID_ANGLE_UNIT ( ) );
#7850 = STYLED_ITEM ( 'NONE', ( #9084 ), #1118 ) ;
#7851 = STYLED_ITEM ( 'NONE', ( #2274 ), #5227 ) ;
#7852 = CARTESIAN_POINT ( 'NONE',  ( 7.470000000000001528, -2.399999999999999911, 4.770000000000004903 ) ) ;
#7853 = CARTESIAN_POINT ( 'NONE',  ( 5.229999999999998650, -2.399999999999999911, -3.149999999999992362 ) ) ;
#7854 =( GEOMETRIC_REPRESENTATION_CONTEXT ( 3 ) GLOBAL_UNCERTAINTY_ASSIGNED_CONTEXT ( ( #3732 ) ) GLOBAL_UNIT_ASSIGNED_CONTEXT ( ( #9833, #1321, #4698 ) ) REPRESENTATION_CONTEXT ( 'NONE', 'WORKASPACE' ) );
#7855 = DIRECTION ( 'NONE',  ( -0.7071067811865474617, 0.000000000000000000, -0.7071067811865474617 ) ) ;
#7856 = DIRECTION ( 'NONE',  ( -0.000000000000000000, 0.000000000000000000, -1.000000000000000000 ) ) ;
#7857 = LINE ( 'NONE', #7807, #2396 ) ;
#7858 = ORIENTED_EDGE ( 'NONE', *, *, #2320, .F. ) ;
#7859 = VECTOR ( 'NONE', #2277, 1000.000000000000114 ) ;
#7860 = AXIS2_PLACEMENT_3D ( 'NONE', #4714, #4587, #8152 ) ;
#7861 = ORIENTED_EDGE ( 'NONE', *, *, #1014, .T. ) ;
#7863 =( LENGTH_UNIT ( ) NAMED_UNIT ( * ) SI_UNIT ( .MILLI., .METRE. ) );
#7862 = SURFACE_SIDE_STYLE ('',( #10481 ) ) ;
#7864 =( LENGTH_UNIT ( ) NAMED_UNIT ( * ) SI_UNIT ( .MILLI., .METRE. ) );
#7865 = UNCERTAINTY_MEASURE_WITH_UNIT (LENGTH_MEASURE( 1.000000000000000082E-05 ), #9011, 'distance_accuracy_value', 'NONE');
#7866 = VECTOR ( 'NONE', #1008, 1000.000000000000000 ) ;
#7867 = DIRECTION ( 'NONE',  ( -1.000000000000000000, 0.000000000000000000, 0.000000000000000000 ) ) ;
#7868 = EDGE_CURVE ( 'NONE', #546, #7242, #10903, .T. ) ;
#7869 = ORIENTED_EDGE ( 'NONE', *, *, #664, .T. ) ;
#7871 = CARTESIAN_POINT ( 'NONE',  ( 3.231990237815518530, 1.704120873295594141, 1.999999999999999556 ) ) ;
#7870 = SURFACE_STYLE_USAGE ( .BOTH. , #9466 ) ;
#7872 = PRESENTATION_LAYER_ASSIGNMENT (  '', '', ( #5540 ) ) ;
#7873 = AXIS2_PLACEMENT_3D ( 'NONE', #6540, #1524, #9193 ) ;
#7874 =( NAMED_UNIT ( * ) PLANE_ANGLE_UNIT ( ) SI_UNIT ( $, .RADIAN. ) );
#7875 = AXIS2_PLACEMENT_3D ( 'NONE', #3025, #9931, #9713 ) ;
#7876 = UNCERTAINTY_MEASURE_WITH_UNIT (LENGTH_MEASURE( 1.000000000000000082E-05 ), #11050, 'distance_accuracy_value', 'NONE');
#7877 = CARTESIAN_POINT ( 'NONE',  ( 7.470000000000000639, -2.399999999999999911, 2.230000000000004867 ) ) ;
#7878 = UNCERTAINTY_MEASURE_WITH_UNIT (LENGTH_MEASURE( 1.000000000000000082E-05 ), #9891, 'distance_accuracy_value', 'NONE');
#7879 = CARTESIAN_POINT ( 'NONE',  ( 1.986111111111112937, 2.450000000000002398, -0.5000000000000004441 ) ) ;
#7880 =( NAMED_UNIT ( * ) SI_UNIT ( $, .STERADIAN. ) SOLID_ANGLE_UNIT ( ) );
#7881 = EDGE_CURVE ( 'NONE', #8508, #2510, #860, .T. ) ;
#7882 = ORIENTED_EDGE ( 'NONE', *, *, #8453, .T. ) ;
#7883 = DIRECTION ( 'NONE',  ( 5.368498217537953495E-17, -0.8987940462991681478, 0.4383711467890751279 ) ) ;
#7884 = CARTESIAN_POINT ( 'NONE',  ( -6.799999999999972289, -7.899999999999999467, -0.3000000000000003775 ) ) ;
#7885 = ORIENTED_EDGE ( 'NONE', *, *, #8793, .F. ) ;
#7886 = CARTESIAN_POINT ( 'NONE',  ( -7.769999999999999574, 0.000000000000000000, -1.569999999999997176 ) ) ;
#7887 = DIRECTION ( 'NONE',  ( 0.000000000000000000, -0.000000000000000000, 1.000000000000000000 ) ) ;
#7888 = DIRECTION ( 'NONE',  ( -1.000000000000000000, 0.000000000000000000, -0.000000000000000000 ) ) ;
#7889 = SURFACE_SIDE_STYLE ('',( #10615 ) ) ;
#7890 = VERTEX_POINT ( 'NONE', #9374 ) ;
#7891 = SURFACE_SIDE_STYLE ('',( #8936 ) ) ;
#7892 = DIRECTION ( 'NONE',  ( 1.000000000000000000, -0.000000000000000000, 0.000000000000000000 ) ) ;
#7893 = CARTESIAN_POINT ( 'NONE',  ( -3.231990237815517641, 1.600000000000000755, 1.999999999999999556 ) ) ;
#7894 = PRESENTATION_LAYER_ASSIGNMENT (  '', '', ( #4129 ) ) ;
#7895 = PLANE ( 'NONE',  #8794 ) ;
#7896 =( GEOMETRIC_REPRESENTATION_CONTEXT ( 3 ) GLOBAL_UNCERTAINTY_ASSIGNED_CONTEXT ( ( #8796 ) ) GLOBAL_UNIT_ASSIGNED_CONTEXT ( ( #1634, #5919, #7607 ) ) REPRESENTATION_CONTEXT ( 'NONE', 'WORKASPACE' ) );
#7897 = ORIENTED_EDGE ( 'NONE', *, *, #2720, .T. ) ;
#7898 = CARTESIAN_POINT ( 'NONE',  ( 7.769999999999999574, -2.399999999999999911, -2.549999999999998490 ) ) ;
#7899 =( LENGTH_UNIT ( ) NAMED_UNIT ( * ) SI_UNIT ( .MILLI., .METRE. ) );
#7900 = ORIENTED_EDGE ( 'NONE', *, *, #1655, .T. ) ;
#7901 = DIRECTION ( 'NONE',  ( 1.000000000000000000, 0.000000000000000000, -1.334402673828314621E-15 ) ) ;
#7902 = ORIENTED_EDGE ( 'NONE', *, *, #7255, .T. ) ;
#7903 = PRESENTATION_STYLE_ASSIGNMENT (( #5483 ) ) ;
#7904 =( GEOMETRIC_REPRESENTATION_CONTEXT ( 3 ) GLOBAL_UNCERTAINTY_ASSIGNED_CONTEXT ( ( #10484 ) ) GLOBAL_UNIT_ASSIGNED_CONTEXT ( ( #3080, #8016, #7171 ) ) REPRESENTATION_CONTEXT ( 'NONE', 'WORKASPACE' ) );
#7905 = FILL_AREA_STYLE_COLOUR ( '', #8961 ) ;
#7906 = PRESENTATION_STYLE_ASSIGNMENT (( #4466 ) ) ;
#7907 = FACE_OUTER_BOUND ( 'NONE', #4882, .T. ) ;
#7908 = LINE ( 'NONE', #8715, #815 ) ;
#7909 = ORIENTED_EDGE ( 'NONE', *, *, #2258, .T. ) ;
#7910 = EDGE_CURVE ( 'NONE', #8642, #9811, #8532, .T. ) ;
#7911 = CARTESIAN_POINT ( 'NONE',  ( 2.144689754873803533, 2.450000000000002398, 0.9999999999999995559 ) ) ;
#7912 = VECTOR ( 'NONE', #6605, 1000.000000000000000 ) ;
#7913 = VECTOR ( 'NONE', #6660, 999.9999999999998863 ) ;
#7914 = EDGE_LOOP ( 'NONE', ( #2743, #9058, #5951, #7228 ) ) ;
#7915 = VECTOR ( 'NONE', #2594, 1000.000000000000000 ) ;
#7916 =( NAMED_UNIT ( * ) SI_UNIT ( $, .STERADIAN. ) SOLID_ANGLE_UNIT ( ) );
#7917 = PLANE ( 'NONE',  #7860 ) ;
#7918 = VECTOR ( 'NONE', #3677, 1000.000000000000000 ) ;
#7919 = CARTESIAN_POINT ( 'NONE',  ( 3.949999999999997957, 2.100000000000000089, -4.500000000000005329 ) ) ;
#7920 = AXIS2_PLACEMENT_3D ( 'NONE', #6646, #3154, #561 ) ;
#7921 = CARTESIAN_POINT ( 'NONE',  ( 3.231990237815519418, 1.600000000000001643, -2.500000000000000888 ) ) ;
#7922 = EDGE_CURVE ( 'NONE', #5896, #3336, #5985, .T. ) ;
#7923 = VECTOR ( 'NONE', #2336, 1000.000000000000000 ) ;
#7924 =( GEOMETRIC_REPRESENTATION_CONTEXT ( 3 ) GLOBAL_UNCERTAINTY_ASSIGNED_CONTEXT ( ( #1518 ) ) GLOBAL_UNIT_ASSIGNED_CONTEXT ( ( #1013, #6134, #63 ) ) REPRESENTATION_CONTEXT ( 'NONE', 'WORKASPACE' ) );
#7925 = EDGE_LOOP ( 'NONE', ( #4205, #559, #7062, #7897 ) ) ;
#7926 = COLOUR_RGB ( '',1.000000000000000000, 0.9372549019607843146, 0.1372549019607843257 ) ;
#7927 = VECTOR ( 'NONE', #3669, 1000.000000000000114 ) ;
#7928 = COLOUR_RGB ( '',1.000000000000000000, 0.9372549019607843146, 0.1372549019607843257 ) ;
#7929 =( NAMED_UNIT ( * ) PLANE_ANGLE_UNIT ( ) SI_UNIT ( $, .RADIAN. ) );
#7930 = FILL_AREA_STYLE_COLOUR ( '', #1319 ) ;
#7931 = LINE ( 'NONE', #3448, #7866 ) ;
#7932 = VECTOR ( 'NONE', #683, 1000.000000000000000 ) ;
#7933 = EDGE_CURVE ( 'NONE', #6446, #3987, #4866, .T. ) ;
#7934 = ORIENTED_EDGE ( 'NONE', *, *, #4493, .F. ) ;
#7935 = EDGE_CURVE ( 'NONE', #6706, #2510, #1339, .T. ) ;
#7936 = DIRECTION ( 'NONE',  ( -1.000000000000000000, 0.000000000000000000, 0.000000000000000000 ) ) ;
#7937 = SURFACE_SIDE_STYLE ('',( #7994 ) ) ;
#7938 = CARTESIAN_POINT ( 'NONE',  ( -6.799999999999998934, -7.649999999999995026, 2.239999999999999769 ) ) ;
#7939 = AXIS2_PLACEMENT_3D ( 'NONE', #9179, #3369, #9343 ) ;
#7940 = CARTESIAN_POINT ( 'NONE',  ( 1.986111111111112937, 2.450000000000002398, 0.4999999999999995559 ) ) ;
#7942 = ADVANCED_FACE ( 'NONE', ( #6142 ), #10443, .F. ) ;
#7941 = ORIENTED_EDGE ( 'NONE', *, *, #1171, .T. ) ;
#7943 = ORIENTED_EDGE ( 'NONE', *, *, #129, .T. ) ;
#7944 = SURFACE_STYLE_USAGE ( .BOTH. , #7712 ) ;
#7945 = COLOUR_RGB ( '',0.8313725490196077761, 0.6705882352941175961, 0.1294117647058823373 ) ;
#7946 = LINE ( 'NONE', #4673, #4869 ) ;
#7947 = PLANE ( 'NONE',  #2958 ) ;
#7948 =( LENGTH_UNIT ( ) NAMED_UNIT ( * ) SI_UNIT ( .MILLI., .METRE. ) );
#7949 = PLANE ( 'NONE',  #3263 ) ;
#7950 = CARTESIAN_POINT ( 'NONE',  ( 6.200000000000078337, -7.899999999999999467, -4.419999999999995488 ) ) ;
#7951 = ADVANCED_FACE ( 'NONE', ( #3574 ), #2627, .F. ) ;
#7952 = VERTEX_POINT ( 'NONE', #5183 ) ;
#7953 = DIRECTION ( 'NONE',  ( 0.000000000000000000, -0.000000000000000000, 1.000000000000000000 ) ) ;
#7954 = CARTESIAN_POINT ( 'NONE',  ( 6.500000000000000888, 2.600000000000000089, -4.107732588565855103 ) ) ;
#7955 = ADVANCED_FACE ( 'NONE', ( #8585 ), #908, .F. ) ;
#7956 = CARTESIAN_POINT ( 'NONE',  ( 2.186111111111113114, 2.550000000000002487, 2.499999999999999556 ) ) ;
#7957 = LINE ( 'NONE', #3582, #576 ) ;
#7958 =( NAMED_UNIT ( * ) PLANE_ANGLE_UNIT ( ) SI_UNIT ( $, .RADIAN. ) );
#7959 = ORIENTED_EDGE ( 'NONE', *, *, #8793, .T. ) ;
#7960 = AXIS2_PLACEMENT_3D ( 'NONE', #2021, #4344, #7887 ) ;
#7961 = CARTESIAN_POINT ( 'NONE',  ( 11.49999999999999645, 0.000000000000000000, 11.50000000000000000 ) ) ;
#7962 = ORIENTED_EDGE ( 'NONE', *, *, #10958, .T. ) ;
#7963 = LINE ( 'NONE', #1316, #6079 ) ;
#7964 = SURFACE_STYLE_USAGE ( .BOTH. , #4512 ) ;
#7965 = DIRECTION ( 'NONE',  ( -0.000000000000000000, -1.000000000000000000, -0.000000000000000000 ) ) ;
#7966 = PRESENTATION_STYLE_ASSIGNMENT (( #9353 ) ) ;
#7967 = CARTESIAN_POINT ( 'NONE',  ( 3.231990237815518530, 1.704120873295594141, 0.4999999999999995559 ) ) ;
#7968 = LINE ( 'NONE', #3707, #6029 ) ;
#7969 = COLOUR_RGB ( '',0.8941176470588234615, 0.9137254901960784048, 0.9294117647058823817 ) ;
#7970 = CARTESIAN_POINT ( 'NONE',  ( -6.500000000000000000, 2.600000000000000089, 0.000000000000000000 ) ) ;
#7971 = ORIENTED_EDGE ( 'NONE', *, *, #6016, .T. ) ;
#7972 = EDGE_LOOP ( 'NONE', ( #6475, #3722, #9040, #922 ) ) ;
#7973 = DIRECTION ( 'NONE',  ( 0.000000000000000000, -0.000000000000000000, 1.000000000000000000 ) ) ;
#7974 = CARTESIAN_POINT ( 'NONE',  ( -6.678066852858505875, -7.899999999999999467, 0.000000000000000000 ) ) ;
#7975 = CARTESIAN_POINT ( 'NONE',  ( 6.678066852858611568, -7.899999999999999467, -4.298066852858528186 ) ) ;
#7976 = FILL_AREA_STYLE_COLOUR ( '', #9746 ) ;
#7977 = LINE ( 'NONE', #2054, #8754 ) ;
#7978 = FILL_AREA_STYLE ('',( #2706 ) ) ;
#7979 = PLANE ( 'NONE',  #3802 ) ;
#7980 = UNCERTAINTY_MEASURE_WITH_UNIT (LENGTH_MEASURE( 1.000000000000000082E-05 ), #6848, 'distance_accuracy_value', 'NONE');
#7981 = LINE ( 'NONE', #8849, #7927 ) ;
#7982 = VERTEX_POINT ( 'NONE', #1798 ) ;
#7983 = CARTESIAN_POINT ( 'NONE',  ( -7.769999999999999574, 0.000000000000000000, 3.510000000000003340 ) ) ;
#7984 = STYLED_ITEM ( 'NONE', ( #7903 ), #3751 ) ;
#7985 = ORIENTED_EDGE ( 'NONE', *, *, #7602, .F. ) ;
#7986 = CARTESIAN_POINT ( 'NONE',  ( 7.470000000000000639, -2.399999999999999911, -2.849999999999995204 ) ) ;
#7987 = CARTESIAN_POINT ( 'NONE',  ( 6.321933147141518106, -7.899999999999999467, -1.401933147141460667 ) ) ;
#7988 = ADVANCED_FACE ( 'NONE', ( #7059 ), #6087, .F. ) ;
#7989 = UNCERTAINTY_MEASURE_WITH_UNIT (LENGTH_MEASURE( 1.000000000000000082E-05 ), #10954, 'distance_accuracy_value', 'NONE');
#7990 = ORIENTED_EDGE ( 'NONE', *, *, #8218, .F. ) ;
#7991 = LINE ( 'NONE', #5458, #8582 ) ;
#7992 = UNCERTAINTY_MEASURE_WITH_UNIT (LENGTH_MEASURE( 1.000000000000000082E-05 ), #6333, 'distance_accuracy_value', 'NONE');
#7993 = DIRECTION ( 'NONE',  ( 0.000000000000000000, 0.000000000000000000, 1.000000000000000000 ) ) ;
#7994 = SURFACE_STYLE_FILL_AREA ( #4494 ) ;
#7995 = CARTESIAN_POINT ( 'NONE',  ( 7.999999999999992895, 1.600000000000000089, -8.000000000000007105 ) ) ;
#7996 =( NAMED_UNIT ( * ) PLANE_ANGLE_UNIT ( ) SI_UNIT ( $, .RADIAN. ) );
#7997 = EDGE_LOOP ( 'NONE', ( #9109, #9225, #7110, #5018 ) ) ;
#7998 = CARTESIAN_POINT ( 'NONE',  ( -2.144689754873802645, 2.450000000000001954, -0.5000000000000004441 ) ) ;
#7999 = VERTEX_POINT ( 'NONE', #3014 ) ;
#8000 = SURFACE_STYLE_USAGE ( .BOTH. , #357 ) ;
#8001 = DIRECTION ( 'NONE',  ( 0.000000000000000000, 0.000000000000000000, 1.000000000000000000 ) ) ;
#8002 = CARTESIAN_POINT ( 'NONE',  ( 6.800000000000078870, -7.899999999999999467, -3.819999999999995399 ) ) ;
#8003 = FACE_OUTER_BOUND ( 'NONE', #520, .T. ) ;
#8004 = VECTOR ( 'NONE', #3100, 1000.000000000000000 ) ;
#8005 = VERTEX_POINT ( 'NONE', #9042 ) ;
#8006 = FACE_OUTER_BOUND ( 'NONE', #2822, .T. ) ;
#8007 = SURFACE_SIDE_STYLE ('',( #6373 ) ) ;
#8008 = PLANE ( 'NONE',  #5302 ) ;
#8009 = CARTESIAN_POINT ( 'NONE',  ( 2.649999999999999911, 2.100000000000000089, -4.500000000000003553 ) ) ;
#8010 =( LENGTH_UNIT ( ) NAMED_UNIT ( * ) SI_UNIT ( .MILLI., .METRE. ) );
#8011 = EDGE_CURVE ( 'NONE', #1479, #9906, #8990, .T. ) ;
#8012 = EDGE_CURVE ( 'NONE', #5513, #2164, #1241, .T. ) ;
#8013 = ORIENTED_EDGE ( 'NONE', *, *, #5312, .T. ) ;
#8014 = MECHANICAL_DESIGN_GEOMETRIC_PRESENTATION_REPRESENTATION (  '', ( #6969 ), #9836 ) ;
#8015 = ORIENTED_EDGE ( 'NONE', *, *, #2649, .F. ) ;
#8016 =( NAMED_UNIT ( * ) PLANE_ANGLE_UNIT ( ) SI_UNIT ( $, .RADIAN. ) );
#8017 =( NAMED_UNIT ( * ) SI_UNIT ( $, .STERADIAN. ) SOLID_ANGLE_UNIT ( ) );
#8018 = ORIENTED_EDGE ( 'NONE', *, *, #11085, .F. ) ;
#8019 = CARTESIAN_POINT ( 'NONE',  ( 5.529999999999995808, -2.399999999999999911, 2.230000000000004867 ) ) ;
#8020 = DIRECTION ( 'NONE',  ( 0.8987940462991674817, -0.4383711467890764601, 0.000000000000000000 ) ) ;
#8021 = DIRECTION ( 'NONE',  ( -1.000000000000000000, -0.000000000000000000, -0.000000000000000000 ) ) ;
#8022 = PRESENTATION_STYLE_ASSIGNMENT (( #541 ) ) ;
#8023 = STYLED_ITEM ( 'NONE', ( #7752 ), #978 ) ;
#8024 = MECHANICAL_DESIGN_GEOMETRIC_PRESENTATION_REPRESENTATION (  '', ( #8744 ), #5869 ) ;
#8025 = AXIS2_PLACEMENT_3D ( 'NONE', #4960, #748, #8361 ) ;
#8026 = CIRCLE ( 'NONE', #10748, 1.749999999999999778 ) ;
#8027 = CARTESIAN_POINT ( 'NONE',  ( -5.229999999999998650, -2.399999999999999911, 1.569999999999997176 ) ) ;
#8028 = EDGE_LOOP ( 'NONE', ( #10605, #5697, #3853, #3172 ) ) ;
#8029 = ORIENTED_EDGE ( 'NONE', *, *, #6589, .T. ) ;
#8030 = CARTESIAN_POINT ( 'NONE',  ( -5.941206211030008788, -7.119394100297961714, 1.981206211030010822 ) ) ;
#8031 = ADVANCED_FACE ( 'NONE', ( #10726 ), #10838, .F. ) ;
#8032 = CARTESIAN_POINT ( 'NONE',  ( 1.749999999999999778, 3.400000000000000799, 2.499999999999999556 ) ) ;
#8033 = FILL_AREA_STYLE ('',( #4582 ) ) ;
#8034 = COLOUR_RGB ( '',0.8313725490196077761, 0.6705882352941175961, 0.1294117647058823373 ) ;
#8035 = COLOUR_RGB ( '',0.8313725490196077761, 0.6705882352941175961, 0.1294117647058823373 ) ;
#8036 = FILL_AREA_STYLE ('',( #9894 ) ) ;
#8037 = SURFACE_SIDE_STYLE ('',( #4586 ) ) ;
#8038 = FILL_AREA_STYLE_COLOUR ( '', #8416 ) ;
#8039 =( NAMED_UNIT ( * ) SI_UNIT ( $, .STERADIAN. ) SOLID_ANGLE_UNIT ( ) );
#8040 = VECTOR ( 'NONE', #157, 1000.000000000000000 ) ;
#8041 = VERTEX_POINT ( 'NONE', #7324 ) ;
#8042 = LINE ( 'NONE', #400, #1447 ) ;
#8043 = LINE ( 'NONE', #6354, #358 ) ;
#8044 = FILL_AREA_STYLE ('',( #3850 ) ) ;
#8045 = VECTOR ( 'NONE', #570, 1000.000000000000114 ) ;
#8046 = MECHANICAL_DESIGN_GEOMETRIC_PRESENTATION_REPRESENTATION (  '', ( #4993 ), #5157 ) ;
#8047 =( NAMED_UNIT ( * ) SI_UNIT ( $, .STERADIAN. ) SOLID_ANGLE_UNIT ( ) );
#8048 = FILL_AREA_STYLE ('',( #1174 ) ) ;
#8049 = CARTESIAN_POINT ( 'NONE',  ( -3.231990237815517641, 1.704120873295593253, 0.9999999999999995559 ) ) ;
#8050 = DIRECTION ( 'NONE',  ( -5.421010862427522170E-17, 0.000000000000000000, -1.000000000000000000 ) ) ;
#8051 = ORIENTED_EDGE ( 'NONE', *, *, #6592, .T. ) ;
#8052 = ADVANCED_FACE ( 'NONE', ( #4790 ), #1361, .T. ) ;
#8053 = ORIENTED_EDGE ( 'NONE', *, *, #3482, .T. ) ;
#8054 = EDGE_CURVE ( 'NONE', #5638, #4522, #2370, .T. ) ;
#8055 = COLOUR_RGB ( '',0.8941176470588234615, 0.9137254901960784048, 0.9294117647058823817 ) ;
#8056 = PRESENTATION_LAYER_ASSIGNMENT (  '', '', ( #396 ) ) ;
#8057 =( NAMED_UNIT ( * ) PLANE_ANGLE_UNIT ( ) SI_UNIT ( $, .RADIAN. ) );
#8058 = MECHANICAL_DESIGN_GEOMETRIC_PRESENTATION_REPRESENTATION (  '', ( #2505 ), #567 ) ;
#8059 = DIRECTION ( 'NONE',  ( -0.7071067811865485719, 0.000000000000000000, 0.7071067811865465735 ) ) ;
#8060 = SURFACE_SIDE_STYLE ('',( #9708 ) ) ;
#8061 = COLOUR_RGB ( '',0.8941176470588234615, 0.9137254901960784048, 0.9294117647058823817 ) ;
#8062 = DIRECTION ( 'NONE',  ( -0.8987940462991674817, 0.4383711467890764601, 0.000000000000000000 ) ) ;
#8063 = CARTESIAN_POINT ( 'NONE',  ( 1.212034383954153416, -0.3366762177650429733, 0.9999999999999991118 ) ) ;
#8064 = CARTESIAN_POINT ( 'NONE',  ( -6.799999999999945643, -7.899999999999999467, -2.840000000000000302 ) ) ;
#8065 =( NAMED_UNIT ( * ) SI_UNIT ( $, .STERADIAN. ) SOLID_ANGLE_UNIT ( ) );
#8066 = FILL_AREA_STYLE_COLOUR ( '', #3050 ) ;
#8067 = FACE_OUTER_BOUND ( 'NONE', #6692, .T. ) ;
#8068 = STYLED_ITEM ( 'NONE', ( #2575 ), #6507 ) ;
#8069 = ORIENTED_EDGE ( 'NONE', *, *, #3495, .F. ) ;
#8070 = VERTEX_POINT ( 'NONE', #6546 ) ;
#8071 = LINE ( 'NONE', #594, #9740 ) ;
#8072 = LINE ( 'NONE', #6382, #1631 ) ;
#8073 = ORIENTED_EDGE ( 'NONE', *, *, #10445, .T. ) ;
#8074 = EDGE_CURVE ( 'NONE', #3415, #3463, #3228, .T. ) ;
#8075 = EDGE_CURVE ( 'NONE', #9796, #8005, #738, .T. ) ;
#8076 = DIRECTION ( 'NONE',  ( 0.000000000000000000, 0.000000000000000000, 1.000000000000000000 ) ) ;
#8077 = PRESENTATION_LAYER_ASSIGNMENT (  '', '', ( #3421 ) ) ;
#8078 = CARTESIAN_POINT ( 'NONE',  ( -8.000000000000007105, 0.000000000000000000, 6.250000000000007105 ) ) ;
#8079 = LINE ( 'NONE', #10802, #6140 ) ;
#8080 = EDGE_LOOP ( 'NONE', ( #10697, #10803, #6463, #2100 ) ) ;
#8081 = ORIENTED_EDGE ( 'NONE', *, *, #4088, .F. ) ;
#8082 = STYLED_ITEM ( 'NONE', ( #7103 ), #9809 ) ;
#8083 = VERTEX_POINT ( 'NONE', #2400 ) ;
#8084 =( NAMED_UNIT ( * ) SI_UNIT ( $, .STERADIAN. ) SOLID_ANGLE_UNIT ( ) );
#8085 =( LENGTH_UNIT ( ) NAMED_UNIT ( * ) SI_UNIT ( .MILLI., .METRE. ) );
#8086 = PRESENTATION_LAYER_ASSIGNMENT (  '', '', ( #10068 ) ) ;
#8087 = SURFACE_STYLE_USAGE ( .BOTH. , #3045 ) ;
#8088 = DIRECTION ( 'NONE',  ( -0.7071067811865454633, -0.000000000000000000, 0.7071067811865495711 ) ) ;
#8089 = PRESENTATION_STYLE_ASSIGNMENT (( #6227 ) ) ;
#8090 = DIRECTION ( 'NONE',  ( -1.000000000000000000, 0.000000000000000000, 0.000000000000000000 ) ) ;
#8091 = ADVANCED_FACE ( 'NONE', ( #2282 ), #7424, .T. ) ;
#8092 = DIRECTION ( 'NONE',  ( -0.000000000000000000, 1.000000000000000000, -0.000000000000000000 ) ) ;
#8093 = UNCERTAINTY_MEASURE_WITH_UNIT (LENGTH_MEASURE( 1.000000000000000082E-05 ), #8745, 'distance_accuracy_value', 'NONE');
#8094 = DIRECTION ( 'NONE',  ( -1.000000000000000000, 0.000000000000000000, 0.000000000000000000 ) ) ;
#8095 = ADVANCED_FACE ( 'NONE', ( #5857 ), #8467, .F. ) ;
#8096 = ORIENTED_EDGE ( 'NONE', *, *, #6932, .T. ) ;
#8097 = STYLED_ITEM ( 'NONE', ( #766 ), #10860 ) ;
#8098 = DIRECTION ( 'NONE',  ( -0.000000000000000000, 1.000000000000000000, -0.000000000000000000 ) ) ;
#8099 = COLOUR_RGB ( '',0.8941176470588234615, 0.9137254901960784048, 0.9294117647058823817 ) ;
#8100 =( NAMED_UNIT ( * ) SI_UNIT ( $, .STERADIAN. ) SOLID_ANGLE_UNIT ( ) );
#8101 = AXIS2_PLACEMENT_3D ( 'NONE', #4010, #10031, #795 ) ;
#8102 = CIRCLE ( 'NONE', #7920, 0.5000000000000013323 ) ;
#8103 = ORIENTED_EDGE ( 'NONE', *, *, #5468, .T. ) ;
#8104 = PRODUCT_DEFINITION_FORMATION_WITH_SPECIFIED_SOURCE ( 'ANY', '', #9231, .NOT_KNOWN. ) ;
#8105 = AXIS2_PLACEMENT_3D ( 'NONE', #1898, #3680, #9696 ) ;
#8106 = UNCERTAINTY_MEASURE_WITH_UNIT (LENGTH_MEASURE( 1.000000000000000082E-05 ), #6159, 'distance_accuracy_value', 'NONE');
#8107 = DIRECTION ( 'NONE',  ( 0.7071067811865501263, 0.000000000000000000, 0.7071067811865450192 ) ) ;
#8108 = VECTOR ( 'NONE', #7222, 1000.000000000000000 ) ;
#8109 = SURFACE_STYLE_FILL_AREA ( #6535 ) ;
#8110 = DIRECTION ( 'NONE',  ( 0.000000000000000000, 0.000000000000000000, 1.000000000000000000 ) ) ;
#8111 = ORIENTED_EDGE ( 'NONE', *, *, #7131, .F. ) ;
#8112 = ORIENTED_EDGE ( 'NONE', *, *, #4554, .F. ) ;
#8113 = DIRECTION ( 'NONE',  ( -0.7071067811865489050, 0.7071067811865462405, 0.000000000000000000 ) ) ;
#8114 = MECHANICAL_DESIGN_GEOMETRIC_PRESENTATION_REPRESENTATION (  '', ( #2564 ), #1861 ) ;
#8115 = SURFACE_STYLE_FILL_AREA ( #2131 ) ;
#8116 = CARTESIAN_POINT ( 'NONE',  ( 5.229999999999997762, -2.399999999999999911, -0.009999999999997857825 ) ) ;
#8117 =( NAMED_UNIT ( * ) PLANE_ANGLE_UNIT ( ) SI_UNIT ( $, .RADIAN. ) );
#8118 = DIRECTION ( 'NONE',  ( 0.000000000000000000, -0.000000000000000000, 1.000000000000000000 ) ) ;
#8119 = FILL_AREA_STYLE ('',( #837 ) ) ;
#8120 = EDGE_CURVE ( 'NONE', #3459, #11043, #7599, .T. ) ;
#8121 = VERTEX_POINT ( 'NONE', #9520 ) ;
#8122 = DIRECTION ( 'NONE',  ( -0.2676438637860948377, -0.9635179096299405499, 0.000000000000000000 ) ) ;
#8123 = PRESENTATION_STYLE_ASSIGNMENT (( #7379 ) ) ;
#8124 = DIRECTION ( 'NONE',  ( 0.000000000000000000, 0.000000000000000000, 1.000000000000000000 ) ) ;
#8125 = EDGE_LOOP ( 'NONE', ( #889, #8540, #6245, #8893 ) ) ;
#8126 = STYLED_ITEM ( 'NONE', ( #8022 ), #2269 ) ;
#8127 = SURFACE_SIDE_STYLE ('',( #531 ) ) ;
#8128 = ORIENTED_EDGE ( 'NONE', *, *, #7272, .T. ) ;
#8129 = VECTOR ( 'NONE', #6790, 1000.000000000000227 ) ;
#8130 = ORIENTED_EDGE ( 'NONE', *, *, #8515, .F. ) ;
#8131 = CARTESIAN_POINT ( 'NONE',  ( 0.6499999999999982458, 2.100000000000000089, -4.500000000000003553 ) ) ;
#8132 = ORIENTED_EDGE ( 'NONE', *, *, #5941, .F. ) ;
#8133 = PRESENTATION_STYLE_ASSIGNMENT (( #9882 ) ) ;
#8134 =( NAMED_UNIT ( * ) PLANE_ANGLE_UNIT ( ) SI_UNIT ( $, .RADIAN. ) );
#8135 = ORIENTED_EDGE ( 'NONE', *, *, #3779, .F. ) ;
#8136 = EDGE_CURVE ( 'NONE', #1659, #2960, #7822, .T. ) ;
#8137 = PLANE ( 'NONE',  #9612 ) ;
#8138 = EDGE_CURVE ( 'NONE', #1179, #4802, #2563, .T. ) ;
#8139 = ORIENTED_EDGE ( 'NONE', *, *, #4308, .F. ) ;
#8140 = FACE_OUTER_BOUND ( 'NONE', #9590, .T. ) ;
#8141 = DIRECTION ( 'NONE',  ( 1.000000000000000000, 0.000000000000000000, 0.000000000000000000 ) ) ;
#8142 = CARTESIAN_POINT ( 'NONE',  ( -2.501432664756447100, 0.6948424068767902195, -1.000000000000000888 ) ) ;
#8143 = ORIENTED_EDGE ( 'NONE', *, *, #8588, .T. ) ;
#8144 = ORIENTED_EDGE ( 'NONE', *, *, #355, .T. ) ;
#8145 = ADVANCED_FACE ( 'NONE', ( #9576 ), #9029, .T. ) ;
#8146 = CARTESIAN_POINT ( 'NONE',  ( 7.769999999999999574, -2.399999999999999911, 2.530000000000002025 ) ) ;
#8147 = ORIENTED_EDGE ( 'NONE', *, *, #67, .T. ) ;
#8148 = LINE ( 'NONE', #4524, #5979 ) ;
#8149 = FACE_OUTER_BOUND ( 'NONE', #4306, .T. ) ;
#8150 = EDGE_CURVE ( 'NONE', #11043, #10668, #1791, .T. ) ;
#8151 = LINE ( 'NONE', #2816, #7476 ) ;
#8152 = DIRECTION ( 'NONE',  ( -0.7071067811865506814, 0.000000000000000000, 0.7071067811865443531 ) ) ;
#8153 = DIRECTION ( 'NONE',  ( 0.000000000000000000, -1.000000000000000000, 0.000000000000000000 ) ) ;
#8154 = FILL_AREA_STYLE ('',( #4717 ) ) ;
#8155 = ORIENTED_EDGE ( 'NONE', *, *, #2421, .T. ) ;
#8156 = EDGE_CURVE ( 'NONE', #3869, #9603, #2775, .T. ) ;
#8157 =( GEOMETRIC_REPRESENTATION_CONTEXT ( 3 ) GLOBAL_UNCERTAINTY_ASSIGNED_CONTEXT ( ( #4162 ) ) GLOBAL_UNIT_ASSIGNED_CONTEXT ( ( #3330, #4952, #9360 ) ) REPRESENTATION_CONTEXT ( 'NONE', 'WORKASPACE' ) );
#8158 = CARTESIAN_POINT ( 'NONE',  ( 11.49999999999999645, 1.600000000000000089, 9.500000000000000000 ) ) ;
#8159 = EDGE_CURVE ( 'NONE', #10979, #3113, #6987, .T. ) ;
#8160 = ORIENTED_EDGE ( 'NONE', *, *, #9798, .T. ) ;
#8161 = STYLED_ITEM ( 'NONE', ( #2986 ), #3686 ) ;
#8162 = CARTESIAN_POINT ( 'NONE',  ( -7.769999999999999574, 0.000000000000000000, -0.9700000000000029710 ) ) ;
#8163 = LINE ( 'NONE', #7204, #1675 ) ;
#8164 = DIRECTION ( 'NONE',  ( -1.000000000000000000, -0.000000000000000000, -0.000000000000000000 ) ) ;
#8165 = LINE ( 'NONE', #8981, #8415 ) ;
#8166 = FACE_OUTER_BOUND ( 'NONE', #5071, .T. ) ;
#8167 = ORIENTED_EDGE ( 'NONE', *, *, #10383, .F. ) ;
#8168 = DIRECTION ( 'NONE',  ( 4.470936793754646013E-16, 0.000000000000000000, 1.000000000000000000 ) ) ;
#8169 = EDGE_CURVE ( 'NONE', #3310, #4330, #5763, .T. ) ;
#8170 = CARTESIAN_POINT ( 'NONE',  ( 3.031990237815518796, 1.704120873295593919, 0.4999999999999995559 ) ) ;
#8171 = ORIENTED_EDGE ( 'NONE', *, *, #1856, .F. ) ;
#8172 = ORIENTED_EDGE ( 'NONE', *, *, #8986, .T. ) ;
#8173 = CARTESIAN_POINT ( 'NONE',  ( -1.986111111111112049, 2.450000000000001954, 1.999999999999999556 ) ) ;
#8174 = CARTESIAN_POINT ( 'NONE',  ( -6.678066852858531632, -7.899999999999999467, 2.718066852858533000 ) ) ;
#8175 = CIRCLE ( 'NONE', #9450, 0.5000000000000000000 ) ;
#8176 = CARTESIAN_POINT ( 'NONE',  ( 5.229999999999997762, 0.000000000000000000, -0.6099999999999933253 ) ) ;
#8177 = ORIENTED_EDGE ( 'NONE', *, *, #6898, .T. ) ;
#8178 = ORIENTED_EDGE ( 'NONE', *, *, #3252, .T. ) ;
#8179 = FILL_AREA_STYLE ('',( #2914 ) ) ;
#8180 = VERTEX_POINT ( 'NONE', #4276 ) ;
#8181 = MECHANICAL_DESIGN_GEOMETRIC_PRESENTATION_REPRESENTATION (  '', ( #4944 ), #2270 ) ;
#8182 =( NAMED_UNIT ( * ) PLANE_ANGLE_UNIT ( ) SI_UNIT ( $, .RADIAN. ) );
#8183 = DIRECTION ( 'NONE',  ( -1.299299276819459521E-15, 0.4383711467890769042, 0.8987940462991672597 ) ) ;
#8184 =( LENGTH_UNIT ( ) NAMED_UNIT ( * ) SI_UNIT ( .MILLI., .METRE. ) );
#8185 = SURFACE_SIDE_STYLE ('',( #4756 ) ) ;
#8186 = ORIENTED_EDGE ( 'NONE', *, *, #6340, .F. ) ;
#8187 = PLANE ( 'NONE',  #3537 ) ;
#8188 = FILL_AREA_STYLE ('',( #7239 ) ) ;
#8189 = SURFACE_STYLE_USAGE ( .BOTH. , #8891 ) ;
#8190 = ORIENTED_EDGE ( 'NONE', *, *, #1823, .F. ) ;
#8191 = FACE_OUTER_BOUND ( 'NONE', #4482, .T. ) ;
#8192 = EDGE_CURVE ( 'NONE', #7173, #7798, #7706, .T. ) ;
#8193 = DIRECTION ( 'NONE',  ( 1.000000000000000000, 0.000000000000000000, 0.000000000000000000 ) ) ;
#8194 = DIRECTION ( 'NONE',  ( 4.336808689942013792E-16, 0.000000000000000000, -1.000000000000000000 ) ) ;
#8195 = VERTEX_POINT ( 'NONE', #112 ) ;
#8196 = DIRECTION ( 'NONE',  ( -0.000000000000000000, -1.000000000000000000, -0.000000000000000000 ) ) ;
#8197 = PRESENTATION_STYLE_ASSIGNMENT (( #9113 ) ) ;
#8198 = AXIS2_PLACEMENT_3D ( 'NONE', #4337, #6773, #2404 ) ;
#8199 = PLANE ( 'NONE',  #8992 ) ;
#8200 = SURFACE_SIDE_STYLE ('',( #500 ) ) ;
#8201 = SURFACE_STYLE_FILL_AREA ( #392 ) ;
#8202 = PRESENTATION_STYLE_ASSIGNMENT (( #5447 ) ) ;
#8203 = UNCERTAINTY_MEASURE_WITH_UNIT (LENGTH_MEASURE( 1.000000000000000082E-05 ), #4424, 'distance_accuracy_value', 'NONE');
#8204 = DIRECTION ( 'NONE',  ( 4.336808689942017736E-16, -0.000000000000000000, 1.000000000000000000 ) ) ;
#8205 = VERTEX_POINT ( 'NONE', #4336 ) ;
#8206 = EDGE_CURVE ( 'NONE', #4490, #5864, #346, .T. ) ;
#8207 = STYLED_ITEM ( 'NONE', ( #10939 ), #886 ) ;
#8208 = CARTESIAN_POINT ( 'NONE',  ( 6.499999999999999112, 1.600000000000000089, -1.579999999999995408 ) ) ;
#8209 = ORIENTED_EDGE ( 'NONE', *, *, #8218, .T. ) ;
#8210 = CARTESIAN_POINT ( 'NONE',  ( 0.000000000000000000, 0.000000000000000000, 1.999999999999999556 ) ) ;
#8211 = CARTESIAN_POINT ( 'NONE',  ( -3.949999999999998845, 2.100000000000000089, 6.000000000000000000 ) ) ;
#8213 = DIRECTION ( 'NONE',  ( -0.000000000000000000, 0.000000000000000000, 1.000000000000000000 ) ) ;
#8212 = FILL_AREA_STYLE ('',( #5845 ) ) ;
#8214 = EDGE_LOOP ( 'NONE', ( #5197, #491, #3375, #5874 ) ) ;
#8215 = SURFACE_STYLE_FILL_AREA ( #7414 ) ;
#8216 = COLOUR_RGB ( '',0.8313725490196077761, 0.6705882352941175961, 0.1294117647058823373 ) ;
#8217 = PRESENTATION_LAYER_ASSIGNMENT (  '', '', ( #10020 ) ) ;
#8218 = EDGE_CURVE ( 'NONE', #3361, #3585, #2829, .T. ) ;
#8219 = SURFACE_STYLE_USAGE ( .BOTH. , #4667 ) ;
#8220 = STYLED_ITEM ( 'NONE', ( #6267 ), #4376 ) ;
#8221 = EDGE_CURVE ( 'NONE', #7461, #4532, #512, .T. ) ;
#8222 = SURFACE_STYLE_FILL_AREA ( #9913 ) ;
#8223 = DIRECTION ( 'NONE',  ( 1.000000000000000000, 0.000000000000000000, -0.000000000000000000 ) ) ;
#8224 =( NAMED_UNIT ( * ) PLANE_ANGLE_UNIT ( ) SI_UNIT ( $, .RADIAN. ) );
#8225 = ORIENTED_EDGE ( 'NONE', *, *, #5312, .F. ) ;
#8227 = LINE ( 'NONE', #8285, #10196 ) ;
#8226 = CARTESIAN_POINT ( 'NONE',  ( 2.994689754873803622, 1.600000000000001421, -2.000000000000000888 ) ) ;
#8228 = PRESENTATION_LAYER_ASSIGNMENT (  '', '', ( #1625 ) ) ;
#8229 = LINE ( 'NONE', #3956, #4096 ) ;
#8230 = DIRECTION ( 'NONE',  ( 1.000000000000000000, 0.000000000000000000, -0.000000000000000000 ) ) ;
#8231 = DIRECTION ( 'NONE',  ( -1.000000000000000000, 0.000000000000000000, -4.336808689942017736E-16 ) ) ;
#8232 = VERTEX_POINT ( 'NONE', #3728 ) ;
#8233 = DIRECTION ( 'NONE',  ( 0.7071067811865485719, 0.000000000000000000, -0.7071067811865465735 ) ) ;
#8234 = EDGE_LOOP ( 'NONE', ( #8910, #6034, #8709, #3947 ) ) ;
#8235 = LINE ( 'NONE', #4123, #5504 ) ;
#8236 = EDGE_CURVE ( 'NONE', #10114, #2451, #6240, .T. ) ;
#8237 = SURFACE_STYLE_FILL_AREA ( #3706 ) ;
#8238 = LINE ( 'NONE', #8063, #10470 ) ;
#8239 = MECHANICAL_DESIGN_GEOMETRIC_PRESENTATION_REPRESENTATION (  '', ( #3756 ), #9320 ) ;
#8240 = PRESENTATION_LAYER_ASSIGNMENT (  '', '', ( #5901 ) ) ;
#8241 =( NAMED_UNIT ( * ) SI_UNIT ( $, .STERADIAN. ) SOLID_ANGLE_UNIT ( ) );
#8242 = SURFACE_STYLE_FILL_AREA ( #10158 ) ;
#8243 = STYLED_ITEM ( 'NONE', ( #9383 ), #9512 ) ;
#8244 = SURFACE_STYLE_USAGE ( .BOTH. , #8127 ) ;
#8245 = VERTEX_POINT ( 'NONE', #6412 ) ;
#8246 = ORIENTED_EDGE ( 'NONE', *, *, #4962, .T. ) ;
#8247 = VECTOR ( 'NONE', #6561, 999.9999999999998863 ) ;
#8248 = VECTOR ( 'NONE', #8233, 1000.000000000000000 ) ;
#8249 = DIRECTION ( 'NONE',  ( 0.000000000000000000, 0.000000000000000000, 1.000000000000000000 ) ) ;
#8250 = CARTESIAN_POINT ( 'NONE',  ( -2.186111111111112226, 2.550000000000002043, 1.999999999999999556 ) ) ;
#8251 = FILL_AREA_STYLE_COLOUR ( '', #4800 ) ;
#8252 =( LENGTH_UNIT ( ) NAMED_UNIT ( * ) SI_UNIT ( .MILLI., .METRE. ) );
#8253 = AXIS2_PLACEMENT_3D ( 'NONE', #7950, #8213, #7357 ) ;
#8254 = VECTOR ( 'NONE', #8088, 1000.000000000000000 ) ;
#8255 = VERTEX_POINT ( 'NONE', #4664 ) ;
#8256 =( NAMED_UNIT ( * ) SI_UNIT ( $, .STERADIAN. ) SOLID_ANGLE_UNIT ( ) );
#8257 = FACE_OUTER_BOUND ( 'NONE', #10625, .T. ) ;
#8258 = LINE ( 'NONE', #712, #2947 ) ;
#8259 = SURFACE_STYLE_FILL_AREA ( #8036 ) ;
#8260 = COLOUR_RGB ( '',0.8313725490196077761, 0.6705882352941175961, 0.1294117647058823373 ) ;
#8261 = PLANE ( 'NONE',  #3913 ) ;
#8262 =( NAMED_UNIT ( * ) SI_UNIT ( $, .STERADIAN. ) SOLID_ANGLE_UNIT ( ) );
#8264 = ADVANCED_FACE ( 'NONE', ( #7149 ), #406, .T. ) ;
#8263 = CARTESIAN_POINT ( 'NONE',  ( 2.994689754873805398, 1.600000000000000089, -2.500000000000000888 ) ) ;
#8265 = MECHANICAL_DESIGN_GEOMETRIC_PRESENTATION_REPRESENTATION (  '', ( #4846 ), #1824 ) ;
#8266 = FACE_BOUND ( 'NONE', #8561, .T. ) ;
#8267 = CARTESIAN_POINT ( 'NONE',  ( 5.229999999999998650, -2.399999999999999911, -3.149999999999992362 ) ) ;
#8268 = ORIENTED_EDGE ( 'NONE', *, *, #1864, .F. ) ;
#8269 = VECTOR ( 'NONE', #10126, 1000.000000000000227 ) ;
#8270 = ORIENTED_EDGE ( 'NONE', *, *, #1320, .F. ) ;
#8271 = FACE_OUTER_BOUND ( 'NONE', #8993, .T. ) ;
#8272 = CARTESIAN_POINT ( 'NONE',  ( 6.321933147141490572, -7.899999999999999467, 0.6600000000000048050 ) ) ;
#8273 = DIRECTION ( 'NONE',  ( 0.000000000000000000, -0.000000000000000000, -1.000000000000000000 ) ) ;
#8274 = PRESENTATION_STYLE_ASSIGNMENT (( #5418 ) ) ;
#8275 = PRESENTATION_LAYER_ASSIGNMENT (  '', '', ( #10449 ) ) ;
#8276 = EDGE_CURVE ( 'NONE', #5548, #9724, #9691, .T. ) ;
#8277 = PRESENTATION_STYLE_ASSIGNMENT (( #8219 ) ) ;
#8278 =( NAMED_UNIT ( * ) PLANE_ANGLE_UNIT ( ) SI_UNIT ( $, .RADIAN. ) );
#8279 = CARTESIAN_POINT ( 'NONE',  ( 6.800000000000052225, -7.899999999999999467, -1.879999999999995453 ) ) ;
#8280 = VECTOR ( 'NONE', #3882, 1000.000000000000000 ) ;
#8281 = PRESENTATION_LAYER_ASSIGNMENT (  '', '', ( #2023 ) ) ;
#8282 = CARTESIAN_POINT ( 'NONE',  ( -2.501432664756447100, 0.6948424068767902195, 2.000000000000000000 ) ) ;
#8283 = ORIENTED_EDGE ( 'NONE', *, *, #10451, .T. ) ;
#8285 = CARTESIAN_POINT ( 'NONE',  ( -2.649999999999995914, 2.100000000000000089, 6.000000000000000000 ) ) ;
#8284 = PRESENTATION_STYLE_ASSIGNMENT (( #7595 ) ) ;
#8286 = VECTOR ( 'NONE', #1348, 1000.000000000000000 ) ;
#8287 = EDGE_CURVE ( 'NONE', #9773, #318, #2949, .T. ) ;
#8288 = CARTESIAN_POINT ( 'NONE',  ( -0.6500000000000000222, 2.100000000000000089, 8.000000000000000000 ) ) ;
#8289 =( NAMED_UNIT ( * ) SI_UNIT ( $, .STERADIAN. ) SOLID_ANGLE_UNIT ( ) );
#8290 = EDGE_CURVE ( 'NONE', #7011, #10123, #8859, .T. ) ;
#8291 = SURFACE_STYLE_FILL_AREA ( #10202 ) ;
#8292 = CIRCLE ( 'NONE', #10466, 0.5000000000000000000 ) ;
#8293 =( NAMED_UNIT ( * ) PLANE_ANGLE_UNIT ( ) SI_UNIT ( $, .RADIAN. ) );
#8295 = ORIENTED_EDGE ( 'NONE', *, *, #5196, .F. ) ;
#8294 = COLOUR_RGB ( '',0.8313725490196077761, 0.6705882352941175961, 0.1294117647058823373 ) ;
#8296 = PRESENTATION_LAYER_ASSIGNMENT (  '', '', ( #10471 ) ) ;
#8297 = ORIENTED_EDGE ( 'NONE', *, *, #7255, .F. ) ;
#8298 = DIRECTION ( 'NONE',  ( 0.7071067811865501263, 0.000000000000000000, 0.7071067811865450192 ) ) ;
#8299 = MECHANICAL_DESIGN_GEOMETRIC_PRESENTATION_REPRESENTATION (  '', ( #10098 ), #2568 ) ;
#8300 = SURFACE_STYLE_USAGE ( .BOTH. , #11052 ) ;
#8301 = CARTESIAN_POINT ( 'NONE',  ( 2.994689754873803622, 1.600000000000001421, 0.4999999999999995559 ) ) ;
#8302 =( NAMED_UNIT ( * ) SI_UNIT ( $, .STERADIAN. ) SOLID_ANGLE_UNIT ( ) );
#8303 = EDGE_LOOP ( 'NONE', ( #6316, #11079, #5692, #6709 ) ) ;
#8304 = EDGE_LOOP ( 'NONE', ( #347, #8716, #153, #2647 ) ) ;
#8305 = EDGE_CURVE ( 'NONE', #2963, #6738, #8163, .T. ) ;
#8306 = EDGE_CURVE ( 'NONE', #1974, #2204, #7262, .T. ) ;
#8307 = AXIS2_PLACEMENT_3D ( 'NONE', #2579, #2518, #4969 ) ;
#8308 = DIRECTION ( 'NONE',  ( -1.000000000000000000, 0.000000000000000000, -0.000000000000000000 ) ) ;
#8309 =( NAMED_UNIT ( * ) PLANE_ANGLE_UNIT ( ) SI_UNIT ( $, .RADIAN. ) );
#8310 = EDGE_CURVE ( 'NONE', #3843, #3664, #1286, .T. ) ;
#8311 = CARTESIAN_POINT ( 'NONE',  ( -5.229999999999998650, -2.399999999999999911, 0.9700000000000020828 ) ) ;
#8312 = CARTESIAN_POINT ( 'NONE',  ( 2.994689754873803622, 1.600000000000001421, 2.499999999999999556 ) ) ;
#8313 = LINE ( 'NONE', #2250, #1751 ) ;
#8314 = SURFACE_STYLE_FILL_AREA ( #4874 ) ;
#8315 = AXIS2_PLACEMENT_3D ( 'NONE', #9838, #2864, #9886 ) ;
#8316 = ORIENTED_EDGE ( 'NONE', *, *, #10494, .F. ) ;
#8317 = DIRECTION ( 'NONE',  ( -1.000000000000000000, 0.000000000000000000, 0.000000000000000000 ) ) ;
#8318 = CARTESIAN_POINT ( 'NONE',  ( -7.769999999999999574, 0.000000000000000000, 0.9700000000000029710 ) ) ;
#8319 = ORIENTED_EDGE ( 'NONE', *, *, #1389, .F. ) ;
#8320 = AXIS2_PLACEMENT_3D ( 'NONE', #1351, #4839, #9187 ) ;
#8321 = FILL_AREA_STYLE ('',( #4880 ) ) ;
#8322 =( NAMED_UNIT ( * ) PLANE_ANGLE_UNIT ( ) SI_UNIT ( $, .RADIAN. ) );
#8323 = EDGE_CURVE ( 'NONE', #9159, #10668, #3851, .T. ) ;
#8324 = PRESENTATION_LAYER_ASSIGNMENT (  '', '', ( #3267 ) ) ;
#8325 = DIRECTION ( 'NONE',  ( 0.000000000000000000, -0.000000000000000000, 1.000000000000000000 ) ) ;
#8326 = CARTESIAN_POINT ( 'NONE',  ( -8.000000000000007105, 0.000000000000000000, -6.250000000000000000 ) ) ;
#8327 = VECTOR ( 'NONE', #1806, 1000.000000000000000 ) ;
#8328 = DIRECTION ( 'NONE',  ( 0.000000000000000000, 0.000000000000000000, 1.000000000000000000 ) ) ;
#8329 = CARTESIAN_POINT ( 'NONE',  ( 6.200000000000025935, -7.649999999999998579, 1.260000000000004672 ) ) ;
#8330 = SURFACE_SIDE_STYLE ('',( #4890 ) ) ;
#8331 = VECTOR ( 'NONE', #10867, 1000.000000000000000 ) ;
#8332 = LINE ( 'NONE', #4937, #3279 ) ;
#8333 = VERTEX_POINT ( 'NONE', #291 ) ;
#8334 =( NAMED_UNIT ( * ) SI_UNIT ( $, .STERADIAN. ) SOLID_ANGLE_UNIT ( ) );
#8335 = VERTEX_POINT ( 'NONE', #5454 ) ;
#8336 = AXIS2_PLACEMENT_3D ( 'NONE', #8851, #6121, #1163 ) ;
#8337 = FILL_AREA_STYLE_COLOUR ( '', #9321 ) ;
#8338 = ORIENTED_EDGE ( 'NONE', *, *, #3325, .F. ) ;
#8339 =( NAMED_UNIT ( * ) PLANE_ANGLE_UNIT ( ) SI_UNIT ( $, .RADIAN. ) );
#8340 = STYLED_ITEM ( 'NONE', ( #3066 ), #3295 ) ;
#8342 = DIRECTION ( 'NONE',  ( -0.000000000000000000, -0.000000000000000000, 1.000000000000000000 ) ) ;
#8341 =( NAMED_UNIT ( * ) SI_UNIT ( $, .STERADIAN. ) SOLID_ANGLE_UNIT ( ) );
#8343 = LINE ( 'NONE', #8991, #4234 ) ;
#8344 = UNCERTAINTY_MEASURE_WITH_UNIT (LENGTH_MEASURE( 1.000000000000000082E-05 ), #621, 'distance_accuracy_value', 'NONE');
#8345 = CARTESIAN_POINT ( 'NONE',  ( 7.769999999999999574, -2.399999999999999911, 2.530000000000002025 ) ) ;
#8346 = PRESENTATION_STYLE_ASSIGNMENT (( #4546 ) ) ;
#8347 = ORIENTED_EDGE ( 'NONE', *, *, #9941, .F. ) ;
#8348 = DIRECTION ( 'NONE',  ( -1.000000000000000000, 0.000000000000000000, 0.000000000000000000 ) ) ;
#8349 = EDGE_CURVE ( 'NONE', #975, #8853, #8977, .T. ) ;
#8350 = EDGE_CURVE ( 'NONE', #4836, #877, #948, .T. ) ;
#8351 = LINE ( 'NONE', #4907, #7195 ) ;
#8352 = DIRECTION ( 'NONE',  ( 0.7071067811865465735, 0.7071067811865483499, 0.000000000000000000 ) ) ;
#8353 = PRESENTATION_STYLE_ASSIGNMENT (( #1475 ) ) ;
#8354 = SURFACE_STYLE_USAGE ( .BOTH. , #3069 ) ;
#8355 = UNCERTAINTY_MEASURE_WITH_UNIT (LENGTH_MEASURE( 1.000000000000000082E-05 ), #2238, 'distance_accuracy_value', 'NONE');
#8356 = ORIENTED_EDGE ( 'NONE', *, *, #3000, .F. ) ;
#8357 = PLANE ( 'NONE',  #881 ) ;
#8358 = DIRECTION ( 'NONE',  ( -0.000000000000000000, 0.000000000000000000, -1.000000000000000000 ) ) ;
#8359 = STYLED_ITEM ( 'NONE', ( #5730 ), #3568 ) ;
#8360 = SURFACE_STYLE_FILL_AREA ( #1482 ) ;
#8361 = DIRECTION ( 'NONE',  ( -4.336808689942013792E-16, 0.000000000000000000, 1.000000000000000000 ) ) ;
#8362 = DIRECTION ( 'NONE',  ( -0.7071067811865463515, 0.7071067811865487940, 0.000000000000000000 ) ) ;
#8363 = ORIENTED_EDGE ( 'NONE', *, *, #4029, .F. ) ;
#8364 = EDGE_CURVE ( 'NONE', #4419, #10161, #283, .T. ) ;
#8365 = VERTEX_POINT ( 'NONE', #1938 ) ;
#8366 = SURFACE_SIDE_STYLE ('',( #10213 ) ) ;
#8367 = ORIENTED_EDGE ( 'NONE', *, *, #6743, .F. ) ;
#8368 = CYLINDRICAL_SURFACE ( 'NONE', #8307, 1.749999999999999778 ) ;
#8369 = DIRECTION ( 'NONE',  ( 0.000000000000000000, 0.000000000000000000, 1.000000000000000000 ) ) ;
#8370 = ORIENTED_EDGE ( 'NONE', *, *, #4236, .T. ) ;
#8371 = DIRECTION ( 'NONE',  ( 0.000000000000000000, 0.000000000000000000, 1.000000000000000000 ) ) ;
#8372 = VERTEX_POINT ( 'NONE', #2710 ) ;
#8373 = VECTOR ( 'NONE', #4757, 1000.000000000000000 ) ;
#8374 = EDGE_CURVE ( 'NONE', #1506, #6041, #7981, .T. ) ;
#8375 = EDGE_CURVE ( 'NONE', #4636, #7557, #1886, .T. ) ;
#8376 = VERTEX_POINT ( 'NONE', #1105 ) ;
#8377 = ORIENTED_EDGE ( 'NONE', *, *, #8206, .T. ) ;
#8378 = COLOUR_RGB ( '',0.8313725490196077761, 0.6705882352941175961, 0.1294117647058823373 ) ;
#8379 = SURFACE_STYLE_USAGE ( .BOTH. , #4932 ) ;
#8380 = CARTESIAN_POINT ( 'NONE',  ( 0.000000000000000000, 3.400000000000000355, 0.000000000000000000 ) ) ;
#8381 = LINE ( 'NONE', #7576, #8779 ) ;
#8382 = FILL_AREA_STYLE_COLOUR ( '', #888 ) ;
#8383 = MECHANICAL_DESIGN_GEOMETRIC_PRESENTATION_REPRESENTATION (  '', ( #8934 ), #7649 ) ;
#8384 =( LENGTH_UNIT ( ) NAMED_UNIT ( * ) SI_UNIT ( .MILLI., .METRE. ) );
#8385 = EDGE_CURVE ( 'NONE', #6377, #8433, #1003, .T. ) ;
#8386 = ORIENTED_EDGE ( 'NONE', *, *, #10451, .F. ) ;
#8387 = PLANE ( 'NONE',  #1727 ) ;
#8388 = ORIENTED_EDGE ( 'NONE', *, *, #6424, .F. ) ;
#8389 = ORIENTED_EDGE ( 'NONE', *, *, #1, .T. ) ;
#8390 = FILL_AREA_STYLE ('',( #8337 ) ) ;
#8391 = EDGE_LOOP ( 'NONE', ( #3520, #3332, #2611, #1858 ) ) ;
#8392 = MECHANICAL_DESIGN_GEOMETRIC_PRESENTATION_REPRESENTATION (  '', ( #5497 ), #163 ) ;
#8393 = DIRECTION ( 'NONE',  ( 0.2676438637860947822, -0.9635179096299405499, 0.000000000000000000 ) ) ;
#8394 = COLOUR_RGB ( '',0.8941176470588234615, 0.9137254901960784048, 0.9294117647058823817 ) ;
#8395 = COLOUR_RGB ( '',0.8941176470588234615, 0.9137254901960784048, 0.9294117647058823817 ) ;
#8396 = PLANE ( 'NONE',  #8487 ) ;
#8397 = CARTESIAN_POINT ( 'NONE',  ( 6.800000000000052225, -7.899999999999999467, -1.879999999999995453 ) ) ;
#8398 = LINE ( 'NONE', #728, #9654 ) ;
#8399 = FACE_OUTER_BOUND ( 'NONE', #482, .T. ) ;
#8400 = AXIS2_PLACEMENT_3D ( 'NONE', #2612, #1674, #2453 ) ;
#8401 = VECTOR ( 'NONE', #3071, 1000.000000000000227 ) ;
#8402 = VERTEX_POINT ( 'NONE', #5328 ) ;
#8404 = PLANE ( 'NONE',  #10007 ) ;
#8403 = DIRECTION ( 'NONE',  ( -0.7071067811865485719, 0.000000000000000000, 0.7071067811865465735 ) ) ;
#8405 = DIRECTION ( 'NONE',  ( 0.000000000000000000, 0.000000000000000000, 1.000000000000000000 ) ) ;
#8406 = DIRECTION ( 'NONE',  ( 0.000000000000000000, 0.000000000000000000, 1.000000000000000000 ) ) ;
#8407 = LINE ( 'NONE', #4120, #11091 ) ;
#8408 = ORIENTED_EDGE ( 'NONE', *, *, #2613, .T. ) ;
#8409 = DIRECTION ( 'NONE',  ( -0.000000000000000000, 1.000000000000000000, -0.000000000000000000 ) ) ;
#8410 =( NAMED_UNIT ( * ) PLANE_ANGLE_UNIT ( ) SI_UNIT ( $, .RADIAN. ) );
#8411 = EDGE_CURVE ( 'NONE', #7581, #1479, #3608, .T. ) ;
#8412 = ORIENTED_EDGE ( 'NONE', *, *, #7933, .T. ) ;
#8413 = DIRECTION ( 'NONE',  ( -0.000000000000000000, 0.000000000000000000, 1.000000000000000000 ) ) ;
#8414 = DIRECTION ( 'NONE',  ( 1.000000000000000000, -0.000000000000000000, -0.000000000000000000 ) ) ;
#8415 = VECTOR ( 'NONE', #3004, 1000.000000000000000 ) ;
#8416 = COLOUR_RGB ( '',0.8313725490196077761, 0.6705882352941175961, 0.1294117647058823373 ) ;
#8417 = FILL_AREA_STYLE ('',( #1689 ) ) ;
#8418 = EDGE_LOOP ( 'NONE', ( #7396, #3684, #1718, #6612 ) ) ;
#8419 = ORIENTED_EDGE ( 'NONE', *, *, #383, .T. ) ;
#8420 = CARTESIAN_POINT ( 'NONE',  ( 3.031990237815518796, 1.704120873295593919, 0.4999999999999995559 ) ) ;
#8421 = LINE ( 'NONE', #2298, #1323 ) ;
#8422 = DIRECTION ( 'NONE',  ( 0.2676438637860947822, -0.9635179096299405499, 0.000000000000000000 ) ) ;
#8423 =( NAMED_UNIT ( * ) PLANE_ANGLE_UNIT ( ) SI_UNIT ( $, .RADIAN. ) );
#8424 = CARTESIAN_POINT ( 'NONE',  ( 11.49999999999999645, 1.600000000000000089, 11.50000000000000000 ) ) ;
#8425 = DIRECTION ( 'NONE',  ( 0.7071067811865495711, 0.000000000000000000, 0.7071067811865454633 ) ) ;
#8426 = CARTESIAN_POINT ( 'NONE',  ( -7.769999999999999574, -2.399999999999999911, -3.510000000000003340 ) ) ;
#8427 = VERTEX_POINT ( 'NONE', #7086 ) ;
#8428 = VECTOR ( 'NONE', #7441, 1000.000000000000000 ) ;
#8429 = VECTOR ( 'NONE', #4507, 1000.000000000000000 ) ;
#8430 = ORIENTED_EDGE ( 'NONE', *, *, #7776, .T. ) ;
#8431 = PLANE ( 'NONE',  #2638 ) ;
#8432 = CARTESIAN_POINT ( 'NONE',  ( -5.529999999999998472, 0.000000000000000000, -1.269999999999999352 ) ) ;
#8433 = VERTEX_POINT ( 'NONE', #4380 ) ;
#8434 = SURFACE_STYLE_FILL_AREA ( #8807 ) ;
#8435 = VECTOR ( 'NONE', #9170, 1000.000000000000000 ) ;
#8436 = CARTESIAN_POINT ( 'NONE',  ( 0.000000000000000000, -7.899999999999999467, 0.000000000000000000 ) ) ;
#8437 = EDGE_CURVE ( 'NONE', #7660, #3459, #7819, .T. ) ;
#8438 = ADVANCED_FACE ( 'NONE', ( #160 ), #1997, .F. ) ;
#8439 = DIRECTION ( 'NONE',  ( -0.000000000000000000, -0.000000000000000000, -1.000000000000000000 ) ) ;
#8440 = SURFACE_STYLE_FILL_AREA ( #6633 ) ;
#8441 = EDGE_CURVE ( 'NONE', #7266, #10064, #6120, .T. ) ;
#8442 = ORIENTED_EDGE ( 'NONE', *, *, #5470, .F. ) ;
#8443 = MECHANICAL_DESIGN_GEOMETRIC_PRESENTATION_REPRESENTATION (  '', ( #4647 ), #212 ) ;
#8444 = CARTESIAN_POINT ( 'NONE',  ( 0.000000000000000000, 0.000000000000000000, 0.4999999999999995559 ) ) ;
#8445 = ORIENTED_EDGE ( 'NONE', *, *, #6781, .T. ) ;
#8446 = ORIENTED_EDGE ( 'NONE', *, *, #1202, .T. ) ;
#8448 =( NAMED_UNIT ( * ) PLANE_ANGLE_UNIT ( ) SI_UNIT ( $, .RADIAN. ) );
#8447 = LINE ( 'NONE', #5840, #10028 ) ;
#8449 = LINE ( 'NONE', #4153, #1999 ) ;
#8450 = ORIENTED_EDGE ( 'NONE', *, *, #3470, .T. ) ;
#8451 = AXIS2_PLACEMENT_3D ( 'NONE', #4514, #6160, #3704 ) ;
#8452 = SURFACE_STYLE_USAGE ( .BOTH. , #5052 ) ;
#8453 = EDGE_CURVE ( 'NONE', #9626, #4056, #1683, .T. ) ;
#8454 = FILL_AREA_STYLE ('',( #1460 ) ) ;
#8455 = CARTESIAN_POINT ( 'NONE',  ( -6.799999999999972289, -7.649999999999995026, -0.3000000000000003775 ) ) ;
#8456 = PRESENTATION_STYLE_ASSIGNMENT (( #7529 ) ) ;
#8457 = EDGE_CURVE ( 'NONE', #10923, #5057, #4531, .T. ) ;
#8458 = FACE_BOUND ( 'NONE', #1612, .T. ) ;
#8459 = VECTOR ( 'NONE', #6157, 1000.000000000000000 ) ;
#8460 = ORIENTED_EDGE ( 'NONE', *, *, #1247, .F. ) ;
#8461 = AXIS2_PLACEMENT_3D ( 'NONE', #68, #1795, #9583 ) ;
#8463 =( NAMED_UNIT ( * ) SI_UNIT ( $, .STERADIAN. ) SOLID_ANGLE_UNIT ( ) );
#8462 = FILL_AREA_STYLE ('',( #9969 ) ) ;
#8464 = LINE ( 'NONE', #7422, #7913 ) ;
#8465 = LINE ( 'NONE', #4272, #7574 ) ;
#8466 = VECTOR ( 'NONE', #10441, 999.9999999999998863 ) ;
#8467 = PLANE ( 'NONE',  #8101 ) ;
#8468 = SURFACE_STYLE_USAGE ( .BOTH. , #2506 ) ;
#8469 = STYLED_ITEM ( 'NONE', ( #8197 ), #10858 ) ;
#8470 = AXIS2_PLACEMENT_3D ( 'NONE', #9760, #3685, #4736 ) ;
#8471 = UNCERTAINTY_MEASURE_WITH_UNIT (LENGTH_MEASURE( 1.000000000000000082E-05 ), #10669, 'distance_accuracy_value', 'NONE');
#8472 = FACE_OUTER_BOUND ( 'NONE', #1015, .T. ) ;
#8473 = DIRECTION ( 'NONE',  ( 0.000000000000000000, -0.8987940462991681478, -0.4383711467890751279 ) ) ;
#8474 = FILL_AREA_STYLE_COLOUR ( '', #8294 ) ;
#8475 = EDGE_LOOP ( 'NONE', ( #2500, #8015, #8128, #9816 ) ) ;
#8476 = AXIS2_PLACEMENT_3D ( 'NONE', #4119, #2346, #3331 ) ;
#8477 = AXIS2_PLACEMENT_3D ( 'NONE', #892, #952, #8730 ) ;
#8478 = DIRECTION ( 'NONE',  ( 0.000000000000000000, 0.000000000000000000, 1.000000000000000000 ) ) ;
#8479 = COLOUR_RGB ( '',0.8941176470588234615, 0.9137254901960784048, 0.9294117647058823817 ) ;
#8480 = COLOUR_RGB ( '',1.000000000000000000, 0.9372549019607843146, 0.1372549019607843257 ) ;
#8481 = ORIENTED_EDGE ( 'NONE', *, *, #8787, .T. ) ;
#8482 = FILL_AREA_STYLE_COLOUR ( '', #3074 ) ;
#8483 = CARTESIAN_POINT ( 'NONE',  ( 6.500000000000000000, 2.600000000000000089, 0.9600000000000047384 ) ) ;
#8484 = CARTESIAN_POINT ( 'NONE',  ( 7.999999999999992895, 1.600000000000000089, -9.750000000000007105 ) ) ;
#8485 = ORIENTED_EDGE ( 'NONE', *, *, #10775, .T. ) ;
#8486 = CARTESIAN_POINT ( 'NONE',  ( 3.949999999999999734, 2.100000000000000089, 8.000000000000000000 ) ) ;
#8487 = AXIS2_PLACEMENT_3D ( 'NONE', #5198, #7013, #7901 ) ;
#8488 = FILL_AREA_STYLE_COLOUR ( '', #10734 ) ;
#8489 = DIRECTION ( 'NONE',  ( -0.000000000000000000, -1.000000000000000000, -0.000000000000000000 ) ) ;
#8490 = PLANE ( 'NONE',  #3461 ) ;
#8491 = ORIENTED_EDGE ( 'NONE', *, *, #4069, .T. ) ;
#8492 = VECTOR ( 'NONE', #2466, 1000.000000000000000 ) ;
#8493 = ORIENTED_EDGE ( 'NONE', *, *, #1162, .T. ) ;
#8494 = CARTESIAN_POINT ( 'NONE',  ( 5.529999999999995808, -2.399999999999999911, 4.770000000000004903 ) ) ;
#8495 = EDGE_CURVE ( 'NONE', #3585, #1698, #8616, .T. ) ;
#8496 = ADVANCED_FACE ( 'NONE', ( #10651, #5661, #8266, #3778, #5502 ), #10816, .T. ) ;
#8497 = LINE ( 'NONE', #1855, #4368 ) ;
#8498 = CARTESIAN_POINT ( 'NONE',  ( 0.6499999999999982458, 1.600000000000000089, -4.500000000000003553 ) ) ;
#8499 = CARTESIAN_POINT ( 'NONE',  ( 6.200000000000000178, -2.399999999999999911, 3.200000000000005063 ) ) ;
#8500 = LINE ( 'NONE', #6050, #4115 ) ;
#8501 = ORIENTED_EDGE ( 'NONE', *, *, #2916, .F. ) ;
#8502 = PRESENTATION_STYLE_ASSIGNMENT (( #7577 ) ) ;
#8503 =( LENGTH_UNIT ( ) NAMED_UNIT ( * ) SI_UNIT ( .MILLI., .METRE. ) );
#8504 = VERTEX_POINT ( 'NONE', #3995 ) ;
#8505 =( LENGTH_UNIT ( ) NAMED_UNIT ( * ) SI_UNIT ( .MILLI., .METRE. ) );
#8506 = EDGE_LOOP ( 'NONE', ( #8491, #648 ) ) ;
#8507 = MECHANICAL_DESIGN_GEOMETRIC_PRESENTATION_REPRESENTATION (  '', ( #8126 ), #3831 ) ;
#8508 = VERTEX_POINT ( 'NONE', #9954 ) ;
#8509 = VECTOR ( 'NONE', #9057, 1000.000000000000000 ) ;
#8510 = FACE_OUTER_BOUND ( 'NONE', #7805, .T. ) ;
#8511 = DIRECTION ( 'NONE',  ( 0.7071067811865470176, 0.000000000000000000, -0.7071067811865480168 ) ) ;
#8512 = COLOUR_RGB ( '',1.000000000000000000, 0.9372549019607843146, 0.1372549019607843257 ) ;
#8513 = CARTESIAN_POINT ( 'NONE',  ( 5.229999999999997762, -2.399999999999999911, 4.470000000000006857 ) ) ;
#8514 = CARTESIAN_POINT ( 'NONE',  ( -2.994689754873801846, 1.600000000000000755, 1.999999999999999556 ) ) ;
#8515 = EDGE_CURVE ( 'NONE', #914, #1251, #10760, .T. ) ;
#8516 = EDGE_CURVE ( 'NONE', #3230, #5134, #1452, .T. ) ;
#8517 = ORIENTED_EDGE ( 'NONE', *, *, #7591, .T. ) ;
#8518 = AXIS2_PLACEMENT_3D ( 'NONE', #7079, #5495, #1332 ) ;
#8519 = FILL_AREA_STYLE ('',( #1732 ) ) ;
#8520 =( GEOMETRIC_REPRESENTATION_CONTEXT ( 3 ) GLOBAL_UNCERTAINTY_ASSIGNED_CONTEXT ( ( #5970 ) ) GLOBAL_UNIT_ASSIGNED_CONTEXT ( ( #11030, #5895, #9345 ) ) REPRESENTATION_CONTEXT ( 'NONE', 'WORKASPACE' ) );
#8521 =( NAMED_UNIT ( * ) PLANE_ANGLE_UNIT ( ) SI_UNIT ( $, .RADIAN. ) );
#8522 = FILL_AREA_STYLE_COLOUR ( '', #7194 ) ;
#8523 = CARTESIAN_POINT ( 'NONE',  ( 9.499999999999996447, 0.000000000000000000, 9.500000000000000000 ) ) ;
#8524 = DIRECTION ( 'NONE',  ( 0.000000000000000000, 0.000000000000000000, 1.000000000000000000 ) ) ;
#8525 = SURFACE_STYLE_FILL_AREA ( #694 ) ;
#8526 = ORIENTED_EDGE ( 'NONE', *, *, #522, .F. ) ;
#8527 = CARTESIAN_POINT ( 'NONE',  ( 6.200000000000052580, -7.899999999999999467, -1.879999999999995453 ) ) ;
#8528 = PRESENTATION_LAYER_ASSIGNMENT (  '', '', ( #10509 ) ) ;
#8529 = SURFACE_SIDE_STYLE ('',( #3296 ) ) ;
#8530 = SURFACE_SIDE_STYLE ('',( #1850 ) ) ;
#8531 = VERTEX_POINT ( 'NONE', #4826 ) ;
#8532 = LINE ( 'NONE', #4132, #8492 ) ;
#8533 = DIRECTION ( 'NONE',  ( -1.000000000000000000, 0.000000000000000000, -0.000000000000000000 ) ) ;
#8534 = FILL_AREA_STYLE ('',( #9162 ) ) ;
#8535 = ORIENTED_EDGE ( 'NONE', *, *, #9987, .F. ) ;
#8536 = PRESENTATION_LAYER_ASSIGNMENT (  '', '', ( #8161 ) ) ;
#8537 = VERTEX_POINT ( 'NONE', #9850 ) ;
#8538 = SURFACE_SIDE_STYLE ('',( #5080 ) ) ;
#8539 = SURFACE_STYLE_FILL_AREA ( #7668 ) ;
#8540 = ORIENTED_EDGE ( 'NONE', *, *, #7007, .T. ) ;
#8541 = DIRECTION ( 'NONE',  ( 0.000000000000000000, 0.000000000000000000, -1.000000000000000000 ) ) ;
#8542 = VERTEX_POINT ( 'NONE', #397 ) ;
#8543 = SURFACE_STYLE_USAGE ( .BOTH. , #10230 ) ;
#8544 = VERTEX_POINT ( 'NONE', #2162 ) ;
#8545 = LINE ( 'NONE', #8759, #10813 ) ;
#8546 = DIRECTION ( 'NONE',  ( 0.000000000000000000, 0.000000000000000000, -1.000000000000000000 ) ) ;
#8547 = DIRECTION ( 'NONE',  ( -0.000000000000000000, -0.000000000000000000, 1.000000000000000000 ) ) ;
#8548 = SURFACE_STYLE_FILL_AREA ( #8154 ) ;
#8549 = ORIENTED_EDGE ( 'NONE', *, *, #8221, .F. ) ;
#8550 = ADVANCED_FACE ( 'NONE', ( #9019 ), #1340, .T. ) ;
#8551 = EDGE_LOOP ( 'NONE', ( #7078, #7012, #8655, #149 ) ) ;
#8552 = EDGE_LOOP ( 'NONE', ( #5346, #6131, #7492, #4497 ) ) ;
#8553 = FILL_AREA_STYLE ('',( #5098 ) ) ;
#8554 = FILL_AREA_STYLE ('',( #3378 ) ) ;
#8555 = DIRECTION ( 'NONE',  ( 0.000000000000000000, 1.000000000000000000, -0.000000000000000000 ) ) ;
#8556 = CARTESIAN_POINT ( 'NONE',  ( 6.200000000000000178, -7.899999999999999467, 3.200000000000005063 ) ) ;
#8557 = DIRECTION ( 'NONE',  ( 0.000000000000000000, 1.000000000000000000, 0.000000000000000000 ) ) ;
#8558 = UNCERTAINTY_MEASURE_WITH_UNIT (LENGTH_MEASURE( 1.000000000000000082E-05 ), #6740, 'distance_accuracy_value', 'NONE');
#8559 =( NAMED_UNIT ( * ) PLANE_ANGLE_UNIT ( ) SI_UNIT ( $, .RADIAN. ) );
#8560 = EDGE_CURVE ( 'NONE', #10901, #2476, #5946, .T. ) ;
#8561 = EDGE_LOOP ( 'NONE', ( #9306, #4551, #4295, #9002 ) ) ;
#8562 = STYLED_ITEM ( 'NONE', ( #4040 ), #485 ) ;
#8563 = VECTOR ( 'NONE', #4813, 1000.000000000000000 ) ;
#8564 = COLOUR_RGB ( '',1.000000000000000000, 0.9372549019607843146, 0.1372549019607843257 ) ;
#8566 = CARTESIAN_POINT ( 'NONE',  ( -11.49999999999999645, 1.600000000000000089, -9.499999999999996447 ) ) ;
#8565 = FACE_OUTER_BOUND ( 'NONE', #6383, .T. ) ;
#8567 = CARTESIAN_POINT ( 'NONE',  ( 1.749999999999999334, 1.600000000000000089, -2.500000000000003997 ) ) ;
#8568 = DIRECTION ( 'NONE',  ( 0.000000000000000000, 0.000000000000000000, -1.000000000000000000 ) ) ;
#8569 = ADVANCED_FACE ( 'NONE', ( #10920 ), #1523, .T. ) ;
#8570 = UNCERTAINTY_MEASURE_WITH_UNIT (LENGTH_MEASURE( 1.000000000000000082E-05 ), #8685, 'distance_accuracy_value', 'NONE');
#8571 = EDGE_CURVE ( 'NONE', #4314, #847, #8332, .T. ) ;
#8572 = UNCERTAINTY_MEASURE_WITH_UNIT (LENGTH_MEASURE( 1.000000000000000082E-05 ), #9752, 'distance_accuracy_value', 'NONE');
#8573 = AXIS2_PLACEMENT_3D ( 'NONE', #10896, #3020, #9871 ) ;
#8574 = DIRECTION ( 'NONE',  ( 0.000000000000000000, 1.000000000000000000, 0.000000000000000000 ) ) ;
#8575 = MECHANICAL_DESIGN_GEOMETRIC_PRESENTATION_REPRESENTATION (  '', ( #3903 ), #361 ) ;
#8576 = DIRECTION ( 'NONE',  ( -1.000000000000000000, 0.000000000000000000, 0.000000000000000000 ) ) ;
#8577 = EDGE_LOOP ( 'NONE', ( #10386, #10414, #1072, #10567 ) ) ;
#8578 = LINE ( 'NONE', #3627, #3355 ) ;
#8579 = FACE_OUTER_BOUND ( 'NONE', #5433, .T. ) ;
#8580 = FILL_AREA_STYLE_COLOUR ( '', #9699 ) ;
#8581 = COLOUR_RGB ( '',1.000000000000000000, 0.9372549019607843146, 0.1372549019607843257 ) ;
#8582 = VECTOR ( 'NONE', #5284, 1000.000000000000000 ) ;
#8583 = EDGE_LOOP ( 'NONE', ( #4688, #7295, #5293, #9267 ) ) ;
#8584 = VECTOR ( 'NONE', #3366, 1000.000000000000000 ) ;
#8585 = FACE_OUTER_BOUND ( 'NONE', #492, .T. ) ;
#8586 = PLANE ( 'NONE',  #4871 ) ;
#8587 = SURFACE_STYLE_USAGE ( .BOTH. , #8747 ) ;
#8588 = EDGE_CURVE ( 'NONE', #2073, #6051, #1505, .T. ) ;
#8589 = EDGE_LOOP ( 'NONE', ( #10329, #1622, #8367, #2353 ) ) ;
#8590 = DIRECTION ( 'NONE',  ( 1.000000000000000000, 0.000000000000000000, 0.000000000000000000 ) ) ;
#8591 =( NAMED_UNIT ( * ) SI_UNIT ( $, .STERADIAN. ) SOLID_ANGLE_UNIT ( ) );
#8592 = EDGE_CURVE ( 'NONE', #10136, #10064, #717, .T. ) ;
#8593 = STYLED_ITEM ( 'NONE', ( #2213 ), #5388 ) ;
#8594 = PRESENTATION_LAYER_ASSIGNMENT (  '', '', ( #9126 ) ) ;
#8595 = FACE_OUTER_BOUND ( 'NONE', #8805, .T. ) ;
#8596 = DIRECTION ( 'NONE',  ( -1.000000000000000000, 0.000000000000000000, 2.262682794752357637E-16 ) ) ;
#8597 = ORIENTED_EDGE ( 'NONE', *, *, #25, .F. ) ;
#8598 =( GEOMETRIC_REPRESENTATION_CONTEXT ( 3 ) GLOBAL_UNCERTAINTY_ASSIGNED_CONTEXT ( ( #10497 ) ) GLOBAL_UNIT_ASSIGNED_CONTEXT ( ( #9807, #3737, #9756 ) ) REPRESENTATION_CONTEXT ( 'NONE', 'WORKASPACE' ) );
#8599 = VECTOR ( 'NONE', #3417, 1000.000000000000000 ) ;
#8600 = SURFACE_SIDE_STYLE ('',( #7014 ) ) ;
#8601 = ORIENTED_EDGE ( 'NONE', *, *, #7272, .F. ) ;
#8602 = DIRECTION ( 'NONE',  ( 1.000000000000000000, 0.000000000000000000, 0.000000000000000000 ) ) ;
#8603 = VERTEX_POINT ( 'NONE', #673 ) ;
#8604 = DIRECTION ( 'NONE',  ( 0.7071067811865501263, 0.000000000000000000, 0.7071067811865450192 ) ) ;
#8605 = CARTESIAN_POINT ( 'NONE',  ( 5.229999999999997762, 0.000000000000000000, -2.549999999999997602 ) ) ;
#8606 = EDGE_LOOP ( 'NONE', ( #6327, #4991, #4048, #1041 ) ) ;
#8607 =( GEOMETRIC_REPRESENTATION_CONTEXT ( 3 ) GLOBAL_UNCERTAINTY_ASSIGNED_CONTEXT ( ( #5156 ) ) GLOBAL_UNIT_ASSIGNED_CONTEXT ( ( #3696, #7958, #2852 ) ) REPRESENTATION_CONTEXT ( 'NONE', 'WORKASPACE' ) );
#8608 = ORIENTED_EDGE ( 'NONE', *, *, #7539, .T. ) ;
#8609 =( LENGTH_UNIT ( ) NAMED_UNIT ( * ) SI_UNIT ( .MILLI., .METRE. ) );
#8610 = EDGE_CURVE ( 'NONE', #5462, #3377, #4041, .T. ) ;
#8611 = PRESENTATION_LAYER_ASSIGNMENT (  '', '', ( #9687 ) ) ;
#8612 = COLOUR_RGB ( '',1.000000000000000000, 0.9372549019607843146, 0.1372549019607843257 ) ;
#8613 = PLANE ( 'NONE',  #7320 ) ;
#8614 = LINE ( 'NONE', #6175, #5204 ) ;
#8615 =( GEOMETRIC_REPRESENTATION_CONTEXT ( 3 ) GLOBAL_UNCERTAINTY_ASSIGNED_CONTEXT ( ( #1172 ) ) GLOBAL_UNIT_ASSIGNED_CONTEXT ( ( #8010, #3811, #2086 ) ) REPRESENTATION_CONTEXT ( 'NONE', 'WORKASPACE' ) );
#8616 = LINE ( 'NONE', #9120, #4502 ) ;
#8617 = EDGE_LOOP ( 'NONE', ( #6379, #4136 ) ) ;
#8618 =( GEOMETRIC_REPRESENTATION_CONTEXT ( 3 ) GLOBAL_UNCERTAINTY_ASSIGNED_CONTEXT ( ( #5400 ) ) GLOBAL_UNIT_ASSIGNED_CONTEXT ( ( #6375, #4016, #2515 ) ) REPRESENTATION_CONTEXT ( 'NONE', 'WORKASPACE' ) );
#8619 = CARTESIAN_POINT ( 'NONE',  ( -2.649999999999995914, 2.100000000000000089, 8.000000000000000000 ) ) ;
#8620 =( NAMED_UNIT ( * ) PLANE_ANGLE_UNIT ( ) SI_UNIT ( $, .RADIAN. ) );
#8621 = EDGE_CURVE ( 'NONE', #6452, #4964, #7857, .T. ) ;
#8622 = DIRECTION ( 'NONE',  ( -1.000000000000000000, -0.000000000000000000, -0.000000000000000000 ) ) ;
#8623 = FILL_AREA_STYLE ('',( #59 ) ) ;
#8624 = FACE_OUTER_BOUND ( 'NONE', #8927, .T. ) ;
#8625 = DIRECTION ( 'NONE',  ( 0.000000000000000000, 0.000000000000000000, 1.000000000000000000 ) ) ;
#8626 = EDGE_LOOP ( 'NONE', ( #9729, #317, #4577, #3419, #2541, #5839, #8867, #5304, #3038 ) ) ;
#8627 = VECTOR ( 'NONE', #7883, 1000.000000000000000 ) ;
#8628 = SURFACE_STYLE_FILL_AREA ( #6889 ) ;
#8629 = ORIENTED_EDGE ( 'NONE', *, *, #885, .T. ) ;
#8630 = CARTESIAN_POINT ( 'NONE',  ( 0.6499999999999991340, 1.600000000000000089, -6.500000000000005329 ) ) ;
#8631 = EDGE_CURVE ( 'NONE', #9571, #6989, #1764, .T. ) ;
#8632 = EDGE_CURVE ( 'NONE', #10877, #3558, #6964, .T. ) ;
#8633 = LINE ( 'NONE', #1065, #6827 ) ;
#8634 = VECTOR ( 'NONE', #10335, 1000.000000000000000 ) ;
#8635 = ORIENTED_EDGE ( 'NONE', *, *, #5928, .F. ) ;
#8636 =( NAMED_UNIT ( * ) SI_UNIT ( $, .STERADIAN. ) SOLID_ANGLE_UNIT ( ) );
#8637 = PRESENTATION_LAYER_ASSIGNMENT (  '', '', ( #7191 ) ) ;
#8638 = SURFACE_STYLE_FILL_AREA ( #6250 ) ;
#8639 = CARTESIAN_POINT ( 'NONE',  ( -7.469999999999999751, -2.399999999999999911, 1.269999999999999352 ) ) ;
#8640 = CARTESIAN_POINT ( 'NONE',  ( 0.000000000000000000, 0.000000000000000000, -1.000000000000000444 ) ) ;
#8641 = DIRECTION ( 'NONE',  ( -0.000000000000000000, 0.000000000000000000, -1.000000000000000000 ) ) ;
#8642 = VERTEX_POINT ( 'NONE', #8605 ) ;
#8643 = PRESENTATION_STYLE_ASSIGNMENT (( #7723 ) ) ;
#8644 = FILL_AREA_STYLE_COLOUR ( '', #4769 ) ;
#8645 = MECHANICAL_DESIGN_GEOMETRIC_PRESENTATION_REPRESENTATION (  '', ( #5937 ), #7359 ) ;
#8646 = CIRCLE ( 'NONE', #8477, 0.01226741143414006308 ) ;
#8647 = FILL_AREA_STYLE ('',( #2634 ) ) ;
#8648 = COLOUR_RGB ( '',0.8313725490196077761, 0.6705882352941175961, 0.1294117647058823373 ) ;
#8649 = EDGE_CURVE ( 'NONE', #5372, #3954, #6106, .T. ) ;
#8650 = CARTESIAN_POINT ( 'NONE',  ( 5.529999999999995808, 0.000000000000000000, 4.770000000000004903 ) ) ;
#8651 = EDGE_CURVE ( 'NONE', #5134, #6828, #5144, .T. ) ;
#8652 = ORIENTED_EDGE ( 'NONE', *, *, #5802, .F. ) ;
#8653 = DIRECTION ( 'NONE',  ( -0.000000000000000000, 1.000000000000000000, -0.000000000000000000 ) ) ;
#8654 = LINE ( 'NONE', #1916, #1330 ) ;
#8655 = ORIENTED_EDGE ( 'NONE', *, *, #5598, .F. ) ;
#8656 = LINE ( 'NONE', #8826, #3629 ) ;
#8657 = DIRECTION ( 'NONE',  ( 0.7071067811865487940, 0.7071067811865463515, -0.000000000000000000 ) ) ;
#8658 = VERTEX_POINT ( 'NONE', #1093 ) ;
#8659 = MECHANICAL_DESIGN_GEOMETRIC_PRESENTATION_REPRESENTATION (  '', ( #3083 ), #3809 ) ;
#8660 = AXIS2_PLACEMENT_3D ( 'NONE', #7995, #350, #235 ) ;
#8661 = FILL_AREA_STYLE_COLOUR ( '', #8061 ) ;
#8662 = CARTESIAN_POINT ( 'NONE',  ( 6.200000000000025935, -2.399999999999999911, 0.6600000000000048050 ) ) ;
#8663 = CARTESIAN_POINT ( 'NONE',  ( 0.000000000000000000, -7.899999999999999467, 0.000000000000000000 ) ) ;
#8664 = CARTESIAN_POINT ( 'NONE',  ( 2.649999999999999911, 2.100000000000000089, 8.000000000000000000 ) ) ;
#8665 = ORIENTED_EDGE ( 'NONE', *, *, #6437, .T. ) ;
#8666 = PRESENTATION_LAYER_ASSIGNMENT (  '', '', ( #10098 ) ) ;
#8667 = MECHANICAL_DESIGN_GEOMETRIC_PRESENTATION_REPRESENTATION (  '', ( #9742 ), #4335 ) ;
#8668 = STYLED_ITEM ( 'NONE', ( #5752 ), #2580 ) ;
#8669 = CARTESIAN_POINT ( 'NONE',  ( -5.229999999999998650, 0.000000000000000000, -3.510000000000003340 ) ) ;
#8670 = ORIENTED_EDGE ( 'NONE', *, *, #5127, .T. ) ;
#8671 =( NAMED_UNIT ( * ) PLANE_ANGLE_UNIT ( ) SI_UNIT ( $, .RADIAN. ) );
#8672 = VECTOR ( 'NONE', #1040, 1000.000000000000000 ) ;
#8673 = FACE_OUTER_BOUND ( 'NONE', #7143, .T. ) ;
#8674 = DIRECTION ( 'NONE',  ( 0.000000000000000000, 1.000000000000000000, 0.000000000000000000 ) ) ;
#8675 = DIRECTION ( 'NONE',  ( 0.000000000000000000, 0.000000000000000000, 1.000000000000000000 ) ) ;
#8676 = UNCERTAINTY_MEASURE_WITH_UNIT (LENGTH_MEASURE( 1.000000000000000082E-05 ), #8792, 'distance_accuracy_value', 'NONE');
#8677 = DIRECTION ( 'NONE',  ( 0.000000000000000000, 0.000000000000000000, 1.000000000000000000 ) ) ;
#8678 = AXIS2_PLACEMENT_3D ( 'NONE', #3245, #8489, #6840 ) ;
#8679 = ORIENTED_EDGE ( 'NONE', *, *, #2325, .T. ) ;
#8680 = ORIENTED_EDGE ( 'NONE', *, *, #3077, .T. ) ;
#8681 = STYLED_ITEM ( 'NONE', ( #7794 ), #9007 ) ;
#8682 = AXIS2_PLACEMENT_3D ( 'NONE', #4544, #5460, #8922 ) ;
#8683 = UNCERTAINTY_MEASURE_WITH_UNIT (LENGTH_MEASURE( 1.000000000000000082E-05 ), #7429, 'distance_accuracy_value', 'NONE');
#8684 = SURFACE_STYLE_USAGE ( .BOTH. , #3621 ) ;
#8685 =( LENGTH_UNIT ( ) NAMED_UNIT ( * ) SI_UNIT ( .MILLI., .METRE. ) );
#8686 = SURFACE_STYLE_USAGE ( .BOTH. , #1115 ) ;
#8687 = FILL_AREA_STYLE ('',( #5978 ) ) ;
#8688 = EDGE_CURVE ( 'NONE', #10006, #3129, #3595, .T. ) ;
#8689 = PRESENTATION_LAYER_ASSIGNMENT (  '', '', ( #10135 ) ) ;
#8690 =( LENGTH_UNIT ( ) NAMED_UNIT ( * ) SI_UNIT ( .MILLI., .METRE. ) );
#8691 = ORIENTED_EDGE ( 'NONE', *, *, #6229, .T. ) ;
#8692 = SURFACE_SIDE_STYLE ('',( #10503 ) ) ;
#8693 = CARTESIAN_POINT ( 'NONE',  ( -1.986111111111112049, 2.450000000000001954, -2.500000000000000888 ) ) ;
#8694 = FACE_OUTER_BOUND ( 'NONE', #495, .T. ) ;
#8695 = COLOUR_RGB ( '',1.000000000000000000, 0.9372549019607843146, 0.1372549019607843257 ) ;
#8696 = PRESENTATION_STYLE_ASSIGNMENT (( #8587 ) ) ;
#8697 = SURFACE_STYLE_FILL_AREA ( #1749 ) ;
#8698 = FILL_AREA_STYLE ('',( #8488 ) ) ;
#8699 =( LENGTH_UNIT ( ) NAMED_UNIT ( * ) SI_UNIT ( .MILLI., .METRE. ) );
#8700 = EDGE_CURVE ( 'NONE', #5134, #550, #3488, .T. ) ;
#8701 =( NAMED_UNIT ( * ) PLANE_ANGLE_UNIT ( ) SI_UNIT ( $, .RADIAN. ) );
#8702 = SURFACE_STYLE_FILL_AREA ( #10398 ) ;
#8703 = EDGE_LOOP ( 'NONE', ( #10173, #3662, #1813, #1023 ) ) ;
#8704 = ORIENTED_EDGE ( 'NONE', *, *, #5154, .F. ) ;
#8705 = COLOUR_RGB ( '',0.8941176470588234615, 0.9137254901960784048, 0.9294117647058823817 ) ;
#8706 = CARTESIAN_POINT ( 'NONE',  ( -0.6500000000000000222, 1.600000000000000089, 8.000000000000000000 ) ) ;
#8707 = SURFACE_SIDE_STYLE ('',( #9551 ) ) ;
#8708 = CARTESIAN_POINT ( 'NONE',  ( -0.6499999999999985789, 1.600000000000000089, -4.500000000000003553 ) ) ;
#8709 = ORIENTED_EDGE ( 'NONE', *, *, #4898, .T. ) ;
#8710 = ADVANCED_FACE ( 'NONE', ( #9501 ), #5259, .T. ) ;
#8711 = CARTESIAN_POINT ( 'NONE',  ( 5.229999999999997762, -2.399999999999999911, 4.470000000000006857 ) ) ;
#8712 = EDGE_CURVE ( 'NONE', #4322, #3336, #7908, .T. ) ;
#8713 = DIRECTION ( 'NONE',  ( 0.7071067811865465735, 0.7071067811865483499, -0.000000000000000000 ) ) ;
#8714 = CARTESIAN_POINT ( 'NONE',  ( 2.186111111111113114, 2.550000000000002487, -2.500000000000000888 ) ) ;
#8715 = CARTESIAN_POINT ( 'NONE',  ( 3.949999999999999734, 1.600000000000000089, 8.000000000000000000 ) ) ;
#8716 = ORIENTED_EDGE ( 'NONE', *, *, #9763, .F. ) ;
#8717 = SURFACE_STYLE_USAGE ( .BOTH. , #1818 ) ;
#8718 = ORIENTED_EDGE ( 'NONE', *, *, #8310, .T. ) ;
#8719 = PRESENTATION_STYLE_ASSIGNMENT (( #5101 ) ) ;
#8720 =( LENGTH_UNIT ( ) NAMED_UNIT ( * ) SI_UNIT ( .MILLI., .METRE. ) );
#8721 = PRESENTATION_STYLE_ASSIGNMENT (( #218 ) ) ;
#8722 = EDGE_CURVE ( 'NONE', #7952, #2486, #4414, .T. ) ;
#8723 = DIRECTION ( 'NONE',  ( 1.000000000000000000, 9.137799966060740935E-16, 0.000000000000000000 ) ) ;
#8724 = LINE ( 'NONE', #2820, #10358 ) ;
#8725 = SURFACE_STYLE_USAGE ( .BOTH. , #9514 ) ;
#8726 = PRESENTATION_STYLE_ASSIGNMENT (( #9570 ) ) ;
#8727 = ORIENTED_EDGE ( 'NONE', *, *, #5116, .T. ) ;
#8728 =( LENGTH_UNIT ( ) NAMED_UNIT ( * ) SI_UNIT ( .MILLI., .METRE. ) );
#8729 = AXIS2_PLACEMENT_3D ( 'NONE', #2893, #3897, #9085 ) ;
#8730 = DIRECTION ( 'NONE',  ( 0.000000000000000000, 0.000000000000000000, 1.000000000000000000 ) ) ;
#8731 = ORIENTED_EDGE ( 'NONE', *, *, #10175, .F. ) ;
#8732 = LINE ( 'NONE', #1228, #6604 ) ;
#8733 = DIRECTION ( 'NONE',  ( -0.000000000000000000, 1.000000000000000000, -0.000000000000000000 ) ) ;
#8734 = DIRECTION ( 'NONE',  ( -4.336808689942017736E-16, -0.000000000000000000, 1.000000000000000000 ) ) ;
#8735 = SURFACE_STYLE_USAGE ( .BOTH. , #3567 ) ;
#8736 = PRESENTATION_STYLE_ASSIGNMENT (( #6995 ) ) ;
#8737 = ORIENTED_EDGE ( 'NONE', *, *, #6551, .T. ) ;
#8738 = DIRECTION ( 'NONE',  ( -0.7071067811865462405, -0.7071067811865489050, -0.000000000000000000 ) ) ;
#8739 = DIRECTION ( 'NONE',  ( 0.000000000000000000, 0.000000000000000000, 1.000000000000000000 ) ) ;
#8740 = ORIENTED_EDGE ( 'NONE', *, *, #10238, .T. ) ;
#8741 = PLANE ( 'NONE',  #1493 ) ;
#8742 = DIRECTION ( 'NONE',  ( 0.000000000000000000, 1.000000000000000000, 0.000000000000000000 ) ) ;
#8743 = AXIS2_PLACEMENT_3D ( 'NONE', #4662, #10659, #3726 ) ;
#8744 = STYLED_ITEM ( 'NONE', ( #10093 ), #4851 ) ;
#8745 =( LENGTH_UNIT ( ) NAMED_UNIT ( * ) SI_UNIT ( .MILLI., .METRE. ) );
#8746 =( NAMED_UNIT ( * ) SI_UNIT ( $, .STERADIAN. ) SOLID_ANGLE_UNIT ( ) );
#8747 = SURFACE_SIDE_STYLE ('',( #1857 ) ) ;
#8748 = ADVANCED_FACE ( 'NONE', ( #7019 ), #10474, .T. ) ;
#8749 = CARTESIAN_POINT ( 'NONE',  ( -6.321933147141465703, -7.899999999999999467, 0.000000000000000000 ) ) ;
#8750 = SURFACE_SIDE_STYLE ('',( #4350 ) ) ;
#8751 = CARTESIAN_POINT ( 'NONE',  ( -6.799999999999972289, -2.399999999999999911, 0.2999999999999994893 ) ) ;
#8752 = AXIS2_PLACEMENT_3D ( 'NONE', #1946, #6077, #2010 ) ;
#8753 = DIRECTION ( 'NONE',  ( -0.7071067811865450192, 0.000000000000000000, 0.7071067811865500152 ) ) ;
#8754 = VECTOR ( 'NONE', #3718, 1000.000000000000000 ) ;
#8755 = ORIENTED_EDGE ( 'NONE', *, *, #2070, .F. ) ;
#8756 = SURFACE_STYLE_USAGE ( .BOTH. , #4459 ) ;
#8757 = ORIENTED_EDGE ( 'NONE', *, *, #3957, .F. ) ;
#8758 =( NAMED_UNIT ( * ) SI_UNIT ( $, .STERADIAN. ) SOLID_ANGLE_UNIT ( ) );
#8759 = CARTESIAN_POINT ( 'NONE',  ( -2.144689754873802645, 2.450000000000001954, 0.4999999999999995559 ) ) ;
#8760 = FACE_BOUND ( 'NONE', #2431, .T. ) ;
#8761 = EDGE_CURVE ( 'NONE', #8121, #4471, #6445, .T. ) ;
#8762 = MECHANICAL_DESIGN_GEOMETRIC_PRESENTATION_REPRESENTATION (  '', ( #3563 ), #4798 ) ;
#8763 = DIRECTION ( 'NONE',  ( -0.7071067811865505703, 0.000000000000000000, -0.7071067811865444641 ) ) ;
#8764 = ORIENTED_EDGE ( 'NONE', *, *, #8012, .T. ) ;
#8765 = DIRECTION ( 'NONE',  ( -0.4014883995042272113, -0.8231732078530423768, 0.4014883995042272113 ) ) ;
#8766 = VECTOR ( 'NONE', #3036, 1000.000000000000114 ) ;
#8767 = SURFACE_STYLE_FILL_AREA ( #10526 ) ;
#8768 = ORIENTED_EDGE ( 'NONE', *, *, #8712, .F. ) ;
#8769 =( GEOMETRIC_REPRESENTATION_CONTEXT ( 3 ) GLOBAL_UNCERTAINTY_ASSIGNED_CONTEXT ( ( #9365 ) ) GLOBAL_UNIT_ASSIGNED_CONTEXT ( ( #2108, #3930, #499 ) ) REPRESENTATION_CONTEXT ( 'NONE', 'WORKASPACE' ) );
#8770 = AXIS2_PLACEMENT_3D ( 'NONE', #6349, #9786, #8090 ) ;
#8771 = EDGE_CURVE ( 'NONE', #3610, #7318, #8079, .T. ) ;
#8773 = EDGE_CURVE ( 'NONE', #1615, #6166, #6271, .T. ) ;
#8772 = CARTESIAN_POINT ( 'NONE',  ( -1.986111111111112049, 2.450000000000001954, -1.000000000000000888 ) ) ;
#8774 = ORIENTED_EDGE ( 'NONE', *, *, #2786, .T. ) ;
#8775 = CARTESIAN_POINT ( 'NONE',  ( 5.229999999999998650, -5.992102448427662154, -5.089999999999997193 ) ) ;
#8776 = FILL_AREA_STYLE ('',( #10419 ) ) ;
#8777 = PLANE ( 'NONE',  #5871 ) ;
#8778 = DIRECTION ( 'NONE',  ( -0.000000000000000000, -0.000000000000000000, 1.000000000000000000 ) ) ;
#8779 = VECTOR ( 'NONE', #3316, 1000.000000000000000 ) ;
#8780 = UNCERTAINTY_MEASURE_WITH_UNIT (LENGTH_MEASURE( 1.000000000000000082E-05 ), #10997, 'distance_accuracy_value', 'NONE');
#8781 = AXIS2_PLACEMENT_3D ( 'NONE', #10836, #8113, #523 ) ;
#8782 = DIRECTION ( 'NONE',  ( 1.000000000000000000, -0.000000000000000000, -0.000000000000000000 ) ) ;
#8783 = AXIS2_PLACEMENT_3D ( 'NONE', #5653, #10863, #7244 ) ;
#8784 =( NAMED_UNIT ( * ) PLANE_ANGLE_UNIT ( ) SI_UNIT ( $, .RADIAN. ) );
#8785 = ORIENTED_EDGE ( 'NONE', *, *, #9599, .T. ) ;
#8786 = FACE_OUTER_BOUND ( 'NONE', #1709, .T. ) ;
#8787 = EDGE_CURVE ( 'NONE', #4030, #6196, #2754, .T. ) ;
#8788 = VECTOR ( 'NONE', #10047, 1000.000000000000000 ) ;
#8789 = COLOUR_RGB ( '',1.000000000000000000, 0.9372549019607843146, 0.1372549019607843257 ) ;
#8790 = PLANE ( 'NONE',  #7030 ) ;
#8791 = CARTESIAN_POINT ( 'NONE',  ( -9.499999999999994671, 1.600000000000000089, 11.50000000000000533 ) ) ;
#8792 =( LENGTH_UNIT ( ) NAMED_UNIT ( * ) SI_UNIT ( .MILLI., .METRE. ) );
#8793 = EDGE_CURVE ( 'NONE', #9571, #3870, #436, .T. ) ;
#8794 = AXIS2_PLACEMENT_3D ( 'NONE', #2635, #2688, #6095 ) ;
#8795 =( LENGTH_UNIT ( ) NAMED_UNIT ( * ) SI_UNIT ( .MILLI., .METRE. ) );
#8796 = UNCERTAINTY_MEASURE_WITH_UNIT (LENGTH_MEASURE( 1.000000000000000082E-05 ), #1634, 'distance_accuracy_value', 'NONE');
#8797 = CARTESIAN_POINT ( 'NONE',  ( 0.6500000000000000222, 1.600000000000000089, 8.000000000000000000 ) ) ;
#8798 = UNCERTAINTY_MEASURE_WITH_UNIT (LENGTH_MEASURE( 1.000000000000000082E-05 ), #10246, 'distance_accuracy_value', 'NONE');
#8799 = CARTESIAN_POINT ( 'NONE',  ( 6.200000000000025935, -2.399999999999999911, 0.6600000000000048050 ) ) ;
#8800 = DIRECTION ( 'NONE',  ( -0.7071067811865506814, 0.000000000000000000, 0.7071067811865443531 ) ) ;
#8801 = FILL_AREA_STYLE ('',( #9635 ) ) ;
#8802 = EDGE_LOOP ( 'NONE', ( #3183, #10156, #10165, #4748 ) ) ;
#8803 =( GEOMETRIC_REPRESENTATION_CONTEXT ( 3 ) GLOBAL_UNCERTAINTY_ASSIGNED_CONTEXT ( ( #6977 ) ) GLOBAL_UNIT_ASSIGNED_CONTEXT ( ( #10320, #950, #8341 ) ) REPRESENTATION_CONTEXT ( 'NONE', 'WORKASPACE' ) );
#8804 = DIRECTION ( 'NONE',  ( -0.000000000000000000, 1.000000000000000000, -0.000000000000000000 ) ) ;
#8805 = EDGE_LOOP ( 'NONE', ( #8073, #10609, #862, #6067 ) ) ;
#8806 = CARTESIAN_POINT ( 'NONE',  ( -6.199999999999945999, -7.649999999999995026, -2.840000000000000302 ) ) ;
#8807 = FILL_AREA_STYLE ('',( #5347 ) ) ;
#8808 = STYLED_ITEM ( 'NONE', ( #2117 ), #6576 ) ;
#8809 = CARTESIAN_POINT ( 'NONE',  ( 3.949999999999999734, 2.100000000000000089, 8.000000000000000000 ) ) ;
#8810 = SURFACE_STYLE_FILL_AREA ( #9647 ) ;
#8811 = ORIENTED_EDGE ( 'NONE', *, *, #5535, .T. ) ;
#8812 = FACE_OUTER_BOUND ( 'NONE', #2526, .T. ) ;
#8813 = VECTOR ( 'NONE', #8738, 999.9999999999998863 ) ;
#8814 = CARTESIAN_POINT ( 'NONE',  ( 9.499999999999996447, 1.600000000000000089, -9.500000000000000000 ) ) ;
#8815 = CARTESIAN_POINT ( 'NONE',  ( -5.529999999999998472, 0.000000000000000000, -3.809999999999999609 ) ) ;
#8816 = SURFACE_STYLE_FILL_AREA ( #7065 ) ;
#8817 = VECTOR ( 'NONE', #5494, 1000.000000000000000 ) ;
#8818 = CARTESIAN_POINT ( 'NONE',  ( 5.229999999999997762, -2.399999999999999911, -2.549999999999998046 ) ) ;
#8819 = CARTESIAN_POINT ( 'NONE',  ( 11.49999999999999645, 1.600000000000000089, -11.50000000000000000 ) ) ;
#8820 = ORIENTED_EDGE ( 'NONE', *, *, #6857, .F. ) ;
#8821 = AXIS2_PLACEMENT_3D ( 'NONE', #5412, #5466, #8929 ) ;
#8822 = ORIENTED_EDGE ( 'NONE', *, *, #10642, .F. ) ;
#8823 =( NAMED_UNIT ( * ) SI_UNIT ( $, .STERADIAN. ) SOLID_ANGLE_UNIT ( ) );
#8824 = APPLICATION_PROTOCOL_DEFINITION ( 'draft international standard', 'automotive_design', 1998, #658 ) ;
#8825 = ORIENTED_EDGE ( 'NONE', *, *, #2961, .T. ) ;
#8826 = CARTESIAN_POINT ( 'NONE',  ( 7.769999999999999574, -2.399999999999999911, -2.549999999999998490 ) ) ;
#8827 = DIRECTION ( 'NONE',  ( 4.336808689942017736E-16, 0.000000000000000000, -1.000000000000000000 ) ) ;
#8828 = DIRECTION ( 'NONE',  ( 0.9635179096299406609, -0.2676438637860948933, 0.000000000000000000 ) ) ;
#8829 = PLANE ( 'NONE',  #8451 ) ;
#8830 = ORIENTED_EDGE ( 'NONE', *, *, #4418, .F. ) ;
#8831 = LINE ( 'NONE', #5485, #9668 ) ;
#8832 = DIRECTION ( 'NONE',  ( 0.000000000000000000, 0.000000000000000000, 1.000000000000000000 ) ) ;
#8833 = PRESENTATION_LAYER_ASSIGNMENT (  '', '', ( #6288 ) ) ;
#8834 =( GEOMETRIC_REPRESENTATION_CONTEXT ( 3 ) GLOBAL_UNCERTAINTY_ASSIGNED_CONTEXT ( ( #57 ) ) GLOBAL_UNIT_ASSIGNED_CONTEXT ( ( #6608, #8888, #5689 ) ) REPRESENTATION_CONTEXT ( 'NONE', 'WORKASPACE' ) );
#8835 = CARTESIAN_POINT ( 'NONE',  ( -9.499999999999996447, 1.600000000000000089, -9.499999999999996447 ) ) ;
#8836 = DIRECTION ( 'NONE',  ( 0.000000000000000000, -0.000000000000000000, 1.000000000000000000 ) ) ;
#8837 = ORIENTED_EDGE ( 'NONE', *, *, #7302, .T. ) ;
#8838 = VERTEX_POINT ( 'NONE', #3823 ) ;
#8839 = EDGE_CURVE ( 'NONE', #1974, #10593, #490, .T. ) ;
#8840 = EDGE_CURVE ( 'NONE', #3310, #302, #7180, .T. ) ;
#8841 = VECTOR ( 'NONE', #3613, 1000.000000000000000 ) ;
#8842 =( NAMED_UNIT ( * ) SI_UNIT ( $, .STERADIAN. ) SOLID_ANGLE_UNIT ( ) );
#8843 = PRESENTATION_LAYER_ASSIGNMENT (  '', '', ( #2553 ) ) ;
#8844 = CARTESIAN_POINT ( 'NONE',  ( -7.769999999999999574, -2.399999999999999911, -1.569999999999997176 ) ) ;
#8845 = DIRECTION ( 'NONE',  ( -1.000000000000000000, 0.000000000000000000, 4.470936793754646013E-16 ) ) ;
#8846 = VECTOR ( 'NONE', #5511, 1000.000000000000000 ) ;
#8847 = DIRECTION ( 'NONE',  ( -0.7071067811865485719, 0.000000000000000000, 0.7071067811865465735 ) ) ;
#8848 = VECTOR ( 'NONE', #140, 1000.000000000000000 ) ;
#8849 = CARTESIAN_POINT ( 'NONE',  ( 2.144689754873803533, 2.450000000000002398, -0.5000000000000004441 ) ) ;
#8850 = AXIS2_PLACEMENT_3D ( 'NONE', #7533, #9410, #6720 ) ;
#8851 = CARTESIAN_POINT ( 'NONE',  ( 6.200000000000000178, -7.899999999999999467, 3.200000000000005063 ) ) ;
#8852 = AXIS2_PLACEMENT_3D ( 'NONE', #9581, #5235, #4279 ) ;
#8853 = VERTEX_POINT ( 'NONE', #1438 ) ;
#8854 = VERTEX_POINT ( 'NONE', #2202 ) ;
#8855 = LINE ( 'NONE', #2116, #3919 ) ;
#8856 = PRESENTATION_LAYER_ASSIGNMENT (  '', '', ( #10832 ) ) ;
#8857 = DIRECTION ( 'NONE',  ( 0.000000000000000000, 0.000000000000000000, -1.000000000000000000 ) ) ;
#8858 = PRESENTATION_LAYER_ASSIGNMENT (  '', '', ( #5776 ) ) ;
#8859 = LINE ( 'NONE', #6358, #6488 ) ;
#8860 = CARTESIAN_POINT ( 'NONE',  ( 0.6499999999999999112, 1.600000000000000089, 6.000000000000000000 ) ) ;
#8862 = EDGE_CURVE ( 'NONE', #5996, #9724, #7291, .T. ) ;
#8861 = LINE ( 'NONE', #5459, #3715 ) ;
#8863 = LINE ( 'NONE', #8799, #8870 ) ;
#8864 = EDGE_CURVE ( 'NONE', #3964, #6559, #5546, .T. ) ;
#8865 = PLANE ( 'NONE',  #8105 ) ;
#8866 = DIRECTION ( 'NONE',  ( -1.000000000000000000, 0.000000000000000000, 0.000000000000000000 ) ) ;
#8867 = ORIENTED_EDGE ( 'NONE', *, *, #968, .F. ) ;
#8868 = FILL_AREA_STYLE_COLOUR ( '', #8928 ) ;
#8869 = EDGE_LOOP ( 'NONE', ( #1907, #2279, #8225, #4658 ) ) ;
#8870 = VECTOR ( 'NONE', #6189, 1000.000000000000000 ) ;
#8871 = VECTOR ( 'NONE', #3705, 1000.000000000000000 ) ;
#8872 = ORIENTED_EDGE ( 'NONE', *, *, #4853, .F. ) ;
#8873 =( GEOMETRIC_REPRESENTATION_CONTEXT ( 3 ) GLOBAL_UNCERTAINTY_ASSIGNED_CONTEXT ( ( #7771 ) ) GLOBAL_UNIT_ASSIGNED_CONTEXT ( ( #8699, #2585, #6204 ) ) REPRESENTATION_CONTEXT ( 'NONE', 'WORKASPACE' ) );
#8874 =( LENGTH_UNIT ( ) NAMED_UNIT ( * ) SI_UNIT ( .MILLI., .METRE. ) );
#8875 = FILL_AREA_STYLE ('',( #475 ) ) ;
#8876 = CARTESIAN_POINT ( 'NONE',  ( -2.501432664756447100, 0.6948424068767902195, -0.5000000000000004441 ) ) ;
#8877 = EDGE_LOOP ( 'NONE', ( #456, #9880 ) ) ;
#8878 = ADVANCED_FACE ( 'NONE', ( #1382 ), #5488, .F. ) ;
#8879 = LINE ( 'NONE', #8995, #8108 ) ;
#8880 = PLANE ( 'NONE',  #573 ) ;
#8881 = ORIENTED_EDGE ( 'NONE', *, *, #1326, .T. ) ;
#8882 = SURFACE_STYLE_FILL_AREA ( #7335 ) ;
#8883 = ORIENTED_EDGE ( 'NONE', *, *, #8206, .F. ) ;
#8884 = FACE_OUTER_BOUND ( 'NONE', #2965, .T. ) ;
#8885 = COLOUR_RGB ( '',0.2980392156862745057, 0.2980392156862745057, 0.2980392156862745057 ) ;
#8886 = ORIENTED_EDGE ( 'NONE', *, *, #7433, .F. ) ;
#8887 = SURFACE_STYLE_USAGE ( .BOTH. , #1144 ) ;
#8888 =( NAMED_UNIT ( * ) PLANE_ANGLE_UNIT ( ) SI_UNIT ( $, .RADIAN. ) );
#8889 = DIRECTION ( 'NONE',  ( 0.000000000000000000, 0.000000000000000000, 1.000000000000000000 ) ) ;
#8890 = STYLED_ITEM ( 'NONE', ( #562 ), #3497 ) ;
#8891 = SURFACE_SIDE_STYLE ('',( #7241 ) ) ;
#8892 = ORIENTED_EDGE ( 'NONE', *, *, #10411, .F. ) ;
#8893 = ORIENTED_EDGE ( 'NONE', *, *, #10933, .T. ) ;
#8894 = LINE ( 'NONE', #4704, #9866 ) ;
#8895 = DIRECTION ( 'NONE',  ( 0.7071067811865470176, -0.7071067811865479058, 0.000000000000000000 ) ) ;
#8896 = ORIENTED_EDGE ( 'NONE', *, *, #4542, .T. ) ;
#8897 = FACE_OUTER_BOUND ( 'NONE', #6752, .T. ) ;
#8898 = CARTESIAN_POINT ( 'NONE',  ( 5.229999999999997762, 0.000000000000000000, 1.930000000000006821 ) ) ;
#8899 = CARTESIAN_POINT ( 'NONE',  ( -9.499999999999994671, 0.000000000000000000, 9.500000000000005329 ) ) ;
#8900 = PLANE ( 'NONE',  #1777 ) ;
#8901 = AXIS2_PLACEMENT_3D ( 'NONE', #3498, #2544, #2656 ) ;
#8903 = EDGE_CURVE ( 'NONE', #877, #1424, #1697, .T. ) ;
#8902 = DIRECTION ( 'NONE',  ( -0.000000000000000000, 1.000000000000000000, -0.000000000000000000 ) ) ;
#8904 = UNCERTAINTY_MEASURE_WITH_UNIT (LENGTH_MEASURE( 1.000000000000000082E-05 ), #10017, 'distance_accuracy_value', 'NONE');
#8905 = FILL_AREA_STYLE_COLOUR ( '', #10831 ) ;
#8906 = ORIENTED_EDGE ( 'NONE', *, *, #7638, .T. ) ;
#8907 = ORIENTED_EDGE ( 'NONE', *, *, #9067, .F. ) ;
#8908 = LINE ( 'NONE', #1220, #9665 ) ;
#8909 = MECHANICAL_DESIGN_GEOMETRIC_PRESENTATION_REPRESENTATION (  '', ( #1208 ), #6039 ) ;
#8910 = ORIENTED_EDGE ( 'NONE', *, *, #1669, .F. ) ;
#8911 = FILL_AREA_STYLE ('',( #461 ) ) ;
#8912 =( LENGTH_UNIT ( ) NAMED_UNIT ( * ) SI_UNIT ( .MILLI., .METRE. ) );
#8913 = FILL_AREA_STYLE ('',( #5453 ) ) ;
#8914 = DIRECTION ( 'NONE',  ( 0.000000000000000000, 0.000000000000000000, 1.000000000000000000 ) ) ;
#8915 = VECTOR ( 'NONE', #10747, 1000.000000000000114 ) ;
#8916 = UNCERTAINTY_MEASURE_WITH_UNIT (LENGTH_MEASURE( 1.000000000000000082E-05 ), #1835, 'distance_accuracy_value', 'NONE');
#8917 = VERTEX_POINT ( 'NONE', #10169 ) ;
#8918 = LINE ( 'NONE', #7042, #2664 ) ;
#8919 = EDGE_CURVE ( 'NONE', #5807, #3269, #5082, .T. ) ;
#8920 = UNCERTAINTY_MEASURE_WITH_UNIT (LENGTH_MEASURE( 1.000000000000000082E-05 ), #7221, 'distance_accuracy_value', 'NONE');
#8921 = FACE_OUTER_BOUND ( 'NONE', #6308, .T. ) ;
#8922 = DIRECTION ( 'NONE',  ( 0.000000000000000000, 0.000000000000000000, -1.000000000000000000 ) ) ;
#8923 = CARTESIAN_POINT ( 'NONE',  ( -3.949999999999999734, 2.100000000000000089, 8.000000000000000000 ) ) ;
#8924 = DIRECTION ( 'NONE',  ( 1.000000000000000000, 0.000000000000000000, -5.421010862427522170E-17 ) ) ;
#8925 = EDGE_LOOP ( 'NONE', ( #7861, #8338, #2845, #3238 ) ) ;
#8926 = LINE ( 'NONE', #3794, #1927 ) ;
#8927 = EDGE_LOOP ( 'NONE', ( #11080, #10231, #4803, #994 ) ) ;
#8928 = COLOUR_RGB ( '',0.2980392156862745057, 0.2980392156862745057, 0.2980392156862745057 ) ;
#8929 = DIRECTION ( 'NONE',  ( 0.000000000000000000, 0.000000000000000000, 1.000000000000000000 ) ) ;
#8930 = EDGE_CURVE ( 'NONE', #3085, #6999, #5705, .T. ) ;
#8931 = EDGE_CURVE ( 'NONE', #6018, #10298, #3192, .T. ) ;
#8932 = DIRECTION ( 'NONE',  ( 1.000000000000000000, 0.000000000000000000, -0.000000000000000000 ) ) ;
#8933 = DIRECTION ( 'NONE',  ( 0.7071067811865500152, 0.000000000000000000, 0.7071067811865450192 ) ) ;
#8934 = STYLED_ITEM ( 'NONE', ( #9095 ), #623 ) ;
#8935 = ORIENTED_EDGE ( 'NONE', *, *, #7727, .F. ) ;
#8936 = SURFACE_STYLE_FILL_AREA ( #1073 ) ;
#8937 = SURFACE_STYLE_USAGE ( .BOTH. , #8007 ) ;
#8938 = SURFACE_STYLE_USAGE ( .BOTH. , #1131 ) ;
#8939 = SURFACE_STYLE_FILL_AREA ( #9772 ) ;
#8940 = ORIENTED_EDGE ( 'NONE', *, *, #4842, .T. ) ;
#8941 =( GEOMETRIC_REPRESENTATION_CONTEXT ( 3 ) GLOBAL_UNCERTAINTY_ASSIGNED_CONTEXT ( ( #2067 ) ) GLOBAL_UNIT_ASSIGNED_CONTEXT ( ( #2423, #659, #10048 ) ) REPRESENTATION_CONTEXT ( 'NONE', 'WORKASPACE' ) );
#8942 = ORIENTED_EDGE ( 'NONE', *, *, #6477, .F. ) ;
#8943 = AXIS2_PLACEMENT_3D ( 'NONE', #7666, #3347, #8641 ) ;
#8944 = EDGE_CURVE ( 'NONE', #10355, #9163, #1494, .T. ) ;
#8945 = ORIENTED_EDGE ( 'NONE', *, *, #7606, .T. ) ;
#8946 = PRESENTATION_STYLE_ASSIGNMENT (( #5481 ) ) ;
#8947 = SURFACE_STYLE_FILL_AREA ( #1317 ) ;
#8948 = ADVANCED_FACE ( 'NONE', ( #3305 ), #8490, .F. ) ;
#8949 = DIRECTION ( 'NONE',  ( -0.000000000000000000, 0.000000000000000000, -1.000000000000000000 ) ) ;
#8950 = CARTESIAN_POINT ( 'NONE',  ( 6.321933147141466591, -7.899999999999999467, 0.000000000000000000 ) ) ;
#8951 = COLOUR_RGB ( '',0.2980392156862745057, 0.2980392156862745057, 0.2980392156862745057 ) ;
#8952 = DIRECTION ( 'NONE',  ( 1.000000000000000000, -0.000000000000000000, -0.000000000000000000 ) ) ;
#8953 = ORIENTED_EDGE ( 'NONE', *, *, #9531, .T. ) ;
#8954 = ORIENTED_EDGE ( 'NONE', *, *, #8276, .T. ) ;
#8955 = SURFACE_SIDE_STYLE ('',( #9994 ) ) ;
#8956 = LINE ( 'NONE', #6451, #10968 ) ;
#8957 = ORIENTED_EDGE ( 'NONE', *, *, #5152, .T. ) ;
#8958 = CARTESIAN_POINT ( 'NONE',  ( -3.949999999999998845, 1.600000000000000089, -4.500000000000003553 ) ) ;
#8959 = STYLED_ITEM ( 'NONE', ( #2386 ), #981 ) ;
#8960 = PRESENTATION_LAYER_ASSIGNMENT (  '', '', ( #1611 ) ) ;
#8961 = COLOUR_RGB ( '',0.8313725490196077761, 0.6705882352941175961, 0.1294117647058823373 ) ;
#8962 = CARTESIAN_POINT ( 'NONE',  ( 3.031990237815518796, 1.704120873295593919, 0.4999999999999995559 ) ) ;
#8963 = FILL_AREA_STYLE_COLOUR ( '', #376 ) ;
#8964 = CARTESIAN_POINT ( 'NONE',  ( -5.229999999999998650, -2.399999999999999911, 0.9700000000000020828 ) ) ;
#8965 = VECTOR ( 'NONE', #4732, 1000.000000000000000 ) ;
#8966 = VECTOR ( 'NONE', #9794, 1000.000000000000000 ) ;
#8967 = LINE ( 'NONE', #9182, #2240 ) ;
#8968 = VERTEX_POINT ( 'NONE', #1594 ) ;
#8969 = ORIENTED_EDGE ( 'NONE', *, *, #2637, .F. ) ;
#8970 = LINE ( 'NONE', #7259, #10204 ) ;
#8971 = ORIENTED_EDGE ( 'NONE', *, *, #8722, .F. ) ;
#8972 = EDGE_CURVE ( 'NONE', #3769, #1974, #4978, .T. ) ;
#8973 = SURFACE_STYLE_USAGE ( .BOTH. , #1223 ) ;
#8974 = FILL_AREA_STYLE ('',( #3784 ) ) ;
#8975 = DIRECTION ( 'NONE',  ( 0.000000000000000000, -1.000000000000000000, 0.000000000000000000 ) ) ;
#8976 = MECHANICAL_DESIGN_GEOMETRIC_PRESENTATION_REPRESENTATION (  '', ( #1461 ), #563 ) ;
#8977 = LINE ( 'NONE', #10362, #1328 ) ;
#8978 = PRESENTATION_STYLE_ASSIGNMENT (( #2954 ) ) ;
#8979 = LINE ( 'NONE', #2836, #471 ) ;
#8980 = LINE ( 'NONE', #9188, #1679 ) ;
#8981 = CARTESIAN_POINT ( 'NONE',  ( -6.678066852858505875, -7.899999999999999467, -0.3000000000000003775 ) ) ;
#8982 = ORIENTED_EDGE ( 'NONE', *, *, #5196, .T. ) ;
#8983 = CARTESIAN_POINT ( 'NONE',  ( 6.499999999999999112, 2.600000000000000089, -1.592267411434135527 ) ) ;
#8984 = ORIENTED_EDGE ( 'NONE', *, *, #2007, .T. ) ;
#8985 = PLANE ( 'NONE',  #8470 ) ;
#8986 = EDGE_CURVE ( 'NONE', #3987, #10286, #6691, .T. ) ;
#8987 = EDGE_CURVE ( 'NONE', #2150, #2143, #10118, .T. ) ;
#8988 = DIRECTION ( 'NONE',  ( 0.7071067811865485719, 0.000000000000000000, -0.7071067811865465735 ) ) ;
#8989 = PLANE ( 'NONE',  #2595 ) ;
#8990 = LINE ( 'NONE', #8002, #10079 ) ;
#8991 = CARTESIAN_POINT ( 'NONE',  ( -7.769999999999999574, -2.399999999999999911, -0.9700000000000029710 ) ) ;
#8992 = AXIS2_PLACEMENT_3D ( 'NONE', #1757, #4250, #3364 ) ;
#8993 = EDGE_LOOP ( 'NONE', ( #4098, #5421, #7902, #3159 ) ) ;
#8994 =( NAMED_UNIT ( * ) PLANE_ANGLE_UNIT ( ) SI_UNIT ( $, .RADIAN. ) );
#8995 = CARTESIAN_POINT ( 'NONE',  ( 7.770000000000000462, -2.399999999999999911, 1.930000000000006821 ) ) ;
#8996 = SURFACE_SIDE_STYLE ('',( #10620 ) ) ;
#8997 = EDGE_CURVE ( 'NONE', #7242, #507, #7617, .T. ) ;
#8998 = EDGE_CURVE ( 'NONE', #984, #3769, #9989, .T. ) ;
#8999 = VECTOR ( 'NONE', #8021, 1000.000000000000000 ) ;
#9000 = ORIENTED_EDGE ( 'NONE', *, *, #1266, .T. ) ;
#9001 = CARTESIAN_POINT ( 'NONE',  ( 2.144689754873803533, 2.450000000000002398, -1.000000000000000444 ) ) ;
#9002 = ORIENTED_EDGE ( 'NONE', *, *, #10201, .F. ) ;
#9003 = DIRECTION ( 'NONE',  ( -1.000000000000000000, -0.000000000000000000, -0.000000000000000000 ) ) ;
#9004 =( NAMED_UNIT ( * ) PLANE_ANGLE_UNIT ( ) SI_UNIT ( $, .RADIAN. ) );
#9005 = VECTOR ( 'NONE', #4195, 1000.000000000000000 ) ;
#9006 = EDGE_CURVE ( 'NONE', #8372, #4836, #5930, .T. ) ;
#9007 = ADVANCED_FACE ( 'NONE', ( #9272 ), #6567, .T. ) ;
#9008 = EDGE_LOOP ( 'NONE', ( #401, #145, #3991, #9373 ) ) ;
#9009 = PRESENTATION_LAYER_ASSIGNMENT (  '', '', ( #4846 ) ) ;
#9010 = DIRECTION ( 'NONE',  ( 0.000000000000000000, 0.000000000000000000, 1.000000000000000000 ) ) ;
#9011 =( LENGTH_UNIT ( ) NAMED_UNIT ( * ) SI_UNIT ( .MILLI., .METRE. ) );
#9012 = STYLED_ITEM ( 'NONE', ( #5818 ), #6966 ) ;
#9013 = CARTESIAN_POINT ( 'NONE',  ( 7.769999999999999574, 0.000000000000000000, -0.009999999999998291506 ) ) ;
#9014 = VECTOR ( 'NONE', #8723, 1000.000000000000000 ) ;
#9015 = DIRECTION ( 'NONE',  ( 0.000000000000000000, 0.000000000000000000, -1.000000000000000000 ) ) ;
#9016 = FILL_AREA_STYLE ('',( #8963 ) ) ;
#9017 = SURFACE_STYLE_FILL_AREA ( #3046 ) ;
#9018 = UNCERTAINTY_MEASURE_WITH_UNIT (LENGTH_MEASURE( 1.000000000000000082E-05 ), #1826, 'distance_accuracy_value', 'NONE');
#9020 = ADVANCED_FACE ( 'NONE', ( #9652 ), #5128, .T. ) ;
#9019 = FACE_OUTER_BOUND ( 'NONE', #5570, .T. ) ;
#9021 = COLOUR_RGB ( '',0.8941176470588234615, 0.9137254901960784048, 0.9294117647058823817 ) ;
#9022 = LINE ( 'NONE', #7303, #9771 ) ;
#9023 = VERTEX_POINT ( 'NONE', #7670 ) ;
#9024 = COLOUR_RGB ( '',0.8313725490196077761, 0.6705882352941175961, 0.1294117647058823373 ) ;
#9025 = ORIENTED_EDGE ( 'NONE', *, *, #1765, .F. ) ;
#9026 = FILL_AREA_STYLE ('',( #4720 ) ) ;
#9027 = ORIENTED_EDGE ( 'NONE', *, *, #4148, .T. ) ;
#9028 = CARTESIAN_POINT ( 'NONE',  ( 3.231990237815519418, 1.600000000000001643, 2.499999999999999556 ) ) ;
#9029 = CONICAL_SURFACE ( 'NONE', #2550, 0.01226741143414006308, 0.4537856055185231496 ) ;
#9030 = VECTOR ( 'NONE', #3213, 1000.000000000000114 ) ;
#9031 = CARTESIAN_POINT ( 'NONE',  ( -6.499999999999999112, 2.600000000000000089, -2.540000000000000036 ) ) ;
#9032 = UNCERTAINTY_MEASURE_WITH_UNIT (LENGTH_MEASURE( 1.000000000000000082E-05 ), #5294, 'distance_accuracy_value', 'NONE');
#9033 = VERTEX_POINT ( 'NONE', #8751 ) ;
#9034 = UNCERTAINTY_MEASURE_WITH_UNIT (LENGTH_MEASURE( 1.000000000000000082E-05 ), #6482, 'distance_accuracy_value', 'NONE');
#9035 = FILL_AREA_STYLE_COLOUR ( '', #6528 ) ;
#9036 = MECHANICAL_DESIGN_GEOMETRIC_PRESENTATION_REPRESENTATION (  '', ( #10846 ), #5586 ) ;
#9037 = DIRECTION ( 'NONE',  ( -0.4014883995042270448, 0.8231732078530425989, -0.4014883995042270448 ) ) ;
#9038 = LINE ( 'NONE', #5407, #8965 ) ;
#9039 = PLANE ( 'NONE',  #1216 ) ;
#9040 = ORIENTED_EDGE ( 'NONE', *, *, #5957, .F. ) ;
#9041 = LINE ( 'NONE', #7420, #1783 ) ;
#9042 = CARTESIAN_POINT ( 'NONE',  ( -8.000000000000007105, 1.600000000000000089, 9.750000000000007105 ) ) ;
#9043 = SURFACE_STYLE_FILL_AREA ( #6484 ) ;
#9044 = ORIENTED_EDGE ( 'NONE', *, *, #10708, .F. ) ;
#9045 = CARTESIAN_POINT ( 'NONE',  ( -5.601609657144337007, -10.10706432366849583, 1.641609657144337708 ) ) ;
#9046 = ADVANCED_FACE ( 'NONE', ( #6949 ), #1077, .T. ) ;
#9047 = ORIENTED_EDGE ( 'NONE', *, *, #3076, .T. ) ;
#9048 = STYLED_ITEM ( 'NONE', ( #10302 ), #8748 ) ;
#9049 = ORIENTED_EDGE ( 'NONE', *, *, #9874, .F. ) ;
#9050 = ORIENTED_EDGE ( 'NONE', *, *, #3948, .F. ) ;
#9051 = LINE ( 'NONE', #3917, #1676 ) ;
#9052 = VECTOR ( 'NONE', #8107, 1000.000000000000114 ) ;
#9053 = FILL_AREA_STYLE_COLOUR ( '', #8055 ) ;
#9054 =( NAMED_UNIT ( * ) PLANE_ANGLE_UNIT ( ) SI_UNIT ( $, .RADIAN. ) );
#9055 = EDGE_CURVE ( 'NONE', #5759, #9890, #10512, .T. ) ;
#9056 = CARTESIAN_POINT ( 'NONE',  ( 1.986111111111112937, 2.450000000000002398, -2.000000000000000888 ) ) ;
#9057 = DIRECTION ( 'NONE',  ( 0.000000000000000000, 0.000000000000000000, 1.000000000000000000 ) ) ;
#9058 = ORIENTED_EDGE ( 'NONE', *, *, #1980, .F. ) ;
#9059 =( NAMED_UNIT ( * ) SI_UNIT ( $, .STERADIAN. ) SOLID_ANGLE_UNIT ( ) );
#9060 = COLOUR_RGB ( '',0.2980392156862745057, 0.2980392156862745057, 0.2980392156862745057 ) ;
#9061 = ORIENTED_EDGE ( 'NONE', *, *, #6589, .F. ) ;
#9062 = CARTESIAN_POINT ( 'NONE',  ( -0.6499999999999985789, 2.100000000000000089, -4.500000000000003553 ) ) ;
#9063 = ORIENTED_EDGE ( 'NONE', *, *, #3142, .T. ) ;
#9064 =( LENGTH_UNIT ( ) NAMED_UNIT ( * ) SI_UNIT ( .MILLI., .METRE. ) );
#9065 = EDGE_CURVE ( 'NONE', #7506, #6894, #6904, .T. ) ;
#9066 =( LENGTH_UNIT ( ) NAMED_UNIT ( * ) SI_UNIT ( .MILLI., .METRE. ) );
#9067 = EDGE_CURVE ( 'NONE', #329, #9775, #3663, .T. ) ;
#9068 = DIRECTION ( 'NONE',  ( 1.000000000000000000, 0.000000000000000000, 0.000000000000000000 ) ) ;
#9069 = PRESENTATION_LAYER_ASSIGNMENT (  '', '', ( #10132 ) ) ;
#9070 = DIRECTION ( 'NONE',  ( 0.000000000000000000, 0.000000000000000000, 1.000000000000000000 ) ) ;
#9071 =( NAMED_UNIT ( * ) SI_UNIT ( $, .STERADIAN. ) SOLID_ANGLE_UNIT ( ) );
#9072 = SURFACE_SIDE_STYLE ('',( #3841 ) ) ;
#9073 = ORIENTED_EDGE ( 'NONE', *, *, #851, .T. ) ;
#9074 = PLANE ( 'NONE',  #9517 ) ;
#9075 = ORIENTED_EDGE ( 'NONE', *, *, #9065, .F. ) ;
#9076 = ADVANCED_FACE ( 'NONE', ( #10344 ), #5191, .T. ) ;
#9077 = PRESENTATION_LAYER_ASSIGNMENT (  '', '', ( #1200 ) ) ;
#9078 = CARTESIAN_POINT ( 'NONE',  ( -3.231990237815517641, 1.704120873295593253, -1.000000000000000444 ) ) ;
#9079 = CARTESIAN_POINT ( 'NONE',  ( -6.799999999999972289, -7.899999999999999467, -0.3000000000000003775 ) ) ;
#9080 = ORIENTED_EDGE ( 'NONE', *, *, #7791, .T. ) ;
#9081 = LINE ( 'NONE', #6532, #2138 ) ;
#9082 = DIRECTION ( 'NONE',  ( 0.7071067811865501263, 0.000000000000000000, 0.7071067811865450192 ) ) ;
#9083 = SURFACE_SIDE_STYLE ('',( #8109 ) ) ;
#9084 = PRESENTATION_STYLE_ASSIGNMENT (( #5567 ) ) ;
#9085 = DIRECTION ( 'NONE',  ( 1.000000000000000000, 0.000000000000000000, -0.000000000000000000 ) ) ;
#9086 = VECTOR ( 'NONE', #9986, 1000.000000000000000 ) ;
#9087 = VERTEX_POINT ( 'NONE', #7956 ) ;
#9088 =( NAMED_UNIT ( * ) PLANE_ANGLE_UNIT ( ) SI_UNIT ( $, .RADIAN. ) );
#9089 = ORIENTED_EDGE ( 'NONE', *, *, #2352, .T. ) ;
#9090 = VERTEX_POINT ( 'NONE', #3073 ) ;
#9091 = FILL_AREA_STYLE ('',( #10842 ) ) ;
#9092 =( NAMED_UNIT ( * ) SI_UNIT ( $, .STERADIAN. ) SOLID_ANGLE_UNIT ( ) );
#9093 = ORIENTED_EDGE ( 'NONE', *, *, #8864, .T. ) ;
#9094 = ORIENTED_EDGE ( 'NONE', *, *, #1173, .T. ) ;
#9095 = PRESENTATION_STYLE_ASSIGNMENT (( #6325 ) ) ;
#9096 = EDGE_CURVE ( 'NONE', #9585, #12, #314, .T. ) ;
#9097 = LINE ( 'NONE', #6328, #4889 ) ;
#9098 = SURFACE_STYLE_FILL_AREA ( #6498 ) ;
#9099 = LINE ( 'NONE', #1590, #9507 ) ;
#9100 = LINE ( 'NONE', #1433, #8563 ) ;
#9101 = SURFACE_STYLE_FILL_AREA ( #8188 ) ;
#9102 = CARTESIAN_POINT ( 'NONE',  ( 3.031990237815518796, 1.704120873295593919, -1.000000000000000444 ) ) ;
#9103 = CARTESIAN_POINT ( 'NONE',  ( 0.000000000000000000, 2.100000000000000089, 0.000000000000000000 ) ) ;
#9104 = ORIENTED_EDGE ( 'NONE', *, *, #8120, .F. ) ;
#9105 = PRESENTATION_LAYER_ASSIGNMENT (  '', '', ( #2119 ) ) ;
#9106 = SURFACE_STYLE_USAGE ( .BOTH. , #7183 ) ;
#9107 =( GEOMETRIC_REPRESENTATION_CONTEXT ( 3 ) GLOBAL_UNCERTAINTY_ASSIGNED_CONTEXT ( ( #8355 ) ) GLOBAL_UNIT_ASSIGNED_CONTEXT ( ( #2238, #4623, #1365 ) ) REPRESENTATION_CONTEXT ( 'NONE', 'WORKASPACE' ) );
#9108 = AXIS2_PLACEMENT_3D ( 'NONE', #8397, #10985, #476 ) ;
#9109 = ORIENTED_EDGE ( 'NONE', *, *, #9201, .T. ) ;
#9110 = DIRECTION ( 'NONE',  ( 1.000000000000000000, 0.000000000000000000, 1.807003620809174878E-16 ) ) ;
#9111 = EDGE_CURVE ( 'NONE', #2992, #2760, #3808, .T. ) ;
#9112 = CARTESIAN_POINT ( 'NONE',  ( -3.231990237815517641, 1.704120873295593253, 0.4999999999999995559 ) ) ;
#9113 = SURFACE_STYLE_USAGE ( .BOTH. , #10753 ) ;
#9114 = VECTOR ( 'NONE', #3847, 1000.000000000000000 ) ;
#9115 = MECHANICAL_DESIGN_GEOMETRIC_PRESENTATION_REPRESENTATION (  '', ( #1604 ), #6597 ) ;
#9116 = MECHANICAL_DESIGN_GEOMETRIC_PRESENTATION_REPRESENTATION (  '', ( #9826 ), #164 ) ;
#9117 = CARTESIAN_POINT ( 'NONE',  ( 3.949999999999997957, 2.100000000000000089, -4.500000000000005329 ) ) ;
#9118 = PRESENTATION_LAYER_ASSIGNMENT (  '', '', ( #3903 ) ) ;
#9119 =( NAMED_UNIT ( * ) PLANE_ANGLE_UNIT ( ) SI_UNIT ( $, .RADIAN. ) );
#9120 = CARTESIAN_POINT ( 'NONE',  ( 7.769999999999998685, -2.399999999999999911, -3.149999999999993694 ) ) ;
#9122 = EDGE_CURVE ( 'NONE', #3146, #9603, #7224, .T. ) ;
#9121 =( NAMED_UNIT ( * ) SI_UNIT ( $, .STERADIAN. ) SOLID_ANGLE_UNIT ( ) );
#9123 = EDGE_CURVE ( 'NONE', #10576, #1533, #5074, .T. ) ;
#9124 = EDGE_LOOP ( 'NONE', ( #10956, #8892, #5829, #4462 ) ) ;
#9125 = COLOUR_RGB ( '',1.000000000000000000, 0.9372549019607843146, 0.1372549019607843257 ) ;
#9126 = STYLED_ITEM ( 'NONE', ( #5765 ), #4433 ) ;
#9127 = ORIENTED_EDGE ( 'NONE', *, *, #7248, .T. ) ;
#9128 = ORIENTED_EDGE ( 'NONE', *, *, #9831, .F. ) ;
#9129 = CARTESIAN_POINT ( 'NONE',  ( 0.000000000000000000, -7.899999999999999467, 0.000000000000000000 ) ) ;
#9131 = LINE ( 'NONE', #4835, #3404 ) ;
#9130 = SURFACE_SIDE_STYLE ('',( #3156 ) ) ;
#9132 = ORIENTED_EDGE ( 'NONE', *, *, #6154, .T. ) ;
#9133 = LINE ( 'NONE', #1289, #9845 ) ;
#9134 = UNCERTAINTY_MEASURE_WITH_UNIT (LENGTH_MEASURE( 1.000000000000000082E-05 ), #2487, 'distance_accuracy_value', 'NONE');
#9135 = CYLINDRICAL_SURFACE ( 'NONE', #8320, 1.749999999999999778 ) ;
#9136 = MECHANICAL_DESIGN_GEOMETRIC_PRESENTATION_REPRESENTATION (  '', ( #8220 ), #7854 ) ;
#9137 = DIRECTION ( 'NONE',  ( 0.000000000000000000, 0.000000000000000000, 1.000000000000000000 ) ) ;
#9138 = DIRECTION ( 'NONE',  ( 1.000000000000000000, -0.000000000000000000, -0.000000000000000000 ) ) ;
#9139 = CARTESIAN_POINT ( 'NONE',  ( 6.799999999999999822, -2.399999999999999911, 3.200000000000005063 ) ) ;
#9140 = ADVANCED_FACE ( 'NONE', ( #9872 ), #10563, .T. ) ;
#9141 = EDGE_CURVE ( 'NONE', #899, #5548, #5016, .T. ) ;
#9142 = ORIENTED_EDGE ( 'NONE', *, *, #6727, .T. ) ;
#9143 = CARTESIAN_POINT ( 'NONE',  ( -6.199999999999972644, -7.899999999999999467, -0.1780668528585335197 ) ) ;
#9144 = ADVANCED_FACE ( 'NONE', ( #4181 ), #7380, .F. ) ;
#9145 = VECTOR ( 'NONE', #473, 1000.000000000000000 ) ;
#9146 = CARTESIAN_POINT ( 'NONE',  ( -2.186111111111112226, 2.550000000000002043, -1.000000000000000444 ) ) ;
#9147 = DIRECTION ( 'NONE',  ( 0.000000000000000000, 1.000000000000000000, 0.000000000000000000 ) ) ;
#9148 = ORIENTED_EDGE ( 'NONE', *, *, #6857, .T. ) ;
#9149 = LINE ( 'NONE', #9045, #8401 ) ;
#9150 = PRESENTATION_STYLE_ASSIGNMENT (( #9555 ) ) ;
#9151 = CARTESIAN_POINT ( 'NONE',  ( 5.229999999999998650, 0.000000000000000000, -5.089999999999997193 ) ) ;
#9152 = AXIS2_PLACEMENT_3D ( 'NONE', #1501, #4142, #10232 ) ;
#9153 = CIRCLE ( 'NONE', #2682, 2.000000000000000000 ) ;
#9154 =( LENGTH_UNIT ( ) NAMED_UNIT ( * ) SI_UNIT ( .MILLI., .METRE. ) );
#9155 = VECTOR ( 'NONE', #4928, 1000.000000000000000 ) ;
#9156 = ORIENTED_EDGE ( 'NONE', *, *, #8495, .F. ) ;
#9157 = VERTEX_POINT ( 'NONE', #10486 ) ;
#9158 = SURFACE_SIDE_STYLE ('',( #2415 ) ) ;
#9159 = VERTEX_POINT ( 'NONE', #7033 ) ;
#9160 = VECTOR ( 'NONE', #9337, 1000.000000000000000 ) ;
#9161 = DIRECTION ( 'NONE',  ( 0.000000000000000000, 1.000000000000000000, 0.000000000000000000 ) ) ;
#9162 = FILL_AREA_STYLE_COLOUR ( '', #2341 ) ;
#9163 = VERTEX_POINT ( 'NONE', #161 ) ;
#9164 = CARTESIAN_POINT ( 'NONE',  ( 1.986111111111112937, 2.550000000000002487, -2.500000000000000888 ) ) ;
#9165 = FILL_AREA_STYLE_COLOUR ( '', #7945 ) ;
#9166 =( NAMED_UNIT ( * ) PLANE_ANGLE_UNIT ( ) SI_UNIT ( $, .RADIAN. ) );
#9167 = VERTEX_POINT ( 'NONE', #9369 ) ;
#9168 = MECHANICAL_DESIGN_GEOMETRIC_PRESENTATION_REPRESENTATION (  '', ( #26 ), #4652 ) ;
#9169 = VECTOR ( 'NONE', #7521, 1000.000000000000000 ) ;
#9170 = DIRECTION ( 'NONE',  ( -0.000000000000000000, 1.000000000000000000, -0.000000000000000000 ) ) ;
#9171 = EDGE_LOOP ( 'NONE', ( #5983, #7050, #1116, #6028, #4965, #5618, #3266, #3541, #7128 ) ) ;
#9172 = CARTESIAN_POINT ( 'NONE',  ( 7.770000000000000462, -2.399999999999999911, 4.470000000000006857 ) ) ;
#9173 = PRESENTATION_STYLE_ASSIGNMENT (( #8543 ) ) ;
#9174 = FILL_AREA_STYLE_COLOUR ( '', #3848 ) ;
#9175 = PLANE ( 'NONE',  #6844 ) ;
#9176 = COLOUR_RGB ( '',1.000000000000000000, 0.9372549019607843146, 0.1372549019607843257 ) ;
#9177 = LINE ( 'NONE', #671, #9851 ) ;
#9178 = VECTOR ( 'NONE', #2574, 1000.000000000000000 ) ;
#9179 = CARTESIAN_POINT ( 'NONE',  ( 6.500000000000000888, 2.600000000000000089, -4.119999999999994778 ) ) ;
#9180 = VERTEX_POINT ( 'NONE', #10208 ) ;
#9181 = ADVANCED_FACE ( 'NONE', ( #221 ), #2513, .F. ) ;
#9182 = CARTESIAN_POINT ( 'NONE',  ( 2.649999999999999911, 1.600000000000000089, -4.500000000000003553 ) ) ;
#9183 = VERTEX_POINT ( 'NONE', #8267 ) ;
#9184 =( LENGTH_UNIT ( ) NAMED_UNIT ( * ) SI_UNIT ( .MILLI., .METRE. ) );
#9185 = DIRECTION ( 'NONE',  ( -0.000000000000000000, 1.000000000000000000, -0.000000000000000000 ) ) ;
#9186 = VECTOR ( 'NONE', #3167, 1000.000000000000000 ) ;
#9187 = DIRECTION ( 'NONE',  ( 0.000000000000000000, 0.000000000000000000, 1.000000000000000000 ) ) ;
#9188 = CARTESIAN_POINT ( 'NONE',  ( -7.469999999999999751, -2.399999999999999911, 1.269999999999999352 ) ) ;
#9189 = CARTESIAN_POINT ( 'NONE',  ( 5.229999999999997762, -2.399999999999999911, -0.009999999999997857825 ) ) ;
#9190 = ADVANCED_FACE ( 'NONE', ( #1509 ), #3938, .T. ) ;
#9191 = MECHANICAL_DESIGN_GEOMETRIC_PRESENTATION_REPRESENTATION (  '', ( #5942 ), #8834 ) ;
#9192 = VERTEX_POINT ( 'NONE', #2991 ) ;
#9193 = DIRECTION ( 'NONE',  ( 0.000000000000000000, 0.000000000000000000, 1.000000000000000000 ) ) ;
#9194 = VECTOR ( 'NONE', #5280, 1000.000000000000114 ) ;
#9195 = MECHANICAL_DESIGN_GEOMETRIC_PRESENTATION_REPRESENTATION (  '', ( #9549 ), #1515 ) ;
#9196 = PRESENTATION_STYLE_ASSIGNMENT (( #4059 ) ) ;
#9197 = LINE ( 'NONE', #1411, #453 ) ;
#9198 = PRESENTATION_LAYER_ASSIGNMENT (  '', '', ( #3083 ) ) ;
#9199 = AXIS2_PLACEMENT_3D ( 'NONE', #6025, #10327, #3395 ) ;
#9200 = SURFACE_STYLE_USAGE ( .BOTH. , #3285 ) ;
#9201 = EDGE_CURVE ( 'NONE', #876, #12, #8967, .T. ) ;
#9202 = MECHANICAL_DESIGN_GEOMETRIC_PRESENTATION_REPRESENTATION (  '', ( #3267 ), #11000 ) ;
#9203 = ADVANCED_FACE ( 'NONE', ( #7253 ), #3051, .F. ) ;
#9204 = DIRECTION ( 'NONE',  ( 0.000000000000000000, 0.000000000000000000, 1.000000000000000000 ) ) ;
#9205 = ORIENTED_EDGE ( 'NONE', *, *, #4365, .F. ) ;
#9206 =( LENGTH_UNIT ( ) NAMED_UNIT ( * ) SI_UNIT ( .MILLI., .METRE. ) );
#9207 = DIRECTION ( 'NONE',  ( -0.7071067811865485719, 0.000000000000000000, 0.7071067811865465735 ) ) ;
#9208 = VECTOR ( 'NONE', #9569, 1000.000000000000000 ) ;
#9209 = DIRECTION ( 'NONE',  ( -0.2676438637860944492, 0.9635179096299406609, 0.000000000000000000 ) ) ;
#9210 = VECTOR ( 'NONE', #9720, 1000.000000000000000 ) ;
#9211 = PRESENTATION_LAYER_ASSIGNMENT (  '', '', ( #806 ) ) ;
#9212 = ORIENTED_EDGE ( 'NONE', *, *, #8560, .F. ) ;
#9213 = VECTOR ( 'NONE', #6635, 1000.000000000000000 ) ;
#9214 = ORIENTED_EDGE ( 'NONE', *, *, #6479, .F. ) ;
#9215 = DIRECTION ( 'NONE',  ( 0.000000000000000000, 0.000000000000000000, 1.000000000000000000 ) ) ;
#9216 = DIRECTION ( 'NONE',  ( 0.000000000000000000, 0.000000000000000000, 1.000000000000000000 ) ) ;
#9217 = LINE ( 'NONE', #2468, #1282 ) ;
#9218 = EDGE_LOOP ( 'NONE', ( #2882, #4845, #2712, #2713, #8419, #7129, #428, #3648, #3008, #1809, #4875, #195, #819, #4427, #2956, #1797 ) ) ;
#9219 = EDGE_CURVE ( 'NONE', #6606, #1312, #6404, .T. ) ;
#9220 = PRESENTATION_LAYER_ASSIGNMENT (  '', '', ( #3283 ) ) ;
#9221 = CARTESIAN_POINT ( 'NONE',  ( 2.144689754873803533, 2.450000000000002398, -2.500000000000000888 ) ) ;
#9222 = CARTESIAN_POINT ( 'NONE',  ( 6.200000000000078337, -2.399999999999999911, -4.419999999999995488 ) ) ;
#9223 = MECHANICAL_DESIGN_GEOMETRIC_PRESENTATION_REPRESENTATION (  '', ( #5789 ), #651 ) ;
#9224 = ORIENTED_EDGE ( 'NONE', *, *, #7522, .F. ) ;
#9225 = ORIENTED_EDGE ( 'NONE', *, *, #9096, .F. ) ;
#9226 = STYLED_ITEM ( 'NONE', ( #9420 ), #2674 ) ;
#9227 = AXIS2_PLACEMENT_3D ( 'NONE', #4974, #8425, #757 ) ;
#9228 = DIRECTION ( 'NONE',  ( -0.000000000000000000, -0.000000000000000000, 1.000000000000000000 ) ) ;
#9229 = CARTESIAN_POINT ( 'NONE',  ( -6.199999999999945999, -7.649999999999995026, -2.840000000000000302 ) ) ;
#9230 =( GEOMETRIC_REPRESENTATION_CONTEXT ( 3 ) GLOBAL_UNCERTAINTY_ASSIGNED_CONTEXT ( ( #1055 ) ) GLOBAL_UNIT_ASSIGNED_CONTEXT ( ( #4961, #5753, #5812 ) ) REPRESENTATION_CONTEXT ( 'NONE', 'WORKASPACE' ) );
#9231 = PRODUCT ( 'MagneticEncoder_AS5600', 'MagneticEncoder_AS5600', '', ( #3239 ) ) ;
#9232 = LINE ( 'NONE', #6805, #3084 ) ;
#9233 = VECTOR ( 'NONE', #3992, 1000.000000000000000 ) ;
#9234 = PRESENTATION_STYLE_ASSIGNMENT (( #9286 ) ) ;
#9235 = EDGE_LOOP ( 'NONE', ( #9839, #3517, #8029, #8144 ) ) ;
#9236 = ORIENTED_EDGE ( 'NONE', *, *, #4286, .T. ) ;
#9237 = COLOUR_RGB ( '',1.000000000000000000, 0.9372549019607843146, 0.1372549019607843257 ) ;
#9238 = DIRECTION ( 'NONE',  ( 0.4014883995042270448, -0.8231732078530425989, -0.4014883995042270448 ) ) ;
#9239 = EDGE_CURVE ( 'NONE', #7140, #10907, #9022, .T. ) ;
#9240 = CARTESIAN_POINT ( 'NONE',  ( -2.501432664756447100, 0.6948424068767902195, 2.499999999999999556 ) ) ;
#9241 =( NAMED_UNIT ( * ) SI_UNIT ( $, .STERADIAN. ) SOLID_ANGLE_UNIT ( ) );
#9242 = UNCERTAINTY_MEASURE_WITH_UNIT (LENGTH_MEASURE( 1.000000000000000082E-05 ), #3806, 'distance_accuracy_value', 'NONE');
#9243 = FACE_BOUND ( 'NONE', #1487, .T. ) ;
#9244 =( LENGTH_UNIT ( ) NAMED_UNIT ( * ) SI_UNIT ( .MILLI., .METRE. ) );
#9245 = ORIENTED_EDGE ( 'NONE', *, *, #1704, .T. ) ;
#9247 = FILL_AREA_STYLE_COLOUR ( '', #8581 ) ;
#9246 = LINE ( 'NONE', #7366, #10951 ) ;
#9248 = AXIS2_PLACEMENT_3D ( 'NONE', #9336, #1652, #870 ) ;
#9249 = DIRECTION ( 'NONE',  ( 0.000000000000000000, 0.000000000000000000, 1.000000000000000000 ) ) ;
#9250 = DIRECTION ( 'NONE',  ( -0.7071067811865485719, 0.000000000000000000, 0.7071067811865465735 ) ) ;
#9251 = EDGE_CURVE ( 'NONE', #7318, #6878, #2217, .T. ) ;
#9252 = FILL_AREA_STYLE ('',( #8522 ) ) ;
#9253 = CARTESIAN_POINT ( 'NONE',  ( 7.999999999999992895, 1.600000000000000089, -8.000000000000007105 ) ) ;
#9254 = ORIENTED_EDGE ( 'NONE', *, *, #7803, .T. ) ;
#9255 = CARTESIAN_POINT ( 'NONE',  ( -0.6499999999999985789, 2.100000000000000089, -4.500000000000003553 ) ) ;
#9256 = MECHANICAL_DESIGN_GEOMETRIC_PRESENTATION_REPRESENTATION (  '', ( #4038 ), #9967 ) ;
#9257 = SURFACE_STYLE_USAGE ( .BOTH. , #7654 ) ;
#9258 = ORIENTED_EDGE ( 'NONE', *, *, #5794, .T. ) ;
#9259 = FACE_OUTER_BOUND ( 'NONE', #9909, .T. ) ;
#9260 = CARTESIAN_POINT ( 'NONE',  ( -1.986111111111112049, 2.450000000000001954, 1.999999999999999556 ) ) ;
#9261 = CARTESIAN_POINT ( 'NONE',  ( 6.500000000000000000, 1.600000000000000089, 0.9600000000000047384 ) ) ;
#9262 = EDGE_CURVE ( 'NONE', #7438, #10772, #11032, .T. ) ;
#9263 = EDGE_CURVE ( 'NONE', #6196, #9626, #6760, .T. ) ;
#9264 = ORIENTED_EDGE ( 'NONE', *, *, #1483, .F. ) ;
#9265 = EDGE_LOOP ( 'NONE', ( #2812, #9638, #7243, #8737 ) ) ;
#9266 = LINE ( 'NONE', #11057, #2362 ) ;
#9267 = ORIENTED_EDGE ( 'NONE', *, *, #5482, .F. ) ;
#9268 = CARTESIAN_POINT ( 'NONE',  ( 6.200000000000000178, -7.649999999999995026, 3.800000000000004707 ) ) ;
#9269 = ORIENTED_EDGE ( 'NONE', *, *, #7661, .F. ) ;
#9270 = FACE_OUTER_BOUND ( 'NONE', #9887, .T. ) ;
#9271 = SURFACE_SIDE_STYLE ('',( #8539 ) ) ;
#9272 = FACE_OUTER_BOUND ( 'NONE', #3205, .T. ) ;
#9273 = ORIENTED_EDGE ( 'NONE', *, *, #3957, .T. ) ;
#9274 = LINE ( 'NONE', #4031, #3044 ) ;
#9275 = LINE ( 'NONE', #3309, #6800 ) ;
#9276 = ADVANCED_FACE ( 'NONE', ( #6863 ), #5950, .F. ) ;
#9277 = STYLED_ITEM ( 'NONE', ( #9862 ), #303 ) ;
#9278 = ORIENTED_EDGE ( 'NONE', *, *, #6136, .F. ) ;
#9279 = CARTESIAN_POINT ( 'NONE',  ( 5.601609657144403620, -10.10706432366852070, -3.221609657144320238 ) ) ;
#9280 = ORIENTED_EDGE ( 'NONE', *, *, #5725, .T. ) ;
#9281 = ADVANCED_FACE ( 'NONE', ( #4147 ), #9396, .T. ) ;
#9282 =( LENGTH_UNIT ( ) NAMED_UNIT ( * ) SI_UNIT ( .MILLI., .METRE. ) );
#9283 = SURFACE_SIDE_STYLE ('',( #7453 ) ) ;
#9284 = CARTESIAN_POINT ( 'NONE',  ( -1.986111111111112049, 2.450000000000001066, -2.000000000000001776 ) ) ;
#9285 =( LENGTH_UNIT ( ) NAMED_UNIT ( * ) SI_UNIT ( .MILLI., .METRE. ) );
#9286 = SURFACE_STYLE_USAGE ( .BOTH. , #7683 ) ;
#9287 = EDGE_LOOP ( 'NONE', ( #3489, #2075, #5820, #8270 ) ) ;
#9288 = ORIENTED_EDGE ( 'NONE', *, *, #7846, .F. ) ;
#9289 = VECTOR ( 'NONE', #7499, 1000.000000000000114 ) ;
#9290 = DIRECTION ( 'NONE',  ( 0.000000000000000000, 0.000000000000000000, -1.000000000000000000 ) ) ;
#9291 = SURFACE_SIDE_STYLE ('',( #6529 ) ) ;
#9292 = LINE ( 'NONE', #11086, #10967 ) ;
#9293 = SURFACE_SIDE_STYLE ('',( #5104 ) ) ;
#9294 = DIRECTION ( 'NONE',  ( 0.000000000000000000, 1.000000000000000000, 0.000000000000000000 ) ) ;
#9295 = PRESENTATION_LAYER_ASSIGNMENT (  '', '', ( #9835 ) ) ;
#9296 = PRESENTATION_LAYER_ASSIGNMENT (  '', '', ( #10555 ) ) ;
#9297 = VECTOR ( 'NONE', #4526, 1000.000000000000000 ) ;
#9298 = ORIENTED_EDGE ( 'NONE', *, *, #9263, .F. ) ;
#9299 = ADVANCED_FACE ( 'NONE', ( #7460 ), #8387, .F. ) ;
#9301 = SURFACE_STYLE_FILL_AREA ( #8519 ) ;
#9300 = LINE ( 'NONE', #3955, #10412 ) ;
#9302 = CARTESIAN_POINT ( 'NONE',  ( -6.499999999999999112, 2.600000000000000089, 2.540000000000000036 ) ) ;
#9303 = CARTESIAN_POINT ( 'NONE',  ( 1.986111111111112937, 2.450000000000002398, -2.500000000000000888 ) ) ;
#9304 = VECTOR ( 'NONE', #2810, 1000.000000000000000 ) ;
#9305 = COLOUR_RGB ( '',0.8941176470588234615, 0.9137254901960784048, 0.9294117647058823817 ) ;
#9306 = ORIENTED_EDGE ( 'NONE', *, *, #2720, .F. ) ;
#9307 = CARTESIAN_POINT ( 'NONE',  ( -8.000000000000007105, 0.000000000000000000, -8.000000000000000000 ) ) ;
#9308 =( LENGTH_UNIT ( ) NAMED_UNIT ( * ) SI_UNIT ( .MILLI., .METRE. ) );
#9309 = CARTESIAN_POINT ( 'NONE',  ( 7.999999999999992895, 0.000000000000000000, 9.749999999999992895 ) ) ;
#9310 = EDGE_LOOP ( 'NONE', ( #3772, #3475, #7882, #5953 ) ) ;
#9311 = ADVANCED_FACE ( 'NONE', ( #7130 ), #6108, .F. ) ;
#9312 = VECTOR ( 'NONE', #2211, 1000.000000000000000 ) ;
#9313 = VECTOR ( 'NONE', #1167, 1000.000000000000000 ) ;
#9314 = DIRECTION ( 'NONE',  ( 0.000000000000000000, -0.000000000000000000, 1.000000000000000000 ) ) ;
#9315 = ORIENTED_EDGE ( 'NONE', *, *, #5297, .T. ) ;
#9316 = PLANE ( 'NONE',  #10810 ) ;
#9317 =( NAMED_UNIT ( * ) SI_UNIT ( $, .STERADIAN. ) SOLID_ANGLE_UNIT ( ) );
#9318 = CARTESIAN_POINT ( 'NONE',  ( 5.302882188681671494, -5.810635905104648558, -2.922882188681587667 ) ) ;
#9319 =( NAMED_UNIT ( * ) PLANE_ANGLE_UNIT ( ) SI_UNIT ( $, .RADIAN. ) );
#9320 =( GEOMETRIC_REPRESENTATION_CONTEXT ( 3 ) GLOBAL_UNCERTAINTY_ASSIGNED_CONTEXT ( ( #174 ) ) GLOBAL_UNIT_ASSIGNED_CONTEXT ( ( #264, #5542, #5432 ) ) REPRESENTATION_CONTEXT ( 'NONE', 'WORKASPACE' ) );
#9321 = COLOUR_RGB ( '',0.8941176470588234615, 0.9137254901960784048, 0.9294117647058823817 ) ;
#9322 = CARTESIAN_POINT ( 'NONE',  ( 3.950000000000000178, 2.100000000000000089, 6.000000000000000000 ) ) ;
#9323 = COLOUR_RGB ( '',0.8941176470588234615, 0.9137254901960784048, 0.9294117647058823817 ) ;
#9324 = DIRECTION ( 'NONE',  ( -0.000000000000000000, 1.000000000000000000, -0.000000000000000000 ) ) ;
#9325 = ORIENTED_EDGE ( 'NONE', *, *, #8997, .F. ) ;
#9326 = SURFACE_STYLE_FILL_AREA ( #3416 ) ;
#9327 = DIRECTION ( 'NONE',  ( -0.2676438637860948377, -0.9635179096299405499, 0.000000000000000000 ) ) ;
#9328 = STYLED_ITEM ( 'NONE', ( #8284 ), #6130 ) ;
#9329 = ORIENTED_EDGE ( 'NONE', *, *, #10933, .F. ) ;
#9330 = DIRECTION ( 'NONE',  ( 0.000000000000000000, 0.000000000000000000, 1.000000000000000000 ) ) ;
#9331 =( NAMED_UNIT ( * ) PLANE_ANGLE_UNIT ( ) SI_UNIT ( $, .RADIAN. ) );
#9332 = ORIENTED_EDGE ( 'NONE', *, *, #8074, .T. ) ;
#9333 = SURFACE_STYLE_FILL_AREA ( #245 ) ;
#9334 = DIRECTION ( 'NONE',  ( 0.000000000000000000, -0.000000000000000000, -1.000000000000000000 ) ) ;
#9335 = DIRECTION ( 'NONE',  ( -4.336808689942017736E-16, -0.000000000000000000, 1.000000000000000000 ) ) ;
#9336 = CARTESIAN_POINT ( 'NONE',  ( 6.500000000000000000, 2.600000000000000089, 0.9600000000000047384 ) ) ;
#9337 = DIRECTION ( 'NONE',  ( 0.000000000000000000, 0.000000000000000000, 1.000000000000000000 ) ) ;
#9338 = ORIENTED_EDGE ( 'NONE', *, *, #1980, .T. ) ;
#9339 = EDGE_CURVE ( 'NONE', #1005, #8402, #5441, .T. ) ;
#9340 =( NAMED_UNIT ( * ) SI_UNIT ( $, .STERADIAN. ) SOLID_ANGLE_UNIT ( ) );
#9341 = AXIS2_PLACEMENT_3D ( 'NONE', #185, #3575, #4293 ) ;
#9342 = PRESENTATION_LAYER_ASSIGNMENT (  '', '', ( #2868 ) ) ;
#9343 = DIRECTION ( 'NONE',  ( 0.000000000000000000, 0.000000000000000000, -1.000000000000000000 ) ) ;
#9344 = ORIENTED_EDGE ( 'NONE', *, *, #8621, .T. ) ;
#9345 =( NAMED_UNIT ( * ) SI_UNIT ( $, .STERADIAN. ) SOLID_ANGLE_UNIT ( ) );
#9346 = EDGE_LOOP ( 'NONE', ( #6739, #1510, #8386, #8450 ) ) ;
#9347 = ORIENTED_EDGE ( 'NONE', *, *, #7382, .F. ) ;
#9348 = PRESENTATION_LAYER_ASSIGNMENT (  '', '', ( #8068 ) ) ;
#9349 = PRESENTATION_LAYER_ASSIGNMENT (  '', '', ( #2525 ) ) ;
#9350 = PLANE ( 'NONE',  #5214 ) ;
#9351 = DIRECTION ( 'NONE',  ( -0.7071067811865450192, 0.000000000000000000, 0.7071067811865500152 ) ) ;
#9352 = EDGE_CURVE ( 'NONE', #5783, #2025, #2869, .T. ) ;
#9353 = SURFACE_STYLE_USAGE ( .BOTH. , #4517 ) ;
#9354 = UNCERTAINTY_MEASURE_WITH_UNIT (LENGTH_MEASURE( 1.000000000000000082E-05 ), #4060, 'distance_accuracy_value', 'NONE');
#9355 = SURFACE_STYLE_FILL_AREA ( #10195 ) ;
#9356 = VERTEX_POINT ( 'NONE', #2047 ) ;
#9357 = VERTEX_POINT ( 'NONE', #935 ) ;
#9358 = DIRECTION ( 'NONE',  ( -0.000000000000000000, -1.000000000000000000, 0.000000000000000000 ) ) ;
#9359 = CARTESIAN_POINT ( 'NONE',  ( -7.469999999999999751, 0.000000000000000000, 1.269999999999999352 ) ) ;
#9360 =( NAMED_UNIT ( * ) SI_UNIT ( $, .STERADIAN. ) SOLID_ANGLE_UNIT ( ) );
#9361 = AXIS2_PLACEMENT_3D ( 'NONE', #4020, #10163, #3182 ) ;
#9362 = CARTESIAN_POINT ( 'NONE',  ( 6.499999999999999112, 2.600000000000000089, -1.579999999999995408 ) ) ;
#9363 = UNCERTAINTY_MEASURE_WITH_UNIT (LENGTH_MEASURE( 1.000000000000000082E-05 ), #9285, 'distance_accuracy_value', 'NONE');
#9364 =( GEOMETRIC_REPRESENTATION_CONTEXT ( 3 ) GLOBAL_UNCERTAINTY_ASSIGNED_CONTEXT ( ( #2170 ) ) GLOBAL_UNIT_ASSIGNED_CONTEXT ( ( #6700, #2481, #5715 ) ) REPRESENTATION_CONTEXT ( 'NONE', 'WORKASPACE' ) );
#9365 = UNCERTAINTY_MEASURE_WITH_UNIT (LENGTH_MEASURE( 1.000000000000000082E-05 ), #2108, 'distance_accuracy_value', 'NONE');
#9366 = CARTESIAN_POINT ( 'NONE',  ( -1.750000000000000222, 3.400000000000000355, 0.000000000000000000 ) ) ;
#9367 = EDGE_LOOP ( 'NONE', ( #10475, #7256 ) ) ;
#9368 = FILL_AREA_STYLE_COLOUR ( '', #8394 ) ;
#9369 = CARTESIAN_POINT ( 'NONE',  ( 6.500000000000000000, 2.600000000000000089, 0.9477325885658646198 ) ) ;
#9370 = VECTOR ( 'NONE', #4220, 1000.000000000000000 ) ;
#9371 = DIRECTION ( 'NONE',  ( 0.000000000000000000, 0.000000000000000000, 1.000000000000000000 ) ) ;
#9372 = CARTESIAN_POINT ( 'NONE',  ( 3.031990237815518796, 1.704120873295593919, 1.999999999999999556 ) ) ;
#9373 = ORIENTED_EDGE ( 'NONE', *, *, #3760, .T. ) ;
#9374 = CARTESIAN_POINT ( 'NONE',  ( 1.986111111111110716, 2.550000000000002487, -1.000000000000000888 ) ) ;
#9375 = CARTESIAN_POINT ( 'NONE',  ( -6.799999999999998934, -7.899999999999999467, 2.839999999999999858 ) ) ;
#9376 = DIRECTION ( 'NONE',  ( 1.000000000000000000, 0.000000000000000000, 0.000000000000000000 ) ) ;
#9377 = EDGE_CURVE ( 'NONE', #9956, #2476, #2430, .T. ) ;
#9378 = AXIS2_PLACEMENT_3D ( 'NONE', #7121, #10571, #4568 ) ;
#9379 = COLOUR_RGB ( '',1.000000000000000000, 0.9372549019607843146, 0.1372549019607843257 ) ;
#9380 = PLANE ( 'NONE',  #7629 ) ;
#9381 =( NAMED_UNIT ( * ) SI_UNIT ( $, .STERADIAN. ) SOLID_ANGLE_UNIT ( ) );
#9382 = EDGE_LOOP ( 'NONE', ( #5790, #2414, #4708, #1769 ) ) ;
#9383 = PRESENTATION_STYLE_ASSIGNMENT (( #6846 ) ) ;
#9384 = PRESENTATION_LAYER_ASSIGNMENT (  '', '', ( #10648 ) ) ;
#9385 = AXIS2_PLACEMENT_3D ( 'NONE', #8809, #5348, #7888 ) ;
#9386 = VERTEX_POINT ( 'NONE', #3490 ) ;
#9387 = CARTESIAN_POINT ( 'NONE',  ( -6.678066852858479230, -7.899999999999999467, -2.361933147141467515 ) ) ;
#9388 = VECTOR ( 'NONE', #2560, 1000.000000000000000 ) ;
#9389 =( NAMED_UNIT ( * ) SI_UNIT ( $, .STERADIAN. ) SOLID_ANGLE_UNIT ( ) );
#9390 = LINE ( 'NONE', #3483, #5357 ) ;
#9391 = ORIENTED_EDGE ( 'NONE', *, *, #10349, .F. ) ;
#9392 = CARTESIAN_POINT ( 'NONE',  ( 5.601609657144360988, -10.10706432366850471, 0.06160965714434047530 ) ) ;
#9393 = CARTESIAN_POINT ( 'NONE',  ( 3.231990237815518530, 1.704120873295594141, -2.000000000000000888 ) ) ;
#9394 = CARTESIAN_POINT ( 'NONE',  ( 5.302882188681625308, -5.810635905104668097, 2.157117811318404410 ) ) ;
#9395 = ORIENTED_EDGE ( 'NONE', *, *, #6574, .T. ) ;
#9396 = PLANE ( 'NONE',  #5813 ) ;
#9397 = ORIENTED_EDGE ( 'NONE', *, *, #9219, .T. ) ;
#9398 = CIRCLE ( 'NONE', #10296, 1.749999999999999778 ) ;
#9399 = ADVANCED_FACE ( 'NONE', ( #6918 ), #1875, .T. ) ;
#9401 = EDGE_CURVE ( 'NONE', #2305, #7164, #8894, .T. ) ;
#9400 =( LENGTH_UNIT ( ) NAMED_UNIT ( * ) SI_UNIT ( .MILLI., .METRE. ) );
#9402 = COLOUR_RGB ( '',0.8313725490196077761, 0.6705882352941175961, 0.1294117647058823373 ) ;
#9403 = ORIENTED_EDGE ( 'NONE', *, *, #280, .F. ) ;
#9404 = PRESENTATION_STYLE_ASSIGNMENT (( #5212 ) ) ;
#9405 = DIRECTION ( 'NONE',  ( -1.445602896647339903E-15, 0.000000000000000000, 1.000000000000000000 ) ) ;
#9407 = DIRECTION ( 'NONE',  ( 4.470936793754646013E-16, 0.000000000000000000, 1.000000000000000000 ) ) ;
#9406 =( NAMED_UNIT ( * ) PLANE_ANGLE_UNIT ( ) SI_UNIT ( $, .RADIAN. ) );
#9408 = LINE ( 'NONE', #6116, #9656 ) ;
#9409 = CARTESIAN_POINT ( 'NONE',  ( -3.031990237815517908, 1.704120873295593253, -2.500000000000000888 ) ) ;
#9410 = DIRECTION ( 'NONE',  ( 0.000000000000000000, 1.000000000000000000, 0.000000000000000000 ) ) ;
#9411 =( GEOMETRIC_REPRESENTATION_CONTEXT ( 3 ) GLOBAL_UNCERTAINTY_ASSIGNED_CONTEXT ( ( #10258 ) ) GLOBAL_UNIT_ASSIGNED_CONTEXT ( ( #4745, #5582, #8065 ) ) REPRESENTATION_CONTEXT ( 'NONE', 'WORKASPACE' ) );
#9412 = ORIENTED_EDGE ( 'NONE', *, *, #1322, .T. ) ;
#9413 = PRESENTATION_LAYER_ASSIGNMENT (  '', '', ( #1552 ) ) ;
#9414 = LINE ( 'NONE', #2770, #9865 ) ;
#9415 = EDGE_CURVE ( 'NONE', #899, #5996, #493, .T. ) ;
#9416 = DIRECTION ( 'NONE',  ( -1.000000000000000000, -0.000000000000000000, -0.000000000000000000 ) ) ;
#9417 = SURFACE_STYLE_FILL_AREA ( #3447 ) ;
#9418 = MECHANICAL_DESIGN_GEOMETRIC_PRESENTATION_REPRESENTATION (  '', ( #1717 ), #4728 ) ;
#9419 =( LENGTH_UNIT ( ) NAMED_UNIT ( * ) SI_UNIT ( .MILLI., .METRE. ) );
#9420 = PRESENTATION_STYLE_ASSIGNMENT (( #7601 ) ) ;
#9421 = LINE ( 'NONE', #2838, #794 ) ;
#9422 = DIRECTION ( 'NONE',  ( -0.4014883995042272113, -0.8231732078530423768, -0.4014883995042272113 ) ) ;
#9423 = ORIENTED_EDGE ( 'NONE', *, *, #4933, .T. ) ;
#9424 =( NAMED_UNIT ( * ) PLANE_ANGLE_UNIT ( ) SI_UNIT ( $, .RADIAN. ) );
#9425 = LINE ( 'NONE', #4231, #10426 ) ;
#9426 = EDGE_LOOP ( 'NONE', ( #9061, #9636, #2945, #385 ) ) ;
#9427 = LINE ( 'NONE', #6084, #6841 ) ;
#9428 = DIRECTION ( 'NONE',  ( 0.000000000000000000, 1.000000000000000000, 0.000000000000000000 ) ) ;
#9429 = CARTESIAN_POINT ( 'NONE',  ( 7.470000000000000639, -2.399999999999999911, 2.230000000000004867 ) ) ;
#9430 = FILL_AREA_STYLE_COLOUR ( '', #1862 ) ;
#9431 = ORIENTED_EDGE ( 'NONE', *, *, #211, .T. ) ;
#9432 = DIRECTION ( 'NONE',  ( 0.000000000000000000, -0.4383711467890764601, 0.8987940462991674817 ) ) ;
#9433 =( NAMED_UNIT ( * ) SI_UNIT ( $, .STERADIAN. ) SOLID_ANGLE_UNIT ( ) );
#9434 =( NAMED_UNIT ( * ) SI_UNIT ( $, .STERADIAN. ) SOLID_ANGLE_UNIT ( ) );
#9435 = ORIENTED_EDGE ( 'NONE', *, *, #9123, .T. ) ;
#9436 = CARTESIAN_POINT ( 'NONE',  ( -5.229999999999998650, -2.399999999999999911, 0.9700000000000020828 ) ) ;
#9437 = LINE ( 'NONE', #1699, #8599 ) ;
#9438 = VECTOR ( 'NONE', #2196, 1000.000000000000000 ) ;
#9439 = ADVANCED_FACE ( 'NONE', ( #9784 ), #3827, .T. ) ;
#9440 = CARTESIAN_POINT ( 'NONE',  ( 6.800000000000052225, -7.899999999999999467, -1.279999999999995586 ) ) ;
#9441 = DIRECTION ( 'NONE',  ( 0.000000000000000000, 0.000000000000000000, -1.000000000000000000 ) ) ;
#9442 = FACE_BOUND ( 'NONE', #9611, .T. ) ;
#9443 = CARTESIAN_POINT ( 'NONE',  ( -0.6500000000000007994, 1.600000000000000089, -6.500000000000005329 ) ) ;
#9444 = PRESENTATION_STYLE_ASSIGNMENT (( #2534 ) ) ;
#9445 = LINE ( 'NONE', #1760, #2200 ) ;
#9446 = DIRECTION ( 'NONE',  ( -0.000000000000000000, -1.000000000000000000, -0.000000000000000000 ) ) ;
#9447 = ORIENTED_EDGE ( 'NONE', *, *, #6479, .T. ) ;
#9448 = VECTOR ( 'NONE', #3005, 1000.000000000000000 ) ;
#9449 = SURFACE_STYLE_FILL_AREA ( #4255 ) ;
#9450 = AXIS2_PLACEMENT_3D ( 'NONE', #7394, #7240, #4814 ) ;
#9451 = EDGE_CURVE ( 'NONE', #3028, #7778, #2252, .T. ) ;
#9452 = DIRECTION ( 'NONE',  ( 1.000000000000000000, 0.000000000000000000, -0.000000000000000000 ) ) ;
#9453 = ORIENTED_EDGE ( 'NONE', *, *, #6920, .F. ) ;
#9454 = SURFACE_STYLE_FILL_AREA ( #8553 ) ;
#9455 = CARTESIAN_POINT ( 'NONE',  ( -6.799999999999998934, -7.899999999999999467, 2.239999999999999769 ) ) ;
#9456 =( GEOMETRIC_REPRESENTATION_CONTEXT ( 3 ) GLOBAL_UNCERTAINTY_ASSIGNED_CONTEXT ( ( #4954 ) ) GLOBAL_UNIT_ASSIGNED_CONTEXT ( ( #515, #6469, #630 ) ) REPRESENTATION_CONTEXT ( 'NONE', 'WORKASPACE' ) );
#9457 = CARTESIAN_POINT ( 'NONE',  ( -0.6499999999999985789, 2.100000000000000089, -4.500000000000003553 ) ) ;
#9458 = PRESENTATION_STYLE_ASSIGNMENT (( #6926 ) ) ;
#9459 = DIRECTION ( 'NONE',  ( 0.000000000000000000, 0.000000000000000000, 1.000000000000000000 ) ) ;
#9460 = UNCERTAINTY_MEASURE_WITH_UNIT (LENGTH_MEASURE( 1.000000000000000082E-05 ), #1586, 'distance_accuracy_value', 'NONE');
#9461 = EDGE_CURVE ( 'NONE', #4242, #9087, #6448, .T. ) ;
#9462 = ADVANCED_FACE ( 'NONE', ( #8191 ), #3039, .T. ) ;
#9463 = SURFACE_SIDE_STYLE ('',( #8222 ) ) ;
#9464 = EDGE_LOOP ( 'NONE', ( #5047, #528, #4948, #565 ) ) ;
#9465 = MECHANICAL_DESIGN_GEOMETRIC_PRESENTATION_REPRESENTATION (  '', ( #9126 ), #8941 ) ;
#9466 = SURFACE_SIDE_STYLE ('',( #5058 ) ) ;
#9467 =( NAMED_UNIT ( * ) PLANE_ANGLE_UNIT ( ) SI_UNIT ( $, .RADIAN. ) );
#9468 = SURFACE_STYLE_FILL_AREA ( #6022 ) ;
#9469 = VECTOR ( 'NONE', #6868, 1000.000000000000000 ) ;
#9470 = UNCERTAINTY_MEASURE_WITH_UNIT (LENGTH_MEASURE( 1.000000000000000082E-05 ), #98, 'distance_accuracy_value', 'NONE');
#9471 = AXIS2_PLACEMENT_3D ( 'NONE', #6548, #3865, #7327 ) ;
#9472 = EDGE_CURVE ( 'NONE', #8365, #1811, #3194, .T. ) ;
#9473 = MECHANICAL_DESIGN_GEOMETRIC_PRESENTATION_REPRESENTATION (  '', ( #5130 ), #1776 ) ;
#9474 = VECTOR ( 'NONE', #4475, 1000.000000000000000 ) ;
#9475 = EDGE_CURVE ( 'NONE', #5249, #8121, #7502, .T. ) ;
#9476 = LINE ( 'NONE', #6671, #1512 ) ;
#9477 = ORIENTED_EDGE ( 'NONE', *, *, #2850, .T. ) ;
#9478 = CARTESIAN_POINT ( 'NONE',  ( -6.499999999999999112, 1.600000000000000089, 3.039999999999998259 ) ) ;
#9479 = DIRECTION ( 'NONE',  ( 1.000000000000000000, 0.000000000000000000, 0.000000000000000000 ) ) ;
#9480 = COLOUR_RGB ( '',0.8941176470588234615, 0.9137254901960784048, 0.9294117647058823817 ) ;
#9481 = ORIENTED_EDGE ( 'NONE', *, *, #3948, .T. ) ;
#9482 =( GEOMETRIC_REPRESENTATION_CONTEXT ( 3 ) GLOBAL_UNCERTAINTY_ASSIGNED_CONTEXT ( ( #9134 ) ) GLOBAL_UNIT_ASSIGNED_CONTEXT ( ( #2487, #1502, #4886 ) ) REPRESENTATION_CONTEXT ( 'NONE', 'WORKASPACE' ) );
#9483 = CARTESIAN_POINT ( 'NONE',  ( 3.231990237815519418, 1.600000000000001643, -1.000000000000000444 ) ) ;
#9484 = FACE_OUTER_BOUND ( 'NONE', #9701, .T. ) ;
#9485 =( NAMED_UNIT ( * ) SI_UNIT ( $, .STERADIAN. ) SOLID_ANGLE_UNIT ( ) );
#9486 = ORIENTED_EDGE ( 'NONE', *, *, #6522, .F. ) ;
#9487 =( LENGTH_UNIT ( ) NAMED_UNIT ( * ) SI_UNIT ( .MILLI., .METRE. ) );
#9488 = EDGE_CURVE ( 'NONE', #10593, #10207, #7672, .T. ) ;
#9489 = DIRECTION ( 'NONE',  ( 0.000000000000000000, -0.000000000000000000, 1.000000000000000000 ) ) ;
#9490 = VECTOR ( 'NONE', #2985, 1000.000000000000000 ) ;
#9491 = SURFACE_SIDE_STYLE ('',( #6842 ) ) ;
#9492 = PRESENTATION_LAYER_ASSIGNMENT (  '', '', ( #10396 ) ) ;
#9493 = SURFACE_SIDE_STYLE ('',( #135 ) ) ;
#9494 = VERTEX_POINT ( 'NONE', #10121 ) ;
#9495 = LINE ( 'NONE', #7961, #8459 ) ;
#9496 = DIRECTION ( 'NONE',  ( 0.000000000000000000, 0.000000000000000000, -1.000000000000000000 ) ) ;
#9497 = VERTEX_POINT ( 'NONE', #5932 ) ;
#9498 = CARTESIAN_POINT ( 'NONE',  ( 2.144689754873803533, 2.450000000000002398, -0.5000000000000004441 ) ) ;
#9499 = DIRECTION ( 'NONE',  ( 1.000000000000000000, 0.000000000000000000, 0.000000000000000000 ) ) ;
#9500 = FILL_AREA_STYLE_COLOUR ( '', #8480 ) ;
#9501 = FACE_OUTER_BOUND ( 'NONE', #8877, .T. ) ;
#9502 = ORIENTED_EDGE ( 'NONE', *, *, #5361, .F. ) ;
#9503 = FILL_AREA_STYLE_COLOUR ( '', #6356 ) ;
#9504 = SURFACE_STYLE_FILL_AREA ( #6058 ) ;
#9505 = CARTESIAN_POINT ( 'NONE',  ( -1.750000000000000222, 3.400000000000000355, 2.500000000000000000 ) ) ;
#9506 = CARTESIAN_POINT ( 'NONE',  ( -3.231990237815517641, 1.600000000000000089, -0.5000000000000004441 ) ) ;
#9507 = VECTOR ( 'NONE', #2359, 1000.000000000000000 ) ;
#9508 = VECTOR ( 'NONE', #2859, 999.9999999999998863 ) ;
#9509 = CARTESIAN_POINT ( 'NONE',  ( -1.986111111111112049, 2.450000000000001954, -0.5000000000000004441 ) ) ;
#9510 = FACE_OUTER_BOUND ( 'NONE', #9426, .T. ) ;
#9512 = ADVANCED_FACE ( 'NONE', ( #4980 ), #1982, .T. ) ;
#9511 = DIRECTION ( 'NONE',  ( -1.000000000000000000, 0.000000000000000000, 0.000000000000000000 ) ) ;
#9513 = CONICAL_SURFACE ( 'NONE', #6996, 0.01226741143414006308, 0.4537856055185230941 ) ;
#9514 = SURFACE_SIDE_STYLE ('',( #9741 ) ) ;
#9515 = ORIENTED_EDGE ( 'NONE', *, *, #2662, .T. ) ;
#9516 = PRESENTATION_LAYER_ASSIGNMENT (  '', '', ( #26 ) ) ;
#9517 = AXIS2_PLACEMENT_3D ( 'NONE', #7689, #10306, #9452 ) ;
#9518 = CARTESIAN_POINT ( 'NONE',  ( 2.994689754873803622, 1.600000000000001421, 0.9999999999999995559 ) ) ;
#9519 = CARTESIAN_POINT ( 'NONE',  ( 7.770000000000000462, -2.399999999999999911, 1.930000000000006821 ) ) ;
#9520 = CARTESIAN_POINT ( 'NONE',  ( -5.529999999999998472, -2.399999999999999911, -3.810000000000000941 ) ) ;
#9521 = DIRECTION ( 'NONE',  ( -0.000000000000000000, 1.000000000000000000, -0.000000000000000000 ) ) ;
#9522 = MECHANICAL_DESIGN_GEOMETRIC_PRESENTATION_REPRESENTATION (  '', ( #3421 ), #1302 ) ;
#9523 = DIRECTION ( 'NONE',  ( 0.000000000000000000, 0.000000000000000000, 1.000000000000000000 ) ) ;
#9524 = PRESENTATION_STYLE_ASSIGNMENT (( #10264 ) ) ;
#9525 = ORIENTED_EDGE ( 'NONE', *, *, #3643, .F. ) ;
#9526 = SURFACE_STYLE_FILL_AREA ( #8687 ) ;
#9527 = PLANE ( 'NONE',  #5374 ) ;
#9528 = VECTOR ( 'NONE', #6197, 1000.000000000000000 ) ;
#9529 = EDGE_CURVE ( 'NONE', #933, #6446, #4877, .T. ) ;
#9530 = CARTESIAN_POINT ( 'NONE',  ( 11.49999999999999645, 1.600000000000000089, 9.500000000000000000 ) ) ;
#9531 = EDGE_CURVE ( 'NONE', #12, #4636, #9274, .T. ) ;
#9532 =( NAMED_UNIT ( * ) PLANE_ANGLE_UNIT ( ) SI_UNIT ( $, .RADIAN. ) );
#9533 = CARTESIAN_POINT ( 'NONE',  ( 1.986111111111112937, 2.450000000000002398, 1.999999999999999556 ) ) ;
#9534 = ORIENTED_EDGE ( 'NONE', *, *, #1320, .T. ) ;
#9535 = SURFACE_STYLE_USAGE ( .BOTH. , #1859 ) ;
#9536 = COLOUR_RGB ( '',0.2980392156862745057, 0.2980392156862745057, 0.2980392156862745057 ) ;
#9537 = SURFACE_STYLE_USAGE ( .BOTH. , #8750 ) ;
#9538 = STYLED_ITEM ( 'NONE', ( #9196 ), #7201 ) ;
#9539 = CARTESIAN_POINT ( 'NONE',  ( 0.000000000000000000, -7.899999999999999467, 3.321933147141471920 ) ) ;
#9540 = DIRECTION ( 'NONE',  ( 0.000000000000000000, 0.000000000000000000, -1.000000000000000000 ) ) ;
#9541 = MECHANICAL_DESIGN_GEOMETRIC_PRESENTATION_REPRESENTATION (  '', ( #6288 ), #7555 ) ;
#9542 = FILL_AREA_STYLE ('',( #5992 ) ) ;
#9543 = CARTESIAN_POINT ( 'NONE',  ( 6.800000000000052225, -7.649999999999998579, -1.279999999999995586 ) ) ;
#9544 = VERTEX_POINT ( 'NONE', #3354 ) ;
#9545 = FACE_OUTER_BOUND ( 'NONE', #1584, .T. ) ;
#9546 = ADVANCED_FACE ( 'NONE', ( #6749 ), #7450, .F. ) ;
#9547 = VECTOR ( 'NONE', #9908, 1000.000000000000000 ) ;
#9548 = ORIENTED_EDGE ( 'NONE', *, *, #10411, .T. ) ;
#9549 = STYLED_ITEM ( 'NONE', ( #6381 ), #7713 ) ;
#9550 = LINE ( 'NONE', #3588, #3986 ) ;
#9551 = SURFACE_STYLE_FILL_AREA ( #1917 ) ;
#9552 = ORIENTED_EDGE ( 'NONE', *, *, #10657, .F. ) ;
#9553 = SURFACE_SIDE_STYLE ('',( #10299 ) ) ;
#9554 = PRESENTATION_LAYER_ASSIGNMENT (  '', '', ( #445 ) ) ;
#9555 = SURFACE_STYLE_USAGE ( .BOTH. , #10408 ) ;
#9556 = ORIENTED_EDGE ( 'NONE', *, *, #3412, .F. ) ;
#9557 = VECTOR ( 'NONE', #6929, 1000.000000000000114 ) ;
#9558 =( GEOMETRIC_REPRESENTATION_CONTEXT ( 3 ) GLOBAL_UNCERTAINTY_ASSIGNED_CONTEXT ( ( #1273 ) ) GLOBAL_UNIT_ASSIGNED_CONTEXT ( ( #9587, #306, #4291 ) ) REPRESENTATION_CONTEXT ( 'NONE', 'WORKASPACE' ) );
#9559 = SURFACE_STYLE_USAGE ( .BOTH. , #1153 ) ;
#9560 = ORIENTED_EDGE ( 'NONE', *, *, #3161, .F. ) ;
#9561 = CARTESIAN_POINT ( 'NONE',  ( -2.649999999999999467, 2.100000000000000089, -6.500000000000004441 ) ) ;
#9562 = FILL_AREA_STYLE ('',( #2704 ) ) ;
#9563 = VECTOR ( 'NONE', #2756, 1000.000000000000000 ) ;
#9564 = SURFACE_STYLE_USAGE ( .BOTH. , #6115 ) ;
#9565 = DIRECTION ( 'NONE',  ( 1.000000000000000000, -0.000000000000000000, -1.084202172485504434E-16 ) ) ;
#9566 = PRESENTATION_STYLE_ASSIGNMENT (( #3668 ) ) ;
#9567 = UNCERTAINTY_MEASURE_WITH_UNIT (LENGTH_MEASURE( 1.000000000000000082E-05 ), #1601, 'distance_accuracy_value', 'NONE');
#9568 = CARTESIAN_POINT ( 'NONE',  ( 5.229999999999998650, 0.000000000000000000, -3.149999999999992362 ) ) ;
#9569 = DIRECTION ( 'NONE',  ( 0.000000000000000000, 0.000000000000000000, -1.000000000000000000 ) ) ;
#9570 = SURFACE_STYLE_USAGE ( .BOTH. , #9624 ) ;
#9571 = VERTEX_POINT ( 'NONE', #4352 ) ;
#9573 = SURFACE_STYLE_FILL_AREA ( #10428 ) ;
#9572 = FACE_OUTER_BOUND ( 'NONE', #11012, .T. ) ;
#9574 = ADVANCED_FACE ( 'NONE', ( #8595 ), #2587, .F. ) ;
#9575 = DIRECTION ( 'NONE',  ( 0.000000000000000000, 0.000000000000000000, -1.000000000000000000 ) ) ;
#9576 = FACE_OUTER_BOUND ( 'NONE', #271, .T. ) ;
#9577 = UNCERTAINTY_MEASURE_WITH_UNIT (LENGTH_MEASURE( 1.000000000000000082E-05 ), #2851, 'distance_accuracy_value', 'NONE');
#9578 = PRESENTATION_STYLE_ASSIGNMENT (( #8684 ) ) ;
#9579 = UNCERTAINTY_MEASURE_WITH_UNIT (LENGTH_MEASURE( 1.000000000000000082E-05 ), #1022, 'distance_accuracy_value', 'NONE');
#9580 =( LENGTH_UNIT ( ) NAMED_UNIT ( * ) SI_UNIT ( .MILLI., .METRE. ) );
#9581 = CARTESIAN_POINT ( 'NONE',  ( -2.186111111111112226, 2.550000000000002043, -1.000000000000000444 ) ) ;
#9582 = DIRECTION ( 'NONE',  ( 0.7071067811865484609, -0.7071067811865466846, 0.000000000000000000 ) ) ;
#9583 = DIRECTION ( 'NONE',  ( -1.000000000000000000, -1.084202172485504040E-15, 0.000000000000000000 ) ) ;
#9584 = CARTESIAN_POINT ( 'NONE',  ( -6.499999999999999112, 2.600000000000000089, -2.552267411434140598 ) ) ;
#9585 = VERTEX_POINT ( 'NONE', #7731 ) ;
#9586 = PLANE ( 'NONE',  #5258 ) ;
#9587 =( LENGTH_UNIT ( ) NAMED_UNIT ( * ) SI_UNIT ( .MILLI., .METRE. ) );
#9588 =( GEOMETRIC_REPRESENTATION_CONTEXT ( 3 ) GLOBAL_UNCERTAINTY_ASSIGNED_CONTEXT ( ( #9034 ) ) GLOBAL_UNIT_ASSIGNED_CONTEXT ( ( #6482, #5575, #2898 ) ) REPRESENTATION_CONTEXT ( 'NONE', 'WORKASPACE' ) );
#9589 = LINE ( 'NONE', #6895, #402 ) ;
#9590 = EDGE_LOOP ( 'NONE', ( #6096, #457, #10218, #6971 ) ) ;
#9591 = CARTESIAN_POINT ( 'NONE',  ( -3.231990237815517641, 1.600000000000000755, 1.999999999999999556 ) ) ;
#9592 = ORIENTED_EDGE ( 'NONE', *, *, #8169, .T. ) ;
#9593 =( NAMED_UNIT ( * ) PLANE_ANGLE_UNIT ( ) SI_UNIT ( $, .RADIAN. ) );
#9594 = PLANE ( 'NONE',  #4585 ) ;
#9595 = ADVANCED_FACE ( 'NONE', ( #1863 ), #7895, .F. ) ;
#9596 = EDGE_CURVE ( 'NONE', #5015, #3230, #7957, .T. ) ;
#9597 = VECTOR ( 'NONE', #2561, 1000.000000000000114 ) ;
#9598 = DIRECTION ( 'NONE',  ( 0.000000000000000000, 0.000000000000000000, -1.000000000000000000 ) ) ;
#9599 = EDGE_CURVE ( 'NONE', #6090, #8642, #7067, .T. ) ;
#9600 = ORIENTED_EDGE ( 'NONE', *, *, #1238, .T. ) ;
#9601 = PLANE ( 'NONE',  #417 ) ;
#9602 = DIRECTION ( 'NONE',  ( -0.000000000000000000, 1.000000000000000000, -0.000000000000000000 ) ) ;
#9603 = VERTEX_POINT ( 'NONE', #1970 ) ;
#9604 = VERTEX_POINT ( 'NONE', #3969 ) ;
#9605 = CARTESIAN_POINT ( 'NONE',  ( -0.6500000000000007994, 2.100000000000000089, -6.500000000000005329 ) ) ;
#9606 = ORIENTED_EDGE ( 'NONE', *, *, #1162, .F. ) ;
#9607 = CARTESIAN_POINT ( 'NONE',  ( 3.031990237815518796, 1.704120873295593919, 2.499999999999999556 ) ) ;
#9608 = LINE ( 'NONE', #8662, #7556 ) ;
#9610 = ADVANCED_FACE ( 'NONE', ( #4799 ), #9513, .T. ) ;
#9609 = CARTESIAN_POINT ( 'NONE',  ( -5.601609657144292598, -10.10706432366847807, -3.438390342855654591 ) ) ;
#9611 = EDGE_LOOP ( 'NONE', ( #5655, #7278, #3708, #6791 ) ) ;
#9612 = AXIS2_PLACEMENT_3D ( 'NONE', #3873, #8020, #265 ) ;
#9613 = DIRECTION ( 'NONE',  ( 1.000000000000000000, 0.000000000000000000, -0.000000000000000000 ) ) ;
#9614 = ADVANCED_FACE ( 'NONE', ( #3912 ), #10788, .T. ) ;
#9615 = SURFACE_STYLE_USAGE ( .BOTH. , #6168 ) ;
#9616 = PLANE ( 'NONE',  #3405 ) ;
#9617 = LINE ( 'NONE', #6344, #2062 ) ;
#9618 = SURFACE_STYLE_FILL_AREA ( #9562 ) ;
#9619 = DIRECTION ( 'NONE',  ( 4.336808689942013792E-16, 0.000000000000000000, -1.000000000000000000 ) ) ;
#9620 = SURFACE_SIDE_STYLE ('',( #2762 ) ) ;
#9621 = LINE ( 'NONE', #1936, #4483 ) ;
#9622 = VECTOR ( 'NONE', #10857, 999.9999999999998863 ) ;
#9623 = CARTESIAN_POINT ( 'NONE',  ( 0.6500000000000000222, 1.600000000000000089, 8.000000000000000000 ) ) ;
#9624 = SURFACE_SIDE_STYLE ('',( #2711 ) ) ;
#9625 = VERTEX_POINT ( 'NONE', #2030 ) ;
#9626 = VERTEX_POINT ( 'NONE', #368 ) ;
#9627 = VECTOR ( 'NONE', #2632, 1000.000000000000000 ) ;
#9628 = DIRECTION ( 'NONE',  ( -1.000000000000000000, 0.000000000000000000, 0.000000000000000000 ) ) ;
#9629 = LINE ( 'NONE', #167, #115 ) ;
#9630 = PRESENTATION_STYLE_ASSIGNMENT (( #6184 ) ) ;
#9631 = CARTESIAN_POINT ( 'NONE',  ( 5.302882188681603992, -5.810635905104675203, 4.697117811318399561 ) ) ;
#9632 = CARTESIAN_POINT ( 'NONE',  ( -6.678066852858479230, -7.899999999999999467, -2.718066852858533888 ) ) ;
#9633 = FILL_AREA_STYLE_COLOUR ( '', #2411 ) ;
#9634 = LINE ( 'NONE', #8923, #3810 ) ;
#9635 = FILL_AREA_STYLE_COLOUR ( '', #5597 ) ;
#9636 = ORIENTED_EDGE ( 'NONE', *, *, #8515, .T. ) ;
#9637 = VECTOR ( 'NONE', #1039, 1000.000000000000000 ) ;
#9638 = ORIENTED_EDGE ( 'NONE', *, *, #775, .F. ) ;
#9639 = CARTESIAN_POINT ( 'NONE',  ( 0.6499999999999991340, 2.100000000000000089, -6.500000000000005329 ) ) ;
#9640 = PRESENTATION_STYLE_ASSIGNMENT (( #971 ) ) ;
#9641 = CARTESIAN_POINT ( 'NONE',  ( 5.229999999999997762, 0.000000000000000000, -0.009999999999997857825 ) ) ;
#9642 = STYLED_ITEM ( 'NONE', ( #5334 ), #667 ) ;
#9643 = MECHANICAL_DESIGN_GEOMETRIC_PRESENTATION_REPRESENTATION (  '', ( #10555 ), #4604 ) ;
#9644 = DIRECTION ( 'NONE',  ( 0.7071067811865475727, 0.000000000000000000, -0.7071067811865475727 ) ) ;
#9645 = SURFACE_STYLE_FILL_AREA ( #6251 ) ;
#9646 = MECHANICAL_DESIGN_GEOMETRIC_PRESENTATION_REPRESENTATION (  '', ( #5862 ), #10547 ) ;
#9647 = FILL_AREA_STYLE ('',( #2080 ) ) ;
#9648 = FACE_OUTER_BOUND ( 'NONE', #411, .T. ) ;
#9649 = ADVANCED_FACE ( 'NONE', ( #3752 ), #2910, .T. ) ;
#9650 = CARTESIAN_POINT ( 'NONE',  ( 5.229999999999998650, -5.992102448427662154, -3.149999999999992362 ) ) ;
#9651 = EDGE_CURVE ( 'NONE', #3815, #6192, #10899, .T. ) ;
#9652 = FACE_OUTER_BOUND ( 'NONE', #6845, .T. ) ;
#9653 = AXIS2_PLACEMENT_3D ( 'NONE', #7812, #10415, #2703 ) ;
#9654 = VECTOR ( 'NONE', #5151, 1000.000000000000000 ) ;
#9655 = PRESENTATION_STYLE_ASSIGNMENT (( #10455 ) ) ;
#9656 = VECTOR ( 'NONE', #2659, 1000.000000000000000 ) ;
#9657 = DIRECTION ( 'NONE',  ( 0.000000000000000000, -1.000000000000000000, 0.000000000000000000 ) ) ;
#9658 = ORIENTED_EDGE ( 'NONE', *, *, #5804, .T. ) ;
#9659 = DIRECTION ( 'NONE',  ( 4.470936793754646013E-16, 0.000000000000000000, 1.000000000000000000 ) ) ;
#9660 = ORIENTED_EDGE ( 'NONE', *, *, #1225, .T. ) ;
#9661 = SURFACE_STYLE_FILL_AREA ( #5305 ) ;
#9662 = CARTESIAN_POINT ( 'NONE',  ( 5.529999999999995808, -2.399999999999999911, 4.770000000000004903 ) ) ;
#9663 = FACE_OUTER_BOUND ( 'NONE', #9218, .T. ) ;
#9664 = VECTOR ( 'NONE', #2174, 1000.000000000000000 ) ;
#9665 = VECTOR ( 'NONE', #7198, 1000.000000000000000 ) ;
#9666 = SURFACE_STYLE_FILL_AREA ( #1203 ) ;
#9667 = LINE ( 'NONE', #9779, #2837 ) ;
#9668 = VECTOR ( 'NONE', #7965, 1000.000000000000000 ) ;
#9669 = CARTESIAN_POINT ( 'NONE',  ( -8.000000000000007105, 0.000000000000000000, 8.000000000000007105 ) ) ;
#9670 = LINE ( 'NONE', #2861, #616 ) ;
#9671 = ORIENTED_EDGE ( 'NONE', *, *, #1730, .F. ) ;
#9672 = ORIENTED_EDGE ( 'NONE', *, *, #8495, .T. ) ;
#9673 = VECTOR ( 'NONE', #1354, 1000.000000000000000 ) ;
#9674 = PRESENTATION_LAYER_ASSIGNMENT (  '', '', ( #4993 ) ) ;
#9675 =( NAMED_UNIT ( * ) PLANE_ANGLE_UNIT ( ) SI_UNIT ( $, .RADIAN. ) );
#9676 = FACE_OUTER_BOUND ( 'NONE', #1331, .T. ) ;
#9677 = EDGE_CURVE ( 'NONE', #10066, #2520, #5756, .T. ) ;
#9678 = EDGE_CURVE ( 'NONE', #1533, #10576, #6648, .T. ) ;
#9679 = LINE ( 'NONE', #1335, #8254 ) ;
#9680 = CARTESIAN_POINT ( 'NONE',  ( -7.769999999999999574, -2.399999999999999911, 0.9700000000000029710 ) ) ;
#9681 = SURFACE_SIDE_STYLE ('',( #6228 ) ) ;
#9682 = DIRECTION ( 'NONE',  ( 1.000000000000000000, -0.000000000000000000, -1.334402673828315410E-15 ) ) ;
#9683 = UNCERTAINTY_MEASURE_WITH_UNIT (LENGTH_MEASURE( 1.000000000000000082E-05 ), #5590, 'distance_accuracy_value', 'NONE');
#9684 = VECTOR ( 'NONE', #10147, 1000.000000000000000 ) ;
#9685 = MECHANICAL_DESIGN_GEOMETRIC_PRESENTATION_REPRESENTATION (  '', ( #10591 ), #1464 ) ;
#9686 = EDGE_LOOP ( 'NONE', ( #8347, #10763, #5989, #2602 ) ) ;
#9687 = STYLED_ITEM ( 'NONE', ( #8696 ), #1793 ) ;
#9688 = FILL_AREA_STYLE ('',( #5394 ) ) ;
#9689 = ADVANCED_FACE ( 'NONE', ( #7434 ), #3235, .T. ) ;
#9690 = LINE ( 'NONE', #9028, #5266 ) ;
#9691 = LINE ( 'NONE', #2999, #963 ) ;
#9692 = UNCERTAINTY_MEASURE_WITH_UNIT (LENGTH_MEASURE( 1.000000000000000082E-05 ), #2365, 'distance_accuracy_value', 'NONE');
#9693 = EDGE_LOOP ( 'NONE', ( #6936, #341, #9863, #10224 ) ) ;
#9694 = UNCERTAINTY_MEASURE_WITH_UNIT (LENGTH_MEASURE( 1.000000000000000082E-05 ), #10909, 'distance_accuracy_value', 'NONE');
#9695 = LINE ( 'NONE', #175, #6147 ) ;
#9696 = DIRECTION ( 'NONE',  ( 0.7071067811865474617, 0.000000000000000000, 0.7071067811865474617 ) ) ;
#9697 = DIRECTION ( 'NONE',  ( -0.000000000000000000, -0.000000000000000000, 1.000000000000000000 ) ) ;
#9698 = VECTOR ( 'NONE', #884, 1000.000000000000000 ) ;
#9699 = COLOUR_RGB ( '',0.8313725490196077761, 0.6705882352941175961, 0.1294117647058823373 ) ;
#9700 = SURFACE_SIDE_STYLE ('',( #7317 ) ) ;
#9701 = EDGE_LOOP ( 'NONE', ( #9148, #1719, #1542, #10340 ) ) ;
#9702 =( NAMED_UNIT ( * ) SI_UNIT ( $, .STERADIAN. ) SOLID_ANGLE_UNIT ( ) );
#9703 = VERTEX_POINT ( 'NONE', #3339 ) ;
#9704 = DIRECTION ( 'NONE',  ( 0.4014883995042272113, 0.8231732078530423768, -0.4014883995042272113 ) ) ;
#9705 =( GEOMETRIC_REPRESENTATION_CONTEXT ( 3 ) GLOBAL_UNCERTAINTY_ASSIGNED_CONTEXT ( ( #6065 ) ) GLOBAL_UNIT_ASSIGNED_CONTEXT ( ( #6222, #6277, #7023 ) ) REPRESENTATION_CONTEXT ( 'NONE', 'WORKASPACE' ) );
#9706 = FILL_AREA_STYLE_COLOUR ( '', #783 ) ;
#9707 = CARTESIAN_POINT ( 'NONE',  ( -1.750000000000000666, 1.600000000000000533, -11.50000000000000000 ) ) ;
#9708 = SURFACE_STYLE_FILL_AREA ( #2733 ) ;
#9709 = VECTOR ( 'NONE', #4230, 1000.000000000000000 ) ;
#9710 = PRESENTATION_STYLE_ASSIGNMENT (( #7111 ) ) ;
#9711 =( LENGTH_UNIT ( ) NAMED_UNIT ( * ) SI_UNIT ( .MILLI., .METRE. ) );
#9712 =( GEOMETRIC_REPRESENTATION_CONTEXT ( 3 ) GLOBAL_UNCERTAINTY_ASSIGNED_CONTEXT ( ( #9567 ) ) GLOBAL_UNIT_ASSIGNED_CONTEXT ( ( #1601, #9331, #5830 ) ) REPRESENTATION_CONTEXT ( 'NONE', 'WORKASPACE' ) );
#9713 = DIRECTION ( 'NONE',  ( -8.330334836186190947E-15, 1.000000000000000000, 0.000000000000000000 ) ) ;
#9714 = VERTEX_POINT ( 'NONE', #6779 ) ;
#9715 = VECTOR ( 'NONE', #6422, 1000.000000000000000 ) ;
#9716 = ORIENTED_EDGE ( 'NONE', *, *, #3252, .F. ) ;
#9717 = SURFACE_SIDE_STYLE ('',( #10738 ) ) ;
#9718 = ORIENTED_EDGE ( 'NONE', *, *, #8350, .T. ) ;
#9719 = ADVANCED_FACE ( 'NONE', ( #10211 ), #4963, .T. ) ;
#9720 = DIRECTION ( 'NONE',  ( 0.000000000000000000, 0.000000000000000000, 1.000000000000000000 ) ) ;
#9721 = DIRECTION ( 'NONE',  ( 0.000000000000000000, -1.000000000000000000, 0.000000000000000000 ) ) ;
#9722 = PRESENTATION_LAYER_ASSIGNMENT (  '', '', ( #7542 ) ) ;
#9723 = FILL_AREA_STYLE_COLOUR ( '', #4646 ) ;
#9724 = VERTEX_POINT ( 'NONE', #6891 ) ;
#9725 = CARTESIAN_POINT ( 'NONE',  ( 6.500000000000000888, 2.600000000000000089, -4.119999999999994778 ) ) ;
#9726 = LINE ( 'NONE', #1922, #5605 ) ;
#9727 = DIRECTION ( 'NONE',  ( 5.421010862427522170E-17, -0.000000000000000000, 1.000000000000000000 ) ) ;
#9728 = ORIENTED_EDGE ( 'NONE', *, *, #1300, .T. ) ;
#9729 = ORIENTED_EDGE ( 'NONE', *, *, #697, .F. ) ;
#9730 = DIRECTION ( 'NONE',  ( -1.000000000000000000, 0.000000000000000000, 0.000000000000000000 ) ) ;
#9731 = STYLED_ITEM ( 'NONE', ( #4596 ), #7446 ) ;
#9732 = DIRECTION ( 'NONE',  ( -1.000000000000000000, -0.000000000000000000, -0.000000000000000000 ) ) ;
#9733 = ORIENTED_EDGE ( 'NONE', *, *, #1910, .T. ) ;
#9734 = EDGE_CURVE ( 'NONE', #9157, #3815, #4391, .T. ) ;
#9735 = CIRCLE ( 'NONE', #8660, 1.749999999999999778 ) ;
#9736 = CARTESIAN_POINT ( 'NONE',  ( 6.500000000000000000, 2.600000000000000089, 0.9600000000000047384 ) ) ;
#9737 =( LENGTH_UNIT ( ) NAMED_UNIT ( * ) SI_UNIT ( .MILLI., .METRE. ) );
#9738 =( NAMED_UNIT ( * ) SI_UNIT ( $, .STERADIAN. ) SOLID_ANGLE_UNIT ( ) );
#9739 = COLOUR_RGB ( '',1.000000000000000000, 0.9372549019607843146, 0.1372549019607843257 ) ;
#9740 = VECTOR ( 'NONE', #3757, 1000.000000000000000 ) ;
#9741 = SURFACE_STYLE_FILL_AREA ( #2821 ) ;
#9742 = STYLED_ITEM ( 'NONE', ( #9922 ), #10758 ) ;
#9743 = EDGE_CURVE ( 'NONE', #3755, #2151, #10501, .T. ) ;
#9744 = EDGE_CURVE ( 'NONE', #7418, #2291, #1847, .T. ) ;
#9745 = ORIENTED_EDGE ( 'NONE', *, *, #2990, .F. ) ;
#9746 = COLOUR_RGB ( '',0.8313725490196077761, 0.6705882352941175961, 0.1294117647058823373 ) ;
#9747 = COLOUR_RGB ( '',0.8313725490196077761, 0.6705882352941175961, 0.1294117647058823373 ) ;
#9748 = FACE_OUTER_BOUND ( 'NONE', #1135, .T. ) ;
#9749 = FACE_OUTER_BOUND ( 'NONE', #7401, .T. ) ;
#9750 = DIRECTION ( 'NONE',  ( -0.7071067811865506814, 0.000000000000000000, 0.7071067811865443531 ) ) ;
#9751 = DIRECTION ( 'NONE',  ( 0.7071067811865501263, 0.000000000000000000, 0.7071067811865450192 ) ) ;
#9752 =( LENGTH_UNIT ( ) NAMED_UNIT ( * ) SI_UNIT ( .MILLI., .METRE. ) );
#9753 =( NAMED_UNIT ( * ) SI_UNIT ( $, .STERADIAN. ) SOLID_ANGLE_UNIT ( ) );
#9754 = SURFACE_STYLE_FILL_AREA ( #6306 ) ;
#9755 = PRESENTATION_LAYER_ASSIGNMENT (  '', '', ( #1531 ) ) ;
#9756 =( NAMED_UNIT ( * ) SI_UNIT ( $, .STERADIAN. ) SOLID_ANGLE_UNIT ( ) );
#9757 = CARTESIAN_POINT ( 'NONE',  ( -6.499999999999999112, 1.600000000000000089, 2.040000000000001812 ) ) ;
#9758 = EDGE_CURVE ( 'NONE', #3269, #1457, #7781, .T. ) ;
#9759 = ORIENTED_EDGE ( 'NONE', *, *, #4222, .T. ) ;
#9760 = CARTESIAN_POINT ( 'NONE',  ( -2.649999999999995914, 2.100000000000000089, 8.000000000000000000 ) ) ;
#9761 = VECTOR ( 'NONE', #1896, 1000.000000000000000 ) ;
#9762 = VECTOR ( 'NONE', #4744, 1000.000000000000000 ) ;
#9763 = EDGE_CURVE ( 'NONE', #7549, #734, #7537, .T. ) ;
#9764 = ORIENTED_EDGE ( 'NONE', *, *, #5796, .F. ) ;
#9765 = CARTESIAN_POINT ( 'NONE',  ( -7.769999999999999574, -2.399999999999999911, 3.510000000000003340 ) ) ;
#9766 = FILL_AREA_STYLE ('',( #9706 ) ) ;
#9767 = FILL_AREA_STYLE ('',( #6200 ) ) ;
#9768 = EDGE_LOOP ( 'NONE', ( #961, #2576 ) ) ;
#9769 = FILL_AREA_STYLE_COLOUR ( '', #732 ) ;
#9770 = VECTOR ( 'NONE', #4820, 1000.000000000000000 ) ;
#9771 = VECTOR ( 'NONE', #10762, 1000.000000000000114 ) ;
#9772 = FILL_AREA_STYLE ('',( #8066 ) ) ;
#9773 = VERTEX_POINT ( 'NONE', #4341 ) ;
#9774 = VERTEX_POINT ( 'NONE', #8630 ) ;
#9775 = VERTEX_POINT ( 'NONE', #5980 ) ;
#9776 = DIRECTION ( 'NONE',  ( 0.000000000000000000, 0.000000000000000000, 1.000000000000000000 ) ) ;
#9777 = CARTESIAN_POINT ( 'NONE',  ( 6.499999999999999112, 2.600000000000000089, -1.579999999999995408 ) ) ;
#9778 =( NAMED_UNIT ( * ) SI_UNIT ( $, .STERADIAN. ) SOLID_ANGLE_UNIT ( ) );
#9779 = CARTESIAN_POINT ( 'NONE',  ( 2.994689754873803622, 1.600000000000001421, -1.000000000000000444 ) ) ;
#9780 = DIRECTION ( 'NONE',  ( 0.000000000000000000, 0.000000000000000000, 1.000000000000000000 ) ) ;
#9781 = EDGE_LOOP ( 'NONE', ( #2797, #3888 ) ) ;
#9782 = EDGE_CURVE ( 'NONE', #5401, #10114, #120, .T. ) ;
#9783 = ORIENTED_EDGE ( 'NONE', *, *, #8011, .F. ) ;
#9784 = FACE_OUTER_BOUND ( 'NONE', #8589, .T. ) ;
#9785 = LINE ( 'NONE', #7345, #6269 ) ;
#9786 = DIRECTION ( 'NONE',  ( -0.000000000000000000, -0.4383711467890764046, -0.8987940462991675927 ) ) ;
#9787 = CARTESIAN_POINT ( 'NONE',  ( 6.500000000000000000, 2.600000000000000089, 0.9477325885658646198 ) ) ;
#9788 = UNCERTAINTY_MEASURE_WITH_UNIT (LENGTH_MEASURE( 1.000000000000000082E-05 ), #654, 'distance_accuracy_value', 'NONE');
#9789 = ADVANCED_FACE ( 'NONE', ( #176 ), #9527, .F. ) ;
#9790 = EDGE_CURVE ( 'NONE', #7212, #9625, #5117, .T. ) ;
#9791 =( NAMED_UNIT ( * ) PLANE_ANGLE_UNIT ( ) SI_UNIT ( $, .RADIAN. ) );
#9792 = ORIENTED_EDGE ( 'NONE', *, *, #5877, .T. ) ;
#9793 = ORIENTED_EDGE ( 'NONE', *, *, #1409, .F. ) ;
#9794 = DIRECTION ( 'NONE',  ( -0.000000000000000000, -1.000000000000000000, -0.000000000000000000 ) ) ;
#9795 = PRESENTATION_LAYER_ASSIGNMENT (  '', '', ( #7984 ) ) ;
#9796 = VERTEX_POINT ( 'NONE', #6135 ) ;
#9797 = DIRECTION ( 'NONE',  ( -0.000000000000000000, 1.000000000000000000, -0.000000000000000000 ) ) ;
#9798 = EDGE_CURVE ( 'NONE', #7418, #9774, #3400, .T. ) ;
#9799 = STYLED_ITEM ( 'NONE', ( #10511 ), #90 ) ;
#9800 = UNCERTAINTY_MEASURE_WITH_UNIT (LENGTH_MEASURE( 1.000000000000000082E-05 ), #3413, 'distance_accuracy_value', 'NONE');
#9801 = ORIENTED_EDGE ( 'NONE', *, *, #5928, .T. ) ;
#9802 = EDGE_CURVE ( 'NONE', #2381, #6706, #1744, .T. ) ;
#9803 = UNCERTAINTY_MEASURE_WITH_UNIT (LENGTH_MEASURE( 1.000000000000000082E-05 ), #9282, 'distance_accuracy_value', 'NONE');
#9804 = DIRECTION ( 'NONE',  ( 1.000000000000000000, 8.330334836186190947E-15, -0.000000000000000000 ) ) ;
#9805 = CARTESIAN_POINT ( 'NONE',  ( 3.950000000000000178, 1.600000000000000089, 6.000000000000000000 ) ) ;
#9806 = CARTESIAN_POINT ( 'NONE',  ( 9.499999999999996447, 0.000000000000000000, -11.50000000000000000 ) ) ;
#9807 =( LENGTH_UNIT ( ) NAMED_UNIT ( * ) SI_UNIT ( .MILLI., .METRE. ) );
#9809 = ADVANCED_FACE ( 'NONE', ( #8579 ), #240, .F. ) ;
#9808 = ORIENTED_EDGE ( 'NONE', *, *, #6229, .F. ) ;
#9810 = DIRECTION ( 'NONE',  ( 0.000000000000000000, -0.8987940462991681478, -0.4383711467890751279 ) ) ;
#9811 = VERTEX_POINT ( 'NONE', #7158 ) ;
#9812 = PRESENTATION_LAYER_ASSIGNMENT (  '', '', ( #2459 ) ) ;
#9813 = SURFACE_STYLE_FILL_AREA ( #2077 ) ;
#9814 =( NAMED_UNIT ( * ) PLANE_ANGLE_UNIT ( ) SI_UNIT ( $, .RADIAN. ) );
#9815 = ADVANCED_FACE ( 'NONE', ( #2129 ), #8985, .F. ) ;
#9816 = ORIENTED_EDGE ( 'NONE', *, *, #2187, .T. ) ;
#9817 = EDGE_CURVE ( 'NONE', #1356, #2190, #4316, .T. ) ;
#9818 =( NAMED_UNIT ( * ) SI_UNIT ( $, .STERADIAN. ) SOLID_ANGLE_UNIT ( ) );
#9819 = MECHANICAL_DESIGN_GEOMETRIC_PRESENTATION_REPRESENTATION (  '', ( #2119 ), #10546 ) ;
#9820 = ORIENTED_EDGE ( 'NONE', *, *, #7702, .F. ) ;
#9821 = SURFACE_SIDE_STYLE ('',( #478 ) ) ;
#9822 = PRESENTATION_STYLE_ASSIGNMENT (( #8938 ) ) ;
#9823 =( NAMED_UNIT ( * ) SI_UNIT ( $, .STERADIAN. ) SOLID_ANGLE_UNIT ( ) );
#9824 = VECTOR ( 'NONE', #5956, 1000.000000000000000 ) ;
#9825 = EDGE_LOOP ( 'NONE', ( #2718, #5450, #5663, #6495, #584, #7604, #2115, #9080, #321 ) ) ;
#9826 = STYLED_ITEM ( 'NONE', ( #3683 ), #210 ) ;
#9827 = COLOUR_RGB ( '',0.8941176470588234615, 0.9137254901960784048, 0.9294117647058823817 ) ;
#9828 = FACE_OUTER_BOUND ( 'NONE', #9693, .T. ) ;
#9829 = ORIENTED_EDGE ( 'NONE', *, *, #10164, .T. ) ;
#9830 =( NAMED_UNIT ( * ) SI_UNIT ( $, .STERADIAN. ) SOLID_ANGLE_UNIT ( ) );
#9831 = EDGE_CURVE ( 'NONE', #2143, #3813, #414, .T. ) ;
#9832 =( NAMED_UNIT ( * ) SI_UNIT ( $, .STERADIAN. ) SOLID_ANGLE_UNIT ( ) );
#9833 =( LENGTH_UNIT ( ) NAMED_UNIT ( * ) SI_UNIT ( .MILLI., .METRE. ) );
#9834 = CARTESIAN_POINT ( 'NONE',  ( -2.186111111111112226, 2.550000000000002043, -1.000000000000000444 ) ) ;
#9835 = STYLED_ITEM ( 'NONE', ( #7586 ), #841 ) ;
#9836 =( GEOMETRIC_REPRESENTATION_CONTEXT ( 3 ) GLOBAL_UNCERTAINTY_ASSIGNED_CONTEXT ( ( #7531 ) ) GLOBAL_UNIT_ASSIGNED_CONTEXT ( ( #6202, #8994, #6320 ) ) REPRESENTATION_CONTEXT ( 'NONE', 'WORKASPACE' ) );
#9837 = MECHANICAL_DESIGN_GEOMETRIC_PRESENTATION_REPRESENTATION (  '', ( #1951 ), #5680 ) ;
#9838 = CARTESIAN_POINT ( 'NONE',  ( -8.000000000000007105, 0.000000000000000000, -8.000000000000000000 ) ) ;
#9839 = ORIENTED_EDGE ( 'NONE', *, *, #6554, .F. ) ;
#9840 = ORIENTED_EDGE ( 'NONE', *, *, #10009, .T. ) ;
#9841 =( LENGTH_UNIT ( ) NAMED_UNIT ( * ) SI_UNIT ( .MILLI., .METRE. ) );
#9842 = CARTESIAN_POINT ( 'NONE',  ( 1.986111111111112937, 2.450000000000002398, 0.4999999999999995559 ) ) ;
#9843 = ORIENTED_EDGE ( 'NONE', *, *, #6799, .F. ) ;
#9844 = MECHANICAL_DESIGN_GEOMETRIC_PRESENTATION_REPRESENTATION (  '', ( #5693 ), #4425 ) ;
#9845 = VECTOR ( 'NONE', #464, 1000.000000000000000 ) ;
#9846 = CARTESIAN_POINT ( 'NONE',  ( 6.321933147141545639, -7.899999999999999467, -4.298066852858528186 ) ) ;
#9847 = VECTOR ( 'NONE', #8765, 1000.000000000000227 ) ;
#9848 = FILL_AREA_STYLE ('',( #2875 ) ) ;
#9849 = CARTESIAN_POINT ( 'NONE',  ( 6.200000000000052580, -2.399999999999999911, -1.279999999999995586 ) ) ;
#9850 = CARTESIAN_POINT ( 'NONE',  ( 6.499999999999999112, 1.600000000000000089, 4.000000000000002665 ) ) ;
#9851 = VECTOR ( 'NONE', #3845, 1000.000000000000000 ) ;
#9852 = FILL_AREA_STYLE_COLOUR ( '', #3124 ) ;
#9853 = EDGE_LOOP ( 'NONE', ( #7053, #1164, #9718, #724 ) ) ;
#9854 = LINE ( 'NONE', #340, #10761 ) ;
#9855 = ORIENTED_EDGE ( 'NONE', *, *, #7232, .T. ) ;
#9856 = LINE ( 'NONE', #6527, #6585 ) ;
#9857 = LINE ( 'NONE', #5562, #7417 ) ;
#9858 = EDGE_CURVE ( 'NONE', #4330, #213, #7270, .T. ) ;
#9859 =( GEOMETRIC_REPRESENTATION_CONTEXT ( 3 ) GLOBAL_UNCERTAINTY_ASSIGNED_CONTEXT ( ( #6075 ) ) GLOBAL_UNIT_ASSIGNED_CONTEXT ( ( #10287, #4137, #3307 ) ) REPRESENTATION_CONTEXT ( 'NONE', 'WORKASPACE' ) );
#9860 = CARTESIAN_POINT ( 'NONE',  ( 7.469999999999999751, -5.992102448427662154, -5.389999999999996128 ) ) ;
#9861 = FILL_AREA_STYLE_COLOUR ( '', #7371 ) ;
#9862 = PRESENTATION_STYLE_ASSIGNMENT (( #6244 ) ) ;
#9863 = ORIENTED_EDGE ( 'NONE', *, *, #1045, .F. ) ;
#9864 = VECTOR ( 'NONE', #4397, 1000.000000000000000 ) ;
#9865 = VECTOR ( 'NONE', #10488, 1000.000000000000000 ) ;
#9866 = VECTOR ( 'NONE', #3086, 1000.000000000000114 ) ;
#9867 = SURFACE_STYLE_FILL_AREA ( #10724 ) ;
#9868 = DIRECTION ( 'NONE',  ( 0.000000000000000000, 0.000000000000000000, 1.000000000000000000 ) ) ;
#9869 = ORIENTED_EDGE ( 'NONE', *, *, #10364, .T. ) ;
#9870 = MECHANICAL_DESIGN_GEOMETRIC_PRESENTATION_REPRESENTATION (  '', ( #10417 ), #930 ) ;
#9871 = DIRECTION ( 'NONE',  ( -0.000000000000000000, 0.000000000000000000, -1.000000000000000000 ) ) ;
#9872 = FACE_OUTER_BOUND ( 'NONE', #7698, .T. ) ;
#9873 = EDGE_CURVE ( 'NONE', #4794, #6698, #5572, .T. ) ;
#9874 = EDGE_CURVE ( 'NONE', #7674, #8232, #1120, .T. ) ;
#9875 = ORIENTED_EDGE ( 'NONE', *, *, #10550, .T. ) ;
#9876 = PRESENTATION_LAYER_ASSIGNMENT (  '', '', ( #6086 ) ) ;
#9877 = ORIENTED_EDGE ( 'NONE', *, *, #9941, .T. ) ;
#9878 = DIRECTION ( 'NONE',  ( 0.000000000000000000, -0.000000000000000000, -1.000000000000000000 ) ) ;
#9879 = FILL_AREA_STYLE_COLOUR ( '', #7534 ) ;
#9880 = ORIENTED_EDGE ( 'NONE', *, *, #4530, .T. ) ;
#9881 = FACE_OUTER_BOUND ( 'NONE', #9346, .T. ) ;
#9882 = SURFACE_STYLE_USAGE ( .BOTH. , #2093 ) ;
#9883 = SURFACE_STYLE_FILL_AREA ( #3031 ) ;
#9884 = CARTESIAN_POINT ( 'NONE',  ( -2.144689754873802645, 2.450000000000001954, 0.4999999999999995559 ) ) ;
#9885 = CARTESIAN_POINT ( 'NONE',  ( -6.799999999999945643, -2.399999999999999911, -2.240000000000000657 ) ) ;
#9886 = DIRECTION ( 'NONE',  ( 0.000000000000000000, 0.000000000000000000, 1.000000000000000000 ) ) ;
#9887 = EDGE_LOOP ( 'NONE', ( #9049, #5616, #5642, #10100 ) ) ;
#9888 = FILL_AREA_STYLE_COLOUR ( '', #9323 ) ;
#9889 = EDGE_CURVE ( 'NONE', #10161, #6377, #10483, .T. ) ;
#9890 = VERTEX_POINT ( 'NONE', #1047 ) ;
#9891 =( LENGTH_UNIT ( ) NAMED_UNIT ( * ) SI_UNIT ( .MILLI., .METRE. ) );
#9892 = FACE_OUTER_BOUND ( 'NONE', #2925, .T. ) ;
#9893 = ORIENTED_EDGE ( 'NONE', *, *, #10, .T. ) ;
#9894 = FILL_AREA_STYLE_COLOUR ( '', #5338 ) ;
#9895 = COLOUR_RGB ( '',1.000000000000000000, 0.9372549019607843146, 0.1372549019607843257 ) ;
#9896 = FACE_OUTER_BOUND ( 'NONE', #3306, .T. ) ;
#9897 = CARTESIAN_POINT ( 'NONE',  ( -3.031990237815517908, 1.704120873295593253, 1.999999999999999556 ) ) ;
#9898 = UNCERTAINTY_MEASURE_WITH_UNIT (LENGTH_MEASURE( 1.000000000000000082E-05 ), #5782, 'distance_accuracy_value', 'NONE');
#9899 = PRESENTATION_STYLE_ASSIGNMENT (( #3145 ) ) ;
#9900 = ORIENTED_EDGE ( 'NONE', *, *, #10585, .T. ) ;
#9901 = AXIS2_PLACEMENT_3D ( 'NONE', #9302, #1626, #2503 ) ;
#9902 = SURFACE_STYLE_FILL_AREA ( #2939 ) ;
#9903 = ORIENTED_EDGE ( 'NONE', *, *, #3211, .F. ) ;
#9904 = AXIS2_PLACEMENT_3D ( 'NONE', #9375, #909, #8533 ) ;
#9905 = ORIENTED_EDGE ( 'NONE', *, *, #2727, .T. ) ;
#9906 = VERTEX_POINT ( 'NONE', #2707 ) ;
#9907 = SURFACE_STYLE_USAGE ( .BOTH. , #10661 ) ;
#9908 = DIRECTION ( 'NONE',  ( 1.000000000000000000, 0.000000000000000000, 0.000000000000000000 ) ) ;
#9909 = EDGE_LOOP ( 'NONE', ( #4358, #5594, #6641, #6337 ) ) ;
#9910 = UNCERTAINTY_MEASURE_WITH_UNIT (LENGTH_MEASURE( 1.000000000000000082E-05 ), #11049, 'distance_accuracy_value', 'NONE');
#9911 = FILL_AREA_STYLE ('',( #6470 ) ) ;
#9912 = VECTOR ( 'NONE', #5690, 1000.000000000000000 ) ;
#9913 = FILL_AREA_STYLE ('',( #6471 ) ) ;
#9914 = CARTESIAN_POINT ( 'NONE',  ( 6.499999999999999112, 2.600000000000000089, 3.487732588565864766 ) ) ;
#9915 = CARTESIAN_POINT ( 'NONE',  ( -3.231990237815517641, 1.704120873295593253, -2.000000000000000888 ) ) ;
#9916 = ORIENTED_EDGE ( 'NONE', *, *, #3290, .F. ) ;
#9917 = EDGE_CURVE ( 'NONE', #9585, #5995, #1159, .T. ) ;
#9918 = VECTOR ( 'NONE', #3184, 1000.000000000000114 ) ;
#9919 = MECHANICAL_DESIGN_GEOMETRIC_PRESENTATION_REPRESENTATION (  '', ( #2739 ), #433 ) ;
#9920 = STYLED_ITEM ( 'NONE', ( #11002 ), #2661 ) ;
#9921 =( LENGTH_UNIT ( ) NAMED_UNIT ( * ) SI_UNIT ( .MILLI., .METRE. ) );
#9922 = PRESENTATION_STYLE_ASSIGNMENT (( #843 ) ) ;
#9923 = MECHANICAL_DESIGN_GEOMETRIC_PRESENTATION_REPRESENTATION (  '', ( #806 ), #5965 ) ;
#9924 = ORIENTED_EDGE ( 'NONE', *, *, #4304, .F. ) ;
#9925 =( NAMED_UNIT ( * ) SI_UNIT ( $, .STERADIAN. ) SOLID_ANGLE_UNIT ( ) );
#9926 =( GEOMETRIC_REPRESENTATION_CONTEXT ( 3 ) GLOBAL_UNCERTAINTY_ASSIGNED_CONTEXT ( ( #3935 ) ) GLOBAL_UNIT_ASSIGNED_CONTEXT ( ( #6704, #2315, #10004 ) ) REPRESENTATION_CONTEXT ( 'NONE', 'WORKASPACE' ) );
#9927 = ORIENTED_EDGE ( 'NONE', *, *, #4398, .T. ) ;
#9928 = PLANE ( 'NONE',  #9199 ) ;
#9929 = PLANE ( 'NONE',  #6122 ) ;
#9930 = VECTOR ( 'NONE', #4605, 1000.000000000000000 ) ;
#9931 = DIRECTION ( 'NONE',  ( 1.000000000000000000, 8.330334836186190947E-15, -0.000000000000000000 ) ) ;
#9932 = EDGE_LOOP ( 'NONE', ( #7035, #6563, #5559, #1903 ) ) ;
#9933 = PRESENTATION_LAYER_ASSIGNMENT (  '', '', ( #5789 ) ) ;
#9934 = ORIENTED_EDGE ( 'NONE', *, *, #10445, .F. ) ;
#9935 = FILL_AREA_STYLE ('',( #9879 ) ) ;
#9936 = ORIENTED_EDGE ( 'NONE', *, *, #2684, .F. ) ;
#9937 = LINE ( 'NONE', #2918, #3640 ) ;
#9938 = MECHANICAL_DESIGN_GEOMETRIC_PRESENTATION_REPRESENTATION (  '', ( #9226 ), #3108 ) ;
#9939 = EDGE_CURVE ( 'NONE', #1094, #10980, #10422, .T. ) ;
#9940 = DIRECTION ( 'NONE',  ( 0.000000000000000000, 0.000000000000000000, -1.000000000000000000 ) ) ;
#9941 = EDGE_CURVE ( 'NONE', #2520, #5096, #1827, .T. ) ;
#9942 = VECTOR ( 'NONE', #4241, 1000.000000000000000 ) ;
#9943 = CARTESIAN_POINT ( 'NONE',  ( -6.799999999999972289, -7.649999999999995026, 0.2999999999999994893 ) ) ;
#9944 = ADVANCED_FACE ( 'NONE', ( #7818 ), #1782, .F. ) ;
#9945 = EDGE_LOOP ( 'NONE', ( #5539, #1758, #4405, #9525 ) ) ;
#9946 =( GEOMETRIC_REPRESENTATION_CONTEXT ( 3 ) GLOBAL_UNCERTAINTY_ASSIGNED_CONTEXT ( ( #9803 ) ) GLOBAL_UNIT_ASSIGNED_CONTEXT ( ( #9282, #7452, #2309 ) ) REPRESENTATION_CONTEXT ( 'NONE', 'WORKASPACE' ) );
#9947 = DIRECTION ( 'NONE',  ( -1.624124096024324895E-16, -0.4383711467890765157, 0.8987940462991674817 ) ) ;
#9948 = SURFACE_SIDE_STYLE ('',( #5831 ) ) ;
#9949 = PRESENTATION_LAYER_ASSIGNMENT (  '', '', ( #1717 ) ) ;
#9950 = CARTESIAN_POINT ( 'NONE',  ( 7.769999999999998685, 0.000000000000000000, -3.149999999999993694 ) ) ;
#9951 = EDGE_CURVE ( 'NONE', #9357, #10862, #8614, .T. ) ;
#9952 = DIRECTION ( 'NONE',  ( 0.000000000000000000, -0.000000000000000000, -1.000000000000000000 ) ) ;
#9953 = FILL_AREA_STYLE ('',( #2161 ) ) ;
#9954 = CARTESIAN_POINT ( 'NONE',  ( 6.500000000000000888, 2.600000000000000089, -4.132267411434135340 ) ) ;
#9955 = EDGE_CURVE ( 'NONE', #2128, #2378, #9621, .T. ) ;
#9956 = VERTEX_POINT ( 'NONE', #7759 ) ;
#9957 = ORIENTED_EDGE ( 'NONE', *, *, #7139, .F. ) ;
#9958 = ORIENTED_EDGE ( 'NONE', *, *, #5754, .T. ) ;
#9959 =( LENGTH_UNIT ( ) NAMED_UNIT ( * ) SI_UNIT ( .MILLI., .METRE. ) );
#9960 = COLOUR_RGB ( '',0.2980392156862745057, 0.2980392156862745057, 0.2980392156862745057 ) ;
#9961 = PRESENTATION_STYLE_ASSIGNMENT (( #1126 ) ) ;
#9962 = VERTEX_POINT ( 'NONE', #2609 ) ;
#9963 = SURFACE_STYLE_USAGE ( .BOTH. , #566 ) ;
#9964 = CARTESIAN_POINT ( 'NONE',  ( -2.186111111111112226, 2.550000000000002043, -0.5000000000000004441 ) ) ;
#9965 =( NAMED_UNIT ( * ) SI_UNIT ( $, .STERADIAN. ) SOLID_ANGLE_UNIT ( ) );
#9966 = CARTESIAN_POINT ( 'NONE',  ( 5.529999999999995808, -2.399999999999999911, 2.230000000000004867 ) ) ;
#9967 =( GEOMETRIC_REPRESENTATION_CONTEXT ( 3 ) GLOBAL_UNCERTAINTY_ASSIGNED_CONTEXT ( ( #10934 ) ) GLOBAL_UNIT_ASSIGNED_CONTEXT ( ( #16, #10339, #6089 ) ) REPRESENTATION_CONTEXT ( 'NONE', 'WORKASPACE' ) );
#9968 = ORIENTED_EDGE ( 'NONE', *, *, #8649, .F. ) ;
#9969 = FILL_AREA_STYLE_COLOUR ( '', #2329 ) ;
#9970 = PRESENTATION_STYLE_ASSIGNMENT (( #5630 ) ) ;
#9971 = PRESENTATION_STYLE_ASSIGNMENT (( #9200 ) ) ;
#9972 = FILL_AREA_STYLE_COLOUR ( '', #2474 ) ;
#9973 = VERTEX_POINT ( 'NONE', #6064 ) ;
#9974 = LINE ( 'NONE', #6607, #5860 ) ;
#9975 =( NAMED_UNIT ( * ) PLANE_ANGLE_UNIT ( ) SI_UNIT ( $, .RADIAN. ) );
#9976 = PRESENTATION_LAYER_ASSIGNMENT (  '', '', ( #4944 ) ) ;
#9977 =( LENGTH_UNIT ( ) NAMED_UNIT ( * ) SI_UNIT ( .MILLI., .METRE. ) );
#9978 = CARTESIAN_POINT ( 'NONE',  ( -3.231990237815517641, 1.704120873295593253, -2.500000000000000888 ) ) ;
#9979 = ORIENTED_EDGE ( 'NONE', *, *, #3203, .T. ) ;
#9980 = ORIENTED_EDGE ( 'NONE', *, *, #5736, .T. ) ;
#9981 = COLOUR_RGB ( '',0.2980392156862745057, 0.2980392156862745057, 0.2980392156862745057 ) ;
#9982 = FILL_AREA_STYLE_COLOUR ( '', #440 ) ;
#9983 = FACE_OUTER_BOUND ( 'NONE', #4830, .T. ) ;
#9984 = EDGE_LOOP ( 'NONE', ( #1080, #786, #10735, #4018 ) ) ;
#9985 = EDGE_CURVE ( 'NONE', #6192, #311, #4529, .T. ) ;
#9986 = DIRECTION ( 'NONE',  ( 0.000000000000000000, 0.000000000000000000, -1.000000000000000000 ) ) ;
#9987 = EDGE_CURVE ( 'NONE', #10921, #3126, #5153, .T. ) ;
#9988 = FILL_AREA_STYLE ('',( #9165 ) ) ;
#9989 = LINE ( 'NONE', #4028, #8129 ) ;
#9990 = EDGE_LOOP ( 'NONE', ( #5097, #9534, #10432, #1428 ) ) ;
#9991 = COLOUR_RGB ( '',0.8313725490196077761, 0.6705882352941175961, 0.1294117647058823373 ) ;
#9992 = SURFACE_STYLE_USAGE ( .BOTH. , #4760 ) ;
#9993 = ORIENTED_EDGE ( 'NONE', *, *, #8610, .T. ) ;
#9994 = SURFACE_STYLE_FILL_AREA ( #8321 ) ;
#9995 =( NAMED_UNIT ( * ) SI_UNIT ( $, .STERADIAN. ) SOLID_ANGLE_UNIT ( ) );
#9996 = LINE ( 'NONE', #668, #2588 ) ;
#9997 = LINE ( 'NONE', #5886, #7329 ) ;
#9998 = MECHANICAL_DESIGN_GEOMETRIC_PRESENTATION_REPRESENTATION (  '', ( #3352 ), #880 ) ;
#9999 = AXIS2_PLACEMENT_3D ( 'NONE', #6486, #7485, #2407 ) ;
#10000 = VECTOR ( 'NONE', #7331, 1000.000000000000000 ) ;
#10001 = SURFACE_STYLE_FILL_AREA ( #4988 ) ;
#10002 = SURFACE_STYLE_USAGE ( .BOTH. , #10647 ) ;
#10003 = CARTESIAN_POINT ( 'NONE',  ( -5.529999999999998472, -2.399999999999999911, 1.269999999999999352 ) ) ;
#10004 =( NAMED_UNIT ( * ) SI_UNIT ( $, .STERADIAN. ) SOLID_ANGLE_UNIT ( ) );
#10005 = VERTEX_POINT ( 'NONE', #10536 ) ;
#10006 = VERTEX_POINT ( 'NONE', #10314 ) ;
#10007 = AXIS2_PLACEMENT_3D ( 'NONE', #736, #5852, #2827 ) ;
#10008 = VECTOR ( 'NONE', #5622, 1000.000000000000000 ) ;
#10009 = EDGE_CURVE ( 'NONE', #703, #1694, #6013, .T. ) ;
#10010 = VECTOR ( 'NONE', #7017, 1000.000000000000000 ) ;
#10011 = PRESENTATION_STYLE_ASSIGNMENT (( #6584 ) ) ;
#10012 = EDGE_CURVE ( 'NONE', #9087, #369, #10360, .T. ) ;
#10013 = LINE ( 'NONE', #1565, #10088 ) ;
#10014 = DIRECTION ( 'NONE',  ( 0.000000000000000000, 1.000000000000000000, 0.000000000000000000 ) ) ;
#10015 = CARTESIAN_POINT ( 'NONE',  ( -1.212034383954155858, -0.3366762177650429733, 2.000000000000000000 ) ) ;
#10016 = SURFACE_STYLE_FILL_AREA ( #8119 ) ;
#10017 =( LENGTH_UNIT ( ) NAMED_UNIT ( * ) SI_UNIT ( .MILLI., .METRE. ) );
#10018 = VECTOR ( 'NONE', #9010, 1000.000000000000000 ) ;
#10019 = UNCERTAINTY_MEASURE_WITH_UNIT (LENGTH_MEASURE( 1.000000000000000082E-05 ), #7047, 'distance_accuracy_value', 'NONE');
#10020 = STYLED_ITEM ( 'NONE', ( #5218 ), #5387 ) ;
#10021 = CARTESIAN_POINT ( 'NONE',  ( 3.031990237815518796, 1.704120873295593919, 1.999999999999999556 ) ) ;
#10022 = MECHANICAL_DESIGN_GEOMETRIC_PRESENTATION_REPRESENTATION (  '', ( #2311 ), #4411 ) ;
#10023 = CARTESIAN_POINT ( 'NONE',  ( 5.229999999999997762, -2.399999999999999911, -0.6099999999999933253 ) ) ;
#10024 =( NAMED_UNIT ( * ) PLANE_ANGLE_UNIT ( ) SI_UNIT ( $, .RADIAN. ) );
#10025 = EDGE_LOOP ( 'NONE', ( #5721, #1972, #8670, #752 ) ) ;
#10026 = LINE ( 'NONE', #1623, #3048 ) ;
#10027 = STYLED_ITEM ( 'NONE', ( #6346 ), #1341 ) ;
#10028 = VECTOR ( 'NONE', #4152, 1000.000000000000000 ) ;
#10029 = DIRECTION ( 'NONE',  ( -0.7071067811865462405, -0.7071067811865489050, -0.000000000000000000 ) ) ;
#10030 = CARTESIAN_POINT ( 'NONE',  ( 7.770000000000000462, -2.399999999999999911, 4.470000000000006857 ) ) ;
#10031 = DIRECTION ( 'NONE',  ( -1.000000000000000000, 0.000000000000000000, 0.000000000000000000 ) ) ;
#10032 = VERTEX_POINT ( 'NONE', #5220 ) ;
#10033 = UNCERTAINTY_MEASURE_WITH_UNIT (LENGTH_MEASURE( 1.000000000000000082E-05 ), #8609, 'distance_accuracy_value', 'NONE');
#10034 = ORIENTED_EDGE ( 'NONE', *, *, #5647, .T. ) ;
#10035 = CARTESIAN_POINT ( 'NONE',  ( 6.200000000000025935, -2.399999999999999911, 1.260000000000004672 ) ) ;
#10036 = CARTESIAN_POINT ( 'NONE',  ( 6.800000000000052225, -2.399999999999999911, -1.279999999999995586 ) ) ;
#10037 = VECTOR ( 'NONE', #6601, 1000.000000000000000 ) ;
#10038 = SURFACE_STYLE_FILL_AREA ( #3338 ) ;
#10039 = SURFACE_SIDE_STYLE ('',( #8242 ) ) ;
#10040 = PRESENTATION_STYLE_ASSIGNMENT (( #10106 ) ) ;
#10041 = ORIENTED_EDGE ( 'NONE', *, *, #4972, .F. ) ;
#10042 = ORIENTED_EDGE ( 'NONE', *, *, #10915, .F. ) ;
#10043 = ORIENTED_EDGE ( 'NONE', *, *, #7749, .T. ) ;
#10044 = VERTEX_POINT ( 'NONE', #4378 ) ;
#10045 = AXIS2_PLACEMENT_3D ( 'NONE', #8640, #10444, #910 ) ;
#10046 = CARTESIAN_POINT ( 'NONE',  ( 6.500000000000000888, 1.600000000000000089, -4.119999999999994778 ) ) ;
#10047 = DIRECTION ( 'NONE',  ( 0.000000000000000000, 0.000000000000000000, -1.000000000000000000 ) ) ;
#10048 =( NAMED_UNIT ( * ) SI_UNIT ( $, .STERADIAN. ) SOLID_ANGLE_UNIT ( ) );
#10049 = DIRECTION ( 'NONE',  ( 0.000000000000000000, 1.000000000000000000, 0.000000000000000000 ) ) ;
#10050 = CARTESIAN_POINT ( 'NONE',  ( 1.212034383954153416, -0.3366762177650429733, -2.000000000000001776 ) ) ;
#10051 = ORIENTED_EDGE ( 'NONE', *, *, #7131, .T. ) ;
#10052 = MECHANICAL_DESIGN_GEOMETRIC_PRESENTATION_REPRESENTATION (  '', ( #8808 ), #5370 ) ;
#10053 =( NAMED_UNIT ( * ) PLANE_ANGLE_UNIT ( ) SI_UNIT ( $, .RADIAN. ) );
#10054 = EDGE_CURVE ( 'NONE', #3361, #6353, #7300, .T. ) ;
#10055 = ADVANCED_FACE ( 'NONE', ( #10704 ), #4768, .T. ) ;
#10056 = AXIS2_PLACEMENT_3D ( 'NONE', #9261, #3125, #8478 ) ;
#10057 = EDGE_LOOP ( 'NONE', ( #3019, #7554, #5955, #3397, #9344, #6549, #8896, #10241 ) ) ;
#10058 = LINE ( 'NONE', #10125, #5300 ) ;
#10059 =( NAMED_UNIT ( * ) PLANE_ANGLE_UNIT ( ) SI_UNIT ( $, .RADIAN. ) );
#10060 = FACE_OUTER_BOUND ( 'NONE', #1407, .T. ) ;
#10061 =( NAMED_UNIT ( * ) PLANE_ANGLE_UNIT ( ) SI_UNIT ( $, .RADIAN. ) );
#10062 = FACE_OUTER_BOUND ( 'NONE', #2241, .T. ) ;
#10063 =( NAMED_UNIT ( * ) PLANE_ANGLE_UNIT ( ) SI_UNIT ( $, .RADIAN. ) );
#10064 = VERTEX_POINT ( 'NONE', #1338 ) ;
#10065 = DIRECTION ( 'NONE',  ( -0.000000000000000000, 1.000000000000000000, -0.000000000000000000 ) ) ;
#10066 = VERTEX_POINT ( 'NONE', #6457 ) ;
#10067 = ADVANCED_FACE ( 'NONE', ( #1451 ), #7979, .T. ) ;
#10068 = STYLED_ITEM ( 'NONE', ( #1359 ), #7127 ) ;
#10069 = ORIENTED_EDGE ( 'NONE', *, *, #5297, .F. ) ;
#10070 = SURFACE_STYLE_FILL_AREA ( #1614 ) ;
#10071 = VERTEX_POINT ( 'NONE', #4588 ) ;
#10072 = MECHANICAL_DESIGN_GEOMETRIC_PRESENTATION_REPRESENTATION (  '', ( #426 ), #7353 ) ;
#10073 = FILL_AREA_STYLE ('',( #2222 ) ) ;
#10074 = CARTESIAN_POINT ( 'NONE',  ( 3.031990237815518796, 1.704120873295593919, -2.000000000000000888 ) ) ;
#10075 = LINE ( 'NONE', #2391, #5464 ) ;
#10076 = CARTESIAN_POINT ( 'NONE',  ( 2.186111111111113114, 2.550000000000002487, 1.999999999999999556 ) ) ;
#10077 = PRESENTATION_STYLE_ASSIGNMENT (( #2332 ) ) ;
#10078 =( LENGTH_UNIT ( ) NAMED_UNIT ( * ) SI_UNIT ( .MILLI., .METRE. ) );
#10079 = VECTOR ( 'NONE', #2133, 1000.000000000000000 ) ;
#10080 = PRESENTATION_LAYER_ASSIGNMENT (  '', '', ( #1508 ) ) ;
#10081 = ADVANCED_FACE ( 'NONE', ( #7252 ), #5660, .F. ) ;
#10082 = EDGE_CURVE ( 'NONE', #9167, #10576, #10649, .T. ) ;
#10083 = LINE ( 'NONE', #733, #5230 ) ;
#10084 = DIRECTION ( 'NONE',  ( -0.000000000000000000, 0.000000000000000000, -1.000000000000000000 ) ) ;
#10085 = ORIENTED_EDGE ( 'NONE', *, *, #6290, .F. ) ;
#10086 =( GEOMETRIC_REPRESENTATION_CONTEXT ( 3 ) GLOBAL_UNCERTAINTY_ASSIGNED_CONTEXT ( ( #8798 ) ) GLOBAL_UNIT_ASSIGNED_CONTEXT ( ( #10246, #2546, #5960 ) ) REPRESENTATION_CONTEXT ( 'NONE', 'WORKASPACE' ) );
#10087 = DIRECTION ( 'NONE',  ( 0.000000000000000000, 0.000000000000000000, -1.000000000000000000 ) ) ;
#10088 = VECTOR ( 'NONE', #7354, 1000.000000000000000 ) ;
#10089 =( NAMED_UNIT ( * ) SI_UNIT ( $, .STERADIAN. ) SOLID_ANGLE_UNIT ( ) );
#10090 = VECTOR ( 'NONE', #3736, 1000.000000000000000 ) ;
#10091 = SURFACE_STYLE_FILL_AREA ( #7543 ) ;
#10092 = VECTOR ( 'NONE', #10450, 1000.000000000000000 ) ;
#10093 = PRESENTATION_STYLE_ASSIGNMENT (( #8354 ) ) ;
#10094 = EDGE_LOOP ( 'NONE', ( #4773, #6722, #137, #4184 ) ) ;
#10095 = LINE ( 'NONE', #10035, #2824 ) ;
#10096 = EDGE_CURVE ( 'NONE', #8917, #8854, #5500, .T. ) ;
#10097 = FILL_AREA_STYLE ('',( #5863 ) ) ;
#10098 = STYLED_ITEM ( 'NONE', ( #9899 ), #8496 ) ;
#10099 =( LENGTH_UNIT ( ) NAMED_UNIT ( * ) SI_UNIT ( .MILLI., .METRE. ) );
#10100 = ORIENTED_EDGE ( 'NONE', *, *, #6780, .F. ) ;
#10101 =( GEOMETRIC_REPRESENTATION_CONTEXT ( 3 ) GLOBAL_UNCERTAINTY_ASSIGNED_CONTEXT ( ( #9788 ) ) GLOBAL_UNIT_ASSIGNED_CONTEXT ( ( #654, #5924, #9317 ) ) REPRESENTATION_CONTEXT ( 'NONE', 'WORKASPACE' ) );
#10102 = SURFACE_SIDE_STYLE ('',( #695 ) ) ;
#10103 = DIRECTION ( 'NONE',  ( -0.8987940462991674817, -0.4383711467890764601, 0.000000000000000000 ) ) ;
#10104 = EDGE_CURVE ( 'NONE', #4610, #2639, #451, .T. ) ;
#10105 = VECTOR ( 'NONE', #8164, 1000.000000000000000 ) ;
#10106 = SURFACE_STYLE_USAGE ( .BOTH. , #8529 ) ;
#10107 = VERTEX_POINT ( 'NONE', #5945 ) ;
#10108 = AXIS2_PLACEMENT_3D ( 'NONE', #8899, #4325, #7137 ) ;
#10109 = ORIENTED_EDGE ( 'NONE', *, *, #3325, .T. ) ;
#10110 = DIRECTION ( 'NONE',  ( -0.2676438637860947822, 0.9635179096299405499, 0.000000000000000000 ) ) ;
#10111 = PRESENTATION_LAYER_ASSIGNMENT (  '', '', ( #3825 ) ) ;
#10112 = DIRECTION ( 'NONE',  ( 0.000000000000000000, 1.000000000000000000, 0.000000000000000000 ) ) ;
#10113 = DIRECTION ( 'NONE',  ( 0.4014883995042272113, -0.8231732078530423768, -0.4014883995042272113 ) ) ;
#10114 = VERTEX_POINT ( 'NONE', #3318 ) ;
#10115 = DIRECTION ( 'NONE',  ( -1.000000000000000000, -1.084202172485504040E-15, 0.000000000000000000 ) ) ;
#10116 =( GEOMETRIC_REPRESENTATION_CONTEXT ( 3 ) GLOBAL_UNCERTAINTY_ASSIGNED_CONTEXT ( ( #4063 ) ) GLOBAL_UNIT_ASSIGNED_CONTEXT ( ( #2923, #9004, #2098 ) ) REPRESENTATION_CONTEXT ( 'NONE', 'WORKASPACE' ) );
#10117 = PLANE ( 'NONE',  #9227 ) ;
#10118 = LINE ( 'NONE', #2426, #4343 ) ;
#10119 =( GEOMETRIC_REPRESENTATION_CONTEXT ( 3 ) GLOBAL_UNCERTAINTY_ASSIGNED_CONTEXT ( ( #1393 ) ) GLOBAL_UNIT_ASSIGNED_CONTEXT ( ( #2646, #10409, #205 ) ) REPRESENTATION_CONTEXT ( 'NONE', 'WORKASPACE' ) );
#10120 = ORIENTED_EDGE ( 'NONE', *, *, #705, .F. ) ;
#10121 = CARTESIAN_POINT ( 'NONE',  ( 5.529999999999995808, 0.000000000000000000, -0.3099999999999951683 ) ) ;
#10122 = DIRECTION ( 'NONE',  ( 1.000000000000000000, 0.000000000000000000, 0.000000000000000000 ) ) ;
#10123 = VERTEX_POINT ( 'NONE', #9393 ) ;
#10124 = VECTOR ( 'NONE', #3059, 1000.000000000000000 ) ;
#10125 = CARTESIAN_POINT ( 'NONE',  ( 2.649999999999999911, 2.100000000000000089, -4.500000000000003553 ) ) ;
#10126 = DIRECTION ( 'NONE',  ( 0.4014883995042272113, 0.8231732078530423768, -0.4014883995042272113 ) ) ;
#10127 = LINE ( 'NONE', #5658, #8331 ) ;
#10128 = FILL_AREA_STYLE ('',( #2376 ) ) ;
#10130 = ADVANCED_FACE ( 'NONE', ( #10872 ), #6758, .F. ) ;
#10129 = LINE ( 'NONE', #2436, #1671 ) ;
#10131 =( NAMED_UNIT ( * ) PLANE_ANGLE_UNIT ( ) SI_UNIT ( $, .RADIAN. ) );
#10132 = STYLED_ITEM ( 'NONE', ( #497 ), #3144 ) ;
#10133 = ORIENTED_EDGE ( 'NONE', *, *, #9415, .T. ) ;
#10134 = ORIENTED_EDGE ( 'NONE', *, *, #3131, .F. ) ;
#10135 = STYLED_ITEM ( 'NONE', ( #3261 ), #9281 ) ;
#10136 = VERTEX_POINT ( 'NONE', #8329 ) ;
#10137 = ORIENTED_EDGE ( 'NONE', *, *, #4530, .F. ) ;
#10138 = SURFACE_STYLE_FILL_AREA ( #779 ) ;
#10139 = DIRECTION ( 'NONE',  ( 0.000000000000000000, -1.000000000000000000, 0.000000000000000000 ) ) ;
#10140 = DIRECTION ( 'NONE',  ( -0.2676438637860944492, 0.9635179096299406609, 0.000000000000000000 ) ) ;
#10141 = DIRECTION ( 'NONE',  ( 0.000000000000000000, -1.000000000000000000, 0.000000000000000000 ) ) ;
#10142 = EDGE_CURVE ( 'NONE', #3459, #9159, #5890, .T. ) ;
#10143 = UNCERTAINTY_MEASURE_WITH_UNIT (LENGTH_MEASURE( 1.000000000000000082E-05 ), #9580, 'distance_accuracy_value', 'NONE');
#10144 = CARTESIAN_POINT ( 'NONE',  ( 11.49999999999999645, 0.000000000000000000, 11.50000000000000000 ) ) ;
#10145 = VECTOR ( 'NONE', #2885, 1000.000000000000000 ) ;
#10146 = ORIENTED_EDGE ( 'NONE', *, *, #6781, .F. ) ;
#10147 = DIRECTION ( 'NONE',  ( -0.000000000000000000, 1.000000000000000000, -0.000000000000000000 ) ) ;
#10148 = MECHANICAL_DESIGN_GEOMETRIC_PRESENTATION_REPRESENTATION (  '', ( #8161 ), #2782 ) ;
#10149 = EDGE_CURVE ( 'NONE', #4618, #4419, #9232, .T. ) ;
#10150 = SURFACE_STYLE_FILL_AREA ( #5683 ) ;
#10151 = EDGE_CURVE ( 'NONE', #4445, #8838, #10129, .T. ) ;
#10152 = UNCERTAINTY_MEASURE_WITH_UNIT (LENGTH_MEASURE( 1.000000000000000082E-05 ), #472, 'distance_accuracy_value', 'NONE');
#10153 = ORIENTED_EDGE ( 'NONE', *, *, #6056, .T. ) ;
#10154 = MECHANICAL_DESIGN_GEOMETRIC_PRESENTATION_REPRESENTATION (  '', ( #4752 ), #11051 ) ;
#10155 = CARTESIAN_POINT ( 'NONE',  ( -1.212034383954155858, -0.3366762177650429733, 0.9999999999999991118 ) ) ;
#10156 = ORIENTED_EDGE ( 'NONE', *, *, #8169, .F. ) ;
#10157 = SURFACE_STYLE_USAGE ( .BOTH. , #10102 ) ;
#10158 = FILL_AREA_STYLE ('',( #10680 ) ) ;
#10159 = SURFACE_SIDE_STYLE ('',( #6677 ) ) ;
#10160 = ORIENTED_EDGE ( 'NONE', *, *, #4612, .T. ) ;
#10161 = VERTEX_POINT ( 'NONE', #8263 ) ;
#10162 = ADVANCED_FACE ( 'NONE', ( #5780 ), #4203, .F. ) ;
#10163 = DIRECTION ( 'NONE',  ( 0.000000000000000000, 1.000000000000000000, 0.000000000000000000 ) ) ;
#10164 = EDGE_CURVE ( 'NONE', #3070, #5996, #6104, .T. ) ;
#10165 = ORIENTED_EDGE ( 'NONE', *, *, #8840, .T. ) ;
#10166 = LINE ( 'NONE', #7390, #746 ) ;
#10167 = SURFACE_SIDE_STYLE ('',( #4294 ) ) ;
#10168 = FILL_AREA_STYLE ('',( #6746 ) ) ;
#10169 = CARTESIAN_POINT ( 'NONE',  ( -5.229999999999998650, -2.399999999999999911, 0.9700000000000020828 ) ) ;
#10170 = ORIENTED_EDGE ( 'NONE', *, *, #6912, .T. ) ;
#10171 = FILL_AREA_STYLE ('',( #1598 ) ) ;
#10172 = VECTOR ( 'NONE', #6307, 1000.000000000000000 ) ;
#10173 = ORIENTED_EDGE ( 'NONE', *, *, #10631, .F. ) ;
#10174 = LINE ( 'NONE', #6753, #3781 ) ;
#10175 = EDGE_CURVE ( 'NONE', #2139, #8205, #3657, .T. ) ;
#10176 = ORIENTED_EDGE ( 'NONE', *, *, #7325, .F. ) ;
#10177 = DIRECTION ( 'NONE',  ( 0.000000000000000000, 0.000000000000000000, 1.000000000000000000 ) ) ;
#10178 = DIRECTION ( 'NONE',  ( 0.7071067811865500152, 0.000000000000000000, 0.7071067811865450192 ) ) ;
#10179 = MECHANICAL_DESIGN_GEOMETRIC_PRESENTATION_REPRESENTATION (  '', ( #8562 ), #5491 ) ;
#10180 =( GEOMETRIC_REPRESENTATION_CONTEXT ( 3 ) GLOBAL_UNCERTAINTY_ASSIGNED_CONTEXT ( ( #1532 ) ) GLOBAL_UNIT_ASSIGNED_CONTEXT ( ( #1196, #3022, #5581 ) ) REPRESENTATION_CONTEXT ( 'NONE', 'WORKASPACE' ) );
#10181 = SURFACE_STYLE_USAGE ( .BOTH. , #4204 ) ;
#10182 = EDGE_LOOP ( 'NONE', ( #2050, #261, #6693, #6756 ) ) ;
#10183 = PRESENTATION_STYLE_ASSIGNMENT (( #10922 ) ) ;
#10184 = EDGE_LOOP ( 'NONE', ( #8906, #7959, #4229, #9089 ) ) ;
#10185 = EDGE_LOOP ( 'NONE', ( #8764, #7777, #5490, #4922 ) ) ;
#10186 = DIRECTION ( 'NONE',  ( -1.084202172485504040E-15, 1.000000000000000000, 0.000000000000000000 ) ) ;
#10187 = VECTOR ( 'NONE', #9628, 1000.000000000000000 ) ;
#10188 = VECTOR ( 'NONE', #9204, 1000.000000000000000 ) ;
#10189 = SURFACE_SIDE_STYLE ('',( #10138 ) ) ;
#10190 =( GEOMETRIC_REPRESENTATION_CONTEXT ( 3 ) GLOBAL_UNCERTAINTY_ASSIGNED_CONTEXT ( ( #5973 ) ) GLOBAL_UNIT_ASSIGNED_CONTEXT ( ( #9154, #6736, #2351 ) ) REPRESENTATION_CONTEXT ( 'NONE', 'WORKASPACE' ) );
#10191 = STYLED_ITEM ( 'NONE', ( #6837 ), #3887 ) ;
#10192 = SURFACE_STYLE_FILL_AREA ( #8454 ) ;
#10193 =( NAMED_UNIT ( * ) SI_UNIT ( $, .STERADIAN. ) SOLID_ANGLE_UNIT ( ) );
#10194 = DIRECTION ( 'NONE',  ( 0.000000000000000000, 0.000000000000000000, 1.000000000000000000 ) ) ;
#10195 = FILL_AREA_STYLE ('',( #6768 ) ) ;
#10196 = VECTOR ( 'NONE', #6541, 1000.000000000000000 ) ;
#10197 = COLOUR_RGB ( '',0.8941176470588234615, 0.9137254901960784048, 0.9294117647058823817 ) ;
#10198 = ORIENTED_EDGE ( 'NONE', *, *, #4827, .T. ) ;
#10199 = CARTESIAN_POINT ( 'NONE',  ( 7.769999999999999574, -2.399999999999999911, -0.009999999999998291506 ) ) ;
#10200 = EDGE_CURVE ( 'NONE', #10627, #7557, #5143, .T. ) ;
#10201 = EDGE_CURVE ( 'NONE', #2630, #5634, #9608, .T. ) ;
#10202 = FILL_AREA_STYLE ('',( #3390 ) ) ;
#10203 = VECTOR ( 'NONE', #1329, 1000.000000000000000 ) ;
#10204 = VECTOR ( 'NONE', #6236, 1000.000000000000000 ) ;
#10205 = VECTOR ( 'NONE', #1983, 1000.000000000000000 ) ;
#10206 = CARTESIAN_POINT ( 'NONE',  ( -3.949999999999998845, 2.100000000000000089, 6.000000000000000000 ) ) ;
#10207 = VERTEX_POINT ( 'NONE', #990 ) ;
#10208 = CARTESIAN_POINT ( 'NONE',  ( -11.49999999999999645, 1.600000000000000089, 9.500000000000005329 ) ) ;
#10209 = CONICAL_SURFACE ( 'NONE', #386, 0.01226741143414006308, 0.4537856055185231496 ) ;
#10210 = MECHANICAL_DESIGN_GEOMETRIC_PRESENTATION_REPRESENTATION (  '', ( #3041 ), #7148 ) ;
#10211 = FACE_OUTER_BOUND ( 'NONE', #2165, .T. ) ;
#10212 = ADVANCED_FACE ( 'NONE', ( #1923 ), #1711, .F. ) ;
#10213 = SURFACE_STYLE_FILL_AREA ( #7437 ) ;
#10214 = LINE ( 'NONE', #2358, #4503 ) ;
#10215 = LINE ( 'NONE', #4867, #1988 ) ;
#10216 = EDGE_LOOP ( 'NONE', ( #10638, #4130, #3130, #7220 ) ) ;
#10217 = VECTOR ( 'NONE', #10916, 1000.000000000000000 ) ;
#10218 = ORIENTED_EDGE ( 'NONE', *, *, #5463, .T. ) ;
#10219 =( NAMED_UNIT ( * ) PLANE_ANGLE_UNIT ( ) SI_UNIT ( $, .RADIAN. ) );
#10220 = FILL_AREA_STYLE_COLOUR ( '', #3512 ) ;
#10221 = EDGE_CURVE ( 'NONE', #2510, #6706, #4676, .T. ) ;
#10223 = EDGE_CURVE ( 'NONE', #7212, #10923, #2644, .T. ) ;
#10222 =( LENGTH_UNIT ( ) NAMED_UNIT ( * ) SI_UNIT ( .MILLI., .METRE. ) );
#10224 = ORIENTED_EDGE ( 'NONE', *, *, #1991, .T. ) ;
#10225 =( NAMED_UNIT ( * ) SI_UNIT ( $, .STERADIAN. ) SOLID_ANGLE_UNIT ( ) );
#10226 = VECTOR ( 'NONE', #8308, 1000.000000000000000 ) ;
#10227 =( GEOMETRIC_REPRESENTATION_CONTEXT ( 3 ) GLOBAL_UNCERTAINTY_ASSIGNED_CONTEXT ( ( #10361 ) ) GLOBAL_UNIT_ASSIGNED_CONTEXT ( ( #4116, #4906, #3280 ) ) REPRESENTATION_CONTEXT ( 'NONE', 'WORKASPACE' ) );
#10228 = VERTEX_POINT ( 'NONE', #6001 ) ;
#10229 = DIRECTION ( 'NONE',  ( 0.000000000000000000, 1.000000000000000000, 0.000000000000000000 ) ) ;
#10230 = SURFACE_SIDE_STYLE ('',( #6797 ) ) ;
#10231 = ORIENTED_EDGE ( 'NONE', *, *, #9917, .T. ) ;
#10232 = DIRECTION ( 'NONE',  ( 0.000000000000000000, -0.000000000000000000, 1.000000000000000000 ) ) ;
#10233 = DIRECTION ( 'NONE',  ( -1.000000000000000000, -1.084202172485504040E-15, 0.000000000000000000 ) ) ;
#10234 = FILL_AREA_STYLE ('',( #5944 ) ) ;
#10235 = FILL_AREA_STYLE_COLOUR ( '', #435 ) ;
#10236 = STYLED_ITEM ( 'NONE', ( #4935 ), #6254 ) ;
#10238 = EDGE_CURVE ( 'NONE', #3558, #7212, #9445, .T. ) ;
#10237 = DIRECTION ( 'NONE',  ( -0.000000000000000000, -0.000000000000000000, -1.000000000000000000 ) ) ;
#10239 = ORIENTED_EDGE ( 'NONE', *, *, #3424, .F. ) ;
#10240 = VECTOR ( 'NONE', #5867, 1000.000000000000000 ) ;
#10241 = ORIENTED_EDGE ( 'NONE', *, *, #5510, .T. ) ;
#10242 = EDGE_LOOP ( 'NONE', ( #821, #3078, #810, #4735 ) ) ;
#10243 = ORIENTED_EDGE ( 'NONE', *, *, #129, .F. ) ;
#10244 = CARTESIAN_POINT ( 'NONE',  ( 7.470000000000001528, -2.399999999999999911, 4.770000000000004903 ) ) ;
#10245 = PRESENTATION_STYLE_ASSIGNMENT (( #5148 ) ) ;
#10246 =( LENGTH_UNIT ( ) NAMED_UNIT ( * ) SI_UNIT ( .MILLI., .METRE. ) );
#10247 = LINE ( 'NONE', #1667, #6587 ) ;
#10248 = LINE ( 'NONE', #5793, #7314 ) ;
#10249 = CARTESIAN_POINT ( 'NONE',  ( 3.949999999999997957, 2.100000000000000089, -4.500000000000005329 ) ) ;
#10250 = UNCERTAINTY_MEASURE_WITH_UNIT (LENGTH_MEASURE( 1.000000000000000082E-05 ), #9400, 'distance_accuracy_value', 'NONE');
#10251 = CARTESIAN_POINT ( 'NONE',  ( -3.231990237815517641, 1.600000000000000755, 0.4999999999999995559 ) ) ;
#10252 = COLOUR_RGB ( '',1.000000000000000000, 0.9372549019607843146, 0.1372549019607843257 ) ;
#10253 = ORIENTED_EDGE ( 'NONE', *, *, #5725, .F. ) ;
#10254 = COLOUR_RGB ( '',0.8941176470588234615, 0.9137254901960784048, 0.9294117647058823817 ) ;
#10255 = DIRECTION ( 'NONE',  ( 0.000000000000000000, -1.000000000000000000, 0.000000000000000000 ) ) ;
#10256 = LINE ( 'NONE', #9303, #1342 ) ;
#10257 = DIRECTION ( 'NONE',  ( -1.000000000000000000, 0.000000000000000000, 0.000000000000000000 ) ) ;
#10258 = UNCERTAINTY_MEASURE_WITH_UNIT (LENGTH_MEASURE( 1.000000000000000082E-05 ), #4745, 'distance_accuracy_value', 'NONE');
#10259 = ORIENTED_EDGE ( 'NONE', *, *, #4625, .F. ) ;
#10260 = DIRECTION ( 'NONE',  ( 0.7071067811865484609, -0.7071067811865466846, 0.000000000000000000 ) ) ;
#10261 = AXIS2_PLACEMENT_3D ( 'NONE', #5436, #8358, #6550 ) ;
#10262 = DIRECTION ( 'NONE',  ( 0.000000000000000000, -0.000000000000000000, 1.000000000000000000 ) ) ;
#10263 =( NAMED_UNIT ( * ) SI_UNIT ( $, .STERADIAN. ) SOLID_ANGLE_UNIT ( ) );
#10264 = SURFACE_STYLE_USAGE ( .BOTH. , #10437 ) ;
#10265 = ADVANCED_FACE ( 'NONE', ( #93 ), #3485, .F. ) ;
#10266 = VERTEX_POINT ( 'NONE', #1417 ) ;
#10267 = STYLED_ITEM ( 'NONE', ( #10712 ), #8264 ) ;
#10268 = AXIS2_PLACEMENT_3D ( 'NONE', #3958, #8405, #8230 ) ;
#10269 = SURFACE_SIDE_STYLE ('',( #10438 ) ) ;
#10270 = VECTOR ( 'NONE', #9602, 1000.000000000000000 ) ;
#10271 = SURFACE_SIDE_STYLE ('',( #6939 ) ) ;
#10272 = STYLED_ITEM ( 'NONE', ( #5636 ), #10309 ) ;
#10273 = ORIENTED_EDGE ( 'NONE', *, *, #2069, .F. ) ;
#10274 = PRESENTATION_LAYER_ASSIGNMENT (  '', '', ( #5795 ) ) ;
#10275 = CARTESIAN_POINT ( 'NONE',  ( -2.186111111111112226, 2.550000000000002043, 2.499999999999999556 ) ) ;
#10276 = FILL_AREA_STYLE_COLOUR ( '', #7928 ) ;
#10277 = FILL_AREA_STYLE_COLOUR ( '', #2382 ) ;
#10278 = LINE ( 'NONE', #7787, #9864 ) ;
#10279 = VECTOR ( 'NONE', #9003, 1000.000000000000000 ) ;
#10280 = EDGE_LOOP ( 'NONE', ( #4006, #4404, #8295, #1831 ) ) ;
#10281 = PLANE ( 'NONE',  #2126 ) ;
#10282 =( NAMED_UNIT ( * ) PLANE_ANGLE_UNIT ( ) SI_UNIT ( $, .RADIAN. ) );
#10283 = EDGE_CURVE ( 'NONE', #1251, #6279, #2288, .T. ) ;
#10284 = SURFACE_STYLE_USAGE ( .BOTH. , #2740 ) ;
#10285 = AXIS2_PLACEMENT_3D ( 'NONE', #204, #6162, #7855 ) ;
#10286 = VERTEX_POINT ( 'NONE', #1205 ) ;
#10287 =( LENGTH_UNIT ( ) NAMED_UNIT ( * ) SI_UNIT ( .MILLI., .METRE. ) );
#10288 =( NAMED_UNIT ( * ) PLANE_ANGLE_UNIT ( ) SI_UNIT ( $, .RADIAN. ) );
#10289 = VECTOR ( 'NONE', #1218, 1000.000000000000000 ) ;
#10290 = STYLED_ITEM ( 'NONE', ( #7611 ), #7802 ) ;
#10291 = DIRECTION ( 'NONE',  ( 4.336808689942017736E-16, -0.000000000000000000, 1.000000000000000000 ) ) ;
#10292 = FILL_AREA_STYLE_COLOUR ( '', #10252 ) ;
#10293 = ADVANCED_FACE ( 'NONE', ( #7328 ), #1146, .F. ) ;
#10294 = FACE_BOUND ( 'NONE', #6442, .T. ) ;
#10295 = EDGE_CURVE ( 'NONE', #6018, #9090, #9670, .T. ) ;
#10296 = AXIS2_PLACEMENT_3D ( 'NONE', #9669, #5368, #8832 ) ;
#10297 = CARTESIAN_POINT ( 'NONE',  ( 1.986111111111112937, 2.550000000000002487, -1.000000000000000444 ) ) ;
#10298 = VERTEX_POINT ( 'NONE', #7967 ) ;
#10299 = SURFACE_STYLE_FILL_AREA ( #10234 ) ;
#10300 = MECHANICAL_DESIGN_GEOMETRIC_PRESENTATION_REPRESENTATION (  '', ( #2578 ), #80 ) ;
#10301 = DIRECTION ( 'NONE',  ( 0.000000000000000000, 0.000000000000000000, 1.000000000000000000 ) ) ;
#10302 = PRESENTATION_STYLE_ASSIGNMENT (( #2805 ) ) ;
#10303 = ORIENTED_EDGE ( 'NONE', *, *, #10315, .T. ) ;
#10304 = FILL_AREA_STYLE ('',( #4994 ) ) ;
#10305 = AXIS2_PLACEMENT_3D ( 'NONE', #1262, #4639, #7179 ) ;
#10306 = DIRECTION ( 'NONE',  ( 0.000000000000000000, 0.000000000000000000, 1.000000000000000000 ) ) ;
#10307 = ORIENTED_EDGE ( 'NONE', *, *, #383, .F. ) ;
#10308 =( NAMED_UNIT ( * ) SI_UNIT ( $, .STERADIAN. ) SOLID_ANGLE_UNIT ( ) );
#10309 = ADVANCED_FACE ( 'NONE', ( #1535 ), #9928, .F. ) ;
#10310 = EDGE_CURVE ( 'NONE', #9183, #9962, #2508, .T. ) ;
#10311 = CARTESIAN_POINT ( 'NONE',  ( 6.500000000000000000, 2.600000000000000089, 0.9722674114341447460 ) ) ;
#10312 = CARTESIAN_POINT ( 'NONE',  ( 5.786460993491001403, -6.802119386311709093, 2.786460993491007176 ) ) ;
#10313 = SURFACE_STYLE_USAGE ( .BOTH. , #9620 ) ;
#10314 = CARTESIAN_POINT ( 'NONE',  ( -3.231990237815517641, 1.600000000000000089, 0.9999999999999995559 ) ) ;
#10315 = EDGE_CURVE ( 'NONE', #6264, #1945, #9476, .T. ) ;
#10316 = CARTESIAN_POINT ( 'NONE',  ( 6.800000000000052225, -7.649999999999998579, -1.879999999999995453 ) ) ;
#10317 = ORIENTED_EDGE ( 'NONE', *, *, #1649, .F. ) ;
#10318 = ORIENTED_EDGE ( 'NONE', *, *, #1767, .F. ) ;
#10319 = VECTOR ( 'NONE', #5744, 1000.000000000000000 ) ;
#10320 =( LENGTH_UNIT ( ) NAMED_UNIT ( * ) SI_UNIT ( .MILLI., .METRE. ) );
#10321 = CARTESIAN_POINT ( 'NONE',  ( 3.031990237815518796, 1.704120873295593919, -0.5000000000000004441 ) ) ;
#10322 = PRESENTATION_LAYER_ASSIGNMENT (  '', '', ( #7782 ) ) ;
#10323 =( LENGTH_UNIT ( ) NAMED_UNIT ( * ) SI_UNIT ( .MILLI., .METRE. ) );
#10324 = PRESENTATION_STYLE_ASSIGNMENT (( #170 ) ) ;
#10325 = PRESENTATION_STYLE_ASSIGNMENT (( #6024 ) ) ;
#10326 = DIRECTION ( 'NONE',  ( 0.000000000000000000, 1.000000000000000000, 0.000000000000000000 ) ) ;
#10327 = DIRECTION ( 'NONE',  ( -0.8987940462991674817, 0.4383711467890764601, 0.000000000000000000 ) ) ;
#10328 = FILL_AREA_STYLE_COLOUR ( '', #3276 ) ;
#10329 = ORIENTED_EDGE ( 'NONE', *, *, #1765, .T. ) ;
#10330 =( NAMED_UNIT ( * ) PLANE_ANGLE_UNIT ( ) SI_UNIT ( $, .RADIAN. ) );
#10331 = STYLED_ITEM ( 'NONE', ( #6638 ), #9299 ) ;
#10332 = CARTESIAN_POINT ( 'NONE',  ( 6.200000000000000178, -2.399999999999999911, 3.800000000000004707 ) ) ;
#10333 =( NAMED_UNIT ( * ) SI_UNIT ( $, .STERADIAN. ) SOLID_ANGLE_UNIT ( ) );
#10334 = ORIENTED_EDGE ( 'NONE', *, *, #4711, .F. ) ;
#10335 = DIRECTION ( 'NONE',  ( 0.000000000000000000, 0.000000000000000000, 1.000000000000000000 ) ) ;
#10336 =( NAMED_UNIT ( * ) PLANE_ANGLE_UNIT ( ) SI_UNIT ( $, .RADIAN. ) );
#10337 = SURFACE_STYLE_USAGE ( .BOTH. , #2628 ) ;
#10338 = ORIENTED_EDGE ( 'NONE', *, *, #6401, .T. ) ;
#10339 =( NAMED_UNIT ( * ) PLANE_ANGLE_UNIT ( ) SI_UNIT ( $, .RADIAN. ) );
#10340 = ORIENTED_EDGE ( 'NONE', *, *, #7071, .T. ) ;
#10341 = DIRECTION ( 'NONE',  ( -0.7071067811865463515, 0.7071067811865487940, 0.000000000000000000 ) ) ;
#10342 = FACE_OUTER_BOUND ( 'NONE', #1906, .T. ) ;
#10343 = SURFACE_STYLE_FILL_AREA ( #1074 ) ;
#10344 = FACE_OUTER_BOUND ( 'NONE', #97, .T. ) ;
#10345 =( NAMED_UNIT ( * ) SI_UNIT ( $, .STERADIAN. ) SOLID_ANGLE_UNIT ( ) );
#10346 = LINE ( 'NONE', #919, #7504 ) ;
#10347 = ORIENTED_EDGE ( 'NONE', *, *, #8987, .T. ) ;
#10348 = ADVANCED_FACE ( 'NONE', ( #1682 ), #744, .F. ) ;
#10349 = EDGE_CURVE ( 'NONE', #1127, #9956, #7653, .T. ) ;
#10350 = DIRECTION ( 'NONE',  ( -0.000000000000000000, -0.000000000000000000, -1.000000000000000000 ) ) ;
#10351 = DIRECTION ( 'NONE',  ( -0.4014883995042270448, -0.8231732078530425989, -0.4014883995042270448 ) ) ;
#10352 = CARTESIAN_POINT ( 'NONE',  ( 3.949999999999997957, 2.100000000000000089, -6.500000000000005329 ) ) ;
#10353 = ORIENTED_EDGE ( 'NONE', *, *, #6477, .T. ) ;
#10354 = DIRECTION ( 'NONE',  ( 0.000000000000000000, 0.000000000000000000, 1.000000000000000000 ) ) ;
#10355 = VERTEX_POINT ( 'NONE', #2457 ) ;
#10356 = DIRECTION ( 'NONE',  ( -1.000000000000000000, 0.000000000000000000, 0.000000000000000000 ) ) ;
#10357 =( NAMED_UNIT ( * ) SI_UNIT ( $, .STERADIAN. ) SOLID_ANGLE_UNIT ( ) );
#10358 = VECTOR ( 'NONE', #10589, 1000.000000000000000 ) ;
#10359 = CARTESIAN_POINT ( 'NONE',  ( -7.769999999999999574, -2.399999999999999911, -0.9700000000000029710 ) ) ;
#10360 = LINE ( 'NONE', #2660, #6667 ) ;
#10361 = UNCERTAINTY_MEASURE_WITH_UNIT (LENGTH_MEASURE( 1.000000000000000082E-05 ), #4116, 'distance_accuracy_value', 'NONE');
#10362 = CARTESIAN_POINT ( 'NONE',  ( 3.231990237815518530, 1.704120873295594141, 1.999999999999999556 ) ) ;
#10363 = EDGE_CURVE ( 'NONE', #302, #213, #8292, .T. ) ;
#10364 = EDGE_CURVE ( 'NONE', #8603, #3361, #852, .T. ) ;
#10365 = ORIENTED_EDGE ( 'NONE', *, *, #4216, .F. ) ;
#10366 = PRESENTATION_LAYER_ASSIGNMENT (  '', '', ( #5677 ) ) ;
#10367 = VECTOR ( 'NONE', #10341, 999.9999999999998863 ) ;
#10369 =( LENGTH_UNIT ( ) NAMED_UNIT ( * ) SI_UNIT ( .MILLI., .METRE. ) );
#10368 = CARTESIAN_POINT ( 'NONE',  ( 2.186111111111113114, 2.550000000000002487, 1.999999999999999556 ) ) ;
#10370 = DIRECTION ( 'NONE',  ( -1.000000000000000000, 0.000000000000000000, -0.000000000000000000 ) ) ;
#10371 = CARTESIAN_POINT ( 'NONE',  ( 6.800000000000025580, -7.899999999999999467, 1.260000000000004672 ) ) ;
#10372 = PRESENTATION_STYLE_ASSIGNMENT (( #2774 ) ) ;
#10373 = CARTESIAN_POINT ( 'NONE',  ( 6.500000000000000888, 2.600000000000000089, -4.119999999999994778 ) ) ;
#10374 = UNCERTAINTY_MEASURE_WITH_UNIT (LENGTH_MEASURE( 1.000000000000000082E-05 ), #10875, 'distance_accuracy_value', 'NONE');
#10375 = ORIENTED_EDGE ( 'NONE', *, *, #7029, .T. ) ;
#10376 = DIRECTION ( 'NONE',  ( -5.421010862427522170E-17, 0.000000000000000000, -1.000000000000000000 ) ) ;
#10377 = AXIS2_PLACEMENT_3D ( 'NONE', #1664, #5842, #9290 ) ;
#10378 = UNCERTAINTY_MEASURE_WITH_UNIT (LENGTH_MEASURE( 1.000000000000000082E-05 ), #6059, 'distance_accuracy_value', 'NONE');
#10379 = STYLED_ITEM ( 'NONE', ( #3231 ), #4753 ) ;
#10380 = PRESENTATION_STYLE_ASSIGNMENT (( #1231 ) ) ;
#10381 = SURFACE_STYLE_FILL_AREA ( #2779 ) ;
#10382 =( NAMED_UNIT ( * ) SI_UNIT ( $, .STERADIAN. ) SOLID_ANGLE_UNIT ( ) );
#10383 = EDGE_CURVE ( 'NONE', #984, #7269, #9421, .T. ) ;
#10384 = DIRECTION ( 'NONE',  ( -0.000000000000000000, 1.000000000000000000, -0.000000000000000000 ) ) ;
#10385 = VECTOR ( 'NONE', #3730, 1000.000000000000000 ) ;
#10386 = ORIENTED_EDGE ( 'NONE', *, *, #4989, .T. ) ;
#10387 = COLOUR_RGB ( '',0.8941176470588234615, 0.9137254901960784048, 0.9294117647058823817 ) ;
#10388 = CARTESIAN_POINT ( 'NONE',  ( 5.229999999999997762, 0.000000000000000000, -0.009999999999997424144 ) ) ;
#10389 = LINE ( 'NONE', #1122, #3308 ) ;
#10390 = SURFACE_SIDE_STYLE ('',( #2788 ) ) ;
#10391 = FILL_AREA_STYLE ('',( #10277 ) ) ;
#10392 = DIRECTION ( 'NONE',  ( 0.000000000000000000, 0.000000000000000000, 1.000000000000000000 ) ) ;
#10393 = EDGE_LOOP ( 'NONE', ( #2046, #7735, #9900, #9855 ) ) ;
#10394 = FILL_AREA_STYLE_COLOUR ( '', #7465 ) ;
#10395 = DIRECTION ( 'NONE',  ( -0.000000000000000000, 1.000000000000000000, -0.000000000000000000 ) ) ;
#10396 = STYLED_ITEM ( 'NONE', ( #10618 ), #4656 ) ;
#10397 = CARTESIAN_POINT ( 'NONE',  ( 0.000000000000000000, 0.000000000000000000, 0.4999999999999995559 ) ) ;
#10398 = FILL_AREA_STYLE ('',( #6953 ) ) ;
#10399 = ORIENTED_EDGE ( 'NONE', *, *, #9951, .F. ) ;
#10400 = ORIENTED_EDGE ( 'NONE', *, *, #1195, .T. ) ;
#10401 = VECTOR ( 'NONE', #5089, 1000.000000000000000 ) ;
#10402 = VECTOR ( 'NONE', #3583, 1000.000000000000000 ) ;
#10403 = FILL_AREA_STYLE ('',( #1140 ) ) ;
#10404 = DIRECTION ( 'NONE',  ( 1.000000000000000000, -0.000000000000000000, -0.000000000000000000 ) ) ;
#10405 = EDGE_LOOP ( 'NONE', ( #4441, #801, #872, #2140 ) ) ;
#10406 = LINE ( 'NONE', #5999, #1636 ) ;
#10407 = LINE ( 'NONE', #6103, #2842 ) ;
#10408 = SURFACE_SIDE_STYLE ('',( #5203 ) ) ;
#10409 =( NAMED_UNIT ( * ) PLANE_ANGLE_UNIT ( ) SI_UNIT ( $, .RADIAN. ) );
#10410 = ORIENTED_EDGE ( 'NONE', *, *, #5154, .T. ) ;
#10411 = EDGE_CURVE ( 'NONE', #3028, #10066, #4606, .T. ) ;
#10412 = VECTOR ( 'NONE', #8403, 1000.000000000000000 ) ;
#10413 = PRESENTATION_STYLE_ASSIGNMENT (( #9559 ) ) ;
#10414 = ORIENTED_EDGE ( 'NONE', *, *, #2582, .F. ) ;
#10415 = DIRECTION ( 'NONE',  ( 0.000000000000000000, 1.000000000000000000, 0.000000000000000000 ) ) ;
#10416 = CYLINDRICAL_SURFACE ( 'NONE', #2253, 1.749999999999999778 ) ;
#10417 = STYLED_ITEM ( 'NONE', ( #9961 ), #1866 ) ;
#10418 = AXIS2_PLACEMENT_3D ( 'NONE', #11073, #5255, #5888 ) ;
#10419 = FILL_AREA_STYLE_COLOUR ( '', #7926 ) ;
#10420 = SURFACE_SIDE_STYLE ('',( #10534 ) ) ;
#10421 = DIRECTION ( 'NONE',  ( 4.470936793754646013E-16, 0.000000000000000000, 1.000000000000000000 ) ) ;
#10422 = LINE ( 'NONE', #3550, #4855 ) ;
#10423 =( NAMED_UNIT ( * ) SI_UNIT ( $, .STERADIAN. ) SOLID_ANGLE_UNIT ( ) );
#10424 = ADVANCED_FACE ( 'NONE', ( #4439 ), #8865, .F. ) ;
#10425 = VERTEX_POINT ( 'NONE', #5343 ) ;
#10426 = VECTOR ( 'NONE', #3513, 1000.000000000000000 ) ;
#10428 = FILL_AREA_STYLE ('',( #4382 ) ) ;
#10427 = CARTESIAN_POINT ( 'NONE',  ( 0.000000000000000000, -2.399999999999999911, 0.000000000000000000 ) ) ;
#10429 = LINE ( 'NONE', #7410, #10554 ) ;
#10430 = CARTESIAN_POINT ( 'NONE',  ( 6.200000000000078337, -7.899999999999999467, -3.941933147141462257 ) ) ;
#10431 = PLANE ( 'NONE',  #6239 ) ;
#10432 = ORIENTED_EDGE ( 'NONE', *, *, #4528, .T. ) ;
#10433 = EDGE_CURVE ( 'NONE', #4669, #1658, #9735, .T. ) ;
#10434 = CARTESIAN_POINT ( 'NONE',  ( 1.986111111111112937, 2.450000000000002398, 1.999999999999999556 ) ) ;
#10435 = VECTOR ( 'NONE', #138, 1000.000000000000000 ) ;
#10436 = SURFACE_STYLE_FILL_AREA ( #6190 ) ;
#10437 = SURFACE_SIDE_STYLE ('',( #10381 ) ) ;
#10438 = SURFACE_STYLE_FILL_AREA ( #1955 ) ;
#10439 = VECTOR ( 'NONE', #10552, 1000.000000000000000 ) ;
#10440 = ORIENTED_EDGE ( 'NONE', *, *, #3712, .F. ) ;
#10441 = DIRECTION ( 'NONE',  ( -0.7071067811865463515, 0.7071067811865487940, 0.000000000000000000 ) ) ;
#10442 = CARTESIAN_POINT ( 'NONE',  ( -2.186111111111112226, 2.550000000000002043, 1.999999999999999556 ) ) ;
#10443 = PLANE ( 'NONE',  #5959 ) ;
#10444 = DIRECTION ( 'NONE',  ( 0.000000000000000000, 0.000000000000000000, -1.000000000000000000 ) ) ;
#10445 = EDGE_CURVE ( 'NONE', #8854, #8542, #2778, .T. ) ;
#10446 = LINE ( 'NONE', #7061, #1599 ) ;
#10447 = VERTEX_POINT ( 'NONE', #1114 ) ;
#10448 = SURFACE_STYLE_FILL_AREA ( #6900 ) ;
#10449 = STYLED_ITEM ( 'NONE', ( #3745 ), #8031 ) ;
#10450 = DIRECTION ( 'NONE',  ( -0.000000000000000000, 1.000000000000000000, -0.000000000000000000 ) ) ;
#10451 = EDGE_CURVE ( 'NONE', #2542, #6336, #9634, .T. ) ;
#10452 = VECTOR ( 'NONE', #7703, 1000.000000000000114 ) ;
#10453 = PRESENTATION_LAYER_ASSIGNMENT (  '', '', ( #8097 ) ) ;
#10454 = PRESENTATION_LAYER_ASSIGNMENT (  '', '', ( #2899 ) ) ;
#10455 = SURFACE_STYLE_USAGE ( .BOTH. , #9493 ) ;
#10456 = PRESENTATION_STYLE_ASSIGNMENT (( #5299 ) ) ;
#10457 = ORIENTED_EDGE ( 'NONE', *, *, #3695, .T. ) ;
#10458 = CARTESIAN_POINT ( 'NONE',  ( 2.144689754873803533, 2.450000000000002398, -2.500000000000000888 ) ) ;
#10459 = CARTESIAN_POINT ( 'NONE',  ( 6.499999999999999112, 1.600000000000000089, -2.079999999999993854 ) ) ;
#10460 = VECTOR ( 'NONE', #7093, 1000.000000000000114 ) ;
#10461 = ORIENTED_EDGE ( 'NONE', *, *, #10777, .T. ) ;
#10462 = LINE ( 'NONE', #2747, #964 ) ;
#10463 = FILL_AREA_STYLE ('',( #2800 ) ) ;
#10464 = ORIENTED_EDGE ( 'NONE', *, *, #1921, .T. ) ;
#10465 =( GEOMETRIC_REPRESENTATION_CONTEXT ( 3 ) GLOBAL_UNCERTAINTY_ASSIGNED_CONTEXT ( ( #7094 ) ) GLOBAL_UNIT_ASSIGNED_CONTEXT ( ( #7899, #7172, #8017 ) ) REPRESENTATION_CONTEXT ( 'NONE', 'WORKASPACE' ) );
#10466 = AXIS2_PLACEMENT_3D ( 'NONE', #1628, #798, #8524 ) ;
#10467 = LINE ( 'NONE', #7015, #9508 ) ;
#10468 = ORIENTED_EDGE ( 'NONE', *, *, #7165, .T. ) ;
#10469 = LINE ( 'NONE', #9392, #10565 ) ;
#10470 = VECTOR ( 'NONE', #8122, 1000.000000000000114 ) ;
#10471 = STYLED_ITEM ( 'NONE', ( #6172 ), #2060 ) ;
#10472 = DIRECTION ( 'NONE',  ( -0.000000000000000000, 1.000000000000000000, -0.000000000000000000 ) ) ;
#10473 = DIRECTION ( 'NONE',  ( 0.000000000000000000, -1.000000000000000000, 0.000000000000000000 ) ) ;
#10474 = PLANE ( 'NONE',  #1353 ) ;
#10475 = ORIENTED_EDGE ( 'NONE', *, *, #9123, .F. ) ;
#10476 = VECTOR ( 'NONE', #5272, 1000.000000000000000 ) ;
#10477 = STYLED_ITEM ( 'NONE', ( #7719 ), #7951 ) ;
#10478 = VECTOR ( 'NONE', #9037, 1000.000000000000114 ) ;
#10479 = FILL_AREA_STYLE_COLOUR ( '', #8216 ) ;
#10480 = DIRECTION ( 'NONE',  ( -0.000000000000000000, 1.000000000000000000, -0.000000000000000000 ) ) ;
#10482 = LINE ( 'NONE', #3547, #4876 ) ;
#10481 = SURFACE_STYLE_FILL_AREA ( #6924 ) ;
#10483 = LINE ( 'NONE', #6230, #9014 ) ;
#10484 = UNCERTAINTY_MEASURE_WITH_UNIT (LENGTH_MEASURE( 1.000000000000000082E-05 ), #3080, 'distance_accuracy_value', 'NONE');
#10485 = CARTESIAN_POINT ( 'NONE',  ( -8.000000000000007105, 1.600000000000000089, -8.000000000000000000 ) ) ;
#10486 = CARTESIAN_POINT ( 'NONE',  ( -2.994689754873801846, 1.600000000000000755, 0.4999999999999995559 ) ) ;
#10487 = COLOUR_RGB ( '',0.8941176470588234615, 0.9137254901960784048, 0.9294117647058823817 ) ;
#10488 = DIRECTION ( 'NONE',  ( 0.000000000000000000, 0.000000000000000000, 1.000000000000000000 ) ) ;
#10489 = PLANE ( 'NONE',  #7830 ) ;
#10490 = PRESENTATION_LAYER_ASSIGNMENT (  '', '', ( #7398 ) ) ;
#10491 = CARTESIAN_POINT ( 'NONE',  ( 6.200000000000025935, -2.399999999999999911, 1.260000000000004672 ) ) ;
#10492 = EDGE_CURVE ( 'NONE', #6253, #3664, #3625, .T. ) ;
#10493 = CARTESIAN_POINT ( 'NONE',  ( -5.529999999999998472, -2.399999999999999911, -1.270000000000000684 ) ) ;
#10494 = EDGE_CURVE ( 'NONE', #5360, #1694, #5461, .T. ) ;
#10495 = UNCERTAINTY_MEASURE_WITH_UNIT (LENGTH_MEASURE( 1.000000000000000082E-05 ), #7406, 'distance_accuracy_value', 'NONE');
#10496 = EDGE_LOOP ( 'NONE', ( #9905, #9968, #5536, #2912 ) ) ;
#10497 = UNCERTAINTY_MEASURE_WITH_UNIT (LENGTH_MEASURE( 1.000000000000000082E-05 ), #9807, 'distance_accuracy_value', 'NONE');
#10498 = LINE ( 'NONE', #3624, #10844 ) ;
#10499 = CARTESIAN_POINT ( 'NONE',  ( -2.501432664756447100, 0.6948424068767902195, 0.5000000000000004441 ) ) ;
#10500 = EDGE_LOOP ( 'NONE', ( #4362, #9075, #1445, #9728 ) ) ;
#10501 = LINE ( 'NONE', #10332, #419 ) ;
#10502 = SURFACE_STYLE_FILL_AREA ( #3104 ) ;
#10503 = SURFACE_STYLE_FILL_AREA ( #5984 ) ;
#10504 = FILL_AREA_STYLE ('',( #6943 ) ) ;
#10505 = ORIENTED_EDGE ( 'NONE', *, *, #2007, .F. ) ;
#10506 = PLANE ( 'NONE',  #9108 ) ;
#10507 = ORIENTED_EDGE ( 'NONE', *, *, #4775, .T. ) ;
#10508 = DIRECTION ( 'NONE',  ( -0.000000000000000000, -0.4383711467890764046, -0.8987940462991675927 ) ) ;
#10509 = STYLED_ITEM ( 'NONE', ( #1989 ), #9311 ) ;
#10510 = CARTESIAN_POINT ( 'NONE',  ( -7.469999999999999751, -2.399999999999999911, 3.809999999999999609 ) ) ;
#10511 = PRESENTATION_STYLE_ASSIGNMENT (( #133 ) ) ;
#10512 = LINE ( 'NONE', #7893, #9942 ) ;
#10513 = FILL_AREA_STYLE_COLOUR ( '', #7687 ) ;
#10514 = EDGE_CURVE ( 'NONE', #10032, #9544, #7045, .T. ) ;
#10515 = FACE_OUTER_BOUND ( 'NONE', #5815, .T. ) ;
#10516 = ADVANCED_FACE ( 'NONE', ( #7098 ), #10602, .F. ) ;
#10517 = EDGE_LOOP ( 'NONE', ( #11019, #7585, #8820, #7459, #8822, #6483, #3016, #7227 ) ) ;
#10518 = ORIENTED_EDGE ( 'NONE', *, *, #5107, .T. ) ;
#10519 =( NAMED_UNIT ( * ) PLANE_ANGLE_UNIT ( ) SI_UNIT ( $, .RADIAN. ) );
#10520 = DIRECTION ( 'NONE',  ( 0.7071067811865471286, -0.7071067811865479058, 0.000000000000000000 ) ) ;
#10521 = FACE_BOUND ( 'NONE', #8551, .T. ) ;
#10522 = CARTESIAN_POINT ( 'NONE',  ( 6.799999999999999822, -2.399999999999999911, 3.800000000000004707 ) ) ;
#10523 = LINE ( 'NONE', #7075, #8248 ) ;
#10524 = ORIENTED_EDGE ( 'NONE', *, *, #6088, .T. ) ;
#10525 = SURFACE_STYLE_USAGE ( .BOTH. , #6384 ) ;
#10526 = FILL_AREA_STYLE ('',( #5311 ) ) ;
#10527 = SURFACE_SIDE_STYLE ('',( #7077 ) ) ;
#10528 = ORIENTED_EDGE ( 'NONE', *, *, #10717, .F. ) ;
#10529 = AXIS2_PLACEMENT_3D ( 'NONE', #10854, #6500, #8371 ) ;
#10530 = LINE ( 'NONE', #2870, #7312 ) ;
#10531 = DIRECTION ( 'NONE',  ( -0.8987940462991674817, -0.4383711467890764601, 0.000000000000000000 ) ) ;
#10532 = LINE ( 'NONE', #10700, #1885 ) ;
#10533 = FACE_OUTER_BOUND ( 'NONE', #9265, .T. ) ;
#10534 = SURFACE_STYLE_FILL_AREA ( #7696 ) ;
#10535 = SURFACE_STYLE_USAGE ( .BOTH. , #2877 ) ;
#10536 = CARTESIAN_POINT ( 'NONE',  ( 2.000000000000000000, 2.500000000000001332, 0.4999999999999970024 ) ) ;
#10537 = FILL_AREA_STYLE_COLOUR ( '', #9739 ) ;
#10538 = VERTEX_POINT ( 'NONE', #9806 ) ;
#10539 = CARTESIAN_POINT ( 'NONE',  ( -6.799999999999972289, -7.899999999999999467, 0.1780668528585326593 ) ) ;
#10540 = SURFACE_STYLE_USAGE ( .BOTH. , #289 ) ;
#10541 = LINE ( 'NONE', #4597, #670 ) ;
#10542 = CARTESIAN_POINT ( 'NONE',  ( -3.231990237815517641, 1.704120873295593253, -2.000000000000000888 ) ) ;
#10543 = ORIENTED_EDGE ( 'NONE', *, *, #6643, .T. ) ;
#10544 = CARTESIAN_POINT ( 'NONE',  ( 7.769999999999998685, -5.992102448427662154, -3.149999999999993694 ) ) ;
#10545 = CARTESIAN_POINT ( 'NONE',  ( 2.649999999999999911, 1.600000000000000089, 8.000000000000000000 ) ) ;
#10546 =( GEOMETRIC_REPRESENTATION_CONTEXT ( 3 ) GLOBAL_UNCERTAINTY_ASSIGNED_CONTEXT ( ( #6885 ) ) GLOBAL_UNIT_ASSIGNED_CONTEXT ( ( #2477, #1701, #1427 ) ) REPRESENTATION_CONTEXT ( 'NONE', 'WORKASPACE' ) );
#10547 =( GEOMETRIC_REPRESENTATION_CONTEXT ( 3 ) GLOBAL_UNCERTAINTY_ASSIGNED_CONTEXT ( ( #3856 ) ) GLOBAL_UNIT_ASSIGNED_CONTEXT ( ( #7835, #2081, #5419 ) ) REPRESENTATION_CONTEXT ( 'NONE', 'WORKASPACE' ) );
#10548 = PRODUCT_DEFINITION ( 'UNKNOWN', '', #8104, #2950 ) ;
#10549 = ORIENTED_EDGE ( 'NONE', *, *, #10696, .F. ) ;
#10550 = EDGE_CURVE ( 'NONE', #11043, #8041, #8980, .T. ) ;
#10551 =( NAMED_UNIT ( * ) SI_UNIT ( $, .STERADIAN. ) SOLID_ANGLE_UNIT ( ) );
#10552 = DIRECTION ( 'NONE',  ( -0.000000000000000000, 1.000000000000000000, -0.000000000000000000 ) ) ;
#10553 = CARTESIAN_POINT ( 'NONE',  ( -3.231990237815517641, 1.704120873295593253, 0.9999999999999995559 ) ) ;
#10554 = VECTOR ( 'NONE', #8393, 1000.000000000000114 ) ;
#10555 = STYLED_ITEM ( 'NONE', ( #10325 ), #4949 ) ;
#10556 = PRESENTATION_STYLE_ASSIGNMENT (( #7108 ) ) ;
#10557 = VECTOR ( 'NONE', #5865, 1000.000000000000000 ) ;
#10558 = MECHANICAL_DESIGN_GEOMETRIC_PRESENTATION_REPRESENTATION (  '', ( #6044 ), #1242 ) ;
#10559 = DIRECTION ( 'NONE',  ( -1.000000000000000000, -0.000000000000000000, -0.000000000000000000 ) ) ;
#10560 = ORIENTED_EDGE ( 'NONE', *, *, #6363, .F. ) ;
#10561 = ORIENTED_EDGE ( 'NONE', *, *, #7007, .F. ) ;
#10562 = PLANE ( 'NONE',  #646 ) ;
#10563 = PLANE ( 'NONE',  #7408 ) ;
#10564 = MECHANICAL_DESIGN_GEOMETRIC_PRESENTATION_REPRESENTATION (  '', ( #11090 ), #7659 ) ;
#10565 = VECTOR ( 'NONE', #10351, 1000.000000000000114 ) ;
#10566 = ORIENTED_EDGE ( 'NONE', *, *, #9475, .F. ) ;
#10567 = ORIENTED_EDGE ( 'NONE', *, *, #4166, .T. ) ;
#10568 = LINE ( 'NONE', #6207, #1821 ) ;
#10569 = FILL_AREA_STYLE_COLOUR ( '', #5583 ) ;
#10570 = ORIENTED_EDGE ( 'NONE', *, *, #3879, .F. ) ;
#10571 = DIRECTION ( 'NONE',  ( -1.334402673828315410E-15, 0.000000000000000000, -1.000000000000000000 ) ) ;
#10572 = EDGE_CURVE ( 'NONE', #6493, #4669, #4003, .T. ) ;
#10573 = AXIS2_PLACEMENT_3D ( 'NONE', #7063, #10508, #5352 ) ;
#10574 = EDGE_CURVE ( 'NONE', #2305, #9023, #1293, .T. ) ;
#10575 = FILL_AREA_STYLE ('',( #644 ) ) ;
#10576 = VERTEX_POINT ( 'NONE', #7316 ) ;
#10577 = VERTEX_POINT ( 'NONE', #2225 ) ;
#10578 = FILL_AREA_STYLE ('',( #7809 ) ) ;
#10579 = CARTESIAN_POINT ( 'NONE',  ( -6.199999999999972644, -2.399999999999999911, -0.3000000000000003775 ) ) ;
#10580 = CARTESIAN_POINT ( 'NONE',  ( 2.232091690544412366, 3.335530085959885760, -2.500000000000000444 ) ) ;
#10581 = DIRECTION ( 'NONE',  ( 0.000000000000000000, -0.000000000000000000, 1.000000000000000000 ) ) ;
#10582 = CARTESIAN_POINT ( 'NONE',  ( 7.470000000000000639, -2.399999999999999911, 2.230000000000004867 ) ) ;
#10583 = DIRECTION ( 'NONE',  ( 0.000000000000000000, -0.000000000000000000, 1.000000000000000000 ) ) ;
#10584 = FILL_AREA_STYLE_COLOUR ( '', #2655 ) ;
#10585 = EDGE_CURVE ( 'NONE', #6559, #2221, #7209, .T. ) ;
#10586 =( LENGTH_UNIT ( ) NAMED_UNIT ( * ) SI_UNIT ( .MILLI., .METRE. ) );
#10587 = UNCERTAINTY_MEASURE_WITH_UNIT (LENGTH_MEASURE( 1.000000000000000082E-05 ), #5252, 'distance_accuracy_value', 'NONE');
#10588 = PRESENTATION_LAYER_ASSIGNMENT (  '', '', ( #2511 ) ) ;
#10589 = DIRECTION ( 'NONE',  ( 0.000000000000000000, 0.000000000000000000, 1.000000000000000000 ) ) ;
#10590 = ADVANCED_FACE ( 'NONE', ( #10666 ), #7264, .T. ) ;
#10591 = STYLED_ITEM ( 'NONE', ( #6624 ), #9546 ) ;
#10592 = ORIENTED_EDGE ( 'NONE', *, *, #6898, .F. ) ;
#10593 = VERTEX_POINT ( 'NONE', #4840 ) ;
#10594 = VECTOR ( 'NONE', #8763, 1000.000000000000000 ) ;
#10595 = PRESENTATION_STYLE_ASSIGNMENT (( #10540 ) ) ;
#10596 = SURFACE_STYLE_FILL_AREA ( #8044 ) ;
#10597 = UNCERTAINTY_MEASURE_WITH_UNIT (LENGTH_MEASURE( 1.000000000000000082E-05 ), #8505, 'distance_accuracy_value', 'NONE');
#10598 = DIRECTION ( 'NONE',  ( 0.000000000000000000, 0.000000000000000000, 1.000000000000000000 ) ) ;
#10599 = UNCERTAINTY_MEASURE_WITH_UNIT (LENGTH_MEASURE( 1.000000000000000082E-05 ), #5053, 'distance_accuracy_value', 'NONE');
#10600 = SURFACE_STYLE_FILL_AREA ( #7151 ) ;
#10601 = DIRECTION ( 'NONE',  ( 0.7071067811865441310, 0.000000000000000000, 0.7071067811865510144 ) ) ;
#10602 = PLANE ( 'NONE',  #266 ) ;
#10603 = CARTESIAN_POINT ( 'NONE',  ( -11.49999999999999645, 0.000000000000000000, 11.50000000000000533 ) ) ;
#10604 = VECTOR ( 'NONE', #4000, 1000.000000000000000 ) ;
#10605 = ORIENTED_EDGE ( 'NONE', *, *, #10781, .T. ) ;
#10606 =( LENGTH_UNIT ( ) NAMED_UNIT ( * ) SI_UNIT ( .MILLI., .METRE. ) );
#10607 = ORIENTED_EDGE ( 'NONE', *, *, #10717, .T. ) ;
#10608 = CARTESIAN_POINT ( 'NONE',  ( -3.949999999999998845, 2.100000000000000089, -6.500000000000004441 ) ) ;
#10609 = ORIENTED_EDGE ( 'NONE', *, *, #5167, .F. ) ;
#10610 = LINE ( 'NONE', #2843, #7736 ) ;
#10611 = DIRECTION ( 'NONE',  ( 0.7071067811865465735, 0.000000000000000000, 0.7071067811865485719 ) ) ;
#10612 = PRESENTATION_LAYER_ASSIGNMENT (  '', '', ( #2531 ) ) ;
#10613 =( LENGTH_UNIT ( ) NAMED_UNIT ( * ) SI_UNIT ( .MILLI., .METRE. ) );
#10614 = DIRECTION ( 'NONE',  ( 0.2676438637860944492, 0.9635179096299407719, 0.000000000000000000 ) ) ;
#10615 = SURFACE_STYLE_FILL_AREA ( #2964 ) ;
#10616 = EDGE_CURVE ( 'NONE', #10071, #9714, #1468, .T. ) ;
#10617 = ORIENTED_EDGE ( 'NONE', *, *, #3077, .F. ) ;
#10618 = PRESENTATION_STYLE_ASSIGNMENT (( #10730 ) ) ;
#10619 = CARTESIAN_POINT ( 'NONE',  ( 7.470000000000000639, -2.399999999999999911, -0.3099999999999951683 ) ) ;
#10620 = SURFACE_STYLE_FILL_AREA ( #6374 ) ;
#10621 = COLOUR_RGB ( '',0.2980392156862745057, 0.2980392156862745057, 0.2980392156862745057 ) ;
#10622 = SURFACE_STYLE_USAGE ( .BOTH. , #6376 ) ;
#10623 = ORIENTED_EDGE ( 'NONE', *, *, #8236, .T. ) ;
#10624 =( GEOMETRIC_REPRESENTATION_CONTEXT ( 3 ) GLOBAL_UNCERTAINTY_ASSIGNED_CONTEXT ( ( #6413 ) ) GLOBAL_UNIT_ASSIGNED_CONTEXT ( ( #2987, #6400, #9071 ) ) REPRESENTATION_CONTEXT ( 'NONE', 'WORKASPACE' ) );
#10625 = EDGE_LOOP ( 'NONE', ( #5456, #4540, #3365, #2586 ) ) ;
#10626 = DIRECTION ( 'NONE',  ( 0.7071067811865471286, -0.7071067811865479058, 0.000000000000000000 ) ) ;
#10627 = VERTEX_POINT ( 'NONE', #1352 ) ;
#10628 = CARTESIAN_POINT ( 'NONE',  ( 7.470000000000000639, 0.000000000000000000, -0.3099999999999942801 ) ) ;
#10629 = FILL_AREA_STYLE ('',( #7176 ) ) ;
#10630 = AXIS2_PLACEMENT_3D ( 'NONE', #9362, #10943, #5013 ) ;
#10631 = EDGE_CURVE ( 'NONE', #8968, #7072, #6594, .T. ) ;
#10632 = VECTOR ( 'NONE', #5229, 1000.000000000000000 ) ;
#10633 = SURFACE_SIDE_STYLE ('',( #9666 ) ) ;
#10634 = DIRECTION ( 'NONE',  ( -0.7071067811865462405, -0.7071067811865489050, -0.000000000000000000 ) ) ;
#10635 = AXIS2_PLACEMENT_3D ( 'NONE', #8436, #4036, #9334 ) ;
#10636 = COLOUR_RGB ( '',1.000000000000000000, 0.9372549019607843146, 0.1372549019607843257 ) ;
#10637 = DIRECTION ( 'NONE',  ( -1.000000000000000000, -1.084202172485504040E-15, 0.000000000000000000 ) ) ;
#10638 = ORIENTED_EDGE ( 'NONE', *, *, #4148, .F. ) ;
#10639 = VERTEX_POINT ( 'NONE', #517 ) ;
#10640 = DIRECTION ( 'NONE',  ( 0.000000000000000000, 0.000000000000000000, 1.000000000000000000 ) ) ;
#10641 = ADVANCED_FACE ( 'NONE', ( #3894 ), #3060, .T. ) ;
#10642 = EDGE_CURVE ( 'NONE', #64, #7231, #6653, .T. ) ;
#10643 = VECTOR ( 'NONE', #1061, 1000.000000000000000 ) ;
#10644 = CARTESIAN_POINT ( 'NONE',  ( -6.321933147141412412, -7.899999999999999467, 0.000000000000000000 ) ) ;
#10645 = VECTOR ( 'NONE', #10395, 1000.000000000000000 ) ;
#10646 = PRESENTATION_STYLE_ASSIGNMENT (( #2110 ) ) ;
#10647 = SURFACE_SIDE_STYLE ('',( #8201 ) ) ;
#10648 = STYLED_ITEM ( 'NONE', ( #3503 ), #8438 ) ;
#10649 = LINE ( 'NONE', #9787, #61 ) ;
#10650 = VECTOR ( 'NONE', #1254, 1000.000000000000114 ) ;
#10651 = FACE_BOUND ( 'NONE', #708, .T. ) ;
#10652 = CIRCLE ( 'NONE', #7038, 1.749999999999999778 ) ;
#10653 = ORIENTED_EDGE ( 'NONE', *, *, #9006, .F. ) ;
#10654 = EDGE_CURVE ( 'NONE', #2554, #10577, #10083, .T. ) ;
#10656 = DIRECTION ( 'NONE',  ( 0.7071067811865470176, -0.7071067811865479058, 0.000000000000000000 ) ) ;
#10655 = LINE ( 'NONE', #2944, #5330 ) ;
#10657 = EDGE_CURVE ( 'NONE', #3113, #1201, #3383, .T. ) ;
#10658 = ORIENTED_EDGE ( 'NONE', *, *, #9451, .F. ) ;
#10659 = DIRECTION ( 'NONE',  ( 0.000000000000000000, -1.000000000000000000, 0.000000000000000000 ) ) ;
#10660 = FILL_AREA_STYLE ('',( #7930 ) ) ;
#10661 = SURFACE_SIDE_STYLE ('',( #10596 ) ) ;
#10662 = VERTEX_POINT ( 'NONE', #10316 ) ;
#10663 = CARTESIAN_POINT ( 'NONE',  ( -3.231990237815517641, 1.600000000000000755, 1.999999999999999556 ) ) ;
#10664 = SURFACE_SIDE_STYLE ('',( #10600 ) ) ;
#10665 = DIRECTION ( 'NONE',  ( -0.000000000000000000, -0.000000000000000000, 1.000000000000000000 ) ) ;
#10666 = FACE_OUTER_BOUND ( 'NONE', #600, .T. ) ;
#10667 = VECTOR ( 'NONE', #11065, 1000.000000000000000 ) ;
#10668 = VERTEX_POINT ( 'NONE', #4215 ) ;
#10669 =( LENGTH_UNIT ( ) NAMED_UNIT ( * ) SI_UNIT ( .MILLI., .METRE. ) );
#10670 = ORIENTED_EDGE ( 'NONE', *, *, #697, .T. ) ;
#10671 =( NAMED_UNIT ( * ) PLANE_ANGLE_UNIT ( ) SI_UNIT ( $, .RADIAN. ) );
#10672 =( GEOMETRIC_REPRESENTATION_CONTEXT ( 3 ) GLOBAL_UNCERTAINTY_ASSIGNED_CONTEXT ( ( #1403 ) ) GLOBAL_UNIT_ASSIGNED_CONTEXT ( ( #3163, #5565, #6593 ) ) REPRESENTATION_CONTEXT ( 'NONE', 'WORKASPACE' ) );
#10673 = EDGE_CURVE ( 'NONE', #5858, #3070, #4113, .T. ) ;
#10674 = VECTOR ( 'NONE', #3469, 1000.000000000000000 ) ;
#10675 =( GEOMETRIC_REPRESENTATION_CONTEXT ( 3 ) GLOBAL_UNCERTAINTY_ASSIGNED_CONTEXT ( ( #3506 ) ) GLOBAL_UNIT_ASSIGNED_CONTEXT ( ( #11055, #5273, #2767 ) ) REPRESENTATION_CONTEXT ( 'NONE', 'WORKASPACE' ) );
#10676 = LINE ( 'NONE', #2182, #1369 ) ;
#10677 = DIRECTION ( 'NONE',  ( 0.000000000000000000, -1.000000000000000000, 0.000000000000000000 ) ) ;
#10678 = FILL_AREA_STYLE_COLOUR ( '', #1853 ) ;
#10679 = CARTESIAN_POINT ( 'NONE',  ( 6.500000000000000000, 2.600000000000000089, 0.9600000000000047384 ) ) ;
#10680 = FILL_AREA_STYLE_COLOUR ( '', #7238 ) ;
#10681 = COLOUR_RGB ( '',0.8941176470588234615, 0.9137254901960784048, 0.9294117647058823817 ) ;
#10682 = FILL_AREA_STYLE ('',( #7284 ) ) ;
#10683 = ORIENTED_EDGE ( 'NONE', *, *, #10223, .F. ) ;
#10684 = VERTEX_POINT ( 'NONE', #1621 ) ;
#10685 = EDGE_LOOP ( 'NONE', ( #6369, #5627, #8597, #7722, #5356, #6293, #371, #8190, #662 ) ) ;
#10686 = DIRECTION ( 'NONE',  ( 0.2676438637860948377, 0.9635179096299405499, 0.000000000000000000 ) ) ;
#10688 = UNCERTAINTY_MEASURE_WITH_UNIT (LENGTH_MEASURE( 1.000000000000000082E-05 ), #1666, 'distance_accuracy_value', 'NONE');
#10687 = FILL_AREA_STYLE_COLOUR ( '', #10387 ) ;
#10689 = LINE ( 'NONE', #8950, #813 ) ;
#10690 = LINE ( 'NONE', #9102, #9622 ) ;
#10691 = VECTOR ( 'NONE', #2715, 1000.000000000000000 ) ;
#10692 = DIRECTION ( 'NONE',  ( 0.000000000000000000, -0.000000000000000000, 1.000000000000000000 ) ) ;
#10693 = ORIENTED_EDGE ( 'NONE', *, *, #696, .T. ) ;
#10694 = DIRECTION ( 'NONE',  ( -0.7071067811865463515, 0.7071067811865487940, 0.000000000000000000 ) ) ;
#10695 = AXIS2_PLACEMENT_3D ( 'NONE', #9129, #10014, #7469 ) ;
#10696 = EDGE_CURVE ( 'NONE', #2520, #6821, #7641, .T. ) ;
#10697 = ORIENTED_EDGE ( 'NONE', *, *, #9461, .F. ) ;
#10698 = SURFACE_STYLE_USAGE ( .BOTH. , #3091 ) ;
#10699 = VERTEX_POINT ( 'NONE', #2450 ) ;
#10700 = CARTESIAN_POINT ( 'NONE',  ( 5.529999999999995808, -2.399999999999999911, -2.849999999999995204 ) ) ;
#10701 = FACE_OUTER_BOUND ( 'NONE', #7593, .T. ) ;
#10702 = SURFACE_STYLE_USAGE ( .BOTH. , #10756 ) ;
#10703 = MECHANICAL_DESIGN_GEOMETRIC_PRESENTATION_REPRESENTATION (  '', ( #2101 ), #2262 ) ;
#10704 = FACE_OUTER_BOUND ( 'NONE', #6490, .T. ) ;
#10705 = UNCERTAINTY_MEASURE_WITH_UNIT (LENGTH_MEASURE( 1.000000000000000082E-05 ), #4739, 'distance_accuracy_value', 'NONE');
#10706 = DIRECTION ( 'NONE',  ( 0.9635179096299407719, -0.2676438637860944492, 0.000000000000000000 ) ) ;
#10707 = ORIENTED_EDGE ( 'NONE', *, *, #1396, .F. ) ;
#10708 = EDGE_CURVE ( 'NONE', #8005, #10044, #10652, .T. ) ;
#10709 = LINE ( 'NONE', #10764, #4435 ) ;
#10710 = DIRECTION ( 'NONE',  ( 0.7071067811865500152, 0.000000000000000000, 0.7071067811865450192 ) ) ;
#10711 = DIRECTION ( 'NONE',  ( 0.7071067811865511255, 0.000000000000000000, -0.7071067811865440200 ) ) ;
#10712 = PRESENTATION_STYLE_ASSIGNMENT (( #2008 ) ) ;
#10713 = UNCERTAINTY_MEASURE_WITH_UNIT (LENGTH_MEASURE( 1.000000000000000082E-05 ), #4817, 'distance_accuracy_value', 'NONE');
#10714 = UNCERTAINTY_MEASURE_WITH_UNIT (LENGTH_MEASURE( 1.000000000000000082E-05 ), #277, 'distance_accuracy_value', 'NONE');
#10715 = EDGE_CURVE ( 'NONE', #9180, #6452, #7217, .T. ) ;
#10716 = PLANE ( 'NONE',  #5610 ) ;
#10717 = EDGE_CURVE ( 'NONE', #7506, #1067, #6015, .T. ) ;
#10718 = CARTESIAN_POINT ( 'NONE',  ( -3.231990237815517641, 1.600000000000000755, 0.4999999999999995559 ) ) ;
#10719 = LINE ( 'NONE', #410, #7147 ) ;
#10720 = FACE_OUTER_BOUND ( 'NONE', #4440, .T. ) ;
#10721 = ORIENTED_EDGE ( 'NONE', *, *, #8722, .T. ) ;
#10722 = VECTOR ( 'NONE', #3112, 999.9999999999998863 ) ;
#10723 = CARTESIAN_POINT ( 'NONE',  ( -6.499999999999999112, 2.600000000000000089, 2.552267411434140154 ) ) ;
#10724 = FILL_AREA_STYLE ('',( #3862 ) ) ;
#10725 = FILL_AREA_STYLE_COLOUR ( '', #2887 ) ;
#10726 = FACE_OUTER_BOUND ( 'NONE', #4581, .T. ) ;
#10727 = ORIENTED_EDGE ( 'NONE', *, *, #10931, .T. ) ;
#10728 = FILL_AREA_STYLE_COLOUR ( '', #1058 ) ;
#10729 = AXIS2_PLACEMENT_3D ( 'NONE', #8663, #1924, #6217 ) ;
#10730 = SURFACE_STYLE_USAGE ( .BOTH. , #7891 ) ;
#10731 = ADVANCED_FACE ( 'NONE', ( #9243, #6876, #8458, #5964, #4054, #7473, #10937 ), #1569, .F. ) ;
#10732 = SURFACE_STYLE_USAGE ( .BOTH. , #7280 ) ;
#10733 = ORIENTED_EDGE ( 'NONE', *, *, #4595, .T. ) ;
#10734 = COLOUR_RGB ( '',0.8313725490196077761, 0.6705882352941175961, 0.1294117647058823373 ) ;
#10735 = ORIENTED_EDGE ( 'NONE', *, *, #2672, .F. ) ;
#10736 = PRESENTATION_LAYER_ASSIGNMENT (  '', '', ( #9826 ) ) ;
#10737 = AXIS2_PLACEMENT_3D ( 'NONE', #9429, #5471, #8933 ) ;
#10738 = SURFACE_STYLE_FILL_AREA ( #4631 ) ;
#10739 = EDGE_LOOP ( 'NONE', ( #7971, #2491, #1703, #9094 ) ) ;
#10740 = LINE ( 'NONE', #8019, #394 ) ;
#10741 = FILL_AREA_STYLE_COLOUR ( '', #853 ) ;
#10742 = ORIENTED_EDGE ( 'NONE', *, *, #5816, .T. ) ;
#10743 = DIRECTION ( 'NONE',  ( 1.000000000000000000, 9.137799966060740935E-16, 0.000000000000000000 ) ) ;
#10744 = DIRECTION ( 'NONE',  ( 0.000000000000000000, 1.000000000000000000, -0.000000000000000000 ) ) ;
#10745 = VECTOR ( 'NONE', #4212, 1000.000000000000114 ) ;
#10746 = VECTOR ( 'NONE', #8298, 1000.000000000000114 ) ;
#10747 = DIRECTION ( 'NONE',  ( -0.2676438637860948377, -0.9635179096299405499, 0.000000000000000000 ) ) ;
#10748 = AXIS2_PLACEMENT_3D ( 'NONE', #3665, #8674, #7816 ) ;
#10749 = DIRECTION ( 'NONE',  ( 0.000000000000000000, -0.8987940462991681478, -0.4383711467890751279 ) ) ;
#10750 = ORIENTED_EDGE ( 'NONE', *, *, #1014, .F. ) ;
#10751 = PRESENTATION_LAYER_ASSIGNMENT (  '', '', ( #7850 ) ) ;
#10752 = PRESENTATION_LAYER_ASSIGNMENT (  '', '', ( #7851 ) ) ;
#10753 = SURFACE_SIDE_STYLE ('',( #2257 ) ) ;
#10754 = PRESENTATION_LAYER_ASSIGNMENT (  '', '', ( #180 ) ) ;
#10755 = CARTESIAN_POINT ( 'NONE',  ( -6.499999999999999112, 1.600000000000000089, -2.040000000000001812 ) ) ;
#10756 = SURFACE_SIDE_STYLE ('',( #2109 ) ) ;
#10757 = CARTESIAN_POINT ( 'NONE',  ( -2.144689754873802645, 2.450000000000001954, -0.5000000000000004441 ) ) ;
#10758 = ADVANCED_FACE ( 'NONE', ( #8399 ), #6661, .T. ) ;
#10759 = CARTESIAN_POINT ( 'NONE',  ( -7.469999999999999751, -2.399999999999999911, 3.809999999999999609 ) ) ;
#10760 = LINE ( 'NONE', #6521, #2734 ) ;
#10761 = VECTOR ( 'NONE', #2166, 1000.000000000000000 ) ;
#10762 = DIRECTION ( 'NONE',  ( -0.2676438637860944492, 0.9635179096299406609, 0.000000000000000000 ) ) ;
#10763 = ORIENTED_EDGE ( 'NONE', *, *, #10696, .T. ) ;
#10764 = CARTESIAN_POINT ( 'NONE',  ( -5.229999999999998650, -2.399999999999999911, 3.510000000000002451 ) ) ;
#10765 = AXIS2_PLACEMENT_3D ( 'NONE', #3652, #3590, #6960 ) ;
#10766 = VECTOR ( 'NONE', #9327, 1000.000000000000114 ) ;
#10767 = CARTESIAN_POINT ( 'NONE',  ( -6.799999999999945643, -7.649999999999995026, -2.240000000000000657 ) ) ;
#10768 = EDGE_CURVE ( 'NONE', #6041, #8333, #9197, .T. ) ;
#10769 = COLOUR_RGB ( '',0.8313725490196077761, 0.6705882352941175961, 0.1294117647058823373 ) ;
#10770 = FILL_AREA_STYLE_COLOUR ( '', #4811 ) ;
#10771 =( NAMED_UNIT ( * ) SI_UNIT ( $, .STERADIAN. ) SOLID_ANGLE_UNIT ( ) );
#10772 = VERTEX_POINT ( 'NONE', #7423 ) ;
#10773 = COLOUR_RGB ( '',1.000000000000000000, 0.9372549019607843146, 0.1372549019607843257 ) ;
#10774 = CARTESIAN_POINT ( 'NONE',  ( -5.302882188681582676, -5.810635905104684085, 1.197117811318390679 ) ) ;
#10775 = EDGE_CURVE ( 'NONE', #1067, #6264, #3227, .T. ) ;
#10776 = FILL_AREA_STYLE ('',( #1301 ) ) ;
#10777 = EDGE_CURVE ( 'NONE', #1553, #1327, #4908, .T. ) ;
#10778 = DIRECTION ( 'NONE',  ( 0.000000000000000000, 0.000000000000000000, 1.000000000000000000 ) ) ;
#10779 = ORIENTED_EDGE ( 'NONE', *, *, #8159, .T. ) ;
#10780 = LINE ( 'NONE', #3905, #6951 ) ;
#10781 = EDGE_CURVE ( 'NONE', #5897, #5360, #1575, .T. ) ;
#10782 = COLOUR_RGB ( '',0.8313725490196077761, 0.6705882352941175961, 0.1294117647058823373 ) ;
#10783 = VERTEX_POINT ( 'NONE', #6931 ) ;
#10784 = CARTESIAN_POINT ( 'NONE',  ( 1.767908309455587412, 3.335530085959885760, -2.500000000000000444 ) ) ;
#10785 = FILL_AREA_STYLE ('',( #10678 ) ) ;
#10786 = PRESENTATION_STYLE_ASSIGNMENT (( #6555 ) ) ;
#10787 = DIRECTION ( 'NONE',  ( -0.000000000000000000, 1.000000000000000000, -0.000000000000000000 ) ) ;
#10788 = PLANE ( 'NONE',  #7875 ) ;
#10789 = ORIENTED_EDGE ( 'NONE', *, *, #7455, .F. ) ;
#10790 = ORIENTED_EDGE ( 'NONE', *, *, #6992, .T. ) ;
#10791 = SURFACE_SIDE_STYLE ('',( #8882 ) ) ;
#10792 = SHAPE_DEFINITION_REPRESENTATION ( #7489, #6284 ) ;
#10793 = EDGE_CURVE ( 'NONE', #4618, #10286, #10256, .T. ) ;
#10794 = ORIENTED_EDGE ( 'NONE', *, *, #9401, .T. ) ;
#10795 =( NAMED_UNIT ( * ) PLANE_ANGLE_UNIT ( ) SI_UNIT ( $, .RADIAN. ) );
#10796 = SURFACE_STYLE_FILL_AREA ( #6499 ) ;
#10797 = SURFACE_STYLE_USAGE ( .BOTH. , #8185 ) ;
#10798 = EDGE_CURVE ( 'NONE', #1386, #9497, #2504, .T. ) ;
#10799 = LINE ( 'NONE', #4082, #5696 ) ;
#10800 = CARTESIAN_POINT ( 'NONE',  ( 2.186111111111113114, 2.550000000000002487, 0.4999999999999995559 ) ) ;
#10801 = MECHANICAL_DESIGN_GEOMETRIC_PRESENTATION_REPRESENTATION (  '', ( #1653 ), #9712 ) ;
#10802 = CARTESIAN_POINT ( 'NONE',  ( 3.231990237815518530, 1.704120873295594141, -0.5000000000000004441 ) ) ;
#10803 = ORIENTED_EDGE ( 'NONE', *, *, #2874, .F. ) ;
#10804 = VECTOR ( 'NONE', #5557, 1000.000000000000000 ) ;
#10805 = DIRECTION ( 'NONE',  ( 0.8987940462991674817, -0.4383711467890764601, 0.000000000000000000 ) ) ;
#10806 = EDGE_LOOP ( 'NONE', ( #10198, #652, #7245, #9840 ) ) ;
#10807 = FACE_OUTER_BOUND ( 'NONE', #571, .T. ) ;
#10808 = LINE ( 'NONE', #441, #7002 ) ;
#10809 = CARTESIAN_POINT ( 'NONE',  ( -2.994689754873801846, 1.600000000000000755, 2.499999999999999556 ) ) ;
#10810 = AXIS2_PLACEMENT_3D ( 'NONE', #653, #4967, #3128 ) ;
#10811 = LINE ( 'NONE', #6345, #8280 ) ;
#10812 = PLANE ( 'NONE',  #7497 ) ;
#10813 = VECTOR ( 'NONE', #4406, 1000.000000000000000 ) ;
#10814 =( NAMED_UNIT ( * ) PLANE_ANGLE_UNIT ( ) SI_UNIT ( $, .RADIAN. ) );
#10815 = DIRECTION ( 'NONE',  ( -0.7071067811865489050, 0.7071067811865462405, 0.000000000000000000 ) ) ;
#10816 = PLANE ( 'NONE',  #6696 ) ;
#10817 = ORIENTED_EDGE ( 'NONE', *, *, #23, .T. ) ;
#10818 = AXIS2_PLACEMENT_3D ( 'NONE', #34, #6859, #10301 ) ;
#10819 = ORIENTED_EDGE ( 'NONE', *, *, #5439, .F. ) ;
#10820 = CARTESIAN_POINT ( 'NONE',  ( 7.769999999999999574, -2.399999999999999911, 2.530000000000002025 ) ) ;
#10821 = PRESENTATION_LAYER_ASSIGNMENT (  '', '', ( #2027 ) ) ;
#10822 = STYLED_ITEM ( 'NONE', ( #4896 ), #7496 ) ;
#10823 = LINE ( 'NONE', #5673, #6644 ) ;
#10824 = DIRECTION ( 'NONE',  ( 0.7071067811865511255, 0.000000000000000000, -0.7071067811865440200 ) ) ;
#10825 = PRESENTATION_LAYER_ASSIGNMENT (  '', '', ( #4685 ) ) ;
#10826 = UNCERTAINTY_MEASURE_WITH_UNIT (LENGTH_MEASURE( 1.000000000000000082E-05 ), #6040, 'distance_accuracy_value', 'NONE');
#10827 = CARTESIAN_POINT ( 'NONE',  ( -6.199999999999999289, -2.399999999999999911, 2.839999999999999858 ) ) ;
#10828 = SURFACE_STYLE_USAGE ( .BOTH. , #9083 ) ;
#10829 = DIRECTION ( 'NONE',  ( -8.330334836186190947E-15, 1.000000000000000000, 0.000000000000000000 ) ) ;
#10830 = ORIENTED_EDGE ( 'NONE', *, *, #3528, .T. ) ;
#10831 = COLOUR_RGB ( '',1.000000000000000000, 0.9372549019607843146, 0.1372549019607843257 ) ;
#10832 = STYLED_ITEM ( 'NONE', ( #2680 ), #7988 ) ;
#10833 = DIRECTION ( 'NONE',  ( -1.000000000000000000, 0.000000000000000000, -0.000000000000000000 ) ) ;
#10834 = EDGE_CURVE ( 'NONE', #3813, #10921, #8465, .T. ) ;
#10835 = ADVANCED_FACE ( 'NONE', ( #6770 ), #53, .T. ) ;
#10836 = CARTESIAN_POINT ( 'NONE',  ( -3.031990237815517908, 1.704120873295593253, -2.500000000000000888 ) ) ;
#10837 =( NAMED_UNIT ( * ) SI_UNIT ( $, .STERADIAN. ) SOLID_ANGLE_UNIT ( ) );
#10838 = PLANE ( 'NONE',  #253 ) ;
#10839 = ORIENTED_EDGE ( 'NONE', *, *, #7539, .F. ) ;
#10840 =( NAMED_UNIT ( * ) SI_UNIT ( $, .STERADIAN. ) SOLID_ANGLE_UNIT ( ) );
#10841 = EDGE_LOOP ( 'NONE', ( #5465, #1207, #8246, #293 ) ) ;
#10842 = FILL_AREA_STYLE_COLOUR ( '', #6043 ) ;
#10843 = CARTESIAN_POINT ( 'NONE',  ( -2.994689754873801846, 1.600000000000000755, -2.500000000000000888 ) ) ;
#10844 = VECTOR ( 'NONE', #5342, 1000.000000000000000 ) ;
#10845 = FILL_AREA_STYLE ('',( #749 ) ) ;
#10846 = STYLED_ITEM ( 'NONE', ( #1549 ), #2339 ) ;
#10847 = ORIENTED_EDGE ( 'NONE', *, *, #3412, .T. ) ;
#10848 = AXIS2_PLACEMENT_3D ( 'NONE', #8027, #4700, #7447 ) ;
#10849 = EDGE_CURVE ( 'NONE', #10639, #2542, #10811, .T. ) ;
#10850 = VERTEX_POINT ( 'NONE', #9846 ) ;
#10851 = VERTEX_POINT ( 'NONE', #1333 ) ;
#10852 = DIRECTION ( 'NONE',  ( 1.000000000000000000, -0.000000000000000000, 4.336808689942017736E-16 ) ) ;
#10853 = CARTESIAN_POINT ( 'NONE',  ( 3.031990237815518796, 1.704120873295593919, -2.500000000000000888 ) ) ;
#10854 = CARTESIAN_POINT ( 'NONE',  ( 6.799999999999999822, -7.899999999999999467, 3.200000000000005063 ) ) ;
#10855 = DIRECTION ( 'NONE',  ( -8.330334836186190947E-15, 1.000000000000000000, 0.000000000000000000 ) ) ;
#10856 = LINE ( 'NONE', #1492, #7762 ) ;
#10857 = DIRECTION ( 'NONE',  ( -0.7071067811865463515, 0.7071067811865487940, 0.000000000000000000 ) ) ;
#10858 = ADVANCED_FACE ( 'NONE', ( #498 ), #4765, .T. ) ;
#10860 = ADVANCED_FACE ( 'NONE', ( #10060 ), #9175, .T. ) ;
#10859 = PRESENTATION_STYLE_ASSIGNMENT (( #4084 ) ) ;
#10861 = ORIENTED_EDGE ( 'NONE', *, *, #462, .T. ) ;
#10862 = VERTEX_POINT ( 'NONE', #5199 ) ;
#10863 = DIRECTION ( 'NONE',  ( -0.000000000000000000, -0.4383711467890764601, -0.8987940462991674817 ) ) ;
#10864 = PRESENTATION_LAYER_ASSIGNMENT (  '', '', ( #6348 ) ) ;
#10865 = DIRECTION ( 'NONE',  ( 1.000000000000000000, -0.000000000000000000, -0.000000000000000000 ) ) ;
#10866 = PRESENTATION_STYLE_ASSIGNMENT (( #1444 ) ) ;
#10867 = DIRECTION ( 'NONE',  ( -0.000000000000000000, 1.000000000000000000, -0.000000000000000000 ) ) ;
#10868 = LINE ( 'NONE', #6575, #10401 ) ;
#10869 =( LENGTH_UNIT ( ) NAMED_UNIT ( * ) SI_UNIT ( .MILLI., .METRE. ) );
#10870 = MECHANICAL_DESIGN_GEOMETRIC_PRESENTATION_REPRESENTATION (  '', ( #4533 ), #8157 ) ;
#10871 =( LENGTH_UNIT ( ) NAMED_UNIT ( * ) SI_UNIT ( .MILLI., .METRE. ) );
#10872 = FACE_OUTER_BOUND ( 'NONE', #3313, .T. ) ;
#10873 =( NAMED_UNIT ( * ) SI_UNIT ( $, .STERADIAN. ) SOLID_ANGLE_UNIT ( ) );
#10874 = ORIENTED_EDGE ( 'NONE', *, *, #818, .T. ) ;
#10875 =( LENGTH_UNIT ( ) NAMED_UNIT ( * ) SI_UNIT ( .MILLI., .METRE. ) );
#10876 = ORIENTED_EDGE ( 'NONE', *, *, #10781, .F. ) ;
#10877 = VERTEX_POINT ( 'NONE', #3589 ) ;
#10878 = SURFACE_SIDE_STYLE ('',( #7409 ) ) ;
#10879 =( LENGTH_UNIT ( ) NAMED_UNIT ( * ) SI_UNIT ( .MILLI., .METRE. ) );
#10880 = CARTESIAN_POINT ( 'NONE',  ( 7.769999999999999574, -2.399999999999999911, -2.549999999999998490 ) ) ;
#10881 =( NAMED_UNIT ( * ) SI_UNIT ( $, .STERADIAN. ) SOLID_ANGLE_UNIT ( ) );
#10882 = FILL_AREA_STYLE_COLOUR ( '', #7524 ) ;
#10883 = CARTESIAN_POINT ( 'NONE',  ( -2.000000000000000888, 2.500000000000002220, -1.000000000000004441 ) ) ;
#10884 = DIRECTION ( 'NONE',  ( 1.000000000000000000, 0.000000000000000000, -0.000000000000000000 ) ) ;
#10885 = CARTESIAN_POINT ( 'NONE',  ( 6.195891048229650089, -7.641575400400332896, 0.6558910482296289590 ) ) ;
#10886 = CARTESIAN_POINT ( 'NONE',  ( 3.231990237815519418, 1.600000000000001643, -2.000000000000000888 ) ) ;
#10887 = AXIS2_PLACEMENT_3D ( 'NONE', #4868, #657, #1432 ) ;
#10888 = ORIENTED_EDGE ( 'NONE', *, *, #8840, .F. ) ;
#10889 = LINE ( 'NONE', #9143, #3577 ) ;
#10890 = AXIS2_PLACEMENT_3D ( 'NONE', #6411, #1349, #7146 ) ;
#10891 = DIRECTION ( 'NONE',  ( 0.000000000000000000, 0.000000000000000000, -1.000000000000000000 ) ) ;
#10892 = CARTESIAN_POINT ( 'NONE',  ( -6.799999999999972289, -2.399999999999999911, -0.3000000000000003775 ) ) ;
#10893 = CARTESIAN_POINT ( 'NONE',  ( -7.769999999999999574, -2.399999999999999911, 1.569999999999997176 ) ) ;
#10894 = PRESENTATION_STYLE_ASSIGNMENT (( #4011 ) ) ;
#10895 = ORIENTED_EDGE ( 'NONE', *, *, #4365, .T. ) ;
#10896 = CARTESIAN_POINT ( 'NONE',  ( -6.799999999999998934, -7.899999999999999467, 2.239999999999999769 ) ) ;
#10897 = EDGE_CURVE ( 'NONE', #2151, #6279, #985, .T. ) ;
#10898 = CARTESIAN_POINT ( 'NONE',  ( 1.986111111111112937, 2.450000000000002398, 2.499999999999999556 ) ) ;
#10899 = LINE ( 'NONE', #4182, #10240 ) ;
#10900 = ORIENTED_EDGE ( 'NONE', *, *, #9055, .F. ) ;
#10901 = VERTEX_POINT ( 'NONE', #5306 ) ;
#10902 =( GEOMETRIC_REPRESENTATION_CONTEXT ( 3 ) GLOBAL_UNCERTAINTY_ASSIGNED_CONTEXT ( ( #7773 ) ) GLOBAL_UNIT_ASSIGNED_CONTEXT ( ( #6947, #7724, #3468 ) ) REPRESENTATION_CONTEXT ( 'NONE', 'WORKASPACE' ) );
#10903 = LINE ( 'NONE', #4920, #634 ) ;
#10904 = PRESENTATION_LAYER_ASSIGNMENT (  '', '', ( #4228 ) ) ;
#10905 = DIRECTION ( 'NONE',  ( 0.000000000000000000, 0.000000000000000000, 1.000000000000000000 ) ) ;
#10906 = CARTESIAN_POINT ( 'NONE',  ( -3.231990237815517641, 1.600000000000000755, -1.000000000000000444 ) ) ;
#10907 = VERTEX_POINT ( 'NONE', #263 ) ;
#10908 = DIRECTION ( 'NONE',  ( -1.000000000000000000, 0.000000000000000000, 0.000000000000000000 ) ) ;
#10909 =( LENGTH_UNIT ( ) NAMED_UNIT ( * ) SI_UNIT ( .MILLI., .METRE. ) );
#10910 = CARTESIAN_POINT ( 'NONE',  ( -2.186111111111112226, 2.550000000000002043, 1.999999999999999556 ) ) ;
#10911 = SURFACE_STYLE_USAGE ( .BOTH. , #865 ) ;
#10912 =( LENGTH_UNIT ( ) NAMED_UNIT ( * ) SI_UNIT ( .MILLI., .METRE. ) );
#10913 = LINE ( 'NONE', #8494, #9005 ) ;
#10914 = CARTESIAN_POINT ( 'NONE',  ( -2.000000000000000888, 2.500000000000002220, 1.999999999999996669 ) ) ;
#10915 = EDGE_CURVE ( 'NONE', #2221, #1615, #5253, .T. ) ;
#10916 = DIRECTION ( 'NONE',  ( -1.000000000000000000, 0.000000000000000000, -0.000000000000000000 ) ) ;
#10917 = EDGE_CURVE ( 'NONE', #6611, #3463, #3479, .T. ) ;
#10918 = DIRECTION ( 'NONE',  ( -1.084202172485504040E-15, 1.000000000000000000, 0.000000000000000000 ) ) ;
#10919 = DIRECTION ( 'NONE',  ( 0.000000000000000000, 0.000000000000000000, 1.000000000000000000 ) ) ;
#10920 = FACE_OUTER_BOUND ( 'NONE', #3996, .T. ) ;
#10921 = VERTEX_POINT ( 'NONE', #4246 ) ;
#10922 = SURFACE_STYLE_USAGE ( .BOTH. , #3371 ) ;
#10923 = VERTEX_POINT ( 'NONE', #8706 ) ;
#10924 = STYLED_ITEM ( 'NONE', ( #2928 ), #1099 ) ;
#10925 = AXIS2_PLACEMENT_3D ( 'NONE', #7637, #11038, #1781 ) ;
#10926 = AXIS2_PLACEMENT_3D ( 'NONE', #5141, #4364, #6052 ) ;
#10927 = CARTESIAN_POINT ( 'NONE',  ( 6.499999999999999112, 2.600000000000000089, -1.592267411434135527 ) ) ;
#10928 = ORIENTED_EDGE ( 'NONE', *, *, #7868, .F. ) ;
#10929 = DIRECTION ( 'NONE',  ( 0.000000000000000000, 0.000000000000000000, -1.000000000000000000 ) ) ;
#10930 = CARTESIAN_POINT ( 'NONE',  ( 3.949999999999997957, 1.600000000000000089, -6.500000000000005329 ) ) ;
#10931 = EDGE_CURVE ( 'NONE', #3815, #8504, #8545, .T. ) ;
#10932 = FILL_AREA_STYLE_COLOUR ( '', #4789 ) ;
#10933 = EDGE_CURVE ( 'NONE', #2780, #7292, #6849, .T. ) ;
#10934 = UNCERTAINTY_MEASURE_WITH_UNIT (LENGTH_MEASURE( 1.000000000000000082E-05 ), #16, 'distance_accuracy_value', 'NONE');
#10935 = MECHANICAL_DESIGN_GEOMETRIC_PRESENTATION_REPRESENTATION (  '', ( #2841 ), #1075 ) ;
#10936 = MECHANICAL_DESIGN_GEOMETRIC_PRESENTATION_REPRESENTATION (  '', ( #3173 ), #1233 ) ;
#10937 = FACE_BOUND ( 'NONE', #4131, .T. ) ;
#10939 = PRESENTATION_STYLE_ASSIGNMENT (( #1408 ) ) ;
#10938 = CARTESIAN_POINT ( 'NONE',  ( 5.229999999999997762, -2.399999999999999911, -0.009999999999997857825 ) ) ;
#10940 = MECHANICAL_DESIGN_GEOMETRIC_PRESENTATION_REPRESENTATION (  '', ( #3215 ), #1624 ) ;
#10941 = PRESENTATION_LAYER_ASSIGNMENT (  '', '', ( #4267 ) ) ;
#10942 = LINE ( 'NONE', #9146, #5398 ) ;
#10943 = DIRECTION ( 'NONE',  ( 0.000000000000000000, 1.000000000000000000, 0.000000000000000000 ) ) ;
#10944 = UNCERTAINTY_MEASURE_WITH_UNIT (LENGTH_MEASURE( 1.000000000000000082E-05 ), #10879, 'distance_accuracy_value', 'NONE');
#10945 = ORIENTED_EDGE ( 'NONE', *, *, #1202, .F. ) ;
#10946 = CARTESIAN_POINT ( 'NONE',  ( -5.529999999999998472, -2.399999999999999911, 3.809999999999999609 ) ) ;
#10947 = SURFACE_SIDE_STYLE ('',( #4014 ) ) ;
#10948 =( NAMED_UNIT ( * ) PLANE_ANGLE_UNIT ( ) SI_UNIT ( $, .RADIAN. ) );
#10949 = ORIENTED_EDGE ( 'NONE', *, *, #5060, .T. ) ;
#10950 = PRESENTATION_LAYER_ASSIGNMENT (  '', '', ( #3756 ) ) ;
#10951 = VECTOR ( 'NONE', #3115, 1000.000000000000000 ) ;
#10952 = FILL_AREA_STYLE_COLOUR ( '', #5679 ) ;
#10953 = AXIS2_PLACEMENT_3D ( 'NONE', #7619, #710, #8541 ) ;
#10954 =( LENGTH_UNIT ( ) NAMED_UNIT ( * ) SI_UNIT ( .MILLI., .METRE. ) );
#10955 = ORIENTED_EDGE ( 'NONE', *, *, #4772, .F. ) ;
#10956 = ORIENTED_EDGE ( 'NONE', *, *, #647, .T. ) ;
#10957 = EDGE_LOOP ( 'NONE', ( #3748, #7413, #10847, #3886 ) ) ;
#10958 = EDGE_CURVE ( 'NONE', #5858, #899, #3651, .T. ) ;
#10959 = STYLED_ITEM ( 'NONE', ( #8719 ), #6214 ) ;
#10960 = SURFACE_STYLE_USAGE ( .BOTH. , #702 ) ;
#10961 = CARTESIAN_POINT ( 'NONE',  ( -8.000000000000007105, 0.000000000000000000, 6.250000000000007105 ) ) ;
#10962 = DIRECTION ( 'NONE',  ( 0.000000000000000000, 1.000000000000000000, 0.000000000000000000 ) ) ;
#10963 = DIRECTION ( 'NONE',  ( 0.000000000000000000, 0.000000000000000000, 1.000000000000000000 ) ) ;
#10964 = FILL_AREA_STYLE_COLOUR ( '', #87 ) ;
#10965 = DIRECTION ( 'NONE',  ( -8.330334836186190947E-15, 1.000000000000000000, 0.000000000000000000 ) ) ;
#10966 = ORIENTED_EDGE ( 'NONE', *, *, #2600, .F. ) ;
#10967 = VECTOR ( 'NONE', #6010, 1000.000000000000000 ) ;
#10968 = VECTOR ( 'NONE', #549, 1000.000000000000000 ) ;
#10969 = ORIENTED_EDGE ( 'NONE', *, *, #2338, .F. ) ;
#10970 = ORIENTED_EDGE ( 'NONE', *, *, #5408, .F. ) ;
#10971 = EDGE_CURVE ( 'NONE', #5015, #8376, #2590, .T. ) ;
#10972 = PLANE ( 'NONE',  #7960 ) ;
#10973 = DIRECTION ( 'NONE',  ( -1.000000000000000000, 0.000000000000000000, 1.084202172485504434E-16 ) ) ;
#10974 =( LENGTH_UNIT ( ) NAMED_UNIT ( * ) SI_UNIT ( .MILLI., .METRE. ) );
#10975 = DIRECTION ( 'NONE',  ( -0.000000000000000000, 1.000000000000000000, -0.000000000000000000 ) ) ;
#10976 = VECTOR ( 'NONE', #5291, 1000.000000000000114 ) ;
#10977 = ORIENTED_EDGE ( 'NONE', *, *, #7910, .T. ) ;
#10978 = ADVANCED_FACE ( 'NONE', ( #6910 ), #2641, .F. ) ;
#10979 = VERTEX_POINT ( 'NONE', #323 ) ;
#10980 = VERTEX_POINT ( 'NONE', #4635 ) ;
#10981 = VERTEX_POINT ( 'NONE', #1977 ) ;
#10982 = AXIS2_PLACEMENT_3D ( 'NONE', #1236, #3861, #3742 ) ;
#10983 =( NAMED_UNIT ( * ) SI_UNIT ( $, .STERADIAN. ) SOLID_ANGLE_UNIT ( ) );
#10984 = CARTESIAN_POINT ( 'NONE',  ( 7.769999999999999574, 0.000000000000000000, 2.530000000000002025 ) ) ;
#10985 = DIRECTION ( 'NONE',  ( -1.000000000000000000, 0.000000000000000000, 0.000000000000000000 ) ) ;
#10986 =( NAMED_UNIT ( * ) SI_UNIT ( $, .STERADIAN. ) SOLID_ANGLE_UNIT ( ) );
#10987 =( GEOMETRIC_REPRESENTATION_CONTEXT ( 3 ) GLOBAL_UNCERTAINTY_ASSIGNED_CONTEXT ( ( #7640 ) ) GLOBAL_UNIT_ASSIGNED_CONTEXT ( ( #5395, #3849, #2120 ) ) REPRESENTATION_CONTEXT ( 'NONE', 'WORKASPACE' ) );
#10988 =( NAMED_UNIT ( * ) SI_UNIT ( $, .STERADIAN. ) SOLID_ANGLE_UNIT ( ) );
#10989 = VECTOR ( 'NONE', #6741, 1000.000000000000000 ) ;
#10990 =( GEOMETRIC_REPRESENTATION_CONTEXT ( 3 ) GLOBAL_UNCERTAINTY_ASSIGNED_CONTEXT ( ( #9363 ) ) GLOBAL_UNIT_ASSIGNED_CONTEXT ( ( #9285, #1606, #2536 ) ) REPRESENTATION_CONTEXT ( 'NONE', 'WORKASPACE' ) );
#10991 = EDGE_CURVE ( 'NONE', #1945, #484, #3818, .T. ) ;
#10992 = EDGE_CURVE ( 'NONE', #5807, #8968, #537, .T. ) ;
#10993 = ORIENTED_EDGE ( 'NONE', *, *, #556, .T. ) ;
#10994 = CARTESIAN_POINT ( 'NONE',  ( -1.986111111111112049, 2.450000000000001954, -2.000000000000000888 ) ) ;
#10995 = VECTOR ( 'NONE', #2169, 1000.000000000000114 ) ;
#10996 =( GEOMETRIC_REPRESENTATION_CONTEXT ( 3 ) GLOBAL_UNCERTAINTY_ASSIGNED_CONTEXT ( ( #5501 ) ) GLOBAL_UNIT_ASSIGNED_CONTEXT ( ( #6048, #10519, #2799 ) ) REPRESENTATION_CONTEXT ( 'NONE', 'WORKASPACE' ) );
#10997 =( LENGTH_UNIT ( ) NAMED_UNIT ( * ) SI_UNIT ( .MILLI., .METRE. ) );
#10998 = DIRECTION ( 'NONE',  ( -0.7071067811865474617, 0.000000000000000000, -0.7071067811865474617 ) ) ;
#10999 = CARTESIAN_POINT ( 'NONE',  ( -5.229999999999998650, -2.399999999999999911, -1.569999999999998064 ) ) ;
#11000 =( GEOMETRIC_REPRESENTATION_CONTEXT ( 3 ) GLOBAL_UNCERTAINTY_ASSIGNED_CONTEXT ( ( #9242 ) ) GLOBAL_UNIT_ASSIGNED_CONTEXT ( ( #3806, #3021, #9092 ) ) REPRESENTATION_CONTEXT ( 'NONE', 'WORKASPACE' ) );
#11001 = EDGE_LOOP ( 'NONE', ( #4100, #6389, #1108, #3792 ) ) ;
#11002 = PRESENTATION_STYLE_ASSIGNMENT (( #6731 ) ) ;
#11003 = DIRECTION ( 'NONE',  ( 0.7071067811865485719, 0.000000000000000000, -0.7071067811865465735 ) ) ;
#11004 = AXIS2_PLACEMENT_3D ( 'NONE', #4328, #7867, #5222 ) ;
#11005 = CARTESIAN_POINT ( 'NONE',  ( 6.200000000000078337, -7.899999999999999467, -4.419999999999995488 ) ) ;
#11006 = ORIENTED_EDGE ( 'NONE', *, *, #10363, .F. ) ;
#11007 =( NAMED_UNIT ( * ) PLANE_ANGLE_UNIT ( ) SI_UNIT ( $, .RADIAN. ) );
#11008 = EDGE_CURVE ( 'NONE', #1986, #1506, #8421, .T. ) ;
#11009 = COLOUR_RGB ( '',0.8313725490196077761, 0.6705882352941175961, 0.1294117647058823373 ) ;
#11010 = VERTEX_POINT ( 'NONE', #1543 ) ;
#11011 = ORIENTED_EDGE ( 'NONE', *, *, #6896, .T. ) ;
#11012 = EDGE_LOOP ( 'NONE', ( #674, #4591, #6262, #9875, #4632, #4354, #993, #8013, #252, #3578, #7449, #8945, #6916, #1395, #4628, #2443, #7443, #4670, #8811, #589 ) ) ;
#11013 = LINE ( 'NONE', #6786, #8428 ) ;
#11014 = CARTESIAN_POINT ( 'NONE',  ( -7.469999999999999751, -2.399999999999999911, 1.269999999999999352 ) ) ;
#11015 = SURFACE_STYLE_FILL_AREA ( #3082 ) ;
#11016 = CARTESIAN_POINT ( 'NONE',  ( 5.229999999999997762, -2.399999999999999911, -0.009999999999997857825 ) ) ;
#11017 = DIRECTION ( 'NONE',  ( -1.000000000000000000, -0.000000000000000000, -0.000000000000000000 ) ) ;
#11018 = AXIS2_PLACEMENT_3D ( 'NONE', #10397, #9540, #6843 ) ;
#11019 = ORIENTED_EDGE ( 'NONE', *, *, #3480, .F. ) ;
#11020 = CARTESIAN_POINT ( 'NONE',  ( -5.601609657144314802, -10.10706432366848695, -0.8983903428556579973 ) ) ;
#11021 = CARTESIAN_POINT ( 'NONE',  ( -6.499999999999999112, 1.600000000000000089, -2.540000000000000036 ) ) ;
#11022 = ORIENTED_EDGE ( 'NONE', *, *, #4088, .T. ) ;
#11023 = VECTOR ( 'NONE', #6417, 1000.000000000000000 ) ;
#11024 = CARTESIAN_POINT ( 'NONE',  ( 6.800000000000078870, -2.399999999999999911, -4.419999999999995488 ) ) ;
#11025 = FACE_OUTER_BOUND ( 'NONE', #162, .T. ) ;
#11026 = PRESENTATION_LAYER_ASSIGNMENT (  '', '', ( #3472 ) ) ;
#11027 =( GEOMETRIC_REPRESENTATION_CONTEXT ( 3 ) GLOBAL_UNCERTAINTY_ASSIGNED_CONTEXT ( ( #1175 ) ) GLOBAL_UNIT_ASSIGNED_CONTEXT ( ( #8085, #4709, #8842 ) ) REPRESENTATION_CONTEXT ( 'NONE', 'WORKASPACE' ) );
#11028 = ORIENTED_EDGE ( 'NONE', *, *, #2793, .F. ) ;
#11029 = ADVANCED_FACE ( 'NONE', ( #2467 ), #3242, .F. ) ;
#11030 =( LENGTH_UNIT ( ) NAMED_UNIT ( * ) SI_UNIT ( .MILLI., .METRE. ) );
#11031 = ORIENTED_EDGE ( 'NONE', *, *, #5854, .T. ) ;
#11032 = CIRCLE ( 'NONE', #7598, 1.749999999999999778 ) ;
#11033 = CARTESIAN_POINT ( 'NONE',  ( 3.231990237815518530, 1.704120873295594141, 0.4999999999999995559 ) ) ;
#11035 = CARTESIAN_POINT ( 'NONE',  ( 6.800000000000025580, -7.649999999999998579, 1.260000000000004672 ) ) ;
#11034 = SURFACE_STYLE_USAGE ( .BOTH. , #2180 ) ;
#11036 = VECTOR ( 'NONE', #822, 1000.000000000000000 ) ;
#11037 = PLANE ( 'NONE',  #2730 ) ;
#11038 = DIRECTION ( 'NONE',  ( 0.000000000000000000, 1.000000000000000000, 0.000000000000000000 ) ) ;
#11039 =( GEOMETRIC_REPRESENTATION_CONTEXT ( 3 ) GLOBAL_UNCERTAINTY_ASSIGNED_CONTEXT ( ( #6186 ) ) GLOBAL_UNIT_ASSIGNED_CONTEXT ( ( #3426, #3660, #7748 ) ) REPRESENTATION_CONTEXT ( 'NONE', 'WORKASPACE' ) );
#11040 = UNCERTAINTY_MEASURE_WITH_UNIT (LENGTH_MEASURE( 1.000000000000000082E-05 ), #941, 'distance_accuracy_value', 'NONE');
#11041 = DIRECTION ( 'NONE',  ( 0.000000000000000000, 0.000000000000000000, 1.000000000000000000 ) ) ;
#11042 = ADVANCED_FACE ( 'NONE', ( #8694 ), #8586, .F. ) ;
#11043 = VERTEX_POINT ( 'NONE', #8639 ) ;
#11044 =( NAMED_UNIT ( * ) PLANE_ANGLE_UNIT ( ) SI_UNIT ( $, .RADIAN. ) );
#11045 = CARTESIAN_POINT ( 'NONE',  ( 7.770000000000000462, -2.399999999999999911, 1.930000000000006821 ) ) ;
#11046 = ADVANCED_FACE ( 'NONE', ( #3636 ), #7949, .T. ) ;
#11047 = VERTEX_POINT ( 'NONE', #5712 ) ;
#11048 = ADVANCED_FACE ( 'NONE', ( #3093 ), #2255, .F. ) ;
#11049 =( LENGTH_UNIT ( ) NAMED_UNIT ( * ) SI_UNIT ( .MILLI., .METRE. ) );
#11050 =( LENGTH_UNIT ( ) NAMED_UNIT ( * ) SI_UNIT ( .MILLI., .METRE. ) );
#11051 =( GEOMETRIC_REPRESENTATION_CONTEXT ( 3 ) GLOBAL_UNCERTAINTY_ASSIGNED_CONTEXT ( ( #2498 ) ) GLOBAL_UNIT_ASSIGNED_CONTEXT ( ( #1490, #8423, #5592 ) ) REPRESENTATION_CONTEXT ( 'NONE', 'WORKASPACE' ) );
#11052 = SURFACE_SIDE_STYLE ('',( #8360 ) ) ;
#11053 = ORIENTED_EDGE ( 'NONE', *, *, #1704, .F. ) ;
#11054 = FACE_OUTER_BOUND ( 'NONE', #6300, .T. ) ;
#11055 =( LENGTH_UNIT ( ) NAMED_UNIT ( * ) SI_UNIT ( .MILLI., .METRE. ) );
#11056 = ORIENTED_EDGE ( 'NONE', *, *, #6016, .F. ) ;
#11057 = CARTESIAN_POINT ( 'NONE',  ( -3.031990237815517908, 1.704120873295593253, 0.9999999999999995559 ) ) ;
#11058 = LINE ( 'NONE', #9318, #6439 ) ;
#11059 = EDGE_CURVE ( 'NONE', #10228, #10850, #8654, .T. ) ;
#11060 = PRESENTATION_STYLE_ASSIGNMENT (( #4345 ) ) ;
#11061 = AXIS2_PLACEMENT_3D ( 'NONE', #8527, #8413, #5072 ) ;
#11062 = EDGE_LOOP ( 'NONE', ( #1845, #8130, #9236, #1128 ) ) ;
#11063 = SURFACE_SIDE_STYLE ('',( #1026 ) ) ;
#11064 = LINE ( 'NONE', #8312, #2751 ) ;
#11065 = DIRECTION ( 'NONE',  ( 1.000000000000000000, 0.000000000000000000, 0.000000000000000000 ) ) ;
#11066 = ORIENTED_EDGE ( 'NONE', *, *, #3776, .F. ) ;
#11067 = DIRECTION ( 'NONE',  ( 1.000000000000000000, -0.000000000000000000, -1.334402673828315410E-15 ) ) ;
#11068 = CARTESIAN_POINT ( 'NONE',  ( 6.800000000000078870, -7.899999999999999467, -4.298066852858528186 ) ) ;
#11069 =( GEOMETRIC_REPRESENTATION_CONTEXT ( 3 ) GLOBAL_UNCERTAINTY_ASSIGNED_CONTEXT ( ( #8572 ) ) GLOBAL_UNIT_ASSIGNED_CONTEXT ( ( #9752, #2584, #9433 ) ) REPRESENTATION_CONTEXT ( 'NONE', 'WORKASPACE' ) );
#11070 = EDGE_LOOP ( 'NONE', ( #10461, #3253, #10334, #1442 ) ) ;
#11071 = FACE_OUTER_BOUND ( 'NONE', #8028, .T. ) ;
#11072 = VERTEX_POINT ( 'NONE', #10459 ) ;
#11073 = CARTESIAN_POINT ( 'NONE',  ( 6.499999999999999112, 2.600000000000000089, -1.579999999999995408 ) ) ;
#11074 = LINE ( 'NONE', #5202, #8584 ) ;
#11075 = PRESENTATION_STYLE_ASSIGNMENT (( #2489 ) ) ;
#11076 = CIRCLE ( 'NONE', #7643, 1.749999999999999778 ) ;
#11077 = ORIENTED_EDGE ( 'NONE', *, *, #8364, .F. ) ;
#11078 = SURFACE_SIDE_STYLE ('',( #7628 ) ) ;
#11079 = ORIENTED_EDGE ( 'NONE', *, *, #8839, .F. ) ;
#11080 = ORIENTED_EDGE ( 'NONE', *, *, #580, .T. ) ;
#11081 = DIRECTION ( 'NONE',  ( 0.000000000000000000, 0.000000000000000000, 1.000000000000000000 ) ) ;
#11082 = MECHANICAL_DESIGN_GEOMETRIC_PRESENTATION_REPRESENTATION (  '', ( #9642 ), #2823 ) ;
#11083 = AXIS2_PLACEMENT_3D ( 'NONE', #1362, #4854, #8118 ) ;
#11084 = LINE ( 'NONE', #10244, #9469 ) ;
#11085 = EDGE_CURVE ( 'NONE', #10136, #7305, #5133, .T. ) ;
#11086 = CARTESIAN_POINT ( 'NONE',  ( -6.799999999999945643, -7.649999999999995026, -2.840000000000000302 ) ) ;
#11087 = DIRECTION ( 'NONE',  ( 0.7071067811865500152, 0.000000000000000000, 0.7071067811865450192 ) ) ;
#11088 = FILL_AREA_STYLE ('',( #2448 ) ) ;
#11089 = LINE ( 'NONE', #3592, #3458 ) ;
#11090 = STYLED_ITEM ( 'NONE', ( #9404 ), #789 ) ;
#11091 = VECTOR ( 'NONE', #7544, 1000.000000000000000 ) ;
#11092 = VECTOR ( 'NONE', #9565, 1000.000000000000000 ) ;
#11093 = ORIENTED_EDGE ( 'NONE', *, *, #4989, .F. ) ;
ENDSEC;
END-ISO-10303-21;
