ISO-10303-21;
HEADER;
FILE_DESCRIPTION (( 'STEP AP214' ),
    '1' );
FILE_NAME ('encoderEncclosure.STEP',
    '2025-07-29T09:25:20',
    ( '' ),
    ( '' ),
    'SwSTEP 2.0',
    'SolidWorks 2024',
    '' );
FILE_SCHEMA (( 'AUTOMOTIVE_DESIGN' ));
ENDSEC;

DATA;
#1 = AXIS2_PLACEMENT_3D ( 'NONE', #1084, #4294, #1104 ) ;
#2 = AXIS2_PLACEMENT_3D ( 'NONE', #2110, #82, #4242 ) ;
#3 = EDGE_CURVE ( 'NONE', #60, #2711, #1014, .T. ) ;
#4 = ORIENTED_EDGE ( 'NONE', *, *, #2560, .F. ) ;
#5 = CARTESIAN_POINT ( 'NONE',  ( -9.646049804798611405, 2.999999998438791060, 10.27911480400796762 ) ) ;
#6 = AXIS2_PLACEMENT_3D ( 'NONE', #6673, #941, #6772 ) ;
#7 = CIRCLE ( 'NONE', #5688, 3.250000000000001332 ) ;
#8 = FACE_OUTER_BOUND ( 'NONE', #4035, .T. ) ;
#9 = LINE ( 'NONE', #4256, #698 ) ;
#10 = CARTESIAN_POINT ( 'NONE',  ( 10.28030609800581985, 2.999999999484046942, -9.644326166700324166 ) ) ;
#11 = DIRECTION ( 'NONE',  ( 0.000000000000000000, 1.000000000000000000, 0.000000000000000000 ) ) ;
#13 = CARTESIAN_POINT ( 'NONE',  ( 7.065160834320181493, 4.830038410195036214, -11.74999999999999645 ) ) ;
#12 = CARTESIAN_POINT ( 'NONE',  ( -11.74999999999999822, 3.000000000000003553, -5.851293488071592996 ) ) ;
#14 = EDGE_CURVE ( 'NONE', #1736, #818, #791, .T. ) ;
#15 = AXIS2_PLACEMENT_3D ( 'NONE', #811, #2395, #2933 ) ;
#16 = STYLED_ITEM ( 'NONE', ( #4891 ), #4144 ) ;
#17 = ORIENTED_EDGE ( 'NONE', *, *, #6852, .T. ) ;
#18 = CARTESIAN_POINT ( 'NONE',  ( -10.46271572104927472, 3.000000013828159062, 6.657999802957183633 ) ) ;
#19 =( NAMED_UNIT ( * ) PLANE_ANGLE_UNIT ( ) SI_UNIT ( $, .RADIAN. ) );
#20 = AXIS2_PLACEMENT_3D ( 'NONE', #5280, #1992, #391 ) ;
#21 = ORIENTED_EDGE ( 'NONE', *, *, #6755, .F. ) ;
#22 = SURFACE_STYLE_USAGE ( .BOTH. , #3078 ) ;
#24 = DIRECTION ( 'NONE',  ( -0.7071067811865475727, 0.000000000000000000, -0.7071067811865475727 ) ) ;
#23 = FILL_AREA_STYLE_COLOUR ( '', #4494 ) ;
#25 = VERTEX_POINT ( 'NONE', #1964 ) ;
#26 = CARTESIAN_POINT ( 'NONE',  ( 8.025000000000000355, 7.500000000000000000, -8.025000000000000355 ) ) ;
#27 = SURFACE_SIDE_STYLE ('',( #1500 ) ) ;
#28 = AXIS2_PLACEMENT_3D ( 'NONE', #3578, #1349, #2427 ) ;
#29 = SURFACE_SIDE_STYLE ('',( #549 ) ) ;
#30 = CARTESIAN_POINT ( 'NONE',  ( -10.60669162897514006, 3.506186964015124641, -11.11338941175970874 ) ) ;
#31 = ORIENTED_EDGE ( 'NONE', *, *, #1363, .F. ) ;
#32 = CARTESIAN_POINT ( 'NONE',  ( 8.025000000000000355, 7.500000000000000000, -8.025000000000000355 ) ) ;
#33 = PRESENTATION_LAYER_ASSIGNMENT (  '', '', ( #5831 ) ) ;
#34 = STYLED_ITEM ( 'NONE', ( #4697 ), #4880 ) ;
#35 = CARTESIAN_POINT ( 'NONE',  ( -20.55710678118654755, 10.00000000000000000, 17.27310601229372722 ) ) ;
#36 =( GEOMETRIC_REPRESENTATION_CONTEXT ( 3 ) GLOBAL_UNCERTAINTY_ASSIGNED_CONTEXT ( ( #5338 ) ) GLOBAL_UNIT_ASSIGNED_CONTEXT ( ( #5698, #5765, #2061 ) ) REPRESENTATION_CONTEXT ( 'NONE', 'WORKASPACE' ) );
#37 = AXIS2_PLACEMENT_3D ( 'NONE', #594, #657, #1218 ) ;
#38 = COLOUR_RGB ( '',1.000000000000000000, 1.000000000000000000, 1.000000000000000000 ) ;
#39 = EDGE_CURVE ( 'NONE', #5669, #1568, #3897, .T. ) ;
#40 = CIRCLE ( 'NONE', #2033, 1.699999999999994849 ) ;
#41 = CARTESIAN_POINT ( 'NONE',  ( -10.07755068993495762, 4.843469560871217716, 11.44759384431320370 ) ) ;
#42 = UNCERTAINTY_MEASURE_WITH_UNIT (LENGTH_MEASURE( 1.000000000000000082E-05 ), #1546, 'distance_accuracy_value', 'NONE');
#43 = CYLINDRICAL_SURFACE ( 'NONE', #5267, 1.775000000000003242 ) ;
#44 = MECHANICAL_DESIGN_GEOMETRIC_PRESENTATION_REPRESENTATION (  '', ( #1585 ), #3480 ) ;
#45 = CARTESIAN_POINT ( 'NONE',  ( 15.37957249080740851, 2.999999999999999112, -15.37957249080740496 ) ) ;
#46 = CARTESIAN_POINT ( 'NONE',  ( 10.31436818229877872, 3.508603887488003004, -11.31698343383183314 ) ) ;
#47 = CARTESIAN_POINT ( 'NONE',  ( -8.024999999999996803, 5.000000000000000000, -8.025000000000000355 ) ) ;
#48 = DIRECTION ( 'NONE',  ( 0.000000000000000000, 1.000000000000000000, 0.000000000000000000 ) ) ;
#49 = ORIENTED_EDGE ( 'NONE', *, *, #2785, .T. ) ;
#50 = UNCERTAINTY_MEASURE_WITH_UNIT (LENGTH_MEASURE( 1.000000000000000082E-05 ), #425, 'distance_accuracy_value', 'NONE');
#51 = LINE ( 'NONE', #6517, #1775 ) ;
#52 = ORIENTED_EDGE ( 'NONE', *, *, #2889, .T. ) ;
#53 = FACE_OUTER_BOUND ( 'NONE', #5988, .T. ) ;
#55 = DIRECTION ( 'NONE',  ( -0.000000000000000000, -1.000000000000000000, -0.000000000000000000 ) ) ;
#54 = CARTESIAN_POINT ( 'NONE',  ( 10.78185231215369555, 2.999999995407654829, -7.657206858957391837 ) ) ;
#56 = ORIENTED_EDGE ( 'NONE', *, *, #4015, .F. ) ;
#57 = CARTESIAN_POINT ( 'NONE',  ( 7.873762599760341985, 3.586295622183173659, 11.75000000000000178 ) ) ;
#58 = FACE_OUTER_BOUND ( 'NONE', #3535, .T. ) ;
#59 = CARTESIAN_POINT ( 'NONE',  ( 0.000000000000000000, 0.000000000000000000, 19.84999999999999787 ) ) ;
#60 = VERTEX_POINT ( 'NONE', #4551 ) ;
#61 = CARTESIAN_POINT ( 'NONE',  ( 11.35485817463022684, 4.847484998757958685, 10.25109625061753071 ) ) ;
#62 = SURFACE_STYLE_FILL_AREA ( #6434 ) ;
#63 = CARTESIAN_POINT ( 'NONE',  ( 15.37957249080740851, 3.000000000000000000, 18.62957249080740141 ) ) ;
#64 = EDGE_CURVE ( 'NONE', #180, #1498, #5452, .T. ) ;
#65 = CARTESIAN_POINT ( 'NONE',  ( -8.749999999999996447, 5.000000000000000000, 11.75000000000000533 ) ) ;
#66 = DIRECTION ( 'NONE',  ( 0.000000000000000000, 1.000000000000000000, -0.000000000000000000 ) ) ;
#67 = DIRECTION ( 'NONE',  ( 0.7071067811865475727, -0.000000000000000000, 0.7071067811865475727 ) ) ;
#69 = SURFACE_STYLE_FILL_AREA ( #2955 ) ;
#68 = DIRECTION ( 'NONE',  ( -0.000000000000000000, -1.000000000000000000, -0.000000000000000000 ) ) ;
#70 = CARTESIAN_POINT ( 'NONE',  ( -10.30423112829219967, 2.999999994689884542, 6.425369620530961612 ) ) ;
#71 = DIRECTION ( 'NONE',  ( 0.000000000000000000, 1.000000000000000000, -0.000000000000000000 ) ) ;
#72 = VERTEX_POINT ( 'NONE', #5072 ) ;
#73 = ADVANCED_FACE ( 'NONE', ( #2004 ), #1472, .T. ) ;
#74 = COLOUR_RGB ( '',1.000000000000000000, 1.000000000000000000, 1.000000000000000000 ) ;
#75 =( GEOMETRIC_REPRESENTATION_CONTEXT ( 3 ) GLOBAL_UNCERTAINTY_ASSIGNED_CONTEXT ( ( #2136 ) ) GLOBAL_UNIT_ASSIGNED_CONTEXT ( ( #5487, #4432, #3915 ) ) REPRESENTATION_CONTEXT ( 'NONE', 'WORKASPACE' ) );
#77 =( NAMED_UNIT ( * ) SI_UNIT ( $, .STERADIAN. ) SOLID_ANGLE_UNIT ( ) );
#76 = CARTESIAN_POINT ( 'NONE',  ( -8.024999999999996803, 5.000000000000000000, 8.025000000000000355 ) ) ;
#78 = ORIENTED_EDGE ( 'NONE', *, *, #5980, .T. ) ;
#79 = CARTESIAN_POINT ( 'NONE',  ( 8.785058124267324686, 3.000000005602988740, 10.70013270787381821 ) ) ;
#80 = EDGE_CURVE ( 'NONE', #2213, #1210, #1328, .T. ) ;
#81 = PRESENTATION_STYLE_ASSIGNMENT (( #4858 ) ) ;
#82 = DIRECTION ( 'NONE',  ( 1.000000000000000000, -0.000000000000000000, 1.224646799147353207E-16 ) ) ;
#83 = ORIENTED_EDGE ( 'NONE', *, *, #2473, .T. ) ;
#84 = AXIS2_PLACEMENT_3D ( 'NONE', #1575, #1106, #4833 ) ;
#85 = CARTESIAN_POINT ( 'NONE',  ( 10.73033714227958235, 4.854165280456492759, 11.01214552555002690 ) ) ;
#86 =( NAMED_UNIT ( * ) SI_UNIT ( $, .STERADIAN. ) SOLID_ANGLE_UNIT ( ) );
#87 = VECTOR ( 'NONE', #2940, 1000.000000000000000 ) ;
#88 = CIRCLE ( 'NONE', #2987, 1.000000000000000888 ) ;
#89 = EDGE_CURVE ( 'NONE', #3108, #6387, #6845, .T. ) ;
#90 = LINE ( 'NONE', #1691, #917 ) ;
#91 = VECTOR ( 'NONE', #4124, 1000.000000000000000 ) ;
#92 = COLOUR_RGB ( '',1.000000000000000000, 1.000000000000000000, 1.000000000000000000 ) ;
#93 = AXIS2_PLACEMENT_3D ( 'NONE', #5050, #3943, #6134 ) ;
#94 = PRESENTATION_LAYER_ASSIGNMENT (  '', '', ( #1006 ) ) ;
#95 = COLOUR_RGB ( '',1.000000000000000000, 1.000000000000000000, 1.000000000000000000 ) ;
#96 = AXIS2_PLACEMENT_3D ( 'NONE', #4660, #4554, #6711 ) ;
#97 = PRODUCT_DEFINITION_CONTEXT ( 'detailed design', #5058, 'design' ) ;
#98 = EDGE_CURVE ( 'NONE', #1274, #6050, #2596, .T. ) ;
#99 = FACE_OUTER_BOUND ( 'NONE', #271, .T. ) ;
#100 =( GEOMETRIC_REPRESENTATION_CONTEXT ( 3 ) GLOBAL_UNCERTAINTY_ASSIGNED_CONTEXT ( ( #4434 ) ) GLOBAL_UNIT_ASSIGNED_CONTEXT ( ( #4177, #6883, #1547 ) ) REPRESENTATION_CONTEXT ( 'NONE', 'WORKASPACE' ) );
#101 = COLOUR_RGB ( '',1.000000000000000000, 1.000000000000000000, 1.000000000000000000 ) ;
#102 = CARTESIAN_POINT ( 'NONE',  ( 9.340180939718990771, 3.521797493956164260, -11.71753119942083821 ) ) ;
#103 = CARTESIAN_POINT ( 'NONE',  ( 20.84999999999999432, 0.9999999999999991118, -16.56599923110718819 ) ) ;
#105 = CYLINDRICAL_SURFACE ( 'NONE', #6093, 2.774999999999996358 ) ;
#104 = DIRECTION ( 'NONE',  ( -0.000000000000000000, 0.000000000000000000, 1.000000000000000000 ) ) ;
#106 = UNCERTAINTY_MEASURE_WITH_UNIT (LENGTH_MEASURE( 1.000000000000000082E-05 ), #2893, 'distance_accuracy_value', 'NONE');
#107 =( GEOMETRIC_REPRESENTATION_CONTEXT ( 3 ) GLOBAL_UNCERTAINTY_ASSIGNED_CONTEXT ( ( #6051 ) ) GLOBAL_UNIT_ASSIGNED_CONTEXT ( ( #3967, #3301, #4341 ) ) REPRESENTATION_CONTEXT ( 'NONE', 'WORKASPACE' ) );
#108 = PRESENTATION_LAYER_ASSIGNMENT (  '', '', ( #2891 ) ) ;
#109 = CARTESIAN_POINT ( 'NONE',  ( -16.56599923110718109, 9.000000000000001776, -19.84999999999999787 ) ) ;
#110 = CARTESIAN_POINT ( 'NONE',  ( 6.343031678200016010, 4.971480338808881072, 11.75000000000000178 ) ) ;
#111 = EDGE_LOOP ( 'NONE', ( #3961, #1897, #787 ) ) ;
#112 = MECHANICAL_DESIGN_GEOMETRIC_PRESENTATION_REPRESENTATION (  '', ( #3232 ), #3790 ) ;
#113 = VECTOR ( 'NONE', #6052, 1000.000000000000000 ) ;
#114 =( LENGTH_UNIT ( ) NAMED_UNIT ( * ) SI_UNIT ( .MILLI., .METRE. ) );
#115 = EDGE_LOOP ( 'NONE', ( #5566, #4831, #3602, #5962 ) ) ;
#116 = CARTESIAN_POINT ( 'NONE',  ( 7.851076890520183760, 2.999999999169105092, 10.80124311984461016 ) ) ;
#117 = ADVANCED_FACE ( 'NONE', ( #4731 ), #5936, .T. ) ;
#118 = DIRECTION ( 'NONE',  ( 0.000000000000000000, 0.000000000000000000, 1.000000000000000000 ) ) ;
#119 = FILL_AREA_STYLE_COLOUR ( '', #6040 ) ;
#120 = DIRECTION ( 'NONE',  ( -0.000000000000000000, -1.000000000000000000, -0.000000000000000000 ) ) ;
#121 = FILL_AREA_STYLE ('',( #4376 ) ) ;
#122 = EDGE_LOOP ( 'NONE', ( #2135, #5778, #2806, #855 ) ) ;
#123 = COLOUR_RGB ( '',1.000000000000000000, 1.000000000000000000, 1.000000000000000000 ) ;
#124 = ORIENTED_EDGE ( 'NONE', *, *, #1021, .F. ) ;
#125 = SURFACE_STYLE_USAGE ( .BOTH. , #4899 ) ;
#126 = DIRECTION ( 'NONE',  ( -1.000000000000000000, 0.000000000000000000, 0.000000000000000000 ) ) ;
#127 = CARTESIAN_POINT ( 'NONE',  ( -12.74999999999999645, 10.00000000000000000, 8.750000000000001776 ) ) ;
#128 = CARTESIAN_POINT ( 'NONE',  ( 6.000000000000002665, 9.000000000000001776, 20.85000000000000142 ) ) ;
#129 = DIRECTION ( 'NONE',  ( 0.000000000000000000, 0.000000000000000000, 1.000000000000000000 ) ) ;
#130 = FACE_BOUND ( 'NONE', #5556, .T. ) ;
#131 = DIRECTION ( 'NONE',  ( 1.000000000000000000, -0.000000000000000000, 0.000000000000000000 ) ) ;
#132 = CIRCLE ( 'NONE', #2350, 1.774999999999998801 ) ;
#133 = PRESENTATION_LAYER_ASSIGNMENT (  '', '', ( #34 ) ) ;
#134 = AXIS2_PLACEMENT_3D ( 'NONE', #5465, #5992, #273 ) ;
#135 = DIRECTION ( 'NONE',  ( 0.000000000000000000, 1.000000000000000000, -0.000000000000000000 ) ) ;
#136 = ADVANCED_FACE ( 'NONE', ( #5823 ), #6231, .T. ) ;
#137 = STYLED_ITEM ( 'NONE', ( #2646 ), #4950 ) ;
#138 = DIRECTION ( 'NONE',  ( 0.000000000000000000, 0.000000000000000000, 1.000000000000000000 ) ) ;
#139 = COLOUR_RGB ( '',1.000000000000000000, 1.000000000000000000, 1.000000000000000000 ) ;
#140 = CIRCLE ( 'NONE', #6593, 2.774999999999996358 ) ;
#141 = CARTESIAN_POINT ( 'NONE',  ( 9.265148494812567748, 3.000000005986473983, -10.51390954620019436 ) ) ;
#142 =( NAMED_UNIT ( * ) PLANE_ANGLE_UNIT ( ) SI_UNIT ( $, .RADIAN. ) );
#143 = STYLED_ITEM ( 'NONE', ( #1082 ), #838 ) ;
#144 = COLOUR_RGB ( '',1.000000000000000000, 1.000000000000000000, 1.000000000000000000 ) ;
#145 = CYLINDRICAL_SURFACE ( 'NONE', #5586, 1.000000000000000888 ) ;
#146 = CARTESIAN_POINT ( 'NONE',  ( 8.024999999999996803, 3.000000000000000000, -8.025000000000000355 ) ) ;
#147 = ORIENTED_EDGE ( 'NONE', *, *, #731, .T. ) ;
#148 = CIRCLE ( 'NONE', #1065, 2.774999999999996358 ) ;
#150 = CARTESIAN_POINT ( 'NONE',  ( 9.749999999999998224, 3.000000000000000000, -8.749999999999998224 ) ) ;
#149 = DIRECTION ( 'NONE',  ( -0.000000000000000000, 1.000000000000000000, -0.000000000000000000 ) ) ;
#151 = EDGE_CURVE ( 'NONE', #5285, #180, #1151, .T. ) ;
#152 = ORIENTED_EDGE ( 'NONE', *, *, #6745, .T. ) ;
#153 = CARTESIAN_POINT ( 'NONE',  ( 8.698061147984812891, 3.560749770959628080, 11.75000000000000533 ) ) ;
#154 = CYLINDRICAL_SURFACE ( 'NONE', #3408, 1.000000000000000888 ) ;
#155 = FILL_AREA_STYLE ('',( #6424 ) ) ;
#156 = CARTESIAN_POINT ( 'NONE',  ( -5.851293488071594773, 5.000000000000157208, -9.749999999999998224 ) ) ;
#157 =( GEOMETRIC_REPRESENTATION_CONTEXT ( 3 ) GLOBAL_UNCERTAINTY_ASSIGNED_CONTEXT ( ( #1622 ) ) GLOBAL_UNIT_ASSIGNED_CONTEXT ( ( #3762, #6547, #3907 ) ) REPRESENTATION_CONTEXT ( 'NONE', 'WORKASPACE' ) );
#158 = ORIENTED_EDGE ( 'NONE', *, *, #880, .F. ) ;
#159 = ORIENTED_EDGE ( 'NONE', *, *, #2266, .F. ) ;
#160 = SURFACE_STYLE_USAGE ( .BOTH. , #4937 ) ;
#161 = EDGE_LOOP ( 'NONE', ( #5137, #5418, #5638, #647 ) ) ;
#162 = FILL_AREA_STYLE ('',( #5894 ) ) ;
#163 = CARTESIAN_POINT ( 'NONE',  ( -11.74999999999999822, 9.000000000000001776, -8.749999999999996447 ) ) ;
#164 = VECTOR ( 'NONE', #2930, 1000.000000000000000 ) ;
#165 = DIRECTION ( 'NONE',  ( -0.000000000000000000, 1.000000000000000000, -0.000000000000000000 ) ) ;
#166 = PLANE ( 'NONE',  #2119 ) ;
#167 = CYLINDRICAL_SURFACE ( 'NONE', #4812, 1.000000000000001332 ) ;
#168 = DIRECTION ( 'NONE',  ( 0.7071067811865474617, -0.000000000000000000, 0.7071067811865474617 ) ) ;
#169 = ADVANCED_FACE ( 'NONE', ( #3268 ), #3685, .T. ) ;
#170 = FILL_AREA_STYLE ('',( #6645 ) ) ;
#171 = DIRECTION ( 'NONE',  ( 0.000000000000000000, 0.000000000000000000, -1.000000000000000000 ) ) ;
#172 = FACE_OUTER_BOUND ( 'NONE', #1881, .T. ) ;
#173 = FACE_OUTER_BOUND ( 'NONE', #3214, .T. ) ;
#174 = CARTESIAN_POINT ( 'NONE',  ( -11.74999999999999822, 5.000000000000000000, -5.851293488071594773 ) ) ;
#175 = UNCERTAINTY_MEASURE_WITH_UNIT (LENGTH_MEASURE( 1.000000000000000082E-05 ), #2992, 'distance_accuracy_value', 'NONE');
#176 = ORIENTED_EDGE ( 'NONE', *, *, #687, .F. ) ;
#177 = CARTESIAN_POINT ( 'NONE',  ( 19.84999999999999432, 0.9999999999999991118, 16.56599923110718464 ) ) ;
#179 = CARTESIAN_POINT ( 'NONE',  ( -20.55710678118654755, 9.000000000000001776, 17.27310601229372722 ) ) ;
#178 = FACE_OUTER_BOUND ( 'NONE', #2909, .T. ) ;
#180 = VERTEX_POINT ( 'NONE', #4246 ) ;
#181 = CARTESIAN_POINT ( 'NONE',  ( 6.344634930023625330, 4.971304314992067930, 11.75000000000000355 ) ) ;
#182 = DIRECTION ( 'NONE',  ( 1.000000000000000000, -0.000000000000000000, -1.224646799147353207E-16 ) ) ;
#183 =( NAMED_UNIT ( * ) SI_UNIT ( $, .STERADIAN. ) SOLID_ANGLE_UNIT ( ) );
#184 = SURFACE_SIDE_STYLE ('',( #623 ) ) ;
#185 = ADVANCED_FACE ( 'NONE', ( #2678 ), #3750, .F. ) ;
#186 = EDGE_LOOP ( 'NONE', ( #4670, #1338 ) ) ;
#187 = ORIENTED_EDGE ( 'NONE', *, *, #5549, .T. ) ;
#188 = CARTESIAN_POINT ( 'NONE',  ( 20.55710678118654400, 9.000000000000001776, 17.27310601229373077 ) ) ;
#189 = ORIENTED_EDGE ( 'NONE', *, *, #6343, .F. ) ;
#190 =( LENGTH_UNIT ( ) NAMED_UNIT ( * ) SI_UNIT ( .MILLI., .METRE. ) );
#191 = PLANE ( 'NONE',  #6006 ) ;
#192 = FILL_AREA_STYLE_COLOUR ( '', #1020 ) ;
#193 = CARTESIAN_POINT ( 'NONE',  ( 10.70770558168484143, 3.000000004592394465, 7.291108104573593707 ) ) ;
#194 = FILL_AREA_STYLE ('',( #6610 ) ) ;
#195 = PRESENTATION_LAYER_ASSIGNMENT (  '', '', ( #6319 ) ) ;
#196 = DIRECTION ( 'NONE',  ( 0.000000000000000000, -1.000000000000000000, 0.000000000000000000 ) ) ;
#197 = MECHANICAL_DESIGN_GEOMETRIC_PRESENTATION_REPRESENTATION (  '', ( #639 ), #3533 ) ;
#198 = CARTESIAN_POINT ( 'NONE',  ( 11.75000000000000178, 3.000000000000000000, 5.851293488071592996 ) ) ;
#199 = PRESENTATION_STYLE_ASSIGNMENT (( #3370 ) ) ;
#200 = COLOUR_RGB ( '',1.000000000000000000, 1.000000000000000000, 1.000000000000000000 ) ;
#201 = DIRECTION ( 'NONE',  ( 1.000000000000000000, -0.000000000000000000, 0.000000000000000000 ) ) ;
#202 = AXIS2_PLACEMENT_3D ( 'NONE', #4776, #3833, #6337 ) ;
#203 = AXIS2_PLACEMENT_3D ( 'NONE', #4902, #4480, #1277 ) ;
#204 = VECTOR ( 'NONE', #168, 1000.000000000000114 ) ;
#205 = APPLICATION_PROTOCOL_DEFINITION ( 'draft international standard', 'automotive_design', 1998, #5058 ) ;
#206 = FILL_AREA_STYLE_COLOUR ( '', #5470 ) ;
#207 = VECTOR ( 'NONE', #258, 1000.000000000000000 ) ;
#208 = AXIS2_PLACEMENT_3D ( 'NONE', #3971, #131, #5533 ) ;
#209 = SURFACE_STYLE_FILL_AREA ( #1807 ) ;
#210 = VERTEX_POINT ( 'NONE', #128 ) ;
#211 = SURFACE_SIDE_STYLE ('',( #740 ) ) ;
#212 = ADVANCED_FACE ( 'NONE', ( #230 ), #5530, .F. ) ;
#214 =( NAMED_UNIT ( * ) PLANE_ANGLE_UNIT ( ) SI_UNIT ( $, .RADIAN. ) );
#213 =( NAMED_UNIT ( * ) SI_UNIT ( $, .STERADIAN. ) SOLID_ANGLE_UNIT ( ) );
#215 = ADVANCED_FACE ( 'NONE', ( #4970 ), #4412, .F. ) ;
#216 = EDGE_LOOP ( 'NONE', ( #822, #5573, #2916, #413 ) ) ;
#217 = CARTESIAN_POINT ( 'NONE',  ( -20.55710678118654755, 9.000000000000001776, 17.27310601229372722 ) ) ;
#218 = DIRECTION ( 'NONE',  ( -0.000000000000000000, 1.000000000000000000, -0.000000000000000000 ) ) ;
#219 = SURFACE_STYLE_USAGE ( .BOTH. , #4996 ) ;
#220 = SURFACE_STYLE_USAGE ( .BOTH. , #6115 ) ;
#221 = SURFACE_STYLE_USAGE ( .BOTH. , #4997 ) ;
#222 = ORIENTED_EDGE ( 'NONE', *, *, #1911, .F. ) ;
#223 = VERTEX_POINT ( 'NONE', #781 ) ;
#224 = CARTESIAN_POINT ( 'NONE',  ( -19.85000000000000497, 1.000000000000000000, -16.56599923110717754 ) ) ;
#225 =( GEOMETRIC_REPRESENTATION_CONTEXT ( 3 ) GLOBAL_UNCERTAINTY_ASSIGNED_CONTEXT ( ( #5860 ) ) GLOBAL_UNIT_ASSIGNED_CONTEXT ( ( #2342, #4024, #327 ) ) REPRESENTATION_CONTEXT ( 'NONE', 'WORKASPACE' ) );
#226 = STYLED_ITEM ( 'NONE', ( #2352 ), #4011 ) ;
#227 = ORIENTED_EDGE ( 'NONE', *, *, #3217, .F. ) ;
#228 =( NAMED_UNIT ( * ) SI_UNIT ( $, .STERADIAN. ) SOLID_ANGLE_UNIT ( ) );
#229 = DIRECTION ( 'NONE',  ( -1.000000000000000000, -0.000000000000000000, -0.000000000000000000 ) ) ;
#230 = FACE_OUTER_BOUND ( 'NONE', #2141, .T. ) ;
#231 = FILL_AREA_STYLE_COLOUR ( '', #4567 ) ;
#232 = SURFACE_STYLE_FILL_AREA ( #4344 ) ;
#233 = MECHANICAL_DESIGN_GEOMETRIC_PRESENTATION_REPRESENTATION (  '', ( #2565 ), #6461 ) ;
#234 = COLOUR_RGB ( '',1.000000000000000000, 1.000000000000000000, 1.000000000000000000 ) ;
#235 = SURFACE_STYLE_USAGE ( .BOTH. , #760 ) ;
#236 = LINE ( 'NONE', #4907, #2775 ) ;
#237 = CARTESIAN_POINT ( 'NONE',  ( 11.75000000000000178, 5.000000000000000000, 5.851293488071593885 ) ) ;
#238 = AXIS2_PLACEMENT_3D ( 'NONE', #6233, #4527, #840 ) ;
#239 = DIRECTION ( 'NONE',  ( 0.000000000000000000, 0.000000000000000000, -1.000000000000000000 ) ) ;
#240 = ADVANCED_FACE ( 'NONE', ( #3008 ), #5580, .T. ) ;
#241 = CARTESIAN_POINT ( 'NONE',  ( 5.851293488071589444, 3.000000000000000000, 9.750000000000005329 ) ) ;
#242 = AXIS2_PLACEMENT_3D ( 'NONE', #4646, #6289, #6766 ) ;
#243 = CIRCLE ( 'NONE', #3592, 2.774999999999996358 ) ;
#244 = ADVANCED_FACE ( 'NONE', ( #3526 ), #5133, .T. ) ;
#245 = AXIS2_PLACEMENT_3D ( 'NONE', #6202, #5195, #3001 ) ;
#246 = MECHANICAL_DESIGN_GEOMETRIC_PRESENTATION_REPRESENTATION (  '', ( #921 ), #3356 ) ;
#247 = LINE ( 'NONE', #1767, #3092 ) ;
#248 = CARTESIAN_POINT ( 'NONE',  ( 11.75000000000000000, 4.809980967308891131, -9.145276567021712211 ) ) ;
#249 = UNCERTAINTY_MEASURE_WITH_UNIT (LENGTH_MEASURE( 1.000000000000000082E-05 ), #3396, 'distance_accuracy_value', 'NONE');
#250 = COLOUR_RGB ( '',1.000000000000000000, 1.000000000000000000, 1.000000000000000000 ) ;
#251 = DIRECTION ( 'NONE',  ( 0.000000000000000000, 1.000000000000000000, 0.000000000000000000 ) ) ;
#252 = AXIS2_PLACEMENT_3D ( 'NONE', #3612, #5830, #1505 ) ;
#253 = TOROIDAL_SURFACE ( 'NONE', #37, 3.000000000000000000, 1.000000000000000000 ) ;
#254 = MECHANICAL_DESIGN_GEOMETRIC_PRESENTATION_REPRESENTATION (  '', ( #3823 ), #2036 ) ;
#255 = CARTESIAN_POINT ( 'NONE',  ( -8.749999999999996447, 9.000000000000001776, 8.750000000000001776 ) ) ;
#256 = ADVANCED_FACE ( 'NONE', ( #364 ), #851, .T. ) ;
#258 = DIRECTION ( 'NONE',  ( 0.000000000000000000, -0.000000000000000000, 1.000000000000000000 ) ) ;
#257 = CARTESIAN_POINT ( 'NONE',  ( -10.58323552776711196, 2.999999999999999112, -9.100200439206615144 ) ) ;
#259 = VECTOR ( 'NONE', #2946, 1000.000000000000000 ) ;
#260 = ORIENTED_EDGE ( 'NONE', *, *, #2397, .F. ) ;
#261 = UNCERTAINTY_MEASURE_WITH_UNIT (LENGTH_MEASURE( 1.000000000000000082E-05 ), #6217, 'distance_accuracy_value', 'NONE');
#262 = SURFACE_STYLE_USAGE ( .BOTH. , #1781 ) ;
#263 = DIRECTION ( 'NONE',  ( 1.734723475976807292E-15, 0.9812749603306769597, -0.1926121808921450185 ) ) ;
#264 = CARTESIAN_POINT ( 'NONE',  ( -8.749999999999996447, 3.000000000000000000, 11.75000000000000533 ) ) ;
#265 =( LENGTH_UNIT ( ) NAMED_UNIT ( * ) SI_UNIT ( .MILLI., .METRE. ) );
#266 = COLOUR_RGB ( '',1.000000000000000000, 1.000000000000000000, 1.000000000000000000 ) ;
#267 = ORIENTED_EDGE ( 'NONE', *, *, #39, .T. ) ;
#268 = ORIENTED_EDGE ( 'NONE', *, *, #553, .F. ) ;
#269 = CARTESIAN_POINT ( 'NONE',  ( 8.750000000000001776, 9.000000000000001776, -11.74999999999999645 ) ) ;
#270 = CIRCLE ( 'NONE', #816, 0.9999999999999991118 ) ;
#271 = EDGE_LOOP ( 'NONE', ( #5527, #6502, #6305, #1081 ) ) ;
#272 = DIRECTION ( 'NONE',  ( 0.000000000000000000, 0.000000000000000000, -1.000000000000000000 ) ) ;
#273 = DIRECTION ( 'NONE',  ( 0.000000000000000000, 0.000000000000000000, -1.000000000000000000 ) ) ;
#274 = FILL_AREA_STYLE_COLOUR ( '', #5504 ) ;
#275 = EDGE_LOOP ( 'NONE', ( #4330, #4401, #5498, #3494 ) ) ;
#276 = VERTEX_POINT ( 'NONE', #6838 ) ;
#277 = PRESENTATION_LAYER_ASSIGNMENT (  '', '', ( #2485 ) ) ;
#278 = DIRECTION ( 'NONE',  ( 0.000000000000000000, 0.000000000000000000, 1.000000000000000000 ) ) ;
#279 = DIRECTION ( 'NONE',  ( 0.000000000000000000, 0.000000000000000000, 1.000000000000000000 ) ) ;
#280 = DIRECTION ( 'NONE',  ( 0.000000000000000000, 0.000000000000000000, -1.000000000000000000 ) ) ;
#281 = FILL_AREA_STYLE ('',( #907 ) ) ;
#282 = CARTESIAN_POINT ( 'NONE',  ( -19.84999999999999787, 0.000000000000000000, -16.56599923110717043 ) ) ;
#283 = LINE ( 'NONE', #6618, #4664 ) ;
#284 = PRODUCT_DEFINITION_FORMATION_WITH_SPECIFIED_SOURCE ( 'ANY', '', #2743, .NOT_KNOWN. ) ;
#285 = EDGE_CURVE ( 'NONE', #1718, #2836, #6454, .T. ) ;
#286 = DIRECTION ( 'NONE',  ( 0.000000000000000000, 1.000000000000000000, 0.000000000000000000 ) ) ;
#287 = CARTESIAN_POINT ( 'NONE',  ( 8.947638215693848096, 4.797049643124835505, -11.74999999999999645 ) ) ;
#288 =( LENGTH_UNIT ( ) NAMED_UNIT ( * ) SI_UNIT ( .MILLI., .METRE. ) );
#289 = SURFACE_SIDE_STYLE ('',( #6691 ) ) ;
#290 = ORIENTED_EDGE ( 'NONE', *, *, #865, .F. ) ;
#291 = SURFACE_SIDE_STYLE ('',( #3524 ) ) ;
#292 = FILL_AREA_STYLE_COLOUR ( '', #4544 ) ;
#293 = SURFACE_STYLE_USAGE ( .BOTH. , #1956 ) ;
#294 = ORIENTED_EDGE ( 'NONE', *, *, #1170, .T. ) ;
#295 = EDGE_CURVE ( 'NONE', #3990, #505, #4452, .T. ) ;
#296 = ORIENTED_EDGE ( 'NONE', *, *, #3700, .T. ) ;
#297 = CARTESIAN_POINT ( 'NONE',  ( -16.56599923110718109, 9.000000000000001776, 19.84999999999999787 ) ) ;
#298 = ORIENTED_EDGE ( 'NONE', *, *, #1872, .T. ) ;
#300 = SURFACE_STYLE_USAGE ( .BOTH. , #2555 ) ;
#299 = CARTESIAN_POINT ( 'NONE',  ( 9.750000000000003553, 5.000000000000000000, 5.851293488071594773 ) ) ;
#301 = CARTESIAN_POINT ( 'NONE',  ( 0.000000000000000000, 9.000000000000001776, -20.85000000000000142 ) ) ;
#302 = ORIENTED_EDGE ( 'NONE', *, *, #2898, .T. ) ;
#303 = SURFACE_STYLE_USAGE ( .BOTH. , #6607 ) ;
#304 =( LENGTH_UNIT ( ) NAMED_UNIT ( * ) SI_UNIT ( .MILLI., .METRE. ) );
#305 = ORIENTED_EDGE ( 'NONE', *, *, #3582, .T. ) ;
#306 = ADVANCED_FACE ( 'NONE', ( #5740 ), #861, .F. ) ;
#307 = CARTESIAN_POINT ( 'NONE',  ( 8.750000000000001776, 10.00000000000000000, -12.74999999999999645 ) ) ;
#308 = AXIS2_PLACEMENT_3D ( 'NONE', #6802, #1391, #3003 ) ;
#309 = FACE_OUTER_BOUND ( 'NONE', #5228, .T. ) ;
#310 = CARTESIAN_POINT ( 'NONE',  ( 19.84999999999999432, 0.9999999999999991118, -16.56599923110718819 ) ) ;
#311 = CIRCLE ( 'NONE', #1749, 1.000000000000000888 ) ;
#312 = EDGE_CURVE ( 'NONE', #4090, #2692, #909, .T. ) ;
#313 = AXIS2_PLACEMENT_3D ( 'NONE', #2545, #5815, #963 ) ;
#314 = STYLED_ITEM ( 'NONE', ( #6546 ), #2372 ) ;
#315 = UNCERTAINTY_MEASURE_WITH_UNIT (LENGTH_MEASURE( 1.000000000000000082E-05 ), #304, 'distance_accuracy_value', 'NONE');
#316 = AXIS2_PLACEMENT_3D ( 'NONE', #2039, #6704, #6121 ) ;
#317 = AXIS2_PLACEMENT_3D ( 'NONE', #5968, #5836, #2221 ) ;
#318 = FILL_AREA_STYLE_COLOUR ( '', #3245 ) ;
#320 = CARTESIAN_POINT ( 'NONE',  ( 19.84999999999999432, 9.000000000000001776, -16.56599923110718819 ) ) ;
#319 = CARTESIAN_POINT ( 'NONE',  ( -10.78185231215361384, 2.999999995407593545, -7.657206858957538387 ) ) ;
#321 = VERTEX_POINT ( 'NONE', #2791 ) ;
#322 = UNCERTAINTY_MEASURE_WITH_UNIT (LENGTH_MEASURE( 1.000000000000000082E-05 ), #6447, 'distance_accuracy_value', 'NONE');
#323 = CARTESIAN_POINT ( 'NONE',  ( 5.851293488071595661, 3.000000000000010214, 11.75000000000000355 ) ) ;
#324 = CARTESIAN_POINT ( 'NONE',  ( 8.750000000000001776, 10.00000000000000000, 12.75000000000000355 ) ) ;
#325 = CIRCLE ( 'NONE', #2326, 1.000000000000000888 ) ;
#326 = AXIS2_PLACEMENT_3D ( 'NONE', #2387, #5006, #763 ) ;
#327 =( NAMED_UNIT ( * ) SI_UNIT ( $, .STERADIAN. ) SOLID_ANGLE_UNIT ( ) );
#328 = ORIENTED_EDGE ( 'NONE', *, *, #5382, .T. ) ;
#329 = ORIENTED_EDGE ( 'NONE', *, *, #4672, .F. ) ;
#330 = DIRECTION ( 'NONE',  ( 1.664003334270318564E-16, 0.000000000000000000, 1.000000000000000000 ) ) ;
#331 = ORIENTED_EDGE ( 'NONE', *, *, #4840, .T. ) ;
#332 = CARTESIAN_POINT ( 'NONE',  ( -6.343031678200031998, 4.971480338808879296, 11.75000000000000711 ) ) ;
#333 = CIRCLE ( 'NONE', #1121, 2.000000000000000000 ) ;
#335 = DIRECTION ( 'NONE',  ( 0.000000000000000000, 0.000000000000000000, -1.000000000000000000 ) ) ;
#334 = SURFACE_SIDE_STYLE ('',( #3016 ) ) ;
#336 = EDGE_CURVE ( 'NONE', #1736, #1210, #2336, .T. ) ;
#337 = DIRECTION ( 'NONE',  ( 1.000000000000000000, 0.000000000000000000, 0.000000000000000000 ) ) ;
#338 = EDGE_LOOP ( 'NONE', ( #4058, #373, #1204, #2640 ) ) ;
#339 = SURFACE_STYLE_FILL_AREA ( #2981 ) ;
#340 = CARTESIAN_POINT ( 'NONE',  ( -9.527810754943624616, 4.825339383677085259, 11.65398907294899189 ) ) ;
#341 =( GEOMETRIC_REPRESENTATION_CONTEXT ( 3 ) GLOBAL_UNCERTAINTY_ASSIGNED_CONTEXT ( ( #5292 ) ) GLOBAL_UNIT_ASSIGNED_CONTEXT ( ( #1300, #5561, #469 ) ) REPRESENTATION_CONTEXT ( 'NONE', 'WORKASPACE' ) );
#342 = ORIENTED_EDGE ( 'NONE', *, *, #5254, .F. ) ;
#343 = DIRECTION ( 'NONE',  ( 0.000000000000000000, -1.000000000000000000, 0.000000000000000000 ) ) ;
#344 = CARTESIAN_POINT ( 'NONE',  ( -15.37957249080740851, 0.000000000000000000, 15.37957249080740496 ) ) ;
#345 = AXIS2_PLACEMENT_3D ( 'NONE', #1297, #5063, #6693 ) ;
#346 = FACE_OUTER_BOUND ( 'NONE', #2183, .T. ) ;
#347 = PRESENTATION_STYLE_ASSIGNMENT (( #1947 ) ) ;
#348 = B_SPLINE_CURVE_WITH_KNOTS ( 'NONE', 3,
 ( #5261, #451, #2117, #2568, #3168, #4209, #2523, #3688, #979, #6302, #1548, #6785, #3616, #6400, #5898, #1509 ),
 .UNSPECIFIED., .F., .F.,
 ( 4, 2, 2, 2, 2, 2, 2, 4 ),
 ( 3.469446951953614189E-18, 0.0005938550238885426319, 0.001187710047777081794, 0.001781565071665620848, 0.002375420095554160119, 0.002969275119442699173, 0.003563130143331238227, 0.004750840191108318504 ),
 .UNSPECIFIED. ) ;
#349 = COLOUR_RGB ( '',1.000000000000000000, 1.000000000000000000, 1.000000000000000000 ) ;
#350 = EDGE_CURVE ( 'NONE', #5738, #1942, #4792, .T. ) ;
#351 = CARTESIAN_POINT ( 'NONE',  ( -7.851076890519959939, 2.999999999169113529, -10.80124311984462082 ) ) ;
#352 = CARTESIAN_POINT ( 'NONE',  ( 0.000000000000000000, 0.000000000000000000, 0.000000000000000000 ) ) ;
#353 = CIRCLE ( 'NONE', #920, 1.074999999999999512 ) ;
#354 = VECTOR ( 'NONE', #2681, 1000.000000000000000 ) ;
#355 = PRESENTATION_STYLE_ASSIGNMENT (( #4638 ) ) ;
#356 = COLOUR_RGB ( '',1.000000000000000000, 1.000000000000000000, 1.000000000000000000 ) ;
#357 = FACE_OUTER_BOUND ( 'NONE', #6259, .T. ) ;
#358 = DIRECTION ( 'NONE',  ( 0.7071067811865475727, 0.000000000000000000, -0.7071067811865475727 ) ) ;
#359 = ORIENTED_EDGE ( 'NONE', *, *, #3571, .F. ) ;
#360 = LINE ( 'NONE', #1365, #3563 ) ;
#361 = STYLED_ITEM ( 'NONE', ( #3658 ), #5745 ) ;
#362 = CARTESIAN_POINT ( 'NONE',  ( -17.27310601229372722, 9.000000000000001776, 20.55710678118654755 ) ) ;
#363 =( GEOMETRIC_REPRESENTATION_CONTEXT ( 3 ) GLOBAL_UNCERTAINTY_ASSIGNED_CONTEXT ( ( #5120 ) ) GLOBAL_UNIT_ASSIGNED_CONTEXT ( ( #6264, #5868, #2162 ) ) REPRESENTATION_CONTEXT ( 'NONE', 'WORKASPACE' ) );
#364 = FACE_OUTER_BOUND ( 'NONE', #5979, .T. ) ;
#365 = CARTESIAN_POINT ( 'NONE',  ( 16.56599923110718109, 10.00000000000000000, 19.84999999999999787 ) ) ;
#366 = EDGE_LOOP ( 'NONE', ( #5631, #1174, #3996, #2066 ) ) ;
#367 = EDGE_LOOP ( 'NONE', ( #3764, #3071 ) ) ;
#368 = CARTESIAN_POINT ( 'NONE',  ( 0.000000000000000000, 10.00000000000000000, 0.000000000000000000 ) ) ;
#369 = PRESENTATION_STYLE_ASSIGNMENT (( #829 ) ) ;
#370 =( GEOMETRIC_REPRESENTATION_CONTEXT ( 3 ) GLOBAL_UNCERTAINTY_ASSIGNED_CONTEXT ( ( #3099 ) ) GLOBAL_UNIT_ASSIGNED_CONTEXT ( ( #6118, #3992, #2874 ) ) REPRESENTATION_CONTEXT ( 'NONE', 'WORKASPACE' ) );
#371 = EDGE_CURVE ( 'NONE', #5069, #893, #4800, .T. ) ;
#372 = CARTESIAN_POINT ( 'NONE',  ( 8.025000000000000355, 6.799999999999999822, -8.025000000000000355 ) ) ;
#373 = ORIENTED_EDGE ( 'NONE', *, *, #5964, .F. ) ;
#374 = ORIENTED_EDGE ( 'NONE', *, *, #151, .T. ) ;
#375 = COLOUR_RGB ( '',1.000000000000000000, 1.000000000000000000, 1.000000000000000000 ) ;
#376 = CARTESIAN_POINT ( 'NONE',  ( -17.27310601229372722, 0.9999999999999991118, -20.55710678118654755 ) ) ;
#377 = ORIENTED_EDGE ( 'NONE', *, *, #6609, .T. ) ;
#378 = CARTESIAN_POINT ( 'NONE',  ( 9.644326166700437852, 2.999999999484070035, 10.28030609800580741 ) ) ;
#379 = STYLED_ITEM ( 'NONE', ( #830 ), #6407 ) ;
#380 = CARTESIAN_POINT ( 'NONE',  ( -8.785058124267656865, 3.000000005603005171, 10.70013270787376847 ) ) ;
#381 = SURFACE_STYLE_FILL_AREA ( #4667 ) ;
#382 = AXIS2_PLACEMENT_3D ( 'NONE', #1167, #633, #1127 ) ;
#383 = EDGE_CURVE ( 'NONE', #3605, #743, #51, .T. ) ;
#384 = SURFACE_STYLE_FILL_AREA ( #1984 ) ;
#385 = CARTESIAN_POINT ( 'NONE',  ( -8.749999999999996447, 3.000000000000000000, -11.74999999999999822 ) ) ;
#387 = SURFACE_SIDE_STYLE ('',( #4575 ) ) ;
#386 = FACE_OUTER_BOUND ( 'NONE', #853, .T. ) ;
#388 = EDGE_CURVE ( 'NONE', #818, #5179, #1024, .T. ) ;
#389 = EDGE_LOOP ( 'NONE', ( #4591, #3732, #5269, #1343 ) ) ;
#390 = UNCERTAINTY_MEASURE_WITH_UNIT (LENGTH_MEASURE( 1.000000000000000082E-05 ), #2913, 'distance_accuracy_value', 'NONE');
#391 = DIRECTION ( 'NONE',  ( 0.000000000000000000, 0.000000000000000000, -1.000000000000000000 ) ) ;
#392 = FILL_AREA_STYLE ('',( #5170 ) ) ;
#393 =( LENGTH_UNIT ( ) NAMED_UNIT ( * ) SI_UNIT ( .MILLI., .METRE. ) );
#394 = ORIENTED_EDGE ( 'NONE', *, *, #5759, .T. ) ;
#395 = DIRECTION ( 'NONE',  ( -0.000000000000000000, -1.000000000000000000, -0.000000000000000000 ) ) ;
#396 = ORIENTED_EDGE ( 'NONE', *, *, #5449, .T. ) ;
#397 = FILL_AREA_STYLE_COLOUR ( '', #2537 ) ;
#398 = ORIENTED_EDGE ( 'NONE', *, *, #3700, .F. ) ;
#399 = ORIENTED_EDGE ( 'NONE', *, *, #5906, .T. ) ;
#400 = ADVANCED_FACE ( 'NONE', ( #3735 ), #145, .T. ) ;
#401 = DIRECTION ( 'NONE',  ( -0.000000000000000000, 1.000000000000000000, -0.000000000000000000 ) ) ;
#402 = CARTESIAN_POINT ( 'NONE',  ( 8.025000000000000355, 6.799999999999999822, -9.799999999999998934 ) ) ;
#403 =( NAMED_UNIT ( * ) SI_UNIT ( $, .STERADIAN. ) SOLID_ANGLE_UNIT ( ) );
#404 = SURFACE_SIDE_STYLE ('',( #6296 ) ) ;
#405 = ORIENTED_EDGE ( 'NONE', *, *, #4526, .T. ) ;
#406 = CARTESIAN_POINT ( 'NONE',  ( 10.25020560165515526, 4.847469346517571331, 11.35543181454364614 ) ) ;
#407 = DIRECTION ( 'NONE',  ( 1.000000000000000000, 0.000000000000000000, -9.912705577010326782E-17 ) ) ;
#408 = CARTESIAN_POINT ( 'NONE',  ( -8.698061147984928354, 3.560749770959542815, 11.75000000000000533 ) ) ;
#409 = FILL_AREA_STYLE_COLOUR ( '', #3817 ) ;
#410 = CARTESIAN_POINT ( 'NONE',  ( 15.37957249080740851, 10.00000000000000000, -17.07957249080740070 ) ) ;
#411 =( NAMED_UNIT ( * ) SI_UNIT ( $, .STERADIAN. ) SOLID_ANGLE_UNIT ( ) );
#412 = PRESENTATION_LAYER_ASSIGNMENT (  '', '', ( #6748 ) ) ;
#413 = ORIENTED_EDGE ( 'NONE', *, *, #1856, .T. ) ;
#414 = CARTESIAN_POINT ( 'NONE',  ( -8.951384184402812139, 3.000000013051607350, -10.64578151787704385 ) ) ;
#415 = ADVANCED_FACE ( 'NONE', ( #2272 ), #538, .F. ) ;
#416 = AXIS2_PLACEMENT_3D ( 'NONE', #3258, #5395, #6629 ) ;
#417 = SURFACE_STYLE_FILL_AREA ( #5764 ) ;
#418 = AXIS2_PLACEMENT_3D ( 'NONE', #5126, #991, #2540 ) ;
#419 = FACE_OUTER_BOUND ( 'NONE', #4378, .T. ) ;
#420 = CARTESIAN_POINT ( 'NONE',  ( 11.01214552554990789, 4.854165280456489207, -10.73033714227968893 ) ) ;
#421 = PRESENTATION_LAYER_ASSIGNMENT (  '', '', ( #6432 ) ) ;
#423 = SPHERICAL_SURFACE ( 'NONE', #5085, 1.000000000000000000 ) ;
#422 = CARTESIAN_POINT ( 'NONE',  ( -11.74999999999999822, 4.737447233600396324, -7.554772149253282443 ) ) ;
#424 = ORIENTED_EDGE ( 'NONE', *, *, #6128, .T. ) ;
#425 =( LENGTH_UNIT ( ) NAMED_UNIT ( * ) SI_UNIT ( .MILLI., .METRE. ) );
#426 = CARTESIAN_POINT ( 'NONE',  ( -8.024999999999996803, 3.000000000000000000, -10.79999999999999716 ) ) ;
#427 = DIRECTION ( 'NONE',  ( 0.000000000000000000, 0.000000000000000000, 1.000000000000000000 ) ) ;
#428 = PLANE ( 'NONE',  #3774 ) ;
#429 = CIRCLE ( 'NONE', #5337, 2.000000000000000000 ) ;
#430 = VECTOR ( 'NONE', #5539, 1000.000000000000000 ) ;
#431 = EDGE_CURVE ( 'NONE', #4239, #223, #5811, .T. ) ;
#432 = ORIENTED_EDGE ( 'NONE', *, *, #1837, .F. ) ;
#433 = PRESENTATION_STYLE_ASSIGNMENT (( #5779 ) ) ;
#434 = CARTESIAN_POINT ( 'NONE',  ( -6.097892163590178605, 5.000000000000000000, 11.75000000000000711 ) ) ;
#435 = ADVANCED_FACE ( 'NONE', ( #3382 ), #5480, .T. ) ;
#436 = FILL_AREA_STYLE_COLOUR ( '', #4449 ) ;
#437 = VECTOR ( 'NONE', #4549, 1000.000000000000114 ) ;
#438 = CIRCLE ( 'NONE', #1652, 1.699999999999998401 ) ;
#439 = ORIENTED_EDGE ( 'NONE', *, *, #4715, .T. ) ;
#440 =( NAMED_UNIT ( * ) SI_UNIT ( $, .STERADIAN. ) SOLID_ANGLE_UNIT ( ) );
#441 = DIRECTION ( 'NONE',  ( 0.000000000000000000, 0.000000000000000000, 1.000000000000000000 ) ) ;
#442 = CARTESIAN_POINT ( 'NONE',  ( 6.098428624015387101, 4.999999988370674942, -11.74999999999999645 ) ) ;
#443 = CARTESIAN_POINT ( 'NONE',  ( -11.01025795066251689, 4.854172542989267924, 10.73237526363373284 ) ) ;
#444 = VERTEX_POINT ( 'NONE', #4461 ) ;
#445 = SURFACE_STYLE_FILL_AREA ( #2518 ) ;
#446 = VECTOR ( 'NONE', #3411, 1000.000000000000000 ) ;
#447 =( GEOMETRIC_REPRESENTATION_CONTEXT ( 3 ) GLOBAL_UNCERTAINTY_ASSIGNED_CONTEXT ( ( #6175 ) ) GLOBAL_UNIT_ASSIGNED_CONTEXT ( ( #2942, #890, #1465 ) ) REPRESENTATION_CONTEXT ( 'NONE', 'WORKASPACE' ) );
#448 = DIRECTION ( 'NONE',  ( 0.000000000000000000, -1.000000000000000000, 0.000000000000000000 ) ) ;
#449 = SURFACE_STYLE_USAGE ( .BOTH. , #1507 ) ;
#450 = FILL_AREA_STYLE_COLOUR ( '', #2653 ) ;
#451 = CARTESIAN_POINT ( 'NONE',  ( -11.75000000000000355, 4.797049643124837282, -8.947638215693840991 ) ) ;
#452 = PRESENTATION_LAYER_ASSIGNMENT (  '', '', ( #4236 ) ) ;
#453 = PRESENTATION_LAYER_ASSIGNMENT (  '', '', ( #4235 ) ) ;
#454 = AXIS2_PLACEMENT_3D ( 'NONE', #5663, #4023, #6077 ) ;
#455 = EDGE_LOOP ( 'NONE', ( #2275, #2068, #1515, #5637 ) ) ;
#456 = EDGE_CURVE ( 'NONE', #2692, #5828, #5360, .T. ) ;
#457 = UNCERTAINTY_MEASURE_WITH_UNIT (LENGTH_MEASURE( 1.000000000000000082E-05 ), #884, 'distance_accuracy_value', 'NONE');
#458 = STYLED_ITEM ( 'NONE', ( #706 ), #459 ) ;
#459 = ADVANCED_FACE ( 'NONE', ( #4499 ), #4534, .F. ) ;
#460 = FILL_AREA_STYLE_COLOUR ( '', #2703 ) ;
#461 = CARTESIAN_POINT ( 'NONE',  ( 11.35543181454382733, 4.847469346517568667, -10.25020560165487282 ) ) ;
#462 = STYLED_ITEM ( 'NONE', ( #5651 ), #4585 ) ;
#463 = CARTESIAN_POINT ( 'NONE',  ( -8.024999999999996803, 5.000000000000000000, 8.025000000000000355 ) ) ;
#465 = DIRECTION ( 'NONE',  ( 0.000000000000000000, 0.000000000000000000, 1.000000000000000000 ) ) ;
#464 =( LENGTH_UNIT ( ) NAMED_UNIT ( * ) SI_UNIT ( .MILLI., .METRE. ) );
#466 = ORIENTED_EDGE ( 'NONE', *, *, #1238, .F. ) ;
#467 = DIRECTION ( 'NONE',  ( -0.000000000000000000, -1.000000000000000000, 0.000000000000000000 ) ) ;
#468 = FILL_AREA_STYLE_COLOUR ( '', #5097 ) ;
#469 =( NAMED_UNIT ( * ) SI_UNIT ( $, .STERADIAN. ) SOLID_ANGLE_UNIT ( ) );
#470 = CIRCLE ( 'NONE', #592, 2.774999999999996358 ) ;
#471 = FACE_OUTER_BOUND ( 'NONE', #216, .T. ) ;
#472 = ORIENTED_EDGE ( 'NONE', *, *, #6481, .F. ) ;
#473 =( NAMED_UNIT ( * ) PLANE_ANGLE_UNIT ( ) SI_UNIT ( $, .RADIAN. ) );
#474 = EDGE_CURVE ( 'NONE', #4529, #3741, #1234, .T. ) ;
#475 = AXIS2_PLACEMENT_3D ( 'NONE', #4914, #1765, #1805 ) ;
#476 = DIRECTION ( 'NONE',  ( -0.000000000000000000, 1.000000000000000000, -0.000000000000000000 ) ) ;
#477 = ORIENTED_EDGE ( 'NONE', *, *, #4312, .F. ) ;
#478 =( NAMED_UNIT ( * ) SI_UNIT ( $, .STERADIAN. ) SOLID_ANGLE_UNIT ( ) );
#479 = FILL_AREA_STYLE_COLOUR ( '', #2982 ) ;
#480 = CARTESIAN_POINT ( 'NONE',  ( 5.946512114410367644, 3.000000000000000000, -9.869986901028696025 ) ) ;
#481 = CARTESIAN_POINT ( 'NONE',  ( -11.31698343383189709, 3.508603887488059403, -10.31436818229866503 ) ) ;
#482 = AXIS2_PLACEMENT_3D ( 'NONE', #5973, #3758, #4814 ) ;
#483 = VERTEX_POINT ( 'NONE', #6796 ) ;
#484 = SURFACE_STYLE_USAGE ( .BOTH. , #6879 ) ;
#485 = CIRCLE ( 'NONE', #5945, 2.774999999999996358 ) ;
#486 = MECHANICAL_DESIGN_GEOMETRIC_PRESENTATION_REPRESENTATION (  '', ( #1789 ), #370 ) ;
#487 = DIRECTION ( 'NONE',  ( 0.000000000000000000, 0.000000000000000000, 1.000000000000000000 ) ) ;
#488 = PRESENTATION_STYLE_ASSIGNMENT (( #1016 ) ) ;
#489 = CARTESIAN_POINT ( 'NONE',  ( -6.830053202116344480, 4.885989611787577402, 11.75000000000000533 ) ) ;
#490 =( NAMED_UNIT ( * ) SI_UNIT ( $, .STERADIAN. ) SOLID_ANGLE_UNIT ( ) );
#491 = FILL_AREA_STYLE ('',( #409 ) ) ;
#492 = STYLED_ITEM ( 'NONE', ( #1933 ), #6186 ) ;
#493 = DIRECTION ( 'NONE',  ( 0.7071067811865475727, 0.000000000000000000, 0.7071067811865475727 ) ) ;
#494 = FILL_AREA_STYLE ('',( #1186 ) ) ;
#495 = ORIENTED_EDGE ( 'NONE', *, *, #900, .T. ) ;
#496 = CARTESIAN_POINT ( 'NONE',  ( -6.504916941037915734, 3.414246218433173663, -11.74999999999999822 ) ) ;
#497 = EDGE_CURVE ( 'NONE', #3771, #4648, #6308, .T. ) ;
#498 = CARTESIAN_POINT ( 'NONE',  ( 11.35341276900913599, 4.847531199309838001, 10.25347368665243408 ) ) ;
#500 = CARTESIAN_POINT ( 'NONE',  ( 8.270093811502109205, 4.702583853350595255, -11.74999999999999822 ) ) ;
#499 = CARTESIAN_POINT ( 'NONE',  ( -8.025000000000000355, 7.500000000000000000, -9.099999999999999645 ) ) ;
#501 = EDGE_LOOP ( 'NONE', ( #2732, #675, #3635 ) ) ;
#502 = FILL_AREA_STYLE ('',( #4190 ) ) ;
#503 =( NAMED_UNIT ( * ) PLANE_ANGLE_UNIT ( ) SI_UNIT ( $, .RADIAN. ) );
#504 = CARTESIAN_POINT ( 'NONE',  ( 11.74999999999999822, 4.830038410195045984, -7.065160834320145966 ) ) ;
#505 = VERTEX_POINT ( 'NONE', #6240 ) ;
#506 = CARTESIAN_POINT ( 'NONE',  ( 10.58323552776716525, 3.000000000000000000, -9.100200439206489023 ) ) ;
#507 = PRESENTATION_STYLE_ASSIGNMENT (( #2556 ) ) ;
#508 = ORIENTED_EDGE ( 'NONE', *, *, #5906, .F. ) ;
#509 = PLANE ( 'NONE',  #1663 ) ;
#510 = CARTESIAN_POINT ( 'NONE',  ( -6.098428624015399535, 4.999999988370674942, 11.75000000000000533 ) ) ;
#511 = ADVANCED_FACE ( 'NONE', ( #4220, #5122 ), #5194, .F. ) ;
#512 = FACE_OUTER_BOUND ( 'NONE', #4760, .T. ) ;
#513 = CARTESIAN_POINT ( 'NONE',  ( -10.27911480400790900, 2.999999998438797277, -9.646049804798723315 ) ) ;
#514 = ORIENTED_EDGE ( 'NONE', *, *, #1100, .F. ) ;
#515 = CARTESIAN_POINT ( 'NONE',  ( 9.100200439206490799, 2.999999999999999556, 10.58323552776716525 ) ) ;
#516 =( NAMED_UNIT ( * ) PLANE_ANGLE_UNIT ( ) SI_UNIT ( $, .RADIAN. ) );
#517 = EDGE_CURVE ( 'NONE', #2407, #5073, #6583, .T. ) ;
#518 = PRESENTATION_STYLE_ASSIGNMENT (( #1584 ) ) ;
#519 = CARTESIAN_POINT ( 'NONE',  ( -5.944038137988433057, 3.116869394727904474, 11.75000000000000711 ) ) ;
#520 = PRESENTATION_STYLE_ASSIGNMENT (( #1061 ) ) ;
#521 = CYLINDRICAL_SURFACE ( 'NONE', #2793, 1.000000000000001332 ) ;
#522 = SURFACE_STYLE_FILL_AREA ( #494 ) ;
#523 = EDGE_CURVE ( 'NONE', #6060, #2550, #2575, .T. ) ;
#524 = ADVANCED_FACE ( 'NONE', ( #879 ), #2614, .T. ) ;
#525 = VERTEX_POINT ( 'NONE', #4637 ) ;
#526 = CARTESIAN_POINT ( 'NONE',  ( 8.025000000000000355, 5.000000000000000000, -8.025000000000000355 ) ) ;
#527 = CARTESIAN_POINT ( 'NONE',  ( -8.025000000000000355, 6.799999999999999822, -8.025000000000000355 ) ) ;
#528 = UNCERTAINTY_MEASURE_WITH_UNIT (LENGTH_MEASURE( 1.000000000000000082E-05 ), #3508, 'distance_accuracy_value', 'NONE');
#529 = DIRECTION ( 'NONE',  ( -0.7071067811865475727, 0.000000000000000000, -0.7071067811865475727 ) ) ;
#530 = FACE_OUTER_BOUND ( 'NONE', #2907, .T. ) ;
#531 = SURFACE_STYLE_USAGE ( .BOTH. , #5875 ) ;
#532 =( LENGTH_UNIT ( ) NAMED_UNIT ( * ) SI_UNIT ( .MILLI., .METRE. ) );
#534 = CARTESIAN_POINT ( 'NONE',  ( 7.546605917942544650, 4.735892914036445411, -11.75000000000000178 ) ) ;
#533 = CARTESIAN_POINT ( 'NONE',  ( -9.750000000000001776, 3.000000000000000000, -5.851293488071592996 ) ) ;
#535 = ORIENTED_EDGE ( 'NONE', *, *, #2850, .T. ) ;
#536 = VECTOR ( 'NONE', #3625, 1000.000000000000000 ) ;
#537 = DIRECTION ( 'NONE',  ( -0.000000000000000000, -1.000000000000000000, -0.000000000000000000 ) ) ;
#538 = CYLINDRICAL_SURFACE ( 'NONE', #3011, 3.250000000000001332 ) ;
#539 = COLOUR_RGB ( '',1.000000000000000000, 1.000000000000000000, 1.000000000000000000 ) ;
#540 = EDGE_LOOP ( 'NONE', ( #1970, #296, #4855, #6331 ) ) ;
#541 =( NAMED_UNIT ( * ) SI_UNIT ( $, .STERADIAN. ) SOLID_ANGLE_UNIT ( ) );
#542 = MECHANICAL_DESIGN_GEOMETRIC_PRESENTATION_REPRESENTATION (  '', ( #4208 ), #1638 ) ;
#543 = CARTESIAN_POINT ( 'NONE',  ( 3.000000000000002665, 3.000000000000000000, 19.84999999999999787 ) ) ;
#544 = CARTESIAN_POINT ( 'NONE',  ( 11.74999999999999822, 4.702730040580029858, -8.156515923090879028 ) ) ;
#545 = VERTEX_POINT ( 'NONE', #4783 ) ;
#546 = DIRECTION ( 'NONE',  ( -0.000000000000000000, 1.000000000000000000, -0.000000000000000000 ) ) ;
#547 = CARTESIAN_POINT ( 'NONE',  ( -5.851293488071590332, 3.000000000000000000, 11.75000000000000355 ) ) ;
#548 = PRESENTATION_LAYER_ASSIGNMENT (  '', '', ( #6001 ) ) ;
#549 = SURFACE_STYLE_FILL_AREA ( #4764 ) ;
#550 =( GEOMETRIC_REPRESENTATION_CONTEXT ( 3 ) GLOBAL_UNCERTAINTY_ASSIGNED_CONTEXT ( ( #4985 ) ) GLOBAL_UNIT_ASSIGNED_CONTEXT ( ( #570, #5380, #2726 ) ) REPRESENTATION_CONTEXT ( 'NONE', 'WORKASPACE' ) );
#551 = CARTESIAN_POINT ( 'NONE',  ( -10.58323552776716703, 3.000000000000000000, -9.100200439206483694 ) ) ;
#552 = ORIENTED_EDGE ( 'NONE', *, *, #1170, .F. ) ;
#553 = EDGE_CURVE ( 'NONE', #3060, #3053, #2256, .T. ) ;
#554 = CARTESIAN_POINT ( 'NONE',  ( 11.44759384431320726, 4.843469560871220381, 10.07755068993494341 ) ) ;
#555 = SURFACE_SIDE_STYLE ('',( #2051 ) ) ;
#556 = ADVANCED_FACE ( 'NONE', ( #8 ), #3727, .T. ) ;
#557 = CIRCLE ( 'NONE', #3096, 1.774999999999996136 ) ;
#558 = AXIS2_PLACEMENT_3D ( 'NONE', #1654, #4211, #4807 ) ;
#559 =( NAMED_UNIT ( * ) SI_UNIT ( $, .STERADIAN. ) SOLID_ANGLE_UNIT ( ) );
#560 = SURFACE_STYLE_USAGE ( .BOTH. , #2016 ) ;
#561 = CYLINDRICAL_SURFACE ( 'NONE', #4138, 1.000000000000000888 ) ;
#562 = CIRCLE ( 'NONE', #1, 2.774999999999996358 ) ;
#563 = PRESENTATION_LAYER_ASSIGNMENT (  '', '', ( #3548 ) ) ;
#564 = LINE ( 'NONE', #5939, #6271 ) ;
#565 = MECHANICAL_DESIGN_GEOMETRIC_PRESENTATION_REPRESENTATION (  '', ( #3443 ), #2433 ) ;
#566 = AXIS2_PLACEMENT_3D ( 'NONE', #3149, #2482, #6210 ) ;
#567 = COLOUR_RGB ( '',1.000000000000000000, 1.000000000000000000, 1.000000000000000000 ) ;
#568 = DIRECTION ( 'NONE',  ( 0.7071067811865474617, -0.000000000000000000, -0.7071067811865474617 ) ) ;
#569 = CARTESIAN_POINT ( 'NONE',  ( 11.44946376755110684, 4.843349695600708493, -10.07335775984045512 ) ) ;
#570 =( LENGTH_UNIT ( ) NAMED_UNIT ( * ) SI_UNIT ( .MILLI., .METRE. ) );
#571 = CARTESIAN_POINT ( 'NONE',  ( -8.024999999999996803, 6.799999999999999822, 8.025000000000000355 ) ) ;
#572 = COLOUR_RGB ( '',1.000000000000000000, 1.000000000000000000, 1.000000000000000000 ) ;
#573 = ORIENTED_EDGE ( 'NONE', *, *, #3361, .T. ) ;
#574 = CYLINDRICAL_SURFACE ( 'NONE', #4314, 1.000000000000001332 ) ;
#575 = CARTESIAN_POINT ( 'NONE',  ( -11.74999999999999645, 3.116869394727940001, 5.944038137988459702 ) ) ;
#576 = CARTESIAN_POINT ( 'NONE',  ( 11.75000000000000355, 4.737042187912668290, 8.510167622307974966 ) ) ;
#577 = CIRCLE ( 'NONE', #4460, 2.774999999999996358 ) ;
#578 = VERTEX_POINT ( 'NONE', #5943 ) ;
#579 = CARTESIAN_POINT ( 'NONE',  ( 11.74999999999999822, 4.784118327815213512, -8.749999999999998224 ) ) ;
#580 = EDGE_LOOP ( 'NONE', ( #854, #1111, #5989, #2634 ) ) ;
#581 = CARTESIAN_POINT ( 'NONE',  ( 8.997208843581379512, 3.524697209923715047, 11.75000000000000533 ) ) ;
#582 = VECTOR ( 'NONE', #1786, 1000.000000000000000 ) ;
#583 = STYLED_ITEM ( 'NONE', ( #3648 ), #4652 ) ;
#584 = CARTESIAN_POINT ( 'NONE',  ( 8.209039814144118097, 3.585684018395369765, -11.74999999999999822 ) ) ;
#585 = CARTESIAN_POINT ( 'NONE',  ( 3.000000000000002665, 2.000000000000000000, 19.84999999999999787 ) ) ;
#586 = CARTESIAN_POINT ( 'NONE',  ( -10.58323552776714749, 3.000000000000000000, -9.100200439206528102 ) ) ;
#587 = VERTEX_POINT ( 'NONE', #631 ) ;
#588 = COLOUR_RGB ( '',1.000000000000000000, 1.000000000000000000, 1.000000000000000000 ) ;
#589 = PRESENTATION_STYLE_ASSIGNMENT (( #125 ) ) ;
#590 = EDGE_CURVE ( 'NONE', #2550, #1491, #1070, .T. ) ;
#591 = CARTESIAN_POINT ( 'NONE',  ( 8.025000000000000355, 7.500000000000000000, -9.799999999999998934 ) ) ;
#592 = AXIS2_PLACEMENT_3D ( 'NONE', #3736, #71, #6353 ) ;
#593 = STYLED_ITEM ( 'NONE', ( #3058 ), #4826 ) ;
#594 = CARTESIAN_POINT ( 'NONE',  ( -2.999999999999997335, 4.999999999999999112, 19.84999999999999787 ) ) ;
#595 = AXIS2_PLACEMENT_3D ( 'NONE', #4153, #3589, #1030 ) ;
#596 = CARTESIAN_POINT ( 'NONE',  ( -16.56599923110718109, 9.000000000000001776, 20.85000000000000142 ) ) ;
#597 = AXIS2_PLACEMENT_3D ( 'NONE', #3228, #6885, #1617 ) ;
#598 = PRESENTATION_LAYER_ASSIGNMENT (  '', '', ( #705 ) ) ;
#599 = CARTESIAN_POINT ( 'NONE',  ( -10.16046778820068575, 3.510353687308803483, 11.40530454249138081 ) ) ;
#600 =( GEOMETRIC_REPRESENTATION_CONTEXT ( 3 ) GLOBAL_UNCERTAINTY_ASSIGNED_CONTEXT ( ( #5763 ) ) GLOBAL_UNIT_ASSIGNED_CONTEXT ( ( #3825, #3224, #5363 ) ) REPRESENTATION_CONTEXT ( 'NONE', 'WORKASPACE' ) );
#601 = CARTESIAN_POINT ( 'NONE',  ( -5.851293488071591220, 3.000000000000010214, -11.75000000000000000 ) ) ;
#602 = COLOUR_RGB ( '',1.000000000000000000, 1.000000000000000000, 1.000000000000000000 ) ;
#603 = EDGE_CURVE ( 'NONE', #904, #4989, #4871, .T. ) ;
#604 = AXIS2_PLACEMENT_3D ( 'NONE', #2158, #3994, #6084 ) ;
#605 = DIRECTION ( 'NONE',  ( -1.734723475976806700E-15, -0.9812749603306770707, -0.1926121808921440748 ) ) ;
#606 = EDGE_CURVE ( 'NONE', #60, #6126, #2786, .T. ) ;
#607 = SURFACE_STYLE_USAGE ( .BOTH. , #666 ) ;
#608 = LINE ( 'NONE', #5276, #536 ) ;
#609 = CIRCLE ( 'NONE', #3273, 1.699999999999994849 ) ;
#610 = ORIENTED_EDGE ( 'NONE', *, *, #2989, .T. ) ;
#611 = UNCERTAINTY_MEASURE_WITH_UNIT (LENGTH_MEASURE( 1.000000000000000082E-05 ), #3367, 'distance_accuracy_value', 'NONE');
#612 = DIRECTION ( 'NONE',  ( -9.912705577010326782E-17, 0.000000000000000000, -1.000000000000000000 ) ) ;
#613 = DIRECTION ( 'NONE',  ( 0.000000000000000000, -0.000000000000000000, 1.000000000000000000 ) ) ;
#614 = AXIS2_PLACEMENT_3D ( 'NONE', #2169, #1193, #2750 ) ;
#615 = ORIENTED_EDGE ( 'NONE', *, *, #2322, .F. ) ;
#616 = EDGE_CURVE ( 'NONE', #5818, #6251, #1578, .T. ) ;
#617 = PLANE ( 'NONE',  #935 ) ;
#619 = CYLINDRICAL_SURFACE ( 'NONE', #5112, 1.000000000000001332 ) ;
#618 =( NAMED_UNIT ( * ) SI_UNIT ( $, .STERADIAN. ) SOLID_ANGLE_UNIT ( ) );
#620 = ORIENTED_EDGE ( 'NONE', *, *, #6449, .T. ) ;
#621 = CARTESIAN_POINT ( 'NONE',  ( 8.750000000000005329, 4.784118327815215288, 11.75000000000000355 ) ) ;
#622 = SPHERICAL_SURFACE ( 'NONE', #2358, 1.000000000000000000 ) ;
#623 = SURFACE_STYLE_FILL_AREA ( #5986 ) ;
#624 = CARTESIAN_POINT ( 'NONE',  ( -11.35485817463019487, 4.847484998757926711, -10.25109625061756446 ) ) ;
#625 = ORIENTED_EDGE ( 'NONE', *, *, #6852, .F. ) ;
#626 =( NAMED_UNIT ( * ) SI_UNIT ( $, .STERADIAN. ) SOLID_ANGLE_UNIT ( ) );
#627 = EDGE_CURVE ( 'NONE', #4189, #3060, #1094, .T. ) ;
#628 =( NAMED_UNIT ( * ) SI_UNIT ( $, .STERADIAN. ) SOLID_ANGLE_UNIT ( ) );
#629 =( NAMED_UNIT ( * ) PLANE_ANGLE_UNIT ( ) SI_UNIT ( $, .RADIAN. ) );
#630 = CARTESIAN_POINT ( 'NONE',  ( -16.56599923110718109, 9.000000000000001776, -19.84999999999999787 ) ) ;
#631 = CARTESIAN_POINT ( 'NONE',  ( 8.025000000000000355, 6.799999999999999822, -6.250000000000000888 ) ) ;
#632 = ADVANCED_FACE ( 'NONE', ( #99 ), #43, .T. ) ;
#634 = DIRECTION ( 'NONE',  ( 0.7071067811865475727, 0.000000000000000000, 0.7071067811865475727 ) ) ;
#633 = DIRECTION ( 'NONE',  ( 0.000000000000000000, 1.000000000000000000, -0.000000000000000000 ) ) ;
#635 = DIRECTION ( 'NONE',  ( 1.000000000000000000, -0.000000000000000000, 0.000000000000000000 ) ) ;
#636 = ORIENTED_EDGE ( 'NONE', *, *, #5057, .T. ) ;
#637 = DIRECTION ( 'NONE',  ( 1.000000000000000000, 0.000000000000000000, 0.000000000000000000 ) ) ;
#638 =( GEOMETRIC_REPRESENTATION_CONTEXT ( 3 ) GLOBAL_UNCERTAINTY_ASSIGNED_CONTEXT ( ( #2754 ) ) GLOBAL_UNIT_ASSIGNED_CONTEXT ( ( #5335, #2745, #5969 ) ) REPRESENTATION_CONTEXT ( 'NONE', 'WORKASPACE' ) );
#639 = STYLED_ITEM ( 'NONE', ( #5597 ), #1833 ) ;
#641 = SURFACE_STYLE_FILL_AREA ( #3386 ) ;
#640 = LINE ( 'NONE', #741, #6274 ) ;
#642 = ORIENTED_EDGE ( 'NONE', *, *, #3766, .F. ) ;
#643 = CARTESIAN_POINT ( 'NONE',  ( 7.070270749634688379, 4.828844623781688661, 11.75000000000000355 ) ) ;
#644 = CARTESIAN_POINT ( 'NONE',  ( -9.749999999999998224, 5.000000000000000000, -5.851293488071594773 ) ) ;
#645 =( NAMED_UNIT ( * ) SI_UNIT ( $, .STERADIAN. ) SOLID_ANGLE_UNIT ( ) );
#646 = DIRECTION ( 'NONE',  ( 1.906289534040448473E-16, 0.000000000000000000, 1.000000000000000000 ) ) ;
#647 = ORIENTED_EDGE ( 'NONE', *, *, #14, .T. ) ;
#648 = STYLED_ITEM ( 'NONE', ( #4735 ), #2778 ) ;
#649 = ORIENTED_EDGE ( 'NONE', *, *, #5349, .F. ) ;
#650 = AXIS2_PLACEMENT_3D ( 'NONE', #6043, #6514, #2426 ) ;
#651 = DIRECTION ( 'NONE',  ( -0.000000000000000000, -1.000000000000000000, -0.000000000000000000 ) ) ;
#652 = EDGE_CURVE ( 'NONE', #841, #444, #1915, .T. ) ;
#653 = LINE ( 'NONE', #2773, #5220 ) ;
#654 = SURFACE_STYLE_FILL_AREA ( #6465 ) ;
#655 = VECTOR ( 'NONE', #887, 1000.000000000000000 ) ;
#656 = COLOUR_RGB ( '',1.000000000000000000, 1.000000000000000000, 1.000000000000000000 ) ;
#657 = DIRECTION ( 'NONE',  ( 0.000000000000000000, 0.000000000000000000, -1.000000000000000000 ) ) ;
#658 = CARTESIAN_POINT ( 'NONE',  ( 16.56599923110718109, 9.000000000000001776, -19.84999999999999787 ) ) ;
#659 = DIRECTION ( 'NONE',  ( 1.000000000000000000, -0.000000000000000000, 0.000000000000000000 ) ) ;
#660 = PRESENTATION_LAYER_ASSIGNMENT (  '', '', ( #1644 ) ) ;
#661 = SURFACE_STYLE_FILL_AREA ( #6375 ) ;
#662 = COLOUR_RGB ( '',1.000000000000000000, 1.000000000000000000, 1.000000000000000000 ) ;
#663 = MECHANICAL_DESIGN_GEOMETRIC_PRESENTATION_REPRESENTATION (  '', ( #4115 ), #4329 ) ;
#664 = ADVANCED_FACE ( 'NONE', ( #2211 ), #3358, .F. ) ;
#665 = DIRECTION ( 'NONE',  ( -0.000000000000000000, -1.000000000000000000, -0.000000000000000000 ) ) ;
#666 = SURFACE_SIDE_STYLE ('',( #2749 ) ) ;
#668 = FILL_AREA_STYLE_COLOUR ( '', #2190 ) ;
#667 = DIRECTION ( 'NONE',  ( -0.000000000000000000, -1.000000000000000000, -0.000000000000000000 ) ) ;
#669 = EDGE_CURVE ( 'NONE', #1245, #1274, #1256, .T. ) ;
#670 = UNCERTAINTY_MEASURE_WITH_UNIT (LENGTH_MEASURE( 1.000000000000000082E-05 ), #726, 'distance_accuracy_value', 'NONE');
#671 =( GEOMETRIC_REPRESENTATION_CONTEXT ( 3 ) GLOBAL_UNCERTAINTY_ASSIGNED_CONTEXT ( ( #2635 ) ) GLOBAL_UNIT_ASSIGNED_CONTEXT ( ( #393, #2504, #6286 ) ) REPRESENTATION_CONTEXT ( 'NONE', 'WORKASPACE' ) );
#672 = STYLED_ITEM ( 'NONE', ( #3504 ), #3983 ) ;
#673 = CARTESIAN_POINT ( 'NONE',  ( -8.024999999999996803, 3.000000000000000000, 8.025000000000000355 ) ) ;
#674 = CARTESIAN_POINT ( 'NONE',  ( -11.75000000000000000, 4.737042187912662961, -8.510167622307964308 ) ) ;
#675 = ORIENTED_EDGE ( 'NONE', *, *, #2291, .F. ) ;
#676 = DIRECTION ( 'NONE',  ( -0.000000000000000000, -1.000000000000000000, -0.000000000000000000 ) ) ;
#677 = VECTOR ( 'NONE', #1420, 1000.000000000000000 ) ;
#678 = CIRCLE ( 'NONE', #3786, 1.775000000000002354 ) ;
#680 = CARTESIAN_POINT ( 'NONE',  ( -8.025000000000000355, 6.799999999999999822, -8.025000000000000355 ) ) ;
#679 = SURFACE_STYLE_USAGE ( .BOTH. , #2796 ) ;
#681 = VERTEX_POINT ( 'NONE', #1208 ) ;
#682 = FACE_OUTER_BOUND ( 'NONE', #4922, .T. ) ;
#683 = DIRECTION ( 'NONE',  ( 0.000000000000000000, 1.000000000000000000, -0.000000000000000000 ) ) ;
#684 =( LENGTH_UNIT ( ) NAMED_UNIT ( * ) SI_UNIT ( .MILLI., .METRE. ) );
#685 = ORIENTED_EDGE ( 'NONE', *, *, #5762, .F. ) ;
#686 = AXIS2_PLACEMENT_3D ( 'NONE', #2583, #3627, #5773 ) ;
#687 = EDGE_CURVE ( 'NONE', #3990, #3171, #1180, .T. ) ;
#688 = ORIENTED_EDGE ( 'NONE', *, *, #2759, .T. ) ;
#689 = SURFACE_SIDE_STYLE ('',( #1722 ) ) ;
#690 = CARTESIAN_POINT ( 'NONE',  ( 3.000000000000002665, 3.000000000000000000, 19.84999999999999787 ) ) ;
#691 = PRESENTATION_LAYER_ASSIGNMENT (  '', '', ( #3692 ) ) ;
#692 = CARTESIAN_POINT ( 'NONE',  ( 10.64578151787699234, 3.000000013051605130, 8.951384184402940036 ) ) ;
#693 = FACE_BOUND ( 'NONE', #1930, .T. ) ;
#694 = LINE ( 'NONE', #1726, #2459 ) ;
#695 = AXIS2_PLACEMENT_3D ( 'NONE', #2699, #5417, #2140 ) ;
#696 = COLOUR_RGB ( '',1.000000000000000000, 1.000000000000000000, 1.000000000000000000 ) ;
#697 = FILL_AREA_STYLE_COLOUR ( '', #2748 ) ;
#698 = VECTOR ( 'NONE', #2687, 1000.000000000000000 ) ;
#699 = AXIS2_PLACEMENT_3D ( 'NONE', #866, #2986, #5111 ) ;
#700 = FACE_OUTER_BOUND ( 'NONE', #6855, .T. ) ;
#701 = AXIS2_PLACEMENT_3D ( 'NONE', #1556, #529, #4845 ) ;
#702 = COLOUR_RGB ( '',1.000000000000000000, 1.000000000000000000, 1.000000000000000000 ) ;
#703 = CARTESIAN_POINT ( 'NONE',  ( 9.142460951143918990, 4.809796727309522346, -11.74999999999998046 ) ) ;
#704 = DIRECTION ( 'NONE',  ( 0.000000000000000000, 0.000000000000000000, -1.000000000000000000 ) ) ;
#705 = STYLED_ITEM ( 'NONE', ( #6014 ), #845 ) ;
#706 = PRESENTATION_STYLE_ASSIGNMENT (( #6621 ) ) ;
#707 =( LENGTH_UNIT ( ) NAMED_UNIT ( * ) SI_UNIT ( .MILLI., .METRE. ) );
#708 = ORIENTED_EDGE ( 'NONE', *, *, #6837, .T. ) ;
#709 = CARTESIAN_POINT ( 'NONE',  ( -9.750000000000000000, 5.000000000000000000, -8.749999999999996447 ) ) ;
#711 = LINE ( 'NONE', #179, #5569 ) ;
#710 = DIRECTION ( 'NONE',  ( 0.000000000000000000, -0.000000000000000000, 1.000000000000000000 ) ) ;
#712 = VERTEX_POINT ( 'NONE', #2282 ) ;
#713 = CARTESIAN_POINT ( 'NONE',  ( 7.376002237229362990, 3.562823069469583270, 11.75000000000000178 ) ) ;
#714 =( LENGTH_UNIT ( ) NAMED_UNIT ( * ) SI_UNIT ( .MILLI., .METRE. ) );
#715 = DIRECTION ( 'NONE',  ( 0.000000000000000000, 0.000000000000000000, 1.000000000000000000 ) ) ;
#716 = PRESENTATION_STYLE_ASSIGNMENT (( #4933 ) ) ;
#717 = CIRCLE ( 'NONE', #1173, 3.000000000000002665 ) ;
#718 = ORIENTED_EDGE ( 'NONE', *, *, #2901, .F. ) ;
#719 = ORIENTED_EDGE ( 'NONE', *, *, #5234, .T. ) ;
#720 = FACE_OUTER_BOUND ( 'NONE', #3529, .T. ) ;
#721 = EDGE_LOOP ( 'NONE', ( #6110, #4936, #6803 ) ) ;
#722 = PRESENTATION_STYLE_ASSIGNMENT (( #2772 ) ) ;
#723 = CARTESIAN_POINT ( 'NONE',  ( -11.11338941175975670, 3.506186964015082008, 10.60669162897520046 ) ) ;
#724 = SURFACE_STYLE_USAGE ( .BOTH. , #4903 ) ;
#725 = CARTESIAN_POINT ( 'NONE',  ( 11.75000000000000355, 4.740320937067206586, 8.513406125968234761 ) ) ;
#726 =( LENGTH_UNIT ( ) NAMED_UNIT ( * ) SI_UNIT ( .MILLI., .METRE. ) );
#727 = DIRECTION ( 'NONE',  ( 0.000000000000000000, -1.000000000000000000, 0.000000000000000000 ) ) ;
#728 =( NAMED_UNIT ( * ) SI_UNIT ( $, .STERADIAN. ) SOLID_ANGLE_UNIT ( ) );
#729 = DIRECTION ( 'NONE',  ( -0.000000000000000000, -1.000000000000000000, -0.000000000000000000 ) ) ;
#730 = CARTESIAN_POINT ( 'NONE',  ( -6.097892163590166170, 5.000000000000000000, -11.75000000000000000 ) ) ;
#731 = EDGE_CURVE ( 'NONE', #3771, #5174, #4709, .T. ) ;
#732 = EDGE_CURVE ( 'NONE', #2562, #3963, #3812, .T. ) ;
#733 = SURFACE_SIDE_STYLE ('',( #2267 ) ) ;
#734 = CARTESIAN_POINT ( 'NONE',  ( 19.84999999999999432, 1.000000000000000000, -1.651523309263290550E-15 ) ) ;
#735 = CARTESIAN_POINT ( 'NONE',  ( -20.85000000000000853, 0.000000000000000000, -16.56599923110717754 ) ) ;
#736 = UNCERTAINTY_MEASURE_WITH_UNIT (LENGTH_MEASURE( 1.000000000000000082E-05 ), #4629, 'distance_accuracy_value', 'NONE');
#737 = FILL_AREA_STYLE ('',( #5513 ) ) ;
#738 = CARTESIAN_POINT ( 'NONE',  ( 0.000000000000000000, 2.000000000000000000, 19.84999999999999787 ) ) ;
#739 = ORIENTED_EDGE ( 'NONE', *, *, #6335, .T. ) ;
#740 = SURFACE_STYLE_FILL_AREA ( #2335 ) ;
#742 = SURFACE_STYLE_USAGE ( .BOTH. , #6016 ) ;
#741 = CARTESIAN_POINT ( 'NONE',  ( -20.85000000000000142, 10.00000000000000000, 16.56599923110718109 ) ) ;
#743 = VERTEX_POINT ( 'NONE', #1680 ) ;
#744 = UNCERTAINTY_MEASURE_WITH_UNIT (LENGTH_MEASURE( 1.000000000000000082E-05 ), #3676, 'distance_accuracy_value', 'NONE');
#745 = DIRECTION ( 'NONE',  ( 0.000000000000000000, 0.000000000000000000, -1.000000000000000000 ) ) ;
#746 = DIRECTION ( 'NONE',  ( 1.000000000000000000, -0.000000000000000000, 0.000000000000000000 ) ) ;
#747 = DIRECTION ( 'NONE',  ( 0.000000000000000000, 0.000000000000000000, 1.000000000000000000 ) ) ;
#748 = SURFACE_SIDE_STYLE ('',( #5028 ) ) ;
#749 = ORIENTED_EDGE ( 'NONE', *, *, #6123, .F. ) ;
#750 = ORIENTED_EDGE ( 'NONE', *, *, #5926, .T. ) ;
#751 = LINE ( 'NONE', #2838, #582 ) ;
#752 =( GEOMETRIC_REPRESENTATION_CONTEXT ( 3 ) GLOBAL_UNCERTAINTY_ASSIGNED_CONTEXT ( ( #6515 ) ) GLOBAL_UNIT_ASSIGNED_CONTEXT ( ( #3094, #5694, #4673 ) ) REPRESENTATION_CONTEXT ( 'NONE', 'WORKASPACE' ) );
#753 = ORIENTED_EDGE ( 'NONE', *, *, #4976, .T. ) ;
#754 = AXIS2_PLACEMENT_3D ( 'NONE', #4226, #1075, #465 ) ;
#755 = FILL_AREA_STYLE_COLOUR ( '', #4781 ) ;
#756 = EDGE_CURVE ( 'NONE', #6701, #2769, #5149, .T. ) ;
#757 = CARTESIAN_POINT ( 'NONE',  ( -11.35543181454364614, 4.847469346517569555, 10.25020560165514283 ) ) ;
#758 = DIRECTION ( 'NONE',  ( 0.000000000000000000, 0.000000000000000000, 1.000000000000000000 ) ) ;
#759 = FACE_BOUND ( 'NONE', #4546, .T. ) ;
#760 = SURFACE_SIDE_STYLE ('',( #6067 ) ) ;
#761 = CIRCLE ( 'NONE', #1201, 2.774999999999996358 ) ;
#762 = EDGE_CURVE ( 'NONE', #4128, #2550, #4713, .T. ) ;
#763 = DIRECTION ( 'NONE',  ( 0.000000000000000000, 0.000000000000000000, 1.000000000000000000 ) ) ;
#764 = CARTESIAN_POINT ( 'NONE',  ( 11.75000000000000355, 4.971304314992175399, 6.344634930023629771 ) ) ;
#765 = SURFACE_STYLE_FILL_AREA ( #281 ) ;
#766 = DIRECTION ( 'NONE',  ( 0.000000000000000000, 0.000000000000000000, -1.000000000000000000 ) ) ;
#767 = AXIS2_PLACEMENT_3D ( 'NONE', #6619, #6651, #6273 ) ;
#768 = CARTESIAN_POINT ( 'NONE',  ( -11.74999999999999645, 4.886788497158212508, 6.826102604469352464 ) ) ;
#769 = MECHANICAL_DESIGN_GEOMETRIC_PRESENTATION_REPRESENTATION (  '', ( #1006 ), #75 ) ;
#770 = AXIS2_PLACEMENT_3D ( 'NONE', #6642, #6509, #4485 ) ;
#771 = CARTESIAN_POINT ( 'NONE',  ( 3.000000000000002665, 4.999999999999999112, 19.84999999999999787 ) ) ;
#772 = DIRECTION ( 'NONE',  ( 0.000000000000000000, 0.000000000000000000, -1.000000000000000000 ) ) ;
#773 = PRESENTATION_LAYER_ASSIGNMENT (  '', '', ( #2324 ) ) ;
#774 = DIRECTION ( 'NONE',  ( 0.000000000000000000, 0.000000000000000000, 1.000000000000000000 ) ) ;
#776 = FILL_AREA_STYLE ('',( #3878 ) ) ;
#775 = SURFACE_SIDE_STYLE ('',( #4085 ) ) ;
#777 = MECHANICAL_DESIGN_GEOMETRIC_PRESENTATION_REPRESENTATION (  '', ( #6786 ), #1336 ) ;
#778 = MECHANICAL_DESIGN_GEOMETRIC_PRESENTATION_REPRESENTATION (  '', ( #3783 ), #2553 ) ;
#779 = ORIENTED_EDGE ( 'NONE', *, *, #5313, .T. ) ;
#780 = LINE ( 'NONE', #1883, #87 ) ;
#781 = CARTESIAN_POINT ( 'NONE',  ( 15.37957249080740851, 0.000000000000000000, 18.62957249080740496 ) ) ;
#782 = ORIENTED_EDGE ( 'NONE', *, *, #371, .T. ) ;
#783 = EDGE_LOOP ( 'NONE', ( #3998, #5866 ) ) ;
#784 = CARTESIAN_POINT ( 'NONE',  ( -19.84999999999999787, 9.000000000000001776, 16.56599923110718109 ) ) ;
#785 = PRESENTATION_LAYER_ASSIGNMENT (  '', '', ( #5922 ) ) ;
#786 = VECTOR ( 'NONE', #6628, 1000.000000000000114 ) ;
#787 = ORIENTED_EDGE ( 'NONE', *, *, #336, .F. ) ;
#788 = PRESENTATION_STYLE_ASSIGNMENT (( #6604 ) ) ;
#789 = CARTESIAN_POINT ( 'NONE',  ( -15.37957249080740851, 10.00000000000000000, -15.37957249080740496 ) ) ;
#790 = FILL_AREA_STYLE ('',( #5571 ) ) ;
#791 = LINE ( 'NONE', #301, #5229 ) ;
#792 = ORIENTED_EDGE ( 'NONE', *, *, #3860, .T. ) ;
#793 =( NAMED_UNIT ( * ) SI_UNIT ( $, .STERADIAN. ) SOLID_ANGLE_UNIT ( ) );
#794 = AXIS2_PLACEMENT_3D ( 'NONE', #5169, #3598, #3043 ) ;
#795 = SURFACE_STYLE_FILL_AREA ( #5076 ) ;
#796 = CARTESIAN_POINT ( 'NONE',  ( -16.56599923110718109, 1.000000000000000000, -19.84999999999999787 ) ) ;
#797 = EDGE_CURVE ( 'NONE', #1637, #3567, #2835, .T. ) ;
#798 = CARTESIAN_POINT ( 'NONE',  ( -16.56599923110718109, 10.00000000000000000, 19.84999999999999787 ) ) ;
#799 = AXIS2_PLACEMENT_3D ( 'NONE', #3064, #5051, #5189 ) ;
#800 = CARTESIAN_POINT ( 'NONE',  ( 3.000000000000002665, 3.000000000000000000, -8.749999999999998224 ) ) ;
#801 = CARTESIAN_POINT ( 'NONE',  ( -8.024999999999996803, 5.000000000000000000, 5.250000000000004441 ) ) ;
#802 = COLOUR_RGB ( '',1.000000000000000000, 1.000000000000000000, 1.000000000000000000 ) ;
#803 =( GEOMETRIC_REPRESENTATION_CONTEXT ( 3 ) GLOBAL_UNCERTAINTY_ASSIGNED_CONTEXT ( ( #2963 ) ) GLOBAL_UNIT_ASSIGNED_CONTEXT ( ( #2229, #5475, #3239 ) ) REPRESENTATION_CONTEXT ( 'NONE', 'WORKASPACE' ) );
#804 = PRESENTATION_LAYER_ASSIGNMENT (  '', '', ( #4257 ) ) ;
#805 = MECHANICAL_DESIGN_GEOMETRIC_PRESENTATION_REPRESENTATION (  '', ( #3808 ), #2698 ) ;
#806 = SURFACE_STYLE_FILL_AREA ( #6139 ) ;
#807 = LINE ( 'NONE', #6100, #3279 ) ;
#808 = ADVANCED_FACE ( 'NONE', ( #5930 ), #6871, .T. ) ;
#809 = UNCERTAINTY_MEASURE_WITH_UNIT (LENGTH_MEASURE( 1.000000000000000082E-05 ), #4069, 'distance_accuracy_value', 'NONE');
#810 = AXIS2_PLACEMENT_3D ( 'NONE', #2767, #4297, #715 ) ;
#811 = CARTESIAN_POINT ( 'NONE',  ( -8.749999999999996447, 9.000000000000001776, 12.75000000000000355 ) ) ;
#812 = PRESENTATION_LAYER_ASSIGNMENT (  '', '', ( #3816 ) ) ;
#813 = COLOUR_RGB ( '',1.000000000000000000, 1.000000000000000000, 1.000000000000000000 ) ;
#814 = FILL_AREA_STYLE ('',( #6723 ) ) ;
#815 = DIRECTION ( 'NONE',  ( 0.000000000000000000, 1.000000000000000000, 0.000000000000000000 ) ) ;
#816 = AXIS2_PLACEMENT_3D ( 'NONE', #2684, #1620, #4445 ) ;
#817 = EDGE_CURVE ( 'NONE', #5239, #848, #4728, .T. ) ;
#818 = VERTEX_POINT ( 'NONE', #3738 ) ;
#819 = SURFACE_STYLE_FILL_AREA ( #1927 ) ;
#820 =( NAMED_UNIT ( * ) SI_UNIT ( $, .STERADIAN. ) SOLID_ANGLE_UNIT ( ) );
#821 = SURFACE_SIDE_STYLE ('',( #5095 ) ) ;
#822 = ORIENTED_EDGE ( 'NONE', *, *, #3860, .F. ) ;
#823 = ORIENTED_EDGE ( 'NONE', *, *, #6255, .T. ) ;
#824 = DIRECTION ( 'NONE',  ( -0.000000000000000000, -1.000000000000000000, -0.000000000000000000 ) ) ;
#825 = ADVANCED_FACE ( 'NONE', ( #53 ), #5351, .T. ) ;
#826 = COLOUR_RGB ( '',1.000000000000000000, 1.000000000000000000, 1.000000000000000000 ) ;
#827 = EDGE_CURVE ( 'NONE', #1138, #5077, #4484, .T. ) ;
#828 = ORIENTED_EDGE ( 'NONE', *, *, #6475, .F. ) ;
#829 = SURFACE_STYLE_USAGE ( .BOTH. , #1469 ) ;
#830 = PRESENTATION_STYLE_ASSIGNMENT (( #1341 ) ) ;
#831 = EDGE_LOOP ( 'NONE', ( #6846, #6667, #5040, #2074 ) ) ;
#832 = ORIENTED_EDGE ( 'NONE', *, *, #431, .T. ) ;
#833 = MECHANICAL_DESIGN_GEOMETRIC_PRESENTATION_REPRESENTATION (  '', ( #3486 ), #4725 ) ;
#834 = SURFACE_SIDE_STYLE ('',( #795 ) ) ;
#835 = DIRECTION ( 'NONE',  ( 9.912705577010326782E-17, -4.119968255444592627E-15, 1.000000000000000000 ) ) ;
#836 = CARTESIAN_POINT ( 'NONE',  ( -8.749999999999996447, 10.00000000000000000, -12.74999999999999822 ) ) ;
#837 = CARTESIAN_POINT ( 'NONE',  ( -9.100200439206483694, 3.000000000000000000, 10.58323552776716880 ) ) ;
#838 = ADVANCED_FACE ( 'NONE', ( #3251, #5392 ), #617, .F. ) ;
#839 = FILL_AREA_STYLE_COLOUR ( '', #5540 ) ;
#840 = DIRECTION ( 'NONE',  ( 0.7071067811865475727, 0.000000000000000000, 0.7071067811865475727 ) ) ;
#841 = VERTEX_POINT ( 'NONE', #543 ) ;
#842 = SURFACE_SIDE_STYLE ('',( #4569 ) ) ;
#843 =( LENGTH_UNIT ( ) NAMED_UNIT ( * ) SI_UNIT ( .MILLI., .METRE. ) );
#844 = DIRECTION ( 'NONE',  ( 9.912705577010326782E-17, 0.000000000000000000, -1.000000000000000000 ) ) ;
#845 = ADVANCED_FACE ( 'NONE', ( #6555 ), #1809, .F. ) ;
#847 = DIRECTION ( 'NONE',  ( 0.000000000000000000, 0.000000000000000000, 1.000000000000000000 ) ) ;
#846 = SURFACE_STYLE_USAGE ( .BOTH. , #289 ) ;
#848 = VERTEX_POINT ( 'NONE', #5956 ) ;
#849 = DIRECTION ( 'NONE',  ( -0.000000000000000000, 1.000000000000000000, -0.000000000000000000 ) ) ;
#850 = CARTESIAN_POINT ( 'NONE',  ( -9.749999999999998224, 4.784118327815214400, 8.750000000000000000 ) ) ;
#851 = CYLINDRICAL_SURFACE ( 'NONE', #566, 1.000000000000000888 ) ;
#852 = DIRECTION ( 'NONE',  ( -0.000000000000000000, -1.000000000000000000, -0.000000000000000000 ) ) ;
#853 = EDGE_LOOP ( 'NONE', ( #1146, #2348, #1886, #466 ) ) ;
#854 = ORIENTED_EDGE ( 'NONE', *, *, #4627, .F. ) ;
#855 = ORIENTED_EDGE ( 'NONE', *, *, #3401, .T. ) ;
#856 = SURFACE_SIDE_STYLE ('',( #5639 ) ) ;
#857 = DIRECTION ( 'NONE',  ( 0.000000000000000000, 0.000000000000000000, -1.000000000000000000 ) ) ;
#859 = DIRECTION ( 'NONE',  ( -0.000000000000000000, -1.000000000000000000, 0.000000000000000000 ) ) ;
#858 = SURFACE_STYLE_USAGE ( .BOTH. , #334 ) ;
#860 = EDGE_LOOP ( 'NONE', ( #2512, #2705, #3462, #6697 ) ) ;
#861 =( BOUNDED_SURFACE ( )  B_SPLINE_SURFACE ( 3, 2, ( 
 ( #4616, #932, #5774 ),
 ( #6245, #2547, #4682 ),
 ( #6807, #4644, #5171 ),
 ( #3074, #2587, #1955 ),
 ( #4163, #1492, #5852 ),
 ( #997, #1564, #6761 ),
 ( #3706, #1038, #3628 ),
 ( #3112, #4723, #4192 ),
 ( #1530, #3669, #5816 ),
 ( #5314, #1171, #18 ),
 ( #4851, #5444, #70 ),
 ( #3248, #2696, #2235 ),
 ( #5951, #575, #5918 ),
 ( #4881, #2661, #2138 ) ),
 .UNSPECIFIED., .F., .F., .F. ) 
 B_SPLINE_SURFACE_WITH_KNOTS ( ( 4, 2, 2, 2, 2, 2, 4 ),
 ( 3, 3 ),
 ( 0.003816314322259001073, 0.004176314090042336849, 0.004536313857825671758, 0.004896313625609007535, 0.005256313393392343311, 0.005976312928959014864, 0.006696312464525685550 ),
 ( 0.000000000000000000, 1.000000000000000000 ),
 .UNSPECIFIED. ) 
 GEOMETRIC_REPRESENTATION_ITEM ( )  RATIONAL_B_SPLINE_SURFACE ( (
 ( 1.000000000000000000, 0.8416108851136558933, 1.000000000000000000),
 ( 1.000000000000000000, 0.8509147131648043816, 1.000000000000000000),
 ( 1.000000000000000000, 0.8588153667384250678, 1.000000000000000000),
 ( 1.000000000000000000, 0.8698891160868423844, 1.000000000000000000),
 ( 1.000000000000000000, 0.8730162419623720416, 1.000000000000000000),
 ( 1.000000000000000000, 0.8733904137664491030, 1.000000000000000000),
 ( 1.000000000000000000, 0.8706272233014229478, 1.000000000000000000),
 ( 1.000000000000000000, 0.8599157397362524602, 1.000000000000000000),
 ( 1.000000000000000000, 0.8519843780040455838, 1.000000000000000000),
 ( 1.000000000000000000, 0.8237315677412908599, 1.000000000000000000),
 ( 1.000000000000000000, 0.7994515993949660171, 1.000000000000000000),
 ( 1.000000000000000000, 0.7519088607805682889, 1.000000000000000000),
 ( 1.000000000000000000, 0.7282801894245475305, 1.000000000000000000),
 ( 1.000000000000000000, 0.7071067811865496822, 1.000000000000000000) ) ) 
 REPRESENTATION_ITEM ( '' )  SURFACE ( )  );
#862 =( NAMED_UNIT ( * ) SI_UNIT ( $, .STERADIAN. ) SOLID_ANGLE_UNIT ( ) );
#863 = CARTESIAN_POINT ( 'NONE',  ( -4.999999999999999112, 4.999999999999999112, 11.75000000000000533 ) ) ;
#864 = ORIENTED_EDGE ( 'NONE', *, *, #2057, .F. ) ;
#865 = EDGE_CURVE ( 'NONE', #5957, #545, #5496, .T. ) ;
#866 = CARTESIAN_POINT ( 'NONE',  ( 15.37957249080740851, 10.00000000000000000, 15.37957249080740496 ) ) ;
#867 =( NAMED_UNIT ( * ) SI_UNIT ( $, .STERADIAN. ) SOLID_ANGLE_UNIT ( ) );
#868 = AXIS2_PLACEMENT_3D ( 'NONE', #2815, #729, #5582 ) ;
#869 = DIRECTION ( 'NONE',  ( 1.000000000000000000, -0.000000000000000000, 0.000000000000000000 ) ) ;
#870 = DIRECTION ( 'NONE',  ( -1.000000000000000000, 0.000000000000000000, 0.000000000000000000 ) ) ;
#871 = VECTOR ( 'NONE', #5769, 1000.000000000000000 ) ;
#872 = DIRECTION ( 'NONE',  ( -0.1926121808921675005, -0.9812749603306725188, 1.734723475976806700E-15 ) ) ;
#873 = CIRCLE ( 'NONE', #2415, 2.774999999999996358 ) ;
#874 = COLOUR_RGB ( '',1.000000000000000000, 1.000000000000000000, 1.000000000000000000 ) ;
#875 = CARTESIAN_POINT ( 'NONE',  ( -5.944038137989186232, 3.116869394727312503, -11.74999999999999822 ) ) ;
#876 = AXIS2_PLACEMENT_3D ( 'NONE', #4288, #1130, #1835 ) ;
#877 = PRESENTATION_LAYER_ASSIGNMENT (  '', '', ( #3876 ) ) ;
#878 = UNCERTAINTY_MEASURE_WITH_UNIT (LENGTH_MEASURE( 1.000000000000000082E-05 ), #3958, 'distance_accuracy_value', 'NONE');
#879 = FACE_OUTER_BOUND ( 'NONE', #5459, .T. ) ;
#880 = EDGE_CURVE ( 'NONE', #4992, #1718, #3371, .T. ) ;
#881 = COLOUR_RGB ( '',1.000000000000000000, 1.000000000000000000, 1.000000000000000000 ) ;
#882 =( LENGTH_UNIT ( ) NAMED_UNIT ( * ) SI_UNIT ( .MILLI., .METRE. ) );
#883 = DIRECTION ( 'NONE',  ( 0.000000000000000000, 0.000000000000000000, 1.000000000000000000 ) ) ;
#884 =( LENGTH_UNIT ( ) NAMED_UNIT ( * ) SI_UNIT ( .MILLI., .METRE. ) );
#885 = ORIENTED_EDGE ( 'NONE', *, *, #6549, .T. ) ;
#886 = CARTESIAN_POINT ( 'NONE',  ( -15.37957249080740851, 0.000000000000000000, 12.12957249080740318 ) ) ;
#887 = DIRECTION ( 'NONE',  ( -0.000000000000000000, -1.000000000000000000, -0.000000000000000000 ) ) ;
#888 = AXIS2_PLACEMENT_3D ( 'NONE', #3017, #4624, #1435 ) ;
#889 = MECHANICAL_DESIGN_GEOMETRIC_PRESENTATION_REPRESENTATION (  '', ( #1986 ), #2538 ) ;
#890 =( NAMED_UNIT ( * ) PLANE_ANGLE_UNIT ( ) SI_UNIT ( $, .RADIAN. ) );
#891 = VERTEX_POINT ( 'NONE', #1199 ) ;
#892 = EDGE_LOOP ( 'NONE', ( #4789, #5524, #4640, #227, #432 ) ) ;
#893 = VERTEX_POINT ( 'NONE', #2276 ) ;
#894 = FACE_OUTER_BOUND ( 'NONE', #4233, .T. ) ;
#895 =( GEOMETRIC_REPRESENTATION_CONTEXT ( 3 ) GLOBAL_UNCERTAINTY_ASSIGNED_CONTEXT ( ( #4240 ) ) GLOBAL_UNIT_ASSIGNED_CONTEXT ( ( #1404, #3634, #3677 ) ) REPRESENTATION_CONTEXT ( 'NONE', 'WORKASPACE' ) );
#897 = SURFACE_SIDE_STYLE ('',( #1403 ) ) ;
#896 =( NAMED_UNIT ( * ) SI_UNIT ( $, .STERADIAN. ) SOLID_ANGLE_UNIT ( ) );
#898 = ORIENTED_EDGE ( 'NONE', *, *, #2192, .F. ) ;
#899 = VERTEX_POINT ( 'NONE', #6492 ) ;
#900 = EDGE_CURVE ( 'NONE', #5886, #2950, #5486, .T. ) ;
#901 =( LENGTH_UNIT ( ) NAMED_UNIT ( * ) SI_UNIT ( .MILLI., .METRE. ) );
#902 = FILL_AREA_STYLE_COLOUR ( '', #5908 ) ;
#903 = STYLED_ITEM ( 'NONE', ( #2318 ), #215 ) ;
#904 = VERTEX_POINT ( 'NONE', #3351 ) ;
#905 = COLOUR_RGB ( '',1.000000000000000000, 1.000000000000000000, 1.000000000000000000 ) ;
#906 = CARTESIAN_POINT ( 'NONE',  ( 5.000000000000002665, -10.52072483264118574, 11.75000000000000355 ) ) ;
#907 = FILL_AREA_STYLE_COLOUR ( '', #2147 ) ;
#908 =( BOUNDED_SURFACE ( )  B_SPLINE_SURFACE ( 3, 2, ( 
 ( #621, #581, #5455 ),
 ( #4402, #2177, #5928 ),
 ( #4856, #153, #79 ),
 ( #1641, #3353, #1139 ),
 ( #3257, #5985, #2833 ),
 ( #2737, #57, #116 ),
 ( #2207, #2280, #4331 ),
 ( #5491, #713, #6458 ),
 ( #1678, #5958, #5423 ),
 ( #643, #2764, #2243 ),
 ( #4960, #2706, #2306 ),
 ( #181, #6392, #4374 ),
 ( #6496, #2799, #1608 ),
 ( #3742, #323, #3413 ) ),
 .UNSPECIFIED., .F., .F., .F. ) 
 B_SPLINE_SURFACE_WITH_KNOTS ( ( 4, 2, 2, 2, 2, 2, 4 ),
 ( 3, 3 ),
 ( 0.003816314322258998037, 0.004176314090042334247, 0.004536313857825670023, 0.004896313625609005800, 0.005256313393392341576, 0.005976312928959013129, 0.006696312464525684682 ),
 ( 0.000000000000000000, 1.000000000000000000 ),
 .UNSPECIFIED. ) 
 GEOMETRIC_REPRESENTATION_ITEM ( )  RATIONAL_B_SPLINE_SURFACE ( (
 ( 1.000000000000000000, 0.8416108851136551161, 1.000000000000000000),
 ( 1.000000000000000000, 0.8509147131647982754, 1.000000000000000000),
 ( 1.000000000000000000, 0.8588153667384310630, 1.000000000000000000),
 ( 1.000000000000000000, 0.8698891160868351680, 1.000000000000000000),
 ( 1.000000000000000000, 0.8730162419623714865, 1.000000000000000000),
 ( 1.000000000000000000, 0.8733904137664485479, 1.000000000000000000),
 ( 1.000000000000000000, 0.8706272233014223927, 1.000000000000000000),
 ( 1.000000000000000000, 0.8599157397362519051, 1.000000000000000000),
 ( 1.000000000000000000, 0.8519843780040381453, 1.000000000000000000),
 ( 1.000000000000000000, 0.8237315677413039605, 1.000000000000000000),
 ( 1.000000000000000000, 0.7994515993949796728, 1.000000000000000000),
 ( 1.000000000000000000, 0.7519088607805545221, 1.000000000000000000),
 ( 1.000000000000000000, 0.7282801894245570784, 1.000000000000000000),
 ( 1.000000000000000000, 0.7071067811865493491, 1.000000000000000000) ) ) 
 REPRESENTATION_ITEM ( '' )  SURFACE ( )  );
#909 = CIRCLE ( 'NONE', #6680, 2.774999999999996358 ) ;
#910 =( GEOMETRIC_REPRESENTATION_CONTEXT ( 3 ) GLOBAL_UNCERTAINTY_ASSIGNED_CONTEXT ( ( #1169 ) ) GLOBAL_UNIT_ASSIGNED_CONTEXT ( ( #6180, #3985, #1882 ) ) REPRESENTATION_CONTEXT ( 'NONE', 'WORKASPACE' ) );
#911 = CARTESIAN_POINT ( 'NONE',  ( -7.916877620263568893, 4.701727787528179547, 11.75000000000000533 ) ) ;
#912 = FACE_OUTER_BOUND ( 'NONE', #3222, .T. ) ;
#913 = SURFACE_STYLE_FILL_AREA ( #4979 ) ;
#914 = PRESENTATION_LAYER_ASSIGNMENT (  '', '', ( #5245 ) ) ;
#915 = CARTESIAN_POINT ( 'NONE',  ( 15.37957249080740851, 0.000000000000000000, -18.62957249080740496 ) ) ;
#916 =( GEOMETRIC_REPRESENTATION_CONTEXT ( 3 ) GLOBAL_UNCERTAINTY_ASSIGNED_CONTEXT ( ( #3587 ) ) GLOBAL_UNIT_ASSIGNED_CONTEXT ( ( #4300, #4513, #6601 ) ) REPRESENTATION_CONTEXT ( 'NONE', 'WORKASPACE' ) );
#917 = VECTOR ( 'NONE', #3832, 1000.000000000000000 ) ;
#918 = PRESENTATION_STYLE_ASSIGNMENT (( #4751 ) ) ;
#919 = SURFACE_STYLE_FILL_AREA ( #6722 ) ;
#920 = AXIS2_PLACEMENT_3D ( 'NONE', #5776, #6839, #5243 ) ;
#921 = STYLED_ITEM ( 'NONE', ( #6127 ), #4847 ) ;
#922 = ADVANCED_FACE ( 'NONE', ( #1738 ), #3845, .F. ) ;
#923 = SURFACE_SIDE_STYLE ('',( #4050 ) ) ;
#924 = PLANE ( 'NONE',  #1633 ) ;
#926 = CARTESIAN_POINT ( 'NONE',  ( 20.84999999999999432, 9.000000000000001776, -16.56599923110718819 ) ) ;
#925 = CARTESIAN_POINT ( 'NONE',  ( -11.75000000000010481, 3.581931040400541999, -7.704129835765878731 ) ) ;
#927 = ORIENTED_EDGE ( 'NONE', *, *, #1294, .F. ) ;
#928 = FACE_BOUND ( 'NONE', #5642, .T. ) ;
#929 = COLOUR_RGB ( '',1.000000000000000000, 1.000000000000000000, 1.000000000000000000 ) ;
#930 = DIRECTION ( 'NONE',  ( 0.000000000000000000, 0.000000000000000000, -1.000000000000000000 ) ) ;
#931 = AXIS2_PLACEMENT_3D ( 'NONE', #4143, #4746, #4774 ) ;
#932 = CARTESIAN_POINT ( 'NONE',  ( -11.74999999999999645, 3.524697209923717711, 8.997208843581377735 ) ) ;
#933 = PRESENTATION_STYLE_ASSIGNMENT (( #1395 ) ) ;
#934 = ORIENTED_EDGE ( 'NONE', *, *, #5328, .F. ) ;
#935 = AXIS2_PLACEMENT_3D ( 'NONE', #4234, #6356, #5317 ) ;
#936 = VERTEX_POINT ( 'NONE', #5981 ) ;
#937 = FILL_AREA_STYLE ('',( #5207 ) ) ;
#938 = MECHANICAL_DESIGN_GEOMETRIC_PRESENTATION_REPRESENTATION (  '', ( #3265 ), #2713 ) ;
#939 = DIRECTION ( 'NONE',  ( 0.000000000000000000, 0.000000000000000000, 1.000000000000000000 ) ) ;
#940 = STYLED_ITEM ( 'NONE', ( #3076 ), #5371 ) ;
#941 = DIRECTION ( 'NONE',  ( -0.000000000000000000, -1.000000000000000000, -0.000000000000000000 ) ) ;
#942 = ORIENTED_EDGE ( 'NONE', *, *, #3869, .F. ) ;
#943 = CARTESIAN_POINT ( 'NONE',  ( -8.749999999999996447, 3.000000000000000000, 11.75000000000000533 ) ) ;
#944 = STYLED_ITEM ( 'NONE', ( #2478 ), #975 ) ;
#945 = FILL_AREA_STYLE_COLOUR ( '', #1329 ) ;
#946 = FILL_AREA_STYLE_COLOUR ( '', #2026 ) ;
#947 = CIRCLE ( 'NONE', #1158, 1.000000000000000888 ) ;
#948 = ORIENTED_EDGE ( 'NONE', *, *, #2695, .T. ) ;
#949 =( NAMED_UNIT ( * ) SI_UNIT ( $, .STERADIAN. ) SOLID_ANGLE_UNIT ( ) );
#950 = FACE_OUTER_BOUND ( 'NONE', #2650, .T. ) ;
#951 =( GEOMETRIC_REPRESENTATION_CONTEXT ( 3 ) GLOBAL_UNCERTAINTY_ASSIGNED_CONTEXT ( ( #1699 ) ) GLOBAL_UNIT_ASSIGNED_CONTEXT ( ( #6190, #2914, #896 ) ) REPRESENTATION_CONTEXT ( 'NONE', 'WORKASPACE' ) );
#952 = DIRECTION ( 'NONE',  ( 0.000000000000000000, 0.000000000000000000, -1.000000000000000000 ) ) ;
#953 = CYLINDRICAL_SURFACE ( 'NONE', #6436, 1.699999999999994849 ) ;
#954 = CARTESIAN_POINT ( 'NONE',  ( -6.098428624015327593, 4.999999988370674942, -11.74999999999999822 ) ) ;
#955 = UNCERTAINTY_MEASURE_WITH_UNIT (LENGTH_MEASURE( 1.000000000000000082E-05 ), #707, 'distance_accuracy_value', 'NONE');
#956 = EDGE_CURVE ( 'NONE', #1498, #180, #6377, .T. ) ;
#957 = ADVANCED_FACE ( 'NONE', ( #2961, #4612 ), #5737, .F. ) ;
#958 =( NAMED_UNIT ( * ) PLANE_ANGLE_UNIT ( ) SI_UNIT ( $, .RADIAN. ) );
#959 =( NAMED_UNIT ( * ) SI_UNIT ( $, .STERADIAN. ) SOLID_ANGLE_UNIT ( ) );
#960 = ORIENTED_EDGE ( 'NONE', *, *, #89, .F. ) ;
#961 = UNCERTAINTY_MEASURE_WITH_UNIT (LENGTH_MEASURE( 1.000000000000000082E-05 ), #1875, 'distance_accuracy_value', 'NONE');
#962 = DIRECTION ( 'NONE',  ( 0.000000000000000000, 0.000000000000000000, -1.000000000000000000 ) ) ;
#963 = DIRECTION ( 'NONE',  ( 0.000000000000000000, 0.000000000000000000, -1.000000000000000000 ) ) ;
#964 = DIRECTION ( 'NONE',  ( 0.000000000000000000, 0.000000000000000000, -1.000000000000000000 ) ) ;
#965 = CARTESIAN_POINT ( 'NONE',  ( 8.750000000000001776, 10.00000000000000000, -8.749999999999998224 ) ) ;
#966 = VERTEX_POINT ( 'NONE', #1950 ) ;
#967 =( NAMED_UNIT ( * ) PLANE_ANGLE_UNIT ( ) SI_UNIT ( $, .RADIAN. ) );
#968 = SURFACE_STYLE_USAGE ( .BOTH. , #6389 ) ;
#969 = EDGE_LOOP ( 'NONE', ( #1589, #5613 ) ) ;
#970 = FILL_AREA_STYLE_COLOUR ( '', #905 ) ;
#971 = CARTESIAN_POINT ( 'NONE',  ( 8.853446772640761964, 3.545471696833079278, -11.74999999999999645 ) ) ;
#972 = DIRECTION ( 'NONE',  ( 0.000000000000000000, -0.000000000000000000, 1.000000000000000000 ) ) ;
#973 = VERTEX_POINT ( 'NONE', #5124 ) ;
#974 = CARTESIAN_POINT ( 'NONE',  ( 8.024999999999996803, 5.000000000000000000, -5.250000000000004441 ) ) ;
#975 = ADVANCED_FACE ( 'NONE', ( #357 ), #6828, .T. ) ;
#976 = LINE ( 'NONE', #4245, #4927 ) ;
#977 = SURFACE_STYLE_USAGE ( .BOTH. , #4110 ) ;
#978 = ADVANCED_FACE ( 'NONE', ( #1919 ), #5260, .T. ) ;
#979 = CARTESIAN_POINT ( 'NONE',  ( -11.01015130539788167, 4.854173263908024616, -10.73249685147498944 ) ) ;
#980 = CARTESIAN_POINT ( 'NONE',  ( 8.750000000000001776, 9.000000000000001776, -8.749999999999998224 ) ) ;
#981 = CARTESIAN_POINT ( 'NONE',  ( 8.025000000000003908, 7.500000000000000000, 8.025000000000000355 ) ) ;
#982 = STYLED_ITEM ( 'NONE', ( #1189 ), #2541 ) ;
#983 = VECTOR ( 'NONE', #2937, 1000.000000000000000 ) ;
#984 = ORIENTED_EDGE ( 'NONE', *, *, #312, .T. ) ;
#985 = CARTESIAN_POINT ( 'NONE',  ( -7.376002237229248415, 3.562823069469582826, -11.74999999999999822 ) ) ;
#986 =( GEOMETRIC_REPRESENTATION_CONTEXT ( 3 ) GLOBAL_UNCERTAINTY_ASSIGNED_CONTEXT ( ( #4850 ) ) GLOBAL_UNIT_ASSIGNED_CONTEXT ( ( #6053, #3880, #3919 ) ) REPRESENTATION_CONTEXT ( 'NONE', 'WORKASPACE' ) );
#987 = ADVANCED_FACE ( 'NONE', ( #6690 ), #2731, .F. ) ;
#988 = CARTESIAN_POINT ( 'NONE',  ( 11.74999999999999822, 3.000000000000000000, -8.749999999999998224 ) ) ;
#989 = CARTESIAN_POINT ( 'NONE',  ( 9.527044151076630385, 4.826577767160882715, -11.67469073923560785 ) ) ;
#990 = MECHANICAL_DESIGN_GEOMETRIC_PRESENTATION_REPRESENTATION (  '', ( #2871 ), #6431 ) ;
#991 = DIRECTION ( 'NONE',  ( -0.000000000000000000, -1.000000000000000000, 0.000000000000000000 ) ) ;
#993 = CARTESIAN_POINT ( 'NONE',  ( -5.851293488071591220, 5.000000000000000000, 11.75000000000000533 ) ) ;
#992 = CARTESIAN_POINT ( 'NONE',  ( 19.84999999999999432, 0.000000000000000000, 16.56599923110718464 ) ) ;
#994 = ORIENTED_EDGE ( 'NONE', *, *, #6396, .F. ) ;
#995 = DIRECTION ( 'NONE',  ( 0.000000000000000000, 1.000000000000000000, -0.000000000000000000 ) ) ;
#996 = CARTESIAN_POINT ( 'NONE',  ( 8.750000000000001776, 4.784118327815215288, 11.75000000000000355 ) ) ;
#997 = CARTESIAN_POINT ( 'NONE',  ( -11.74999999999999645, 4.701727787528176883, 7.916877620263402804 ) ) ;
#998 =( GEOMETRIC_REPRESENTATION_CONTEXT ( 3 ) GLOBAL_UNCERTAINTY_ASSIGNED_CONTEXT ( ( #261 ) ) GLOBAL_UNIT_ASSIGNED_CONTEXT ( ( #6217, #4126, #1471 ) ) REPRESENTATION_CONTEXT ( 'NONE', 'WORKASPACE' ) );
#999 = PRESENTATION_LAYER_ASSIGNMENT (  '', '', ( #3997 ) ) ;
#1000 = PRESENTATION_LAYER_ASSIGNMENT (  '', '', ( #6313 ) ) ;
#1001 = CARTESIAN_POINT ( 'NONE',  ( 12.74999999999999822, 10.00000000000000000, -8.749999999999998224 ) ) ;
#1002 = ORIENTED_EDGE ( 'NONE', *, *, #6622, .F. ) ;
#1003 = PLANE ( 'NONE',  #6602 ) ;
#1004 = SURFACE_STYLE_FILL_AREA ( #2667 ) ;
#1005 = CARTESIAN_POINT ( 'NONE',  ( 11.74999999999999822, 4.740320937067192375, -8.513406125967927451 ) ) ;
#1006 = STYLED_ITEM ( 'NONE', ( #1236 ), #1737 ) ;
#1007 = PRESENTATION_LAYER_ASSIGNMENT (  '', '', ( #4006 ) ) ;
#1008 = VERTEX_POINT ( 'NONE', #6444 ) ;
#1009 = DIRECTION ( 'NONE',  ( 0.000000000000000000, 0.000000000000000000, -1.000000000000000000 ) ) ;
#1010 = PRESENTATION_STYLE_ASSIGNMENT (( #5787 ) ) ;
#1011 = DIRECTION ( 'NONE',  ( 0.000000000000000000, 1.000000000000000000, 0.000000000000000000 ) ) ;
#1012 = CARTESIAN_POINT ( 'NONE',  ( -11.74999999999998934, 3.524697209923717267, -8.997208843581457671 ) ) ;
#1013 = EDGE_LOOP ( 'NONE', ( #405, #2970, #2149, #5150 ) ) ;
#1014 = CIRCLE ( 'NONE', #3551, 1.000000000000000888 ) ;
#1015 = CARTESIAN_POINT ( 'NONE',  ( 8.750000000000003553, 3.000000000000000000, 9.750000000000005329 ) ) ;
#1016 = SURFACE_STYLE_USAGE ( .BOTH. , #3722 ) ;
#1017 = CARTESIAN_POINT ( 'NONE',  ( -6.071379517298972850, 3.000000005310119011, 10.00920742649989847 ) ) ;
#1018 = FILL_AREA_STYLE_COLOUR ( '', #874 ) ;
#1019 = CARTESIAN_POINT ( 'NONE',  ( 5.851293488071583226, 5.000000000000000000, -9.749999999999996447 ) ) ;
#1020 = COLOUR_RGB ( '',1.000000000000000000, 1.000000000000000000, 1.000000000000000000 ) ;
#1021 = EDGE_CURVE ( 'NONE', #4113, #5790, #6811, .T. ) ;
#1022 = DIRECTION ( 'NONE',  ( 1.000000000000000000, 0.000000000000000000, -8.320016671351591588E-17 ) ) ;
#1023 = FILL_AREA_STYLE_COLOUR ( '', #5105 ) ;
#1024 = CIRCLE ( 'NONE', #2444, 1.000000000000000888 ) ;
#1025 = AXIS2_PLACEMENT_3D ( 'NONE', #1845, #6559, #4577 ) ;
#1026 = ORIENTED_EDGE ( 'NONE', *, *, #2609, .F. ) ;
#1027 = CARTESIAN_POINT ( 'NONE',  ( -7.433184714726494668, 4.758173303003967902, -11.74999999999999822 ) ) ;
#1028 = UNCERTAINTY_MEASURE_WITH_UNIT (LENGTH_MEASURE( 1.000000000000000082E-05 ), #464, 'distance_accuracy_value', 'NONE');
#1029 =( GEOMETRIC_REPRESENTATION_CONTEXT ( 3 ) GLOBAL_UNCERTAINTY_ASSIGNED_CONTEXT ( ( #3381 ) ) GLOBAL_UNIT_ASSIGNED_CONTEXT ( ( #3373, #1286, #6094 ) ) REPRESENTATION_CONTEXT ( 'NONE', 'WORKASPACE' ) );
#1030 = DIRECTION ( 'NONE',  ( 0.000000000000000000, 0.000000000000000000, -1.000000000000000000 ) ) ;
#1031 = SURFACE_STYLE_FILL_AREA ( #1951 ) ;
#1032 = EDGE_CURVE ( 'NONE', #525, #4229, #2931, .T. ) ;
#1034 = LINE ( 'NONE', #4788, #1625 ) ;
#1033 = CARTESIAN_POINT ( 'NONE',  ( -11.74999999999999822, 4.885989611787576514, -6.830053202116347144 ) ) ;
#1035 = ORIENTED_EDGE ( 'NONE', *, *, #4112, .F. ) ;
#1036 = UNCERTAINTY_MEASURE_WITH_UNIT (LENGTH_MEASURE( 1.000000000000000082E-05 ), #1661, 'distance_accuracy_value', 'NONE');
#1037 =( LENGTH_UNIT ( ) NAMED_UNIT ( * ) SI_UNIT ( .MILLI., .METRE. ) );
#1038 = CARTESIAN_POINT ( 'NONE',  ( -11.74999999999999467, 3.581931040400564203, 7.704129835765745504 ) ) ;
#1039 = VECTOR ( 'NONE', #2826, 1000.000000000000000 ) ;
#1040 = AXIS2_PLACEMENT_3D ( 'NONE', #6054, #6423, #1645 ) ;
#1041 = EDGE_CURVE ( 'NONE', #904, #3192, #6580, .T. ) ;
#1042 = ORIENTED_EDGE ( 'NONE', *, *, #4350, .F. ) ;
#1043 = PRESENTATION_STYLE_ASSIGNMENT (( #5820 ) ) ;
#1044 = CARTESIAN_POINT ( 'NONE',  ( 11.74999999999999822, 3.545471696833089492, -8.853446772640637619 ) ) ;
#1045 =( GEOMETRIC_REPRESENTATION_CONTEXT ( 3 ) GLOBAL_UNCERTAINTY_ASSIGNED_CONTEXT ( ( #5193 ) ) GLOBAL_UNIT_ASSIGNED_CONTEXT ( ( #6715, #2422, #1943 ) ) REPRESENTATION_CONTEXT ( 'NONE', 'WORKASPACE' ) );
#1046 =( LENGTH_UNIT ( ) NAMED_UNIT ( * ) SI_UNIT ( .MILLI., .METRE. ) );
#1047 = ORIENTED_EDGE ( 'NONE', *, *, #3310, .F. ) ;
#1048 = UNCERTAINTY_MEASURE_WITH_UNIT (LENGTH_MEASURE( 1.000000000000000082E-05 ), #1046, 'distance_accuracy_value', 'NONE');
#1049 =( LENGTH_UNIT ( ) NAMED_UNIT ( * ) SI_UNIT ( .MILLI., .METRE. ) );
#1050 = DIRECTION ( 'NONE',  ( -1.000000000000000000, 0.000000000000000000, 9.912705577010326782E-17 ) ) ;
#1051 = CARTESIAN_POINT ( 'NONE',  ( 6.504916941038133338, 3.414246218433230062, -11.74999999999999645 ) ) ;
#1052 = CARTESIAN_POINT ( 'NONE',  ( -8.749999999999996447, 4.784118327815211735, -11.74999999999999822 ) ) ;
#1053 = EDGE_CURVE ( 'NONE', #681, #3418, #4846, .T. ) ;
#1054 = AXIS2_PLACEMENT_3D ( 'NONE', #5411, #2652, #138 ) ;
#1055 = ORIENTED_EDGE ( 'NONE', *, *, #1696, .T. ) ;
#1056 = CARTESIAN_POINT ( 'NONE',  ( 8.997208843581375959, 3.524697209923715047, 11.75000000000000533 ) ) ;
#1057 =( GEOMETRIC_REPRESENTATION_CONTEXT ( 3 ) GLOBAL_UNCERTAINTY_ASSIGNED_CONTEXT ( ( #528 ) ) GLOBAL_UNIT_ASSIGNED_CONTEXT ( ( #3508, #6643, #867 ) ) REPRESENTATION_CONTEXT ( 'NONE', 'WORKASPACE' ) );
#1058 = PRESENTATION_LAYER_ASSIGNMENT (  '', '', ( #940 ) ) ;
#1059 = MECHANICAL_DESIGN_GEOMETRIC_PRESENTATION_REPRESENTATION (  '', ( #705 ), #6824 ) ;
#1060 = CARTESIAN_POINT ( 'NONE',  ( -17.27310601229372722, 9.000000000000001776, -20.55710678118654755 ) ) ;
#1061 = SURFACE_STYLE_USAGE ( .BOTH. , #5834 ) ;
#1062 = PRESENTATION_LAYER_ASSIGNMENT (  '', '', ( #492 ) ) ;
#1063 = SURFACE_SIDE_STYLE ('',( #4747 ) ) ;
#1064 = CARTESIAN_POINT ( 'NONE',  ( 6.000000000000002665, 4.999999999999999112, 20.85000000000000142 ) ) ;
#1065 = AXIS2_PLACEMENT_3D ( 'NONE', #2277, #5982, #3772 ) ;
#1066 = ORIENTED_EDGE ( 'NONE', *, *, #3300, .F. ) ;
#1067 = CARTESIAN_POINT ( 'NONE',  ( -11.01214552554996295, 4.854165280456462561, 10.73033714227964275 ) ) ;
#1068 = SURFACE_STYLE_USAGE ( .BOTH. , #3793 ) ;
#1069 = PRESENTATION_LAYER_ASSIGNMENT (  '', '', ( #4390 ) ) ;
#1070 = LINE ( 'NONE', #5873, #4476 ) ;
#1071 = LINE ( 'NONE', #3176, #2025 ) ;
#1072 =( NAMED_UNIT ( * ) SI_UNIT ( $, .STERADIAN. ) SOLID_ANGLE_UNIT ( ) );
#1073 = DIRECTION ( 'NONE',  ( 0.000000000000000000, 0.000000000000000000, -1.000000000000000000 ) ) ;
#1075 = DIRECTION ( 'NONE',  ( 0.000000000000000000, 1.000000000000000000, 0.000000000000000000 ) ) ;
#1074 = SURFACE_STYLE_USAGE ( .BOTH. , #6833 ) ;
#1076 = ORIENTED_EDGE ( 'NONE', *, *, #1496, .F. ) ;
#1077 =( LENGTH_UNIT ( ) NAMED_UNIT ( * ) SI_UNIT ( .MILLI., .METRE. ) );
#1078 = SURFACE_SIDE_STYLE ('',( #3600 ) ) ;
#1079 = EDGE_CURVE ( 'NONE', #4749, #5303, #243, .T. ) ;
#1080 = DIRECTION ( 'NONE',  ( 1.000000000000000000, 0.000000000000000000, 0.000000000000000000 ) ) ;
#1081 = ORIENTED_EDGE ( 'NONE', *, *, #4303, .F. ) ;
#1082 = PRESENTATION_STYLE_ASSIGNMENT (( #5856 ) ) ;
#1084 = CARTESIAN_POINT ( 'NONE',  ( -8.024999999999996803, 3.000000000000000000, 8.025000000000000355 ) ) ;
#1083 = CARTESIAN_POINT ( 'NONE',  ( 11.74999999999999822, 4.711159729501271265, -8.275771039781021798 ) ) ;
#1085 = ORIENTED_EDGE ( 'NONE', *, *, #6332, .T. ) ;
#1086 = SURFACE_STYLE_USAGE ( .BOTH. , #5861 ) ;
#1087 = SURFACE_STYLE_FILL_AREA ( #5863 ) ;
#1088 = CARTESIAN_POINT ( 'NONE',  ( 5.851293488071583226, 3.000000000000000000, -9.749999999999996447 ) ) ;
#1089 =( NAMED_UNIT ( * ) PLANE_ANGLE_UNIT ( ) SI_UNIT ( $, .RADIAN. ) );
#1090 = ORIENTED_EDGE ( 'NONE', *, *, #2988, .T. ) ;
#1091 = CARTESIAN_POINT ( 'NONE',  ( 3.000000000000002665, 4.999999999999999112, 19.84999999999999787 ) ) ;
#1092 = CARTESIAN_POINT ( 'NONE',  ( -10.22596654526689797, 2.999999999316286026, 9.717478022909364910 ) ) ;
#1093 = UNCERTAINTY_MEASURE_WITH_UNIT (LENGTH_MEASURE( 1.000000000000000082E-05 ), #6398, 'distance_accuracy_value', 'NONE');
#1094 = LINE ( 'NONE', #1190, #3030 ) ;
#1095 = CARTESIAN_POINT ( 'NONE',  ( -8.749999999999996447, 5.000000000000000000, -11.74999999999999822 ) ) ;
#1096 = CARTESIAN_POINT ( 'NONE',  ( -11.74999999999999822, 4.999999988370674942, -6.098428624015403088 ) ) ;
#1097 = ORIENTED_EDGE ( 'NONE', *, *, #1721, .F. ) ;
#1098 = AXIS2_PLACEMENT_3D ( 'NONE', #4718, #48, #2659 ) ;
#1099 = UNCERTAINTY_MEASURE_WITH_UNIT (LENGTH_MEASURE( 1.000000000000000082E-05 ), #714, 'distance_accuracy_value', 'NONE');
#1100 = EDGE_CURVE ( 'NONE', #2670, #5957, #2193, .T. ) ;
#1101 = SURFACE_STYLE_FILL_AREA ( #4824 ) ;
#1102 = ORIENTED_EDGE ( 'NONE', *, *, #1623, .T. ) ;
#1103 = STYLED_ITEM ( 'NONE', ( #6189 ), #2214 ) ;
#1104 = DIRECTION ( 'NONE',  ( 0.000000000000000000, 0.000000000000000000, 1.000000000000000000 ) ) ;
#1105 = EDGE_LOOP ( 'NONE', ( #5206, #6792, #1579, #1849 ) ) ;
#1106 = DIRECTION ( 'NONE',  ( -0.000000000000000000, 1.000000000000000000, -0.000000000000000000 ) ) ;
#1107 = MECHANICAL_DESIGN_GEOMETRIC_PRESENTATION_REPRESENTATION (  '', ( #1644 ), #4988 ) ;
#1108 = CARTESIAN_POINT ( 'NONE',  ( 5.851293488071581450, 5.000000000000000000, -11.74999999999999645 ) ) ;
#1109 = AXIS2_PLACEMENT_3D ( 'NONE', #4530, #2820, #1260 ) ;
#1110 = CARTESIAN_POINT ( 'NONE',  ( -10.31357442383151835, 3.508610859951614813, -11.31751959769171023 ) ) ;
#1111 = ORIENTED_EDGE ( 'NONE', *, *, #2397, .T. ) ;
#1112 = SURFACE_SIDE_STYLE ('',( #5935 ) ) ;
#1113 = CIRCLE ( 'NONE', #2217, 1.000000000000000888 ) ;
#1114 = DIRECTION ( 'NONE',  ( -1.000000000000000000, 0.000000000000000000, 0.000000000000000000 ) ) ;
#1115 = EDGE_CURVE ( 'NONE', #5000, #6125, #5946, .T. ) ;
#1116 = LINE ( 'NONE', #5757, #4817 ) ;
#1117 = CARTESIAN_POINT ( 'NONE',  ( -8.024999999999996803, 7.500000000000000000, 8.025000000000000355 ) ) ;
#1118 = SURFACE_STYLE_USAGE ( .BOTH. , #4277 ) ;
#1119 = MECHANICAL_DESIGN_GEOMETRIC_PRESENTATION_REPRESENTATION (  '', ( #1760 ), #4005 ) ;
#1120 = CARTESIAN_POINT ( 'NONE',  ( -11.67323190413878997, 4.826647537684944034, 9.529895381464969617 ) ) ;
#1121 = AXIS2_PLACEMENT_3D ( 'NONE', #156, #6460, #1681 ) ;
#1122 = DIRECTION ( 'NONE',  ( 0.7071067811865475727, 0.000000000000000000, 0.7071067811865475727 ) ) ;
#1123 = EDGE_CURVE ( 'NONE', #1787, #5179, #4360, .T. ) ;
#1124 = VECTOR ( 'NONE', #4592, 1000.000000000000000 ) ;
#1125 = CARTESIAN_POINT ( 'NONE',  ( 10.07755068993493630, 4.843469560871215940, -11.44759384431320548 ) ) ;
#1126 = PLANE ( 'NONE',  #4778 ) ;
#1127 = DIRECTION ( 'NONE',  ( 0.000000000000000000, 0.000000000000000000, 1.000000000000000000 ) ) ;
#1128 = STYLED_ITEM ( 'NONE', ( #4541 ), #4166 ) ;
#1129 = ORIENTED_EDGE ( 'NONE', *, *, #3571, .T. ) ;
#1130 = DIRECTION ( 'NONE',  ( 0.000000000000000000, 1.000000000000000000, -0.000000000000000000 ) ) ;
#1131 = SURFACE_STYLE_USAGE ( .BOTH. , #3767 ) ;
#1132 = CARTESIAN_POINT ( 'NONE',  ( 11.75000000000000711, 4.971480338808879296, 6.343031678200035550 ) ) ;
#1133 = EDGE_CURVE ( 'NONE', #4229, #525, #1163, .T. ) ;
#1134 =( GEOMETRIC_REPRESENTATION_CONTEXT ( 3 ) GLOBAL_UNCERTAINTY_ASSIGNED_CONTEXT ( ( #50 ) ) GLOBAL_UNIT_ASSIGNED_CONTEXT ( ( #425, #1426, #5240 ) ) REPRESENTATION_CONTEXT ( 'NONE', 'WORKASPACE' ) );
#1135 = ORIENTED_EDGE ( 'NONE', *, *, #2935, .F. ) ;
#1136 = DIRECTION ( 'NONE',  ( 1.000000000000000000, 0.000000000000000000, 0.000000000000000000 ) ) ;
#1137 = CARTESIAN_POINT ( 'NONE',  ( 5.414213562373097588, 9.585786437626905965, 20.85000000000000497 ) ) ;
#1138 = VERTEX_POINT ( 'NONE', #3801 ) ;
#1139 = CARTESIAN_POINT ( 'NONE',  ( 8.427665067367254181, 2.999999994397012593, 10.77670567000653179 ) ) ;
#1140 = CIRCLE ( 'NONE', #3580, 3.999999999999997335 ) ;
#1141 =( NAMED_UNIT ( * ) PLANE_ANGLE_UNIT ( ) SI_UNIT ( $, .RADIAN. ) );
#1142 = CIRCLE ( 'NONE', #4463, 2.999999999999997335 ) ;
#1143 = CARTESIAN_POINT ( 'NONE',  ( -19.84999999999999787, 9.000000000000001776, 16.56599923110718109 ) ) ;
#1144 = PRESENTATION_STYLE_ASSIGNMENT (( #1647 ) ) ;
#1145 = CARTESIAN_POINT ( 'NONE',  ( -9.856625088502383392, 3.000000000683736623, -10.11159654583024903 ) ) ;
#1146 = ORIENTED_EDGE ( 'NONE', *, *, #2182, .F. ) ;
#1147 = STYLED_ITEM ( 'NONE', ( #4982 ), #1157 ) ;
#1148 = CARTESIAN_POINT ( 'NONE',  ( 11.67469073923561318, 4.826577767160887156, 9.527044151076635714 ) ) ;
#1149 = DIRECTION ( 'NONE',  ( 0.000000000000000000, 0.000000000000000000, -1.000000000000000000 ) ) ;
#1150 = COLOUR_RGB ( '',1.000000000000000000, 1.000000000000000000, 1.000000000000000000 ) ;
#1151 = LINE ( 'NONE', #2161, #3111 ) ;
#1152 = CARTESIAN_POINT ( 'NONE',  ( 11.75000000000000355, 4.784118327815237492, 8.750000000000108358 ) ) ;
#1153 = MECHANICAL_DESIGN_GEOMETRIC_PRESENTATION_REPRESENTATION (  '', ( #5485 ), #6819 ) ;
#1154 = PLANE ( 'NONE',  #3025 ) ;
#1155 =( GEOMETRIC_REPRESENTATION_CONTEXT ( 3 ) GLOBAL_UNCERTAINTY_ASSIGNED_CONTEXT ( ( #2533 ) ) GLOBAL_UNIT_ASSIGNED_CONTEXT ( ( #4663, #516, #2519 ) ) REPRESENTATION_CONTEXT ( 'NONE', 'WORKASPACE' ) );
#1156 = VECTOR ( 'NONE', #1864, 1000.000000000000000 ) ;
#1157 = ADVANCED_FACE ( 'NONE', ( #173 ), #2819, .F. ) ;
#1158 = AXIS2_PLACEMENT_3D ( 'NONE', #6505, #3853, #5364 ) ;
#1159 = DIRECTION ( 'NONE',  ( 0.000000000000000000, 1.000000000000000000, 0.000000000000000000 ) ) ;
#1160 = CARTESIAN_POINT ( 'NONE',  ( -5.851293488071592108, 3.000000000000000000, -9.750000000000008882 ) ) ;
#1161 =( NAMED_UNIT ( * ) SI_UNIT ( $, .STERADIAN. ) SOLID_ANGLE_UNIT ( ) );
#1162 = UNCERTAINTY_MEASURE_WITH_UNIT (LENGTH_MEASURE( 1.000000000000000082E-05 ), #288, 'distance_accuracy_value', 'NONE');
#1163 = CIRCLE ( 'NONE', #5048, 3.250000000000001332 ) ;
#1164 = VECTOR ( 'NONE', #149, 1000.000000000000000 ) ;
#1165 = CARTESIAN_POINT ( 'NONE',  ( -15.37957249080740851, 0.000000000000000000, 15.37957249080740496 ) ) ;
#1166 = LINE ( 'NONE', #6512, #6003 ) ;
#1167 = CARTESIAN_POINT ( 'NONE',  ( 15.37957249080740851, 10.00000000000000000, -15.37957249080740496 ) ) ;
#1168 = COLOUR_RGB ( '',1.000000000000000000, 1.000000000000000000, 1.000000000000000000 ) ;
#1169 = UNCERTAINTY_MEASURE_WITH_UNIT (LENGTH_MEASURE( 1.000000000000000082E-05 ), #6180, 'distance_accuracy_value', 'NONE');
#1170 = EDGE_CURVE ( 'NONE', #6184, #4510, #5535, .T. ) ;
#1171 = CARTESIAN_POINT ( 'NONE',  ( -11.74999999999999645, 3.483709452501630999, 6.762146660527402986 ) ) ;
#1172 = PRESENTATION_STYLE_ASSIGNMENT (( #4324 ) ) ;
#1173 = AXIS2_PLACEMENT_3D ( 'NONE', #4755, #5235, #5197 ) ;
#1174 = ORIENTED_EDGE ( 'NONE', *, *, #5770, .F. ) ;
#1175 =( NAMED_UNIT ( * ) SI_UNIT ( $, .STERADIAN. ) SOLID_ANGLE_UNIT ( ) );
#1177 = SURFACE_SIDE_STYLE ('',( #641 ) ) ;
#1176 = CARTESIAN_POINT ( 'NONE',  ( 11.74999999999999822, 5.000000000000000000, -5.851293488071614313 ) ) ;
#1178 = VERTEX_POINT ( 'NONE', #5014 ) ;
#1179 = DIRECTION ( 'NONE',  ( 0.000000000000000000, 0.000000000000000000, -1.000000000000000000 ) ) ;
#1180 = LINE ( 'NONE', #59, #1798 ) ;
#1181 = FACE_OUTER_BOUND ( 'NONE', #5954, .T. ) ;
#1182 = ORIENTED_EDGE ( 'NONE', *, *, #6609, .F. ) ;
#1183 = CARTESIAN_POINT ( 'NONE',  ( 11.40530454249137904, 3.510353687308845227, 10.16046778820086516 ) ) ;
#1184 = FACE_OUTER_BOUND ( 'NONE', #338, .T. ) ;
#1185 = CARTESIAN_POINT ( 'NONE',  ( 8.025000000000000355, 7.500000000000000000, -6.250000000000000888 ) ) ;
#1186 = FILL_AREA_STYLE_COLOUR ( '', #4217 ) ;
#1187 = EDGE_CURVE ( 'NONE', #1743, #3360, #1288, .T. ) ;
#1188 = EDGE_CURVE ( 'NONE', #3963, #587, #2249, .T. ) ;
#1189 = PRESENTATION_STYLE_ASSIGNMENT (( #1068 ) ) ;
#1190 = CARTESIAN_POINT ( 'NONE',  ( -15.37957249080740851, 0.000000000000000000, 17.07957249080740070 ) ) ;
#1191 = CARTESIAN_POINT ( 'NONE',  ( -11.74999999999999467, 4.701831874940743283, 7.788641904947299466 ) ) ;
#1192 = CARTESIAN_POINT ( 'NONE',  ( -8.024999999999996803, 5.000000000000000000, 8.025000000000000355 ) ) ;
#1194 = SURFACE_STYLE_FILL_AREA ( #5650 ) ;
#1193 = DIRECTION ( 'NONE',  ( -0.000000000000000000, -1.000000000000000000, -0.000000000000000000 ) ) ;
#1195 = EDGE_CURVE ( 'NONE', #3818, #841, #1246, .T. ) ;
#1196 =( NAMED_UNIT ( * ) SI_UNIT ( $, .STERADIAN. ) SOLID_ANGLE_UNIT ( ) );
#1197 = CARTESIAN_POINT ( 'NONE',  ( 11.75000000000000355, 4.701831874940745948, 7.788641904947354533 ) ) ;
#1198 = ORIENTED_EDGE ( 'NONE', *, *, #5562, .T. ) ;
#1199 = CARTESIAN_POINT ( 'NONE',  ( -15.37957249080740851, 10.00000000000000000, 13.67957249080740922 ) ) ;
#1200 = MECHANICAL_DESIGN_GEOMETRIC_PRESENTATION_REPRESENTATION (  '', ( #6313 ), #638 ) ;
#1201 = AXIS2_PLACEMENT_3D ( 'NONE', #1525, #5810, #2580 ) ;
#1203 = DIRECTION ( 'NONE',  ( -1.000000000000000000, 0.000000000000000000, -9.912705577010326782E-17 ) ) ;
#1202 = DIRECTION ( 'NONE',  ( 0.000000000000000000, 1.000000000000000000, 0.000000000000000000 ) ) ;
#1204 = ORIENTED_EDGE ( 'NONE', *, *, #827, .F. ) ;
#1205 = DIRECTION ( 'NONE',  ( -1.000000000000000000, 0.000000000000000000, -0.000000000000000000 ) ) ;
#1206 =( NAMED_UNIT ( * ) PLANE_ANGLE_UNIT ( ) SI_UNIT ( $, .RADIAN. ) );
#1207 =( NAMED_UNIT ( * ) SI_UNIT ( $, .STERADIAN. ) SOLID_ANGLE_UNIT ( ) );
#1208 = CARTESIAN_POINT ( 'NONE',  ( -8.024999999999996803, 6.799999999999999822, 6.250000000000004441 ) ) ;
#1209 = DIRECTION ( 'NONE',  ( -1.906289534040448473E-16, 0.000000000000000000, -1.000000000000000000 ) ) ;
#1210 = VERTEX_POINT ( 'NONE', #4442 ) ;
#1211 = AXIS2_PLACEMENT_3D ( 'NONE', #5522, #746, #5959 ) ;
#1212 = ORIENTED_EDGE ( 'NONE', *, *, #3518, .F. ) ;
#1213 = FACE_OUTER_BOUND ( 'NONE', #6218, .T. ) ;
#1214 = FILL_AREA_STYLE ('',( #4301 ) ) ;
#1215 = DIRECTION ( 'NONE',  ( 1.000000000000000000, -0.000000000000000000, 0.000000000000000000 ) ) ;
#1216 = DIRECTION ( 'NONE',  ( 0.000000000000000000, 0.000000000000000000, -1.000000000000000000 ) ) ;
#1217 = VECTOR ( 'NONE', #3445, 1000.000000000000000 ) ;
#1218 = DIRECTION ( 'NONE',  ( -1.000000000000000000, 0.000000000000000000, 0.000000000000000000 ) ) ;
#1219 = FILL_AREA_STYLE ('',( #5998 ) ) ;
#1220 = MECHANICAL_DESIGN_GEOMETRIC_PRESENTATION_REPRESENTATION (  '', ( #5552 ), #2531 ) ;
#1221 = DIRECTION ( 'NONE',  ( 0.000000000000000000, 1.000000000000000000, 0.000000000000000000 ) ) ;
#1222 = AXIS2_PLACEMENT_3D ( 'NONE', #2104, #3119, #2595 ) ;
#1223 = DIRECTION ( 'NONE',  ( 0.000000000000000000, 0.000000000000000000, -1.000000000000000000 ) ) ;
#1224 = AXIS2_PLACEMENT_3D ( 'NONE', #4762, #2633, #5210 ) ;
#1225 = AXIS2_PLACEMENT_3D ( 'NONE', #5741, #6729, #964 ) ;
#1226 = DIRECTION ( 'NONE',  ( 3.035766082959412415E-15, 1.000000000000000000, 0.000000000000000000 ) ) ;
#1227 = PRESENTATION_STYLE_ASSIGNMENT (( #5624 ) ) ;
#1228 = CARTESIAN_POINT ( 'NONE',  ( -19.85000000000000142, 9.000000000000001776, 3.303046618526583072E-15 ) ) ;
#1229 = UNCERTAINTY_MEASURE_WITH_UNIT (LENGTH_MEASURE( 1.000000000000000082E-05 ), #5041, 'distance_accuracy_value', 'NONE');
#1230 =( NAMED_UNIT ( * ) SI_UNIT ( $, .STERADIAN. ) SOLID_ANGLE_UNIT ( ) );
#1231 = ORIENTED_EDGE ( 'NONE', *, *, #4742, .T. ) ;
#1232 = EDGE_CURVE ( 'NONE', #891, #3053, #6531, .T. ) ;
#1233 = DIRECTION ( 'NONE',  ( 0.000000000000000000, 0.000000000000000000, 1.000000000000000000 ) ) ;
#1234 = CIRCLE ( 'NONE', #2121, 3.249999999999997780 ) ;
#1235 = CIRCLE ( 'NONE', #1337, 1.000000000000000888 ) ;
#1236 = PRESENTATION_STYLE_ASSIGNMENT (( #742 ) ) ;
#1237 = ORIENTED_EDGE ( 'NONE', *, *, #1901, .T. ) ;
#1238 = EDGE_CURVE ( 'NONE', #5869, #681, #557, .T. ) ;
#1239 = DIRECTION ( 'NONE',  ( -1.000000000000000000, 0.000000000000000000, 0.000000000000000000 ) ) ;
#1240 = FILL_AREA_STYLE ('',( #1816 ) ) ;
#1241 = ORIENTED_EDGE ( 'NONE', *, *, #1351, .F. ) ;
#1242 = AXIS2_PLACEMENT_3D ( 'NONE', #3944, #6540, #1762 ) ;
#1243 = VERTEX_POINT ( 'NONE', #3366 ) ;
#1244 = DIRECTION ( 'NONE',  ( 0.7071067811865475727, 0.000000000000000000, -0.7071067811865475727 ) ) ;
#1245 = VERTEX_POINT ( 'NONE', #5502 ) ;
#1246 = LINE ( 'NONE', #690, #3037 ) ;
#1247 = PRESENTATION_LAYER_ASSIGNMENT (  '', '', ( #2130 ) ) ;
#1248 = MECHANICAL_DESIGN_GEOMETRIC_PRESENTATION_REPRESENTATION (  '', ( #3692 ), #6037 ) ;
#1249 = EDGE_CURVE ( 'NONE', #3536, #1960, #6656, .T. ) ;
#1250 = DIRECTION ( 'NONE',  ( -0.000000000000000000, -1.000000000000000000, -0.000000000000000000 ) ) ;
#1251 = PRESENTATION_LAYER_ASSIGNMENT (  '', '', ( #3808 ) ) ;
#1252 = SURFACE_SIDE_STYLE ('',( #3799 ) ) ;
#1253 = AXIS2_PLACEMENT_3D ( 'NONE', #2180, #4404, #4894 ) ;
#1254 = PRESENTATION_STYLE_ASSIGNMENT (( #6035 ) ) ;
#1255 = DIRECTION ( 'NONE',  ( 0.7071067811865475727, 0.000000000000000000, 0.7071067811865475727 ) ) ;
#1256 = CIRCLE ( 'NONE', #4815, 1.000000000000000888 ) ;
#1257 = AXIS2_PLACEMENT_3D ( 'NONE', #2741, #4839, #126 ) ;
#1258 = PRESENTATION_LAYER_ASSIGNMENT (  '', '', ( #2157 ) ) ;
#1259 = CARTESIAN_POINT ( 'NONE',  ( 5.851293488071599214, 5.000000000000157208, 9.750000000000003553 ) ) ;
#1260 = DIRECTION ( 'NONE',  ( -0.7071067811865475727, 0.000000000000000000, -0.7071067811865475727 ) ) ;
#1262 =( LENGTH_UNIT ( ) NAMED_UNIT ( * ) SI_UNIT ( .MILLI., .METRE. ) );
#1261 = CARTESIAN_POINT ( 'NONE',  ( 10.08086243770180879, 4.843551933275752397, -11.44592023047957952 ) ) ;
#1263 = COLOUR_RGB ( '',1.000000000000000000, 1.000000000000000000, 1.000000000000000000 ) ;
#1264 = B_SPLINE_CURVE_WITH_KNOTS ( 'NONE', 3,
 ( #3843, #3770, #5919, #6451, #5978, #5881, #3809, #110, #3286, #2100 ),
 .UNSPECIFIED., .F., .F.,
 ( 4, 2, 2, 2, 4 ),
 ( 1.734723475976807094E-18, 0.0007220672724036049459, 0.001444134544807210759, 0.002166201817210816789, 0.002888269089614422386 ),
 .UNSPECIFIED. ) ;
#1265 = SURFACE_SIDE_STYLE ('',( #209 ) ) ;
#1266 = ORIENTED_EDGE ( 'NONE', *, *, #2396, .F. ) ;
#1267 =( NAMED_UNIT ( * ) SI_UNIT ( $, .STERADIAN. ) SOLID_ANGLE_UNIT ( ) );
#1268 = ADVANCED_FACE ( 'NONE', ( #3422, #1752 ), #191, .F. ) ;
#1269 = CARTESIAN_POINT ( 'NONE',  ( 11.75000000000021672, 3.232026073433245106, -6.093800287196917687 ) ) ;
#1270 = ORIENTED_EDGE ( 'NONE', *, *, #2322, .T. ) ;
#1271 = DIRECTION ( 'NONE',  ( 0.000000000000000000, 0.000000000000000000, -1.000000000000000000 ) ) ;
#1272 =( GEOMETRIC_REPRESENTATION_CONTEXT ( 3 ) GLOBAL_UNCERTAINTY_ASSIGNED_CONTEXT ( ( #2747 ) ) GLOBAL_UNIT_ASSIGNED_CONTEXT ( ( #3520, #3555, #213 ) ) REPRESENTATION_CONTEXT ( 'NONE', 'WORKASPACE' ) );
#1273 = VERTEX_POINT ( 'NONE', #127 ) ;
#1274 = VERTEX_POINT ( 'NONE', #163 ) ;
#1275 = ORIENTED_EDGE ( 'NONE', *, *, #5933, .T. ) ;
#1276 =( NAMED_UNIT ( * ) PLANE_ANGLE_UNIT ( ) SI_UNIT ( $, .RADIAN. ) );
#1277 = DIRECTION ( 'NONE',  ( 0.000000000000000000, 0.000000000000000000, 1.000000000000000000 ) ) ;
#1278 = CARTESIAN_POINT ( 'NONE',  ( -9.923976171076443364, 2.999999999162430431, 10.05050179272700284 ) ) ;
#1279 = SURFACE_SIDE_STYLE ('',( #654 ) ) ;
#1280 = CARTESIAN_POINT ( 'NONE',  ( 11.75000000000000355, 4.737447233600398988, 7.554772149253236257 ) ) ;
#1281 =( LENGTH_UNIT ( ) NAMED_UNIT ( * ) SI_UNIT ( .MILLI., .METRE. ) );
#1282 = CARTESIAN_POINT ( 'NONE',  ( -16.56599923110718109, 0.9999999999999991118, -20.85000000000000142 ) ) ;
#1283 = CARTESIAN_POINT ( 'NONE',  ( 11.75000000000000355, 5.000000000000000000, 5.851293488071593885 ) ) ;
#1284 = DIRECTION ( 'NONE',  ( -0.9812749603306768487, 0.1926121808921454903, -1.702240710073831166E-15 ) ) ;
#1285 = DIRECTION ( 'NONE',  ( 0.000000000000000000, 0.000000000000000000, -1.000000000000000000 ) ) ;
#1286 =( NAMED_UNIT ( * ) PLANE_ANGLE_UNIT ( ) SI_UNIT ( $, .RADIAN. ) );
#1287 = CARTESIAN_POINT ( 'NONE',  ( -7.546605917942486919, 4.735892914036454293, -11.75000000000000000 ) ) ;
#1288 = LINE ( 'NONE', #5568, #2576 ) ;
#1289 =( NAMED_UNIT ( * ) SI_UNIT ( $, .STERADIAN. ) SOLID_ANGLE_UNIT ( ) );
#1290 = UNCERTAINTY_MEASURE_WITH_UNIT (LENGTH_MEASURE( 1.000000000000000082E-05 ), #2108, 'distance_accuracy_value', 'NONE');
#1291 = SURFACE_STYLE_USAGE ( .BOTH. , #4573 ) ;
#1292 = CARTESIAN_POINT ( 'NONE',  ( -11.74999999999999645, 4.886788497158206290, -6.826102604469381774 ) ) ;
#1293 = DIRECTION ( 'NONE',  ( 0.000000000000000000, 0.9812749603306725188, 0.1926121808921683332 ) ) ;
#1294 = EDGE_CURVE ( 'NONE', #1210, #6564, #653, .T. ) ;
#1295 = EDGE_LOOP ( 'NONE', ( #4794, #6272, #3296, #260 ) ) ;
#1296 = UNCERTAINTY_MEASURE_WITH_UNIT (LENGTH_MEASURE( 1.000000000000000082E-05 ), #882, 'distance_accuracy_value', 'NONE');
#1297 = CARTESIAN_POINT ( 'NONE',  ( -19.85000000000000497, 9.000000000000001776, -16.56599923110717754 ) ) ;
#1298 = PRESENTATION_STYLE_ASSIGNMENT (( #3414 ) ) ;
#1299 =( NAMED_UNIT ( * ) PLANE_ANGLE_UNIT ( ) SI_UNIT ( $, .RADIAN. ) );
#1300 =( LENGTH_UNIT ( ) NAMED_UNIT ( * ) SI_UNIT ( .MILLI., .METRE. ) );
#1301 = FILL_AREA_STYLE_COLOUR ( '', #1656 ) ;
#1302 = VERTEX_POINT ( 'NONE', #2288 ) ;
#1303 = ORIENTED_EDGE ( 'NONE', *, *, #1123, .F. ) ;
#1304 = DIRECTION ( 'NONE',  ( 0.7071067811865475727, 0.000000000000000000, 0.7071067811865475727 ) ) ;
#1305 = AXIS2_PLACEMENT_3D ( 'NONE', #5435, #3726, #5374 ) ;
#1306 = ORIENTED_EDGE ( 'NONE', *, *, #5623, .T. ) ;
#1307 = DIRECTION ( 'NONE',  ( 0.000000000000000000, 0.000000000000000000, -1.000000000000000000 ) ) ;
#1308 = CYLINDRICAL_SURFACE ( 'NONE', #5955, 3.250000000000001332 ) ;
#1309 =( LENGTH_UNIT ( ) NAMED_UNIT ( * ) SI_UNIT ( .MILLI., .METRE. ) );
#1310 = ORIENTED_EDGE ( 'NONE', *, *, #6309, .T. ) ;
#1311 = SURFACE_SIDE_STYLE ('',( #6089 ) ) ;
#1312 = AXIS2_PLACEMENT_3D ( 'NONE', #1813, #3957, #6078 ) ;
#1313 = DIRECTION ( 'NONE',  ( -0.000000000000000000, -1.000000000000000000, -0.000000000000000000 ) ) ;
#1314 = SURFACE_SIDE_STYLE ('',( #1832 ) ) ;
#1315 = EDGE_CURVE ( 'NONE', #4128, #72, #6435, .T. ) ;
#1316 = MECHANICAL_DESIGN_GEOMETRIC_PRESENTATION_REPRESENTATION (  '', ( #6432 ), #752 ) ;
#1317 = PRESENTATION_STYLE_ASSIGNMENT (( #5010 ) ) ;
#1318 = PLANE ( 'NONE',  #1668 ) ;
#1319 =( NAMED_UNIT ( * ) SI_UNIT ( $, .STERADIAN. ) SOLID_ANGLE_UNIT ( ) );
#1320 =( GEOMETRIC_REPRESENTATION_CONTEXT ( 3 ) GLOBAL_UNCERTAINTY_ASSIGNED_CONTEXT ( ( #390 ) ) GLOBAL_UNIT_ASSIGNED_CONTEXT ( ( #2913, #2877, #3334 ) ) REPRESENTATION_CONTEXT ( 'NONE', 'WORKASPACE' ) );
#1321 = MECHANICAL_DESIGN_GEOMETRIC_PRESENTATION_REPRESENTATION (  '', ( #2880 ), #6106 ) ;
#1322 = CIRCLE ( 'NONE', #6416, 2.774999999999996358 ) ;
#1323 = ADVANCED_FACE ( 'NONE', ( #3891 ), #6605, .F. ) ;
#1324 = STYLED_ITEM ( 'NONE', ( #488 ), #169 ) ;
#1325 = AXIS2_PLACEMENT_3D ( 'NONE', #365, #4056, #6631 ) ;
#1326 = CARTESIAN_POINT ( 'NONE',  ( -11.75000000000000000, 4.971480338808882848, -6.343031678200035550 ) ) ;
#1327 = FILL_AREA_STYLE ('',( #6109 ) ) ;
#1328 = CIRCLE ( 'NONE', #1224, 1.000000000000001332 ) ;
#1329 = COLOUR_RGB ( '',1.000000000000000000, 1.000000000000000000, 1.000000000000000000 ) ;
#1330 = ORIENTED_EDGE ( 'NONE', *, *, #2438, .T. ) ;
#1331 = CARTESIAN_POINT ( 'NONE',  ( 15.37957249080740851, 0.000000000000000000, 12.12957249080740318 ) ) ;
#1332 = DIRECTION ( 'NONE',  ( 0.000000000000000000, -1.000000000000000000, 0.000000000000000000 ) ) ;
#1333 = EDGE_CURVE ( 'NONE', #6701, #1273, #6773, .T. ) ;
#1334 = VERTEX_POINT ( 'NONE', #2000 ) ;
#1335 = VERTEX_POINT ( 'NONE', #3050 ) ;
#1336 =( GEOMETRIC_REPRESENTATION_CONTEXT ( 3 ) GLOBAL_UNCERTAINTY_ASSIGNED_CONTEXT ( ( #1780 ) ) GLOBAL_UNIT_ASSIGNED_CONTEXT ( ( #6532, #2879, #5428 ) ) REPRESENTATION_CONTEXT ( 'NONE', 'WORKASPACE' ) );
#1337 = AXIS2_PLACEMENT_3D ( 'NONE', #5180, #401, #1009 ) ;
#1338 = ORIENTED_EDGE ( 'NONE', *, *, #5248, .T. ) ;
#1339 = DIRECTION ( 'NONE',  ( 0.000000000000000000, 0.000000000000000000, 1.000000000000000000 ) ) ;
#1340 = SURFACE_STYLE_FILL_AREA ( #5610 ) ;
#1341 = SURFACE_STYLE_USAGE ( .BOTH. , #5640 ) ;
#1342 = CARTESIAN_POINT ( 'NONE',  ( -19.85000000000000497, 0.9999999999999991118, -16.56599923110717754 ) ) ;
#1343 = ORIENTED_EDGE ( 'NONE', *, *, #6837, .F. ) ;
#1344 = DIRECTION ( 'NONE',  ( 0.000000000000000000, 1.000000000000000000, 0.000000000000000000 ) ) ;
#1345 =( NAMED_UNIT ( * ) PLANE_ANGLE_UNIT ( ) SI_UNIT ( $, .RADIAN. ) );
#1346 = CARTESIAN_POINT ( 'NONE',  ( 11.75000000000000355, 4.828844623781683332, 7.070270749634725682 ) ) ;
#1347 = SURFACE_SIDE_STYLE ('',( #2953 ) ) ;
#1348 = COLOUR_RGB ( '',1.000000000000000000, 1.000000000000000000, 1.000000000000000000 ) ;
#1349 = DIRECTION ( 'NONE',  ( 0.000000000000000000, 1.000000000000000000, 0.000000000000000000 ) ) ;
#1350 = CARTESIAN_POINT ( 'NONE',  ( -6.826102604469346247, 4.886788497158213396, -11.75000000000000000 ) ) ;
#1351 = EDGE_CURVE ( 'NONE', #4992, #1335, #6881, .T. ) ;
#1352 = STYLED_ITEM ( 'NONE', ( #5493 ), #4897 ) ;
#1353 = AXIS2_PLACEMENT_3D ( 'NONE', #6543, #4874, #4356 ) ;
#1354 = CIRCLE ( 'NONE', #2252, 2.000000000000000000 ) ;
#1355 = PRESENTATION_LAYER_ASSIGNMENT (  '', '', ( #4598 ) ) ;
#1356 = SURFACE_SIDE_STYLE ('',( #806 ) ) ;
#1357 = UNCERTAINTY_MEASURE_WITH_UNIT (LENGTH_MEASURE( 1.000000000000000082E-05 ), #3231, 'distance_accuracy_value', 'NONE');
#1358 = PRESENTATION_LAYER_ASSIGNMENT (  '', '', ( #1458 ) ) ;
#1359 = MECHANICAL_DESIGN_GEOMETRIC_PRESENTATION_REPRESENTATION (  '', ( #4149 ), #1155 ) ;
#1360 = AXIS2_PLACEMENT_3D ( 'NONE', #32, #2155, #4838 ) ;
#1361 = COLOUR_RGB ( '',1.000000000000000000, 1.000000000000000000, 1.000000000000000000 ) ;
#1362 = CARTESIAN_POINT ( 'NONE',  ( -10.80124311984462082, 2.999999999169109088, -7.851076890520072737 ) ) ;
#1363 = EDGE_CURVE ( 'NONE', #1960, #6047, #5176, .T. ) ;
#1364 = EDGE_LOOP ( 'NONE', ( #31, #3960, #823, #2005 ) ) ;
#1365 = CARTESIAN_POINT ( 'NONE',  ( 11.75000000000000355, 3.000000000000000000, 8.750000000000003553 ) ) ;
#1366 = CARTESIAN_POINT ( 'NONE',  ( -15.37957249080740851, 3.000000000000000000, 12.12957249080740496 ) ) ;
#1367 = CARTESIAN_POINT ( 'NONE',  ( 8.025000000000003908, 6.799999999999999822, 8.025000000000000355 ) ) ;
#1368 = ORIENTED_EDGE ( 'NONE', *, *, #4112, .T. ) ;
#1369 = ORIENTED_EDGE ( 'NONE', *, *, #2360, .T. ) ;
#1370 = FILL_AREA_STYLE_COLOUR ( '', #4808 ) ;
#1371 = MECHANICAL_DESIGN_GEOMETRIC_PRESENTATION_REPRESENTATION (  '', ( #379 ), #951 ) ;
#1372 = ORIENTED_EDGE ( 'NONE', *, *, #3613, .T. ) ;
#1373 = FILL_AREA_STYLE_COLOUR ( '', #2929 ) ;
#1375 = LINE ( 'NONE', #3633, #6010 ) ;
#1374 = PRESENTATION_STYLE_ASSIGNMENT (( #858 ) ) ;
#1376 = EDGE_LOOP ( 'NONE', ( #1632, #328 ) ) ;
#1377 = ORIENTED_EDGE ( 'NONE', *, *, #1315, .T. ) ;
#1378 =( NAMED_UNIT ( * ) PLANE_ANGLE_UNIT ( ) SI_UNIT ( $, .RADIAN. ) );
#1379 = FILL_AREA_STYLE ('',( #946 ) ) ;
#1380 = ORIENTED_EDGE ( 'NONE', *, *, #5519, .F. ) ;
#1381 = DIRECTION ( 'NONE',  ( 1.000000000000000000, 0.000000000000000000, 0.000000000000000000 ) ) ;
#1382 = CARTESIAN_POINT ( 'NONE',  ( -6.425369620530985593, 2.999999994689880989, 10.30423112829220855 ) ) ;
#1383 = LINE ( 'NONE', #5413, #3313 ) ;
#1384 = ADVANCED_FACE ( 'NONE', ( #4584 ), #3768, .T. ) ;
#1385 =( NAMED_UNIT ( * ) PLANE_ANGLE_UNIT ( ) SI_UNIT ( $, .RADIAN. ) );
#1386 = DIRECTION ( 'NONE',  ( 0.000000000000000000, 0.000000000000000000, 1.000000000000000000 ) ) ;
#1387 = DIRECTION ( 'NONE',  ( 8.320016671351592820E-17, 0.000000000000000000, 1.000000000000000000 ) ) ;
#1388 = CYLINDRICAL_SURFACE ( 'NONE', #5481, 1.000000000000000888 ) ;
#1389 =( LENGTH_UNIT ( ) NAMED_UNIT ( * ) SI_UNIT ( .MILLI., .METRE. ) );
#1390 = EDGE_CURVE ( 'NONE', #1929, #4661, #5800, .T. ) ;
#1391 = DIRECTION ( 'NONE',  ( 2.973811673103097665E-16, 0.000000000000000000, 1.000000000000000000 ) ) ;
#1392 = ORIENTED_EDGE ( 'NONE', *, *, #5467, .T. ) ;
#1393 = LINE ( 'NONE', #6112, #5923 ) ;
#1394 = LINE ( 'NONE', #5633, #2423 ) ;
#1395 = SURFACE_STYLE_USAGE ( .BOTH. , #821 ) ;
#1396 = EDGE_LOOP ( 'NONE', ( #1459, #5693, #2206, #6674 ) ) ;
#1397 = ORIENTED_EDGE ( 'NONE', *, *, #2691, .F. ) ;
#1398 = SURFACE_STYLE_FILL_AREA ( #5817 ) ;
#1399 = EDGE_LOOP ( 'NONE', ( #4468, #21, #359, #4251 ) ) ;
#1400 =( NAMED_UNIT ( * ) PLANE_ANGLE_UNIT ( ) SI_UNIT ( $, .RADIAN. ) );
#1401 = DIRECTION ( 'NONE',  ( 0.000000000000000000, 1.000000000000000000, 0.000000000000000000 ) ) ;
#1403 = SURFACE_STYLE_FILL_AREA ( #4064 ) ;
#1402 = SURFACE_STYLE_FILL_AREA ( #6734 ) ;
#1404 =( LENGTH_UNIT ( ) NAMED_UNIT ( * ) SI_UNIT ( .MILLI., .METRE. ) );
#1405 = EDGE_LOOP ( 'NONE', ( #6707, #329, #1380, #4699 ) ) ;
#1406 = PRESENTATION_STYLE_ASSIGNMENT (( #2452 ) ) ;
#1407 = SURFACE_SIDE_STYLE ('',( #3057 ) ) ;
#1408 = CARTESIAN_POINT ( 'NONE',  ( -8.024999999999996803, 5.000000000000000000, 8.025000000000000355 ) ) ;
#1409 = EDGE_LOOP ( 'NONE', ( #508, #1677 ) ) ;
#1410 = CARTESIAN_POINT ( 'NONE',  ( -20.55710678118654755, 0.9999999999999991118, 17.27310601229372722 ) ) ;
#1411 = MECHANICAL_DESIGN_GEOMETRIC_PRESENTATION_REPRESENTATION (  '', ( #6437 ), #3644 ) ;
#1412 = CARTESIAN_POINT ( 'NONE',  ( -7.851076890520072737, 2.999999999169102427, 10.80124311984461194 ) ) ;
#1413 =( LENGTH_UNIT ( ) NAMED_UNIT ( * ) SI_UNIT ( .MILLI., .METRE. ) );
#1414 = CIRCLE ( 'NONE', #5997, 1.000000000000001332 ) ;
#1415 = CYLINDRICAL_SURFACE ( 'NONE', #4027, 1.699999999999994849 ) ;
#1416 = SURFACE_STYLE_FILL_AREA ( #6747 ) ;
#1417 = EDGE_CURVE ( 'NONE', #72, #2550, #3434, .T. ) ;
#1418 = VECTOR ( 'NONE', #4055, 1000.000000000000000 ) ;
#1419 =( GEOMETRIC_REPRESENTATION_CONTEXT ( 3 ) GLOBAL_UNCERTAINTY_ASSIGNED_CONTEXT ( ( #2331 ) ) GLOBAL_UNIT_ASSIGNED_CONTEXT ( ( #3376, #3404, #1289 ) ) REPRESENTATION_CONTEXT ( 'NONE', 'WORKASPACE' ) );
#1420 = DIRECTION ( 'NONE',  ( -0.000000000000000000, -1.000000000000000000, -0.000000000000000000 ) ) ;
#1421 = CARTESIAN_POINT ( 'NONE',  ( -19.84999999999999787, 10.00000000000000000, 16.56599923110717754 ) ) ;
#1422 = DIRECTION ( 'NONE',  ( 0.000000000000000000, 0.000000000000000000, 1.000000000000000000 ) ) ;
#1424 = DIRECTION ( 'NONE',  ( 0.000000000000000000, 0.000000000000000000, 1.000000000000000000 ) ) ;
#1423 = CARTESIAN_POINT ( 'NONE',  ( -11.75000000000010481, 3.585684018395316919, -8.209039814144214020 ) ) ;
#1425 = ORIENTED_EDGE ( 'NONE', *, *, #5266, .T. ) ;
#1426 =( NAMED_UNIT ( * ) PLANE_ANGLE_UNIT ( ) SI_UNIT ( $, .RADIAN. ) );
#1427 = LINE ( 'NONE', #3525, #1418 ) ;
#1428 = PRESENTATION_STYLE_ASSIGNMENT (( #6317 ) ) ;
#1429 = LINE ( 'NONE', #3459, #3340 ) ;
#1430 = ORIENTED_EDGE ( 'NONE', *, *, #6641, .T. ) ;
#1431 = ORIENTED_EDGE ( 'NONE', *, *, #756, .T. ) ;
#1432 = PRESENTATION_LAYER_ASSIGNMENT (  '', '', ( #1544 ) ) ;
#1433 = STYLED_ITEM ( 'NONE', ( #933 ), #3840 ) ;
#1435 = DIRECTION ( 'NONE',  ( 0.000000000000000000, 0.000000000000000000, 1.000000000000000000 ) ) ;
#1434 =( NAMED_UNIT ( * ) PLANE_ANGLE_UNIT ( ) SI_UNIT ( $, .RADIAN. ) );
#1436 = EDGE_LOOP ( 'NONE', ( #4428, #2763, #4618, #5803, #4861 ) ) ;
#1437 = ORIENTED_EDGE ( 'NONE', *, *, #956, .T. ) ;
#1438 = CARTESIAN_POINT ( 'NONE',  ( -8.025000000000000355, 7.500000000000000000, -8.025000000000000355 ) ) ;
#1439 = FACE_OUTER_BOUND ( 'NONE', #2345, .T. ) ;
#1440 = FILL_AREA_STYLE_COLOUR ( '', #356 ) ;
#1441 = CARTESIAN_POINT ( 'NONE',  ( -11.75000000000000000, 4.809980967308891131, 9.145276567021719316 ) ) ;
#1442 = PRESENTATION_LAYER_ASSIGNMENT (  '', '', ( #3115 ) ) ;
#1443 = EDGE_LOOP ( 'NONE', ( #4825, #4200 ) ) ;
#1444 = DIRECTION ( 'NONE',  ( -0.7071067811865475727, 0.000000000000000000, 0.7071067811865475727 ) ) ;
#1445 = ADVANCED_FACE ( 'NONE', ( #894 ), #2662, .T. ) ;
#1446 = COLOUR_RGB ( '',1.000000000000000000, 1.000000000000000000, 1.000000000000000000 ) ;
#1447 = ADVANCED_FACE ( 'NONE', ( #6813 ), #2448, .T. ) ;
#1448 =( NAMED_UNIT ( * ) SI_UNIT ( $, .STERADIAN. ) SOLID_ANGLE_UNIT ( ) );
#1449 = CIRCLE ( 'NONE', #238, 1.000000000000001332 ) ;
#1450 = CARTESIAN_POINT ( 'NONE',  ( -6.657999802956967805, 3.000000013828090673, -10.46271572104904379 ) ) ;
#1451 = VECTOR ( 'NONE', #5447, 1000.000000000000000 ) ;
#1452 = COLOUR_RGB ( '',1.000000000000000000, 1.000000000000000000, 1.000000000000000000 ) ;
#1453 = DIRECTION ( 'NONE',  ( 0.000000000000000000, 0.000000000000000000, -1.000000000000000000 ) ) ;
#1454 = PRESENTATION_LAYER_ASSIGNMENT (  '', '', ( #944 ) ) ;
#1455 = FILL_AREA_STYLE ('',( #318 ) ) ;
#1456 = DIRECTION ( 'NONE',  ( -0.000000000000000000, -1.000000000000000000, -0.000000000000000000 ) ) ;
#1457 = FILL_AREA_STYLE ('',( #2619 ) ) ;
#1458 = STYLED_ITEM ( 'NONE', ( #5909 ), #632 ) ;
#1459 = ORIENTED_EDGE ( 'NONE', *, *, #2057, .T. ) ;
#1460 = CARTESIAN_POINT ( 'NONE',  ( 5.000000000000002665, 4.999999999999999112, 11.75000000000000355 ) ) ;
#1461 = PRESENTATION_LAYER_ASSIGNMENT (  '', '', ( #361 ) ) ;
#1462 = SURFACE_SIDE_STYLE ('',( #4191 ) ) ;
#1463 = EDGE_CURVE ( 'NONE', #6126, #6251, #325, .T. ) ;
#1464 = CARTESIAN_POINT ( 'NONE',  ( 8.025000000000003908, 6.799999999999999822, 9.100000000000003197 ) ) ;
#1465 =( NAMED_UNIT ( * ) SI_UNIT ( $, .STERADIAN. ) SOLID_ANGLE_UNIT ( ) );
#1466 = CARTESIAN_POINT ( 'NONE',  ( 11.74999999999999822, 5.000000000000000000, -5.851293488071591220 ) ) ;
#1467 = ORIENTED_EDGE ( 'NONE', *, *, #6641, .F. ) ;
#1468 = EDGE_CURVE ( 'NONE', #1649, #5179, #5675, .T. ) ;
#1469 = SURFACE_SIDE_STYLE ('',( #1340 ) ) ;
#1471 =( NAMED_UNIT ( * ) SI_UNIT ( $, .STERADIAN. ) SOLID_ANGLE_UNIT ( ) );
#1470 = SURFACE_STYLE_FILL_AREA ( #2145 ) ;
#1472 = CYLINDRICAL_SURFACE ( 'NONE', #4231, 1.000000000000000888 ) ;
#1473 = ORIENTED_EDGE ( 'NONE', *, *, #2197, .T. ) ;
#1474 = SURFACE_SIDE_STYLE ('',( #4201 ) ) ;
#1475 = VECTOR ( 'NONE', #665, 1000.000000000000000 ) ;
#1476 = DIRECTION ( 'NONE',  ( -0.000000000000000000, 1.000000000000000000, -0.000000000000000000 ) ) ;
#1477 = CARTESIAN_POINT ( 'NONE',  ( 8.785058124267669299, 3.000000005603011388, -10.70013270787377557 ) ) ;
#1478 = SURFACE_STYLE_USAGE ( .BOTH. , #404 ) ;
#1479 = VECTOR ( 'NONE', #4194, 1000.000000000000000 ) ;
#1480 = EDGE_LOOP ( 'NONE', ( #1924, #1978, #6566, #4935 ) ) ;
#1481 =( GEOMETRIC_REPRESENTATION_CONTEXT ( 3 ) GLOBAL_UNCERTAINTY_ASSIGNED_CONTEXT ( ( #4152 ) ) GLOBAL_UNIT_ASSIGNED_CONTEXT ( ( #5822, #2554, #6843 ) ) REPRESENTATION_CONTEXT ( 'NONE', 'WORKASPACE' ) );
#1482 = FACE_OUTER_BOUND ( 'NONE', #580, .T. ) ;
#1483 = FACE_OUTER_BOUND ( 'NONE', #860, .T. ) ;
#1484 = ORIENTED_EDGE ( 'NONE', *, *, #5301, .T. ) ;
#1485 = SURFACE_STYLE_USAGE ( .BOTH. , #2999 ) ;
#1486 = PRESENTATION_STYLE_ASSIGNMENT (( #6276 ) ) ;
#1487 = CARTESIAN_POINT ( 'NONE',  ( 10.60627824593971269, 3.506190792135586154, -11.11366063195639597 ) ) ;
#1488 = CARTESIAN_POINT ( 'NONE',  ( 10.73237526363373284, 4.854172542989268813, 11.01025795066252400 ) ) ;
#1490 = CARTESIAN_POINT ( 'NONE',  ( -11.74999999999999822, 4.784118327815212623, -8.749999999999996447 ) ) ;
#1489 = CARTESIAN_POINT ( 'NONE',  ( -11.74999999999999822, 4.758173303003960797, -7.433184714726487563 ) ) ;
#1491 = VERTEX_POINT ( 'NONE', #1497 ) ;
#1492 = CARTESIAN_POINT ( 'NONE',  ( -11.74999999999989342, 3.585684018395369321, 8.209039814144215796 ) ) ;
#1493 = PRESENTATION_STYLE_ASSIGNMENT (( #5241 ) ) ;
#1494 = ORIENTED_EDGE ( 'NONE', *, *, #5313, .F. ) ;
#1495 =( NAMED_UNIT ( * ) SI_UNIT ( $, .STERADIAN. ) SOLID_ANGLE_UNIT ( ) );
#1496 = EDGE_CURVE ( 'NONE', #5179, #1210, #1375, .T. ) ;
#1497 = CARTESIAN_POINT ( 'NONE',  ( 19.84999999999999787, 10.00000000000000000, 16.56599923110718464 ) ) ;
#1498 = VERTEX_POINT ( 'NONE', #6157 ) ;
#1499 =( NAMED_UNIT ( * ) PLANE_ANGLE_UNIT ( ) SI_UNIT ( $, .RADIAN. ) );
#1500 = SURFACE_STYLE_FILL_AREA ( #5293 ) ;
#1501 = CARTESIAN_POINT ( 'NONE',  ( 7.851076890520081619, 2.999999999169101983, -10.80124311984461194 ) ) ;
#1502 = LINE ( 'NONE', #5789, #6552 ) ;
#1503 = ORIENTED_EDGE ( 'NONE', *, *, #3716, .F. ) ;
#1504 =( NAMED_UNIT ( * ) PLANE_ANGLE_UNIT ( ) SI_UNIT ( $, .RADIAN. ) );
#1505 = DIRECTION ( 'NONE',  ( 0.000000000000000000, 0.000000000000000000, -1.000000000000000000 ) ) ;
#1506 =( NAMED_UNIT ( * ) PLANE_ANGLE_UNIT ( ) SI_UNIT ( $, .RADIAN. ) );
#1507 = SURFACE_SIDE_STYLE ('',( #5686 ) ) ;
#1508 = DIRECTION ( 'NONE',  ( 0.000000000000000000, 1.000000000000000000, 0.000000000000000000 ) ) ;
#1509 = CARTESIAN_POINT ( 'NONE',  ( -8.749999999999996447, 4.784118327815212623, -11.74999999999999822 ) ) ;
#1510 = CARTESIAN_POINT ( 'NONE',  ( 8.024999999999996803, 3.000000000000000000, -10.79999999999999716 ) ) ;
#1511 = DIRECTION ( 'NONE',  ( 0.000000000000000000, 0.000000000000000000, -1.000000000000000000 ) ) ;
#1512 = EDGE_CURVE ( 'NONE', #578, #5066, #5782, .T. ) ;
#1513 = CIRCLE ( 'NONE', #5430, 3.000000000000000000 ) ;
#1514 = MECHANICAL_DESIGN_GEOMETRIC_PRESENTATION_REPRESENTATION (  '', ( #3406 ), #5431 ) ;
#1515 = ORIENTED_EDGE ( 'NONE', *, *, #762, .F. ) ;
#1516 = CARTESIAN_POINT ( 'NONE',  ( -7.796492135455689976, 4.709187535508006839, -11.74999999999999822 ) ) ;
#1517 = PRESENTATION_LAYER_ASSIGNMENT (  '', '', ( #5660 ) ) ;
#1518 = SURFACE_SIDE_STYLE ('',( #384 ) ) ;
#1519 = MECHANICAL_DESIGN_GEOMETRIC_PRESENTATION_REPRESENTATION (  '', ( #6650 ), #2983 ) ;
#1520 = PRESENTATION_STYLE_ASSIGNMENT (( #6797 ) ) ;
#1521 = CARTESIAN_POINT ( 'NONE',  ( -8.749999999999996447, 9.000000000000001776, -8.749999999999996447 ) ) ;
#1522 = DIRECTION ( 'NONE',  ( -1.664003334270318564E-16, 0.000000000000000000, -1.000000000000000000 ) ) ;
#1523 = CIRCLE ( 'NONE', #1646, 2.774999999999996358 ) ;
#1525 = CARTESIAN_POINT ( 'NONE',  ( -8.024999999999996803, 3.000000000000000000, -8.025000000000000355 ) ) ;
#1524 = DIRECTION ( 'NONE',  ( 0.000000000000000000, 0.000000000000000000, -1.000000000000000000 ) ) ;
#1526 = EDGE_CURVE ( 'NONE', #3079, #4999, #6226, .T. ) ;
#1527 = EDGE_LOOP ( 'NONE', ( #52, #6149, #960, #396, #5760 ) ) ;
#1528 = DIRECTION ( 'NONE',  ( -1.000000000000000000, 0.000000000000000000, 0.000000000000000000 ) ) ;
#1529 = FACE_OUTER_BOUND ( 'NONE', #1376, .T. ) ;
#1530 = CARTESIAN_POINT ( 'NONE',  ( -11.74999999999999645, 4.758173303003913723, 7.433184714726450260 ) ) ;
#1531 = AXIS2_PLACEMENT_3D ( 'NONE', #4691, #6249, #939 ) ;
#1532 = CARTESIAN_POINT ( 'NONE',  ( -8.024999999999996803, 5.000000000000000000, 8.025000000000000355 ) ) ;
#1533 = ORIENTED_EDGE ( 'NONE', *, *, #2988, .F. ) ;
#1534 = FACE_OUTER_BOUND ( 'NONE', #389, .T. ) ;
#1535 = MECHANICAL_DESIGN_GEOMETRIC_PRESENTATION_REPRESENTATION (  '', ( #2324 ), #3335 ) ;
#1536 = CIRCLE ( 'NONE', #2, 0.6999999999999992895 ) ;
#1537 = ORIENTED_EDGE ( 'NONE', *, *, #5017, .F. ) ;
#1538 = ADVANCED_FACE ( 'NONE', ( #4587 ), #6706, .T. ) ;
#1539 = PRESENTATION_STYLE_ASSIGNMENT (( #5929 ) ) ;
#1540 = CARTESIAN_POINT ( 'NONE',  ( 7.704129835766091006, 3.581931040400542887, -11.74999999999999289 ) ) ;
#1541 = CARTESIAN_POINT ( 'NONE',  ( -10.07335775984080328, 4.843349695600707605, -11.44946376755096118 ) ) ;
#1542 = ORIENTED_EDGE ( 'NONE', *, *, #4218, .F. ) ;
#1543 = PLANE ( 'NONE',  #4371 ) ;
#1544 = STYLED_ITEM ( 'NONE', ( #518 ), #136 ) ;
#1545 = MECHANICAL_DESIGN_GEOMETRIC_PRESENTATION_REPRESENTATION (  '', ( #4563 ), #6342 ) ;
#1546 =( LENGTH_UNIT ( ) NAMED_UNIT ( * ) SI_UNIT ( .MILLI., .METRE. ) );
#1547 =( NAMED_UNIT ( * ) SI_UNIT ( $, .STERADIAN. ) SOLID_ANGLE_UNIT ( ) );
#1548 = CARTESIAN_POINT ( 'NONE',  ( -10.58139373377102999, 4.852881740368596653, -11.13421378412019891 ) ) ;
#1549 = STYLED_ITEM ( 'NONE', ( #4521 ), #4025 ) ;
#1550 = AXIS2_PLACEMENT_3D ( 'NONE', #5592, #2432, #2825 ) ;
#1551 = COLOUR_RGB ( '',1.000000000000000000, 1.000000000000000000, 1.000000000000000000 ) ;
#1552 = ORIENTED_EDGE ( 'NONE', *, *, #590, .T. ) ;
#1553 = EDGE_CURVE ( 'NONE', #5251, #4128, #5858, .T. ) ;
#1554 = UNCERTAINTY_MEASURE_WITH_UNIT (LENGTH_MEASURE( 1.000000000000000082E-05 ), #5008, 'distance_accuracy_value', 'NONE');
#1555 =( BOUNDED_CURVE ( )  B_SPLINE_CURVE ( 3, ( #6419, #1675, #1137, #4830 ),
 .UNSPECIFIED., .F., .F. ) 
 B_SPLINE_CURVE_WITH_KNOTS ( ( 4, 4 ),
 ( 0.000000000000000000, 1.570796326794896558 ),
 .UNSPECIFIED. ) 
 CURVE ( )  GEOMETRIC_REPRESENTATION_ITEM ( )  RATIONAL_B_SPLINE_CURVE ( ( 1.000000000000000000, 0.8047378541243649375, 0.8047378541243649375, 1.000000000000000000 ) ) 
 REPRESENTATION_ITEM ( '' )  );
#1556 = CARTESIAN_POINT ( 'NONE',  ( -18.91510639674013916, 10.00000000000000000, -18.91510639674013916 ) ) ;
#1557 = CARTESIAN_POINT ( 'NONE',  ( 15.37957249080740851, 10.00000000000000000, 13.67957249080740922 ) ) ;
#1558 = PRESENTATION_LAYER_ASSIGNMENT (  '', '', ( #4911 ) ) ;
#1559 = CARTESIAN_POINT ( 'NONE',  ( 19.84999999999999432, 0.9999999999999991118, -16.56599923110718819 ) ) ;
#1561 = CARTESIAN_POINT ( 'NONE',  ( 12.75000000000000178, 10.00000000000000000, 8.750000000000003553 ) ) ;
#1560 = SURFACE_STYLE_FILL_AREA ( #2095 ) ;
#1562 = EDGE_LOOP ( 'NONE', ( #187, #3639 ) ) ;
#1563 = UNCERTAINTY_MEASURE_WITH_UNIT (LENGTH_MEASURE( 1.000000000000000082E-05 ), #3854, 'distance_accuracy_value', 'NONE');
#1564 = CARTESIAN_POINT ( 'NONE',  ( -11.75000000000010125, 3.586295622183202081, 7.873762599760022241 ) ) ;
#1565 = CIRCLE ( 'NONE', #3029, 2.774999999999996358 ) ;
#1566 = STYLED_ITEM ( 'NONE', ( #6079 ), #4941 ) ;
#1567 = LINE ( 'NONE', #6413, #1451 ) ;
#1568 = VERTEX_POINT ( 'NONE', #5885 ) ;
#1569 =( LENGTH_UNIT ( ) NAMED_UNIT ( * ) SI_UNIT ( .MILLI., .METRE. ) );
#1570 = SURFACE_STYLE_FILL_AREA ( #6388 ) ;
#1571 = EDGE_CURVE ( 'NONE', #6060, #210, #1555, .T. ) ;
#1572 =( GEOMETRIC_REPRESENTATION_CONTEXT ( 3 ) GLOBAL_UNCERTAINTY_ASSIGNED_CONTEXT ( ( #2126 ) ) GLOBAL_UNIT_ASSIGNED_CONTEXT ( ( #5735, #958, #5658 ) ) REPRESENTATION_CONTEXT ( 'NONE', 'WORKASPACE' ) );
#1573 = VERTEX_POINT ( 'NONE', #6844 ) ;
#1574 = SURFACE_STYLE_FILL_AREA ( #3712 ) ;
#1575 = CARTESIAN_POINT ( 'NONE',  ( -8.749999999999996447, 3.000000000000000000, -8.749999999999996447 ) ) ;
#1576 = CARTESIAN_POINT ( 'NONE',  ( 6.830053202116343591, 4.885989611787575626, -11.74999999999999645 ) ) ;
#1577 = DIRECTION ( 'NONE',  ( -0.000000000000000000, -1.000000000000000000, -0.000000000000000000 ) ) ;
#1578 = CIRCLE ( 'NONE', #482, 1.000000000000001332 ) ;
#1579 = ORIENTED_EDGE ( 'NONE', *, *, #6298, .F. ) ;
#1580 = CARTESIAN_POINT ( 'NONE',  ( 11.75000000000000355, 4.784118327815224170, 8.750000000000108358 ) ) ;
#1581 = COLOUR_RGB ( '',1.000000000000000000, 1.000000000000000000, 1.000000000000000000 ) ;
#1582 = PRESENTATION_STYLE_ASSIGNMENT (( #6850 ) ) ;
#1583 = STYLED_ITEM ( 'NONE', ( #2203 ), #922 ) ;
#1584 = SURFACE_STYLE_USAGE ( .BOTH. , #6299 ) ;
#1585 = STYLED_ITEM ( 'NONE', ( #788 ), #6163 ) ;
#1586 =( LENGTH_UNIT ( ) NAMED_UNIT ( * ) SI_UNIT ( .MILLI., .METRE. ) );
#1587 = SURFACE_STYLE_USAGE ( .BOTH. , #2085 ) ;
#1588 =( GEOMETRIC_REPRESENTATION_CONTEXT ( 3 ) GLOBAL_UNCERTAINTY_ASSIGNED_CONTEXT ( ( #2060 ) ) GLOBAL_UNIT_ASSIGNED_CONTEXT ( ( #3252, #4991, #618 ) ) REPRESENTATION_CONTEXT ( 'NONE', 'WORKASPACE' ) );
#1589 = ORIENTED_EDGE ( 'NONE', *, *, #3442, .F. ) ;
#1590 = CARTESIAN_POINT ( 'NONE',  ( -9.675334263797374490, 3.516554732404713501, 11.62961925984611966 ) ) ;
#1591 = EDGE_CURVE ( 'NONE', #321, #3916, #2995, .T. ) ;
#1592 = DIRECTION ( 'NONE',  ( -0.000000000000000000, -1.000000000000000000, -0.000000000000000000 ) ) ;
#1593 =( GEOMETRIC_REPRESENTATION_CONTEXT ( 3 ) GLOBAL_UNCERTAINTY_ASSIGNED_CONTEXT ( ( #1028 ) ) GLOBAL_UNIT_ASSIGNED_CONTEXT ( ( #464, #1768, #4819 ) ) REPRESENTATION_CONTEXT ( 'NONE', 'WORKASPACE' ) );
#1594 = DIRECTION ( 'NONE',  ( -0.000000000000000000, -1.000000000000000000, -0.000000000000000000 ) ) ;
#1595 = CARTESIAN_POINT ( 'NONE',  ( -8.025000000000000355, 6.799999999999999822, -9.799999999999998934 ) ) ;
#1596 = CARTESIAN_POINT ( 'NONE',  ( 10.99919412250380546, 3.505537683996586384, -10.74331763909459525 ) ) ;
#1597 =( NAMED_UNIT ( * ) SI_UNIT ( $, .STERADIAN. ) SOLID_ANGLE_UNIT ( ) );
#1599 = CARTESIAN_POINT ( 'NONE',  ( 8.025000000000000355, 6.799999999999999822, -8.025000000000000355 ) ) ;
#1598 = SURFACE_STYLE_FILL_AREA ( #1457 ) ;
#1600 =( BOUNDED_SURFACE ( )  B_SPLINE_SURFACE ( 3, 2, ( 
 ( #515, #1056, #3164 ),
 ( #5297, #5151, #2641 ),
 ( #5754, #4768, #5682 ),
 ( #378, #4106, #5723 ),
 ( #3061, #5184, #406 ),
 ( #4662, #2010, #4135 ),
 ( #6260, #4381, #85 ),
 ( #3264, #2250, #6504 ),
 ( #3781, #2215, #2771 ),
 ( #4408, #1720, #61 ),
 ( #5893, #1183, #554 ),
 ( #1613, #4337, #1148 ),
 ( #5401, #1650, #2712 ),
 ( #5461, #6464, #1580 ) ),
 .UNSPECIFIED., .F., .F., .F. ) 
 B_SPLINE_SURFACE_WITH_KNOTS ( ( 4, 2, 2, 2, 2, 2, 4 ),
 ( 3, 3 ),
 ( 0.002578200308458842346, 0.002968265070565695093, 0.003163297451619121251, 0.003358329832672547408, 0.003553362213725973565, 0.003748394594779400155, 0.004138459356886252903 ),
 ( 0.000000000000000000, 1.000000000000000000 ),
 .UNSPECIFIED. ) 
 GEOMETRIC_REPRESENTATION_ITEM ( )  RATIONAL_B_SPLINE_SURFACE ( (
 ( 1.000000000000000000, 0.8416108851136551161, 1.000000000000000000),
 ( 1.000000000000000000, 0.8381704092781869786, 1.000000000000000000),
 ( 1.000000000000000000, 0.8349227447393926527, 1.000000000000000000),
 ( 1.000000000000000000, 0.8315328867881855990, 1.000000000000000000),
 ( 1.000000000000000000, 0.8306261964427481548, 1.000000000000000000),
 ( 1.000000000000000000, 0.8294207725217712657, 1.000000000000000000),
 ( 1.000000000000000000, 0.8291120047040188012, 1.000000000000000000),
 ( 1.000000000000000000, 0.8291084924200506912, 1.000000000000000000),
 ( 1.000000000000000000, 0.8294226891554998815, 1.000000000000000000),
 ( 1.000000000000000000, 0.8306227083164925418, 1.000000000000000000),
 ( 1.000000000000000000, 0.8315080496261407772, 1.000000000000000000),
 ( 1.000000000000000000, 0.8349379164248308394, 1.000000000000000000),
 ( 1.000000000000000000, 0.8381189465696224916, 1.000000000000000000),
 ( 1.000000000000000000, 0.8416108851136541169, 1.000000000000000000) ) ) 
 REPRESENTATION_ITEM ( '' )  SURFACE ( )  );
#1601 = ORIENTED_EDGE ( 'NONE', *, *, #1985, .F. ) ;
#1602 =( NAMED_UNIT ( * ) PLANE_ANGLE_UNIT ( ) SI_UNIT ( $, .RADIAN. ) );
#1603 = CARTESIAN_POINT ( 'NONE',  ( 16.56599923110718109, 9.000000000000001776, -19.84999999999999787 ) ) ;
#1604 = ORIENTED_EDGE ( 'NONE', *, *, #627, .T. ) ;
#1605 = EDGE_CURVE ( 'NONE', #5174, #5168, #4198, .T. ) ;
#1606 = DIRECTION ( 'NONE',  ( 5.204170427930420494E-15, -0.9812749603306725188, 0.1926121808921675005 ) ) ;
#1607 = ORIENTED_EDGE ( 'NONE', *, *, #350, .T. ) ;
#1608 = CARTESIAN_POINT ( 'NONE',  ( 5.946512114410355210, 3.000000000000000000, 9.869986901028516613 ) ) ;
#1609 = CYLINDRICAL_SURFACE ( 'NONE', #84, 3.000000000000002665 ) ;
#1610 = CARTESIAN_POINT ( 'NONE',  ( 6.762146660527197817, 3.483709452501360992, -11.74999999999999645 ) ) ;
#1611 = CARTESIAN_POINT ( 'NONE',  ( -10.57836663040532343, 4.852852193649185075, -11.13662256175835630 ) ) ;
#1612 = ORIENTED_EDGE ( 'NONE', *, *, #2184, .F. ) ;
#1613 = CARTESIAN_POINT ( 'NONE',  ( 10.43054394859900924, 3.000000003122424985, 9.420287608206775687 ) ) ;
#1614 = CYLINDRICAL_SURFACE ( 'NONE', #3035, 1.699999999999994849 ) ;
#1615 =( NAMED_UNIT ( * ) PLANE_ANGLE_UNIT ( ) SI_UNIT ( $, .RADIAN. ) );
#1616 = EDGE_CURVE ( 'NONE', #5738, #6503, #6338, .T. ) ;
#1617 = DIRECTION ( 'NONE',  ( 0.000000000000000000, 0.000000000000000000, 1.000000000000000000 ) ) ;
#1618 = CARTESIAN_POINT ( 'NONE',  ( 8.750000000000001776, 10.00000000000000000, -12.74999999999999645 ) ) ;
#1619 =( NAMED_UNIT ( * ) PLANE_ANGLE_UNIT ( ) SI_UNIT ( $, .RADIAN. ) );
#1620 = DIRECTION ( 'NONE',  ( 0.000000000000000000, -0.000000000000000000, 1.000000000000000000 ) ) ;
#1621 = CARTESIAN_POINT ( 'NONE',  ( 8.025000000000000355, 7.500000000000000000, -9.099999999999999645 ) ) ;
#1622 = UNCERTAINTY_MEASURE_WITH_UNIT (LENGTH_MEASURE( 1.000000000000000082E-05 ), #3762, 'distance_accuracy_value', 'NONE');
#1623 = EDGE_CURVE ( 'NONE', #1178, #5000, #562, .T. ) ;
#1624 =( GEOMETRIC_REPRESENTATION_CONTEXT ( 3 ) GLOBAL_UNCERTAINTY_ASSIGNED_CONTEXT ( ( #4014 ) ) GLOBAL_UNIT_ASSIGNED_CONTEXT ( ( #3173, #629, #5305 ) ) REPRESENTATION_CONTEXT ( 'NONE', 'WORKASPACE' ) );
#1625 = VECTOR ( 'NONE', #2134, 1000.000000000000000 ) ;
#1626 = DIRECTION ( 'NONE',  ( 1.664003334270318564E-16, 0.000000000000000000, 1.000000000000000000 ) ) ;
#1627 = CARTESIAN_POINT ( 'NONE',  ( 10.25109625061767105, 4.847484998757956021, -11.35485817463012381 ) ) ;
#1628 = FACE_OUTER_BOUND ( 'NONE', #5067, .T. ) ;
#1630 = DIRECTION ( 'NONE',  ( -0.000000000000000000, -1.000000000000000000, 0.000000000000000000 ) ) ;
#1629 = CARTESIAN_POINT ( 'NONE',  ( 16.56599923110718109, 0.000000000000000000, -19.84999999999999787 ) ) ;
#1631 = CIRCLE ( 'NONE', #416, 0.9999999999999991118 ) ;
#1632 = ORIENTED_EDGE ( 'NONE', *, *, #4084, .T. ) ;
#1633 = AXIS2_PLACEMENT_3D ( 'NONE', #6311, #3594, #1522 ) ;
#1634 = UNCERTAINTY_MEASURE_WITH_UNIT (LENGTH_MEASURE( 1.000000000000000082E-05 ), #5505, 'distance_accuracy_value', 'NONE');
#1635 = SURFACE_STYLE_FILL_AREA ( #4289 ) ;
#1636 = MECHANICAL_DESIGN_GEOMETRIC_PRESENTATION_REPRESENTATION (  '', ( #6001 ), #2527 ) ;
#1637 = VERTEX_POINT ( 'NONE', #2668 ) ;
#1638 =( GEOMETRIC_REPRESENTATION_CONTEXT ( 3 ) GLOBAL_UNCERTAINTY_ASSIGNED_CONTEXT ( ( #6662 ) ) GLOBAL_UNIT_ASSIGNED_CONTEXT ( ( #1413, #2082, #490 ) ) REPRESENTATION_CONTEXT ( 'NONE', 'WORKASPACE' ) );
#1639 = CARTESIAN_POINT ( 'NONE',  ( 11.74999999999999822, 4.999999988370674942, -6.098428624015415522 ) ) ;
#1640 = ORIENTED_EDGE ( 'NONE', *, *, #4254, .F. ) ;
#1641 = CARTESIAN_POINT ( 'NONE',  ( 8.275771039781027127, 4.711159729501273041, 11.75000000000000355 ) ) ;
#1642 = ADVANCED_FACE ( 'NONE', ( #3216 ), #619, .T. ) ;
#1643 = CARTESIAN_POINT ( 'NONE',  ( -16.56599923110718109, 0.9999999999999991118, 19.84999999999999787 ) ) ;
#1644 = STYLED_ITEM ( 'NONE', ( #347 ), #3289 ) ;
#1645 = DIRECTION ( 'NONE',  ( 0.000000000000000000, 0.000000000000000000, 1.000000000000000000 ) ) ;
#1646 = AXIS2_PLACEMENT_3D ( 'NONE', #47, #3281, #1073 ) ;
#1647 = SURFACE_STYLE_USAGE ( .BOTH. , #3821 ) ;
#1648 = CARTESIAN_POINT ( 'NONE',  ( -9.135659856108967247, 4.809351732042339123, -11.74999999999999822 ) ) ;
#1649 = VERTEX_POINT ( 'NONE', #2146 ) ;
#1650 = CARTESIAN_POINT ( 'NONE',  ( 11.71753119942051313, 3.521797493956491998, 9.340180939719136433 ) ) ;
#1651 = AXIS2_PLACEMENT_3D ( 'NONE', #5141, #4062, #6154 ) ;
#1652 = AXIS2_PLACEMENT_3D ( 'NONE', #5302, #1313, #4415 ) ;
#1653 = SURFACE_SIDE_STYLE ('',( #2742 ) ) ;
#1654 = CARTESIAN_POINT ( 'NONE',  ( 8.025000000000000355, 7.500000000000000000, -8.025000000000000355 ) ) ;
#1655 = AXIS2_PLACEMENT_3D ( 'NONE', #680, #2797, #4467 ) ;
#1656 = COLOUR_RGB ( '',1.000000000000000000, 1.000000000000000000, 1.000000000000000000 ) ;
#1657 = EDGE_CURVE ( 'NONE', #2529, #6764, #5983, .T. ) ;
#1658 = DIRECTION ( 'NONE',  ( -0.000000000000000000, -1.000000000000000000, -0.000000000000000000 ) ) ;
#1659 = VECTOR ( 'NONE', #1828, 1000.000000000000000 ) ;
#1660 = EDGE_CURVE ( 'NONE', #4989, #5748, #2863, .T. ) ;
#1661 =( LENGTH_UNIT ( ) NAMED_UNIT ( * ) SI_UNIT ( .MILLI., .METRE. ) );
#1662 = AXIS2_PLACEMENT_3D ( 'NONE', #4437, #2868, #5634 ) ;
#1663 = AXIS2_PLACEMENT_3D ( 'NONE', #26, #4694, #2150 ) ;
#1664 = DIRECTION ( 'NONE',  ( 1.000000000000000000, 0.000000000000000000, -9.912705577010326782E-17 ) ) ;
#1665 = FILL_AREA_STYLE_COLOUR ( '', #656 ) ;
#1666 = PRESENTATION_STYLE_ASSIGNMENT (( #6548 ) ) ;
#1667 = AXIS2_PLACEMENT_3D ( 'NONE', #109, #4321, #3211 ) ;
#1668 = AXIS2_PLACEMENT_3D ( 'NONE', #5473, #2817, #2293 ) ;
#1669 = SURFACE_STYLE_USAGE ( .BOTH. , #3872 ) ;
#1670 =( LENGTH_UNIT ( ) NAMED_UNIT ( * ) SI_UNIT ( .MILLI., .METRE. ) );
#1671 = MECHANICAL_DESIGN_GEOMETRIC_PRESENTATION_REPRESENTATION (  '', ( #583 ), #5591 ) ;
#1672 = ORIENTED_EDGE ( 'NONE', *, *, #3095, .T. ) ;
#1673 = CARTESIAN_POINT ( 'NONE',  ( 8.025000000000003908, 6.799999999999999822, 8.025000000000000355 ) ) ;
#1675 = CARTESIAN_POINT ( 'NONE',  ( 5.000000000000003553, 10.00000000000000000, 20.43578643762690561 ) ) ;
#1674 = FILL_AREA_STYLE_COLOUR ( '', #1168 ) ;
#1676 = ADVANCED_FACE ( 'NONE', ( #5421 ), #2216, .T. ) ;
#1677 = ORIENTED_EDGE ( 'NONE', *, *, #6489, .F. ) ;
#1678 = CARTESIAN_POINT ( 'NONE',  ( 7.433184714726657205, 4.758173303003968790, 11.75000000000000355 ) ) ;
#1679 = PRESENTATION_LAYER_ASSIGNMENT (  '', '', ( #4702 ) ) ;
#1680 = CARTESIAN_POINT ( 'NONE',  ( -4.999999999999999112, 9.000000000000003553, 11.75000000000000533 ) ) ;
#1681 = DIRECTION ( 'NONE',  ( 3.035766082959412415E-15, -1.000000000000000000, 0.000000000000000000 ) ) ;
#1682 = ORIENTED_EDGE ( 'NONE', *, *, #5933, .F. ) ;
#1683 = VECTOR ( 'NONE', #1664, 1000.000000000000000 ) ;
#1684 = EDGE_CURVE ( 'NONE', #2950, #4261, #711, .T. ) ;
#1685 = SURFACE_STYLE_FILL_AREA ( #3720 ) ;
#1686 =( LENGTH_UNIT ( ) NAMED_UNIT ( * ) SI_UNIT ( .MILLI., .METRE. ) );
#1687 = PRESENTATION_LAYER_ASSIGNMENT (  '', '', ( #2465 ) ) ;
#1688 = FILL_AREA_STYLE ('',( #3337 ) ) ;
#1689 = CARTESIAN_POINT ( 'NONE',  ( 10.77670567000661528, 2.999999994397045899, 8.427665067367172469 ) ) ;
#1690 = FILL_AREA_STYLE_COLOUR ( '', #101 ) ;
#1691 = CARTESIAN_POINT ( 'NONE',  ( -15.37957249080740851, 0.000000000000000000, 12.12957249080740318 ) ) ;
#1692 = DIRECTION ( 'NONE',  ( -0.000000000000000000, -1.000000000000000000, -0.000000000000000000 ) ) ;
#1693 = CIRCLE ( 'NONE', #5268, 3.249999999999997780 ) ;
#1694 =( GEOMETRIC_REPRESENTATION_CONTEXT ( 3 ) GLOBAL_UNCERTAINTY_ASSIGNED_CONTEXT ( ( #3246 ) ) GLOBAL_UNIT_ASSIGNED_CONTEXT ( ( #4342, #4904, #3269 ) ) REPRESENTATION_CONTEXT ( 'NONE', 'WORKASPACE' ) );
#1695 = AXIS2_PLACEMENT_3D ( 'NONE', #177, #5450, #4368 ) ;
#1696 = EDGE_CURVE ( 'NONE', #483, #2950, #6443, .T. ) ;
#1697 = MECHANICAL_DESIGN_GEOMETRIC_PRESENTATION_REPRESENTATION (  '', ( #492 ), #4382 ) ;
#1698 = FILL_AREA_STYLE_COLOUR ( '', #349 ) ;
#1699 = UNCERTAINTY_MEASURE_WITH_UNIT (LENGTH_MEASURE( 1.000000000000000082E-05 ), #6190, 'distance_accuracy_value', 'NONE');
#1700 = MECHANICAL_DESIGN_GEOMETRIC_PRESENTATION_REPRESENTATION (  '', ( #5727 ), #6474 ) ;
#1701 = FILL_AREA_STYLE ('',( #3175 ) ) ;
#1702 = PRESENTATION_LAYER_ASSIGNMENT (  '', '', ( #4836 ) ) ;
#1703 = CARTESIAN_POINT ( 'NONE',  ( -8.024999999999996803, 7.500000000000000000, 6.250000000000004441 ) ) ;
#1704 = FILL_AREA_STYLE ('',( #6485 ) ) ;
#1705 = DIRECTION ( 'NONE',  ( -0.000000000000000000, -1.000000000000000000, 0.000000000000000000 ) ) ;
#1706 = MECHANICAL_DESIGN_GEOMETRIC_PRESENTATION_REPRESENTATION (  '', ( #1817 ), #1593 ) ;
#1707 = UNCERTAINTY_MEASURE_WITH_UNIT (LENGTH_MEASURE( 1.000000000000000082E-05 ), #5584, 'distance_accuracy_value', 'NONE');
#1708 = CARTESIAN_POINT ( 'NONE',  ( 8.750000000000001776, 9.000000000000001776, 8.750000000000003553 ) ) ;
#1709 = ORIENTED_EDGE ( 'NONE', *, *, #4804, .F. ) ;
#1711 = CARTESIAN_POINT ( 'NONE',  ( 8.025000000000003908, 6.799999999999999822, 9.800000000000002487 ) ) ;
#1710 = CARTESIAN_POINT ( 'NONE',  ( 11.74999999999999822, 4.828844623781581191, -7.070270749634905982 ) ) ;
#1712 = ORIENTED_EDGE ( 'NONE', *, *, #2184, .T. ) ;
#1713 =( NAMED_UNIT ( * ) PLANE_ANGLE_UNIT ( ) SI_UNIT ( $, .RADIAN. ) );
#1714 = DIRECTION ( 'NONE',  ( 1.000000000000000000, 0.000000000000000000, 0.000000000000000000 ) ) ;
#1715 = SURFACE_STYLE_USAGE ( .BOTH. , #3921 ) ;
#1716 = SURFACE_STYLE_FILL_AREA ( #155 ) ;
#1717 = SURFACE_SIDE_STYLE ('',( #2768 ) ) ;
#1718 = VERTEX_POINT ( 'NONE', #1711 ) ;
#1719 = ORIENTED_EDGE ( 'NONE', *, *, #3613, .F. ) ;
#1720 = CARTESIAN_POINT ( 'NONE',  ( 11.31698343383184024, 3.508603887488056738, 10.31436818229855668 ) ) ;
#1721 = EDGE_CURVE ( 'NONE', #6503, #2666, #2241, .T. ) ;
#1722 = SURFACE_STYLE_FILL_AREA ( #1214 ) ;
#1723 = CARTESIAN_POINT ( 'NONE',  ( 15.37957249080740851, 0.000000000000000000, 15.37957249080740496 ) ) ;
#1724 = CARTESIAN_POINT ( 'NONE',  ( 10.79862929450322184, 3.000000000830891356, 8.236555335838520620 ) ) ;
#1725 = CARTESIAN_POINT ( 'NONE',  ( -18.20799961555358593, 0.000000000000000000, 18.20799961555358593 ) ) ;
#1726 = CARTESIAN_POINT ( 'NONE',  ( -18.91510639674013916, 9.000000000000001776, -18.91510639674013916 ) ) ;
#1727 = FACE_OUTER_BOUND ( 'NONE', #4620, .T. ) ;
#1728 = DIRECTION ( 'NONE',  ( -1.000000000000000000, 0.000000000000000000, 0.000000000000000000 ) ) ;
#1729 = EDGE_CURVE ( 'NONE', #4582, #899, #2304, .T. ) ;
#1730 = EDGE_CURVE ( 'NONE', #4929, #3748, #4328, .T. ) ;
#1731 = FACE_OUTER_BOUND ( 'NONE', #2493, .T. ) ;
#1733 = LINE ( 'NONE', #6009, #2975 ) ;
#1732 = CARTESIAN_POINT ( 'NONE',  ( -5.851293488071584115, 3.000000000000000000, -9.749999999999998224 ) ) ;
#1734 = DIRECTION ( 'NONE',  ( 0.000000000000000000, 0.000000000000000000, 1.000000000000000000 ) ) ;
#1735 = CARTESIAN_POINT ( 'NONE',  ( -11.74999999999999289, 5.000000000000000000, -6.097892163590182157 ) ) ;
#1736 = VERTEX_POINT ( 'NONE', #2278 ) ;
#1737 = ADVANCED_FACE ( 'NONE', ( #6521 ), #423, .T. ) ;
#1738 = FACE_OUTER_BOUND ( 'NONE', #366, .T. ) ;
#1739 = EDGE_CURVE ( 'NONE', #3209, #2381, #5555, .T. ) ;
#1740 = PRESENTATION_LAYER_ASSIGNMENT (  '', '', ( #3999 ) ) ;
#1741 = CIRCLE ( 'NONE', #6646, 1.000000000000000888 ) ;
#1742 = DIRECTION ( 'NONE',  ( -0.000000000000000000, 1.000000000000000000, -0.000000000000000000 ) ) ;
#1743 = VERTEX_POINT ( 'NONE', #5091 ) ;
#1744 = SPHERICAL_SURFACE ( 'NONE', #1040, 1.000000000000000000 ) ;
#1745 = DIRECTION ( 'NONE',  ( 0.000000000000000000, 0.000000000000000000, -1.000000000000000000 ) ) ;
#1746 = EDGE_LOOP ( 'NONE', ( #3390, #685, #4433, #6810 ) ) ;
#1747 = STYLED_ITEM ( 'NONE', ( #6497 ), #2869 ) ;
#1748 = ORIENTED_EDGE ( 'NONE', *, *, #5266, .F. ) ;
#1749 = AXIS2_PLACEMENT_3D ( 'NONE', #3347, #4561, #870 ) ;
#1750 = DIRECTION ( 'NONE',  ( 1.000000000000000000, 0.000000000000000000, 0.000000000000000000 ) ) ;
#1751 = ORIENTED_EDGE ( 'NONE', *, *, #3707, .T. ) ;
#1752 = FACE_OUTER_BOUND ( 'NONE', #4514, .T. ) ;
#1753 = PRESENTATION_LAYER_ASSIGNMENT (  '', '', ( #2311 ) ) ;
#1754 = MECHANICAL_DESIGN_GEOMETRIC_PRESENTATION_REPRESENTATION (  '', ( #6542 ), #5553 ) ;
#1755 = CARTESIAN_POINT ( 'NONE',  ( 10.80124311984462082, 2.999999999169108644, 7.851076890520085172 ) ) ;
#1756 = FACE_BOUND ( 'NONE', #4822, .T. ) ;
#1757 = FILL_AREA_STYLE_COLOUR ( '', #1452 ) ;
#1758 = STYLED_ITEM ( 'NONE', ( #2410 ), #1445 ) ;
#1759 = DIRECTION ( 'NONE',  ( 0.000000000000000000, 1.000000000000000000, -0.000000000000000000 ) ) ;
#1760 = STYLED_ITEM ( 'NONE', ( #2762 ), #1676 ) ;
#1761 = AXIS2_PLACEMENT_3D ( 'NONE', #2212, #1577, #4335 ) ;
#1762 = DIRECTION ( 'NONE',  ( 0.1926121808921441581, -0.9812749603306771817, -1.734723475976807292E-15 ) ) ;
#1763 = CARTESIAN_POINT ( 'NONE',  ( -5.851293488071584115, 5.000000000000000000, -11.74999999999999822 ) ) ;
#1764 = EDGE_CURVE ( 'NONE', #505, #2670, #1741, .T. ) ;
#1765 = DIRECTION ( 'NONE',  ( -0.000000000000000000, -1.000000000000000000, -0.000000000000000000 ) ) ;
#1766 = EDGE_CURVE ( 'NONE', #4520, #2950, #1414, .T. ) ;
#1767 = CARTESIAN_POINT ( 'NONE',  ( 8.025000000000003908, 7.500000000000000000, 6.249999999999997335 ) ) ;
#1768 =( NAMED_UNIT ( * ) PLANE_ANGLE_UNIT ( ) SI_UNIT ( $, .RADIAN. ) );
#1769 = UNCERTAINTY_MEASURE_WITH_UNIT (LENGTH_MEASURE( 1.000000000000000082E-05 ), #6287, 'distance_accuracy_value', 'NONE');
#1770 = COLOUR_RGB ( '',1.000000000000000000, 1.000000000000000000, 1.000000000000000000 ) ;
#1771 =( GEOMETRIC_REPRESENTATION_CONTEXT ( 3 ) GLOBAL_UNCERTAINTY_ASSIGNED_CONTEXT ( ( #2394 ) ) GLOBAL_UNIT_ASSIGNED_CONTEXT ( ( #1859, #5644, #3021 ) ) REPRESENTATION_CONTEXT ( 'NONE', 'WORKASPACE' ) );
#1772 = DIRECTION ( 'NONE',  ( -0.000000000000000000, -1.000000000000000000, 0.000000000000000000 ) ) ;
#1773 = ORIENTED_EDGE ( 'NONE', *, *, #1804, .T. ) ;
#1774 = FILL_AREA_STYLE_COLOUR ( '', #6057 ) ;
#1775 = VECTOR ( 'NONE', #5416, 1000.000000000000000 ) ;
#1776 = PRESENTATION_LAYER_ASSIGNMENT (  '', '', ( #1889 ) ) ;
#1778 = DIRECTION ( 'NONE',  ( -0.000000000000000000, -1.000000000000000000, -0.000000000000000000 ) ) ;
#1777 = CARTESIAN_POINT ( 'NONE',  ( -9.749999999999998224, 4.784118327815120253, -8.750000000000103029 ) ) ;
#1779 = ORIENTED_EDGE ( 'NONE', *, *, #6059, .F. ) ;
#1780 = UNCERTAINTY_MEASURE_WITH_UNIT (LENGTH_MEASURE( 1.000000000000000082E-05 ), #6532, 'distance_accuracy_value', 'NONE');
#1781 = SURFACE_SIDE_STYLE ('',( #3489 ) ) ;
#1782 = SURFACE_STYLE_USAGE ( .BOTH. , #6630 ) ;
#1783 = DIRECTION ( 'NONE',  ( 9.912705577010326782E-17, 0.000000000000000000, 1.000000000000000000 ) ) ;
#1784 = ORIENTED_EDGE ( 'NONE', *, *, #5762, .T. ) ;
#1785 = VERTEX_POINT ( 'NONE', #926 ) ;
#1786 = DIRECTION ( 'NONE',  ( -0.000000000000000000, -1.000000000000000000, -0.000000000000000000 ) ) ;
#1787 = VERTEX_POINT ( 'NONE', #2543 ) ;
#1788 = CARTESIAN_POINT ( 'NONE',  ( -9.142460951143940306, 4.809796727309564979, 11.74999999999999112 ) ) ;
#1789 = STYLED_ITEM ( 'NONE', ( #2971 ), #5282 ) ;
#1790 = CARTESIAN_POINT ( 'NONE',  ( -8.749999999999996447, 3.000000000000000000, 8.750000000000001776 ) ) ;
#1791 = CIRCLE ( 'NONE', #799, 2.774999999999996358 ) ;
#1792 = CARTESIAN_POINT ( 'NONE',  ( 11.75000000000000355, 4.711159729501284588, 8.275771039780904559 ) ) ;
#1793 = CARTESIAN_POINT ( 'NONE',  ( 3.000000000000002665, 3.000000000000000000, 9.750000000000005329 ) ) ;
#1794 = SURFACE_STYLE_USAGE ( .BOTH. , #3271 ) ;
#1795 = SURFACE_SIDE_STYLE ('',( #3972 ) ) ;
#1796 = STYLED_ITEM ( 'NONE', ( #2756 ), #5434 ) ;
#1797 = CYLINDRICAL_SURFACE ( 'NONE', #6592, 3.250000000000001332 ) ;
#1798 = VECTOR ( 'NONE', #3294, 1000.000000000000000 ) ;
#1799 = MECHANICAL_DESIGN_GEOMETRIC_PRESENTATION_REPRESENTATION (  '', ( #6147 ), #3031 ) ;
#1800 = CIRCLE ( 'NONE', #6585, 1.000000000000000888 ) ;
#1801 = PRESENTATION_STYLE_ASSIGNMENT (( #6617 ) ) ;
#1802 = CARTESIAN_POINT ( 'NONE',  ( -8.510167622307870161, 4.737042187912220648, -11.74999999999999289 ) ) ;
#1803 = MECHANICAL_DESIGN_GEOMETRIC_PRESENTATION_REPRESENTATION (  '', ( #940 ), #6266 ) ;
#1804 = EDGE_CURVE ( 'NONE', #5828, #1178, #5324, .T. ) ;
#1805 = DIRECTION ( 'NONE',  ( 0.000000000000000000, 0.000000000000000000, -1.000000000000000000 ) ) ;
#1806 = DIRECTION ( 'NONE',  ( -1.000000000000000000, 0.000000000000000000, 8.320016671351591588E-17 ) ) ;
#1807 = FILL_AREA_STYLE ('',( #5551 ) ) ;
#1808 = AXIS2_PLACEMENT_3D ( 'NONE', #3424, #4063, #1894 ) ;
#1809 = CYLINDRICAL_SURFACE ( 'NONE', #4934, 2.000000000000000000 ) ;
#1810 = CARTESIAN_POINT ( 'NONE',  ( -11.74999999999999822, 4.740320937067203033, -8.513406125968019822 ) ) ;
#1811 = ORIENTED_EDGE ( 'NONE', *, *, #817, .T. ) ;
#1812 = FACE_OUTER_BOUND ( 'NONE', #6359, .T. ) ;
#1813 = CARTESIAN_POINT ( 'NONE',  ( -8.024999999999996803, 3.000000000000000000, 8.025000000000000355 ) ) ;
#1814 = SURFACE_STYLE_FILL_AREA ( #2341 ) ;
#1815 = DIRECTION ( 'NONE',  ( 1.000000000000000000, 0.000000000000000000, -9.912705577010326782E-17 ) ) ;
#1816 = FILL_AREA_STYLE_COLOUR ( '', #5115 ) ;
#1817 = STYLED_ITEM ( 'NONE', ( #5877 ), #6660 ) ;
#1818 = ORIENTED_EDGE ( 'NONE', *, *, #865, .T. ) ;
#1819 = ADVANCED_FACE ( 'NONE', ( #3454 ), #3069, .T. ) ;
#1820 = ORIENTED_EDGE ( 'NONE', *, *, #687, .T. ) ;
#1821 = DIRECTION ( 'NONE',  ( 0.000000000000000000, 0.000000000000000000, -1.000000000000000000 ) ) ;
#1822 = ORIENTED_EDGE ( 'NONE', *, *, #3018, .T. ) ;
#1823 = FILL_AREA_STYLE_COLOUR ( '', #5044 ) ;
#1824 = FILL_AREA_STYLE ('',( #755 ) ) ;
#1825 = CARTESIAN_POINT ( 'NONE',  ( -11.44946376755096118, 4.843349695600709381, 10.07335775984081039 ) ) ;
#1826 = SURFACE_STYLE_USAGE ( .BOTH. , #2253 ) ;
#1827 = ORIENTED_EDGE ( 'NONE', *, *, #5086, .T. ) ;
#1828 = DIRECTION ( 'NONE',  ( -0.000000000000000000, -1.000000000000000000, -0.000000000000000000 ) ) ;
#1829 = DIRECTION ( 'NONE',  ( -0.7071067811865475727, 0.000000000000000000, 0.7071067811865475727 ) ) ;
#1830 = SURFACE_STYLE_USAGE ( .BOTH. , #5576 ) ;
#1831 = CARTESIAN_POINT ( 'NONE',  ( 10.00920742649967998, 3.000000005310091478, 6.071379517298876927 ) ) ;
#1832 = SURFACE_STYLE_FILL_AREA ( #6614 ) ;
#1833 = ADVANCED_FACE ( 'NONE', ( #6758 ), #4095, .T. ) ;
#1834 = FILL_AREA_STYLE ('',( #1698 ) ) ;
#1835 = DIRECTION ( 'NONE',  ( 0.000000000000000000, 0.000000000000000000, 1.000000000000000000 ) ) ;
#1836 = LINE ( 'NONE', #5654, #4393 ) ;
#1837 = EDGE_CURVE ( 'NONE', #5096, #5914, #3789, .T. ) ;
#1838 = UNCERTAINTY_MEASURE_WITH_UNIT (LENGTH_MEASURE( 1.000000000000000082E-05 ), #6478, 'distance_accuracy_value', 'NONE');
#1839 = CARTESIAN_POINT ( 'NONE',  ( -11.74999999999999822, 4.735892914036449852, -7.546605917942539321 ) ) ;
#1840 = SURFACE_SIDE_STYLE ('',( #5659 ) ) ;
#1842 = SURFACE_STYLE_FILL_AREA ( #776 ) ;
#1841 = CARTESIAN_POINT ( 'NONE',  ( -11.75000000000000000, 3.524697209923699059, -8.997208843581493198 ) ) ;
#1843 = ORIENTED_EDGE ( 'NONE', *, *, #2927, .T. ) ;
#1844 = UNCERTAINTY_MEASURE_WITH_UNIT (LENGTH_MEASURE( 1.000000000000000082E-05 ), #2029, 'distance_accuracy_value', 'NONE');
#1845 = CARTESIAN_POINT ( 'NONE',  ( -8.024999999999996803, 6.799999999999999822, 8.025000000000000355 ) ) ;
#1846 = CARTESIAN_POINT ( 'NONE',  ( 8.024999999999996803, 3.000000000000000000, 5.250000000000004441 ) ) ;
#1847 =( NAMED_UNIT ( * ) SI_UNIT ( $, .STERADIAN. ) SOLID_ANGLE_UNIT ( ) );
#1848 = ORIENTED_EDGE ( 'NONE', *, *, #1837, .T. ) ;
#1849 = ORIENTED_EDGE ( 'NONE', *, *, #3223, .F. ) ;
#1850 = CARTESIAN_POINT ( 'NONE',  ( 16.56599923110718109, 0.9999999999999991118, -19.84999999999999787 ) ) ;
#1851 = EDGE_LOOP ( 'NONE', ( #4964, #3887, #2572, #5612 ) ) ;
#1852 = CARTESIAN_POINT ( 'NONE',  ( -2.999999999999999556, 3.000000000000000000, 9.750000000000007105 ) ) ;
#1853 = PRESENTATION_LAYER_ASSIGNMENT (  '', '', ( #4867 ) ) ;
#1854 = PRESENTATION_STYLE_ASSIGNMENT (( #2841 ) ) ;
#1855 = SURFACE_SIDE_STYLE ('',( #6636 ) ) ;
#1856 = EDGE_CURVE ( 'NONE', #2597, #2379, #3864, .T. ) ;
#1857 = VERTEX_POINT ( 'NONE', #1490 ) ;
#1858 = ORIENTED_EDGE ( 'NONE', *, *, #2114, .F. ) ;
#1859 =( LENGTH_UNIT ( ) NAMED_UNIT ( * ) SI_UNIT ( .MILLI., .METRE. ) );
#1860 = CARTESIAN_POINT ( 'NONE',  ( 16.56599923110718109, 0.000000000000000000, 19.84999999999999787 ) ) ;
#1861 = DIRECTION ( 'NONE',  ( 0.7071067811865475727, 0.000000000000000000, -0.7071067811865475727 ) ) ;
#1862 =( GEOMETRIC_REPRESENTATION_CONTEXT ( 3 ) GLOBAL_UNCERTAINTY_ASSIGNED_CONTEXT ( ( #6179 ) ) GLOBAL_UNIT_ASSIGNED_CONTEXT ( ( #5701, #6860, #5165 ) ) REPRESENTATION_CONTEXT ( 'NONE', 'WORKASPACE' ) );
#1863 = LINE ( 'NONE', #6129, #4223 ) ;
#1864 = DIRECTION ( 'NONE',  ( -0.000000000000000000, 1.000000000000000000, -0.000000000000000000 ) ) ;
#1865 = CARTESIAN_POINT ( 'NONE',  ( -8.024999999999996803, 6.799999999999999822, 9.799999999999995381 ) ) ;
#1866 = AXIS2_PLACEMENT_3D ( 'NONE', #850, #4643, #263 ) ;
#1867 = AXIS2_PLACEMENT_3D ( 'NONE', #4318, #11, #2656 ) ;
#1868 = CARTESIAN_POINT ( 'NONE',  ( -8.024999999999996803, 3.000000000000000000, -8.025000000000000355 ) ) ;
#1869 = AXIS2_PLACEMENT_3D ( 'NONE', #6769, #3534, #857 ) ;
#1870 = VECTOR ( 'NONE', #6402, 1000.000000000000000 ) ;
#1871 = AXIS2_PLACEMENT_3D ( 'NONE', #6034, #1221, #4491 ) ;
#1872 = EDGE_CURVE ( 'NONE', #1718, #3916, #608, .T. ) ;
#1873 = AXIS2_PLACEMENT_3D ( 'NONE', #2205, #2072, #5354 ) ;
#1874 = CARTESIAN_POINT ( 'NONE',  ( 20.84999999999999432, 9.000000000000001776, -1.734723475976806503E-15 ) ) ;
#1875 =( LENGTH_UNIT ( ) NAMED_UNIT ( * ) SI_UNIT ( .MILLI., .METRE. ) );
#1876 = PRESENTATION_LAYER_ASSIGNMENT (  '', '', ( #4563 ) ) ;
#1878 = CARTESIAN_POINT ( 'NONE',  ( 5.851293488071583226, 5.000000000000000000, -11.74999999999999645 ) ) ;
#1877 =( NAMED_UNIT ( * ) PLANE_ANGLE_UNIT ( ) SI_UNIT ( $, .RADIAN. ) );
#1879 = AXIS2_PLACEMENT_3D ( 'NONE', #1723, #4446, #1216 ) ;
#1880 = MECHANICAL_DESIGN_GEOMETRIC_PRESENTATION_REPRESENTATION (  '', ( #4236 ), #3230 ) ;
#1881 = EDGE_LOOP ( 'NONE', ( #5932, #4720, #2837 ) ) ;
#1882 =( NAMED_UNIT ( * ) SI_UNIT ( $, .STERADIAN. ) SOLID_ANGLE_UNIT ( ) );
#1883 = CARTESIAN_POINT ( 'NONE',  ( 5.000000000000002665, -10.52072483264118574, 19.84999999999999787 ) ) ;
#1884 = PRESENTATION_STYLE_ASSIGNMENT (( #221 ) ) ;
#1885 = ORIENTED_EDGE ( 'NONE', *, *, #1390, .F. ) ;
#1886 = ORIENTED_EDGE ( 'NONE', *, *, #3621, .T. ) ;
#1887 = FILL_AREA_STYLE ('',( #1370 ) ) ;
#1888 = STYLED_ITEM ( 'NONE', ( #918 ), #511 ) ;
#1889 = STYLED_ITEM ( 'NONE', ( #4161 ), #4292 ) ;
#1890 = ORIENTED_EDGE ( 'NONE', *, *, #1238, .T. ) ;
#1891 = CARTESIAN_POINT ( 'NONE',  ( 0.000000000000000000, 9.000000000000001776, -19.84999999999999787 ) ) ;
#1892 = CARTESIAN_POINT ( 'NONE',  ( -15.37957249080740851, 0.000000000000000000, -13.67957249080740922 ) ) ;
#1893 = EDGE_CURVE ( 'NONE', #5790, #1953, #4205, .T. ) ;
#1895 = CARTESIAN_POINT ( 'NONE',  ( 11.74999999999999822, 5.000000000000000000, -8.749999999999998224 ) ) ;
#1894 = DIRECTION ( 'NONE',  ( 0.000000000000000000, 0.000000000000000000, -1.000000000000000000 ) ) ;
#1896 = SURFACE_SIDE_STYLE ('',( #4589 ) ) ;
#1897 = ORIENTED_EDGE ( 'NONE', *, *, #80, .T. ) ;
#1898 = CARTESIAN_POINT ( 'NONE',  ( -8.024999999999996803, 5.000000000000000000, -10.79999999999999716 ) ) ;
#1899 = CARTESIAN_POINT ( 'NONE',  ( 8.024999999999996803, 5.000000000000000000, 8.025000000000000355 ) ) ;
#1900 = MECHANICAL_DESIGN_GEOMETRIC_PRESENTATION_REPRESENTATION (  '', ( #4131 ), #4581 ) ;
#1901 = EDGE_CURVE ( 'NONE', #2334, #1787, #5878, .T. ) ;
#1902 = SURFACE_STYLE_USAGE ( .BOTH. , #4104 ) ;
#1903 = VERTEX_POINT ( 'NONE', #1561 ) ;
#1904 = DIRECTION ( 'NONE',  ( -1.000000000000000000, 0.000000000000000000, 0.000000000000000000 ) ) ;
#1905 =( GEOMETRIC_REPRESENTATION_CONTEXT ( 3 ) GLOBAL_UNCERTAINTY_ASSIGNED_CONTEXT ( ( #4425 ) ) GLOBAL_UNIT_ASSIGNED_CONTEXT ( ( #2220, #3303, #5403 ) ) REPRESENTATION_CONTEXT ( 'NONE', 'WORKASPACE' ) );
#1906 = CARTESIAN_POINT ( 'NONE',  ( -6.762146660527323938, 3.483709452501471571, 11.75000000000000888 ) ) ;
#1907 = CARTESIAN_POINT ( 'NONE',  ( 8.024999999999996803, 3.000000000000000000, 8.025000000000000355 ) ) ;
#1908 = PRESENTATION_STYLE_ASSIGNMENT (( #1946 ) ) ;
#1909 = CARTESIAN_POINT ( 'NONE',  ( 15.37957249080740851, 2.999999999999999112, -13.67957249080740922 ) ) ;
#1910 = COLOUR_RGB ( '',1.000000000000000000, 1.000000000000000000, 1.000000000000000000 ) ;
#1911 = EDGE_CURVE ( 'NONE', #4066, #6701, #1034, .T. ) ;
#1912 = CIRCLE ( 'NONE', #2808, 1.000000000000001332 ) ;
#1913 = CARTESIAN_POINT ( 'NONE',  ( -6.071379517298964856, 3.000000005310119455, -10.00920742649989315 ) ) ;
#1914 = UNCERTAINTY_MEASURE_WITH_UNIT (LENGTH_MEASURE( 1.000000000000000082E-05 ), #901, 'distance_accuracy_value', 'NONE');
#1915 = CIRCLE ( 'NONE', #2924, 1.000000000000000888 ) ;
#1916 = COLOUR_RGB ( '',1.000000000000000000, 1.000000000000000000, 1.000000000000000000 ) ;
#1917 = FILL_AREA_STYLE_COLOUR ( '', #6584 ) ;
#1918 = MECHANICAL_DESIGN_GEOMETRIC_PRESENTATION_REPRESENTATION (  '', ( #1583 ), #2477 ) ;
#1919 = FACE_OUTER_BOUND ( 'NONE', #4779, .T. ) ;
#1920 = B_SPLINE_CURVE_WITH_KNOTS ( 'NONE', 3,
 ( #5671, #5709, #2549, #1958, #5283, #504, #3670, #4059, #2589, #1466 ),
 .UNSPECIFIED., .F., .F.,
 ( 4, 2, 2, 2, 4 ),
 ( 1.734723475976807094E-18, 0.0007220672724036047291, 0.001444134544807207723, 0.002166201817210810718, 0.002888269089614413712 ),
 .UNSPECIFIED. ) ;
#1922 =( NAMED_UNIT ( * ) PLANE_ANGLE_UNIT ( ) SI_UNIT ( $, .RADIAN. ) );
#1921 = FACE_OUTER_BOUND ( 'NONE', #3054, .T. ) ;
#1923 = STYLED_ITEM ( 'NONE', ( #433 ), #6203 ) ;
#1924 = ORIENTED_EDGE ( 'NONE', *, *, #3707, .F. ) ;
#1925 = UNCERTAINTY_MEASURE_WITH_UNIT (LENGTH_MEASURE( 1.000000000000000082E-05 ), #6415, 'distance_accuracy_value', 'NONE');
#1926 = FILL_AREA_STYLE ('',( #4506 ) ) ;
#1927 = FILL_AREA_STYLE ('',( #292 ) ) ;
#1928 = SURFACE_STYLE_FILL_AREA ( #3491 ) ;
#1929 = VERTEX_POINT ( 'NONE', #993 ) ;
#1930 = EDGE_LOOP ( 'NONE', ( #6495, #4087 ) ) ;
#1931 = CARTESIAN_POINT ( 'NONE',  ( -8.024999999999996803, 7.500000000000000000, 6.950000000000004619 ) ) ;
#1932 = ORIENTED_EDGE ( 'NONE', *, *, #4458, .T. ) ;
#1933 = PRESENTATION_STYLE_ASSIGNMENT (( #5101 ) ) ;
#1934 = SURFACE_STYLE_FILL_AREA ( #5071 ) ;
#1936 = FILL_AREA_STYLE_COLOUR ( '', #5445 ) ;
#1935 = CARTESIAN_POINT ( 'NONE',  ( 19.84999999999999432, 10.00000000000000000, -1.651523309263290550E-15 ) ) ;
#1937 = ORIENTED_EDGE ( 'NONE', *, *, #5089, .T. ) ;
#1938 =( LENGTH_UNIT ( ) NAMED_UNIT ( * ) SI_UNIT ( .MILLI., .METRE. ) );
#1939 = CIRCLE ( 'NONE', #6386, 3.250000000000001332 ) ;
#1940 =( NAMED_UNIT ( * ) SI_UNIT ( $, .STERADIAN. ) SOLID_ANGLE_UNIT ( ) );
#1941 =( NAMED_UNIT ( * ) SI_UNIT ( $, .STERADIAN. ) SOLID_ANGLE_UNIT ( ) );
#1942 = VERTEX_POINT ( 'NONE', #6349 ) ;
#1943 =( NAMED_UNIT ( * ) SI_UNIT ( $, .STERADIAN. ) SOLID_ANGLE_UNIT ( ) );
#1944 = AXIS2_PLACEMENT_3D ( 'NONE', #3867, #104, #6008 ) ;
#1945 = CARTESIAN_POINT ( 'NONE',  ( -8.513406125968021598, 4.740320937067155072, 11.75000000000000533 ) ) ;
#1946 = SURFACE_STYLE_USAGE ( .BOTH. , #6788 ) ;
#1947 = SURFACE_STYLE_USAGE ( .BOTH. , #6789 ) ;
#1948 = SURFACE_STYLE_USAGE ( .BOTH. , #3033 ) ;
#1949 = APPLICATION_PROTOCOL_DEFINITION ( 'draft international standard', 'automotive_design', 1998, #1982 ) ;
#1950 = CARTESIAN_POINT ( 'NONE',  ( -15.37957249080740851, 0.000000000000000000, -12.12957249080740318 ) ) ;
#1951 = FILL_AREA_STYLE ('',( #3038 ) ) ;
#1952 = CARTESIAN_POINT ( 'NONE',  ( -10.79862929450322184, 3.000000000830890912, -8.236555335838506409 ) ) ;
#1953 = VERTEX_POINT ( 'NONE', #2620 ) ;
#1954 = DIRECTION ( 'NONE',  ( -0.000000000000000000, -1.000000000000000000, -0.000000000000000000 ) ) ;
#1955 = CARTESIAN_POINT ( 'NONE',  ( -10.77670567000651580, 2.999999994396978842, 8.427665067367042795 ) ) ;
#1956 = SURFACE_SIDE_STYLE ('',( #2967 ) ) ;
#1957 = ORIENTED_EDGE ( 'NONE', *, *, #6622, .T. ) ;
#1958 = CARTESIAN_POINT ( 'NONE',  ( 11.74999999999999645, 4.701831874940747724, -7.788641904947292360 ) ) ;
#1959 = ADVANCED_FACE ( 'NONE', ( #4285 ), #6282, .F. ) ;
#1960 = VERTEX_POINT ( 'NONE', #5236 ) ;
#1961 = SURFACE_SIDE_STYLE ('',( #3672 ) ) ;
#1963 =( NAMED_UNIT ( * ) SI_UNIT ( $, .STERADIAN. ) SOLID_ANGLE_UNIT ( ) );
#1962 = CARTESIAN_POINT ( 'NONE',  ( 6.000000000000002665, 4.999999999999999112, 19.84999999999999787 ) ) ;
#1964 = CARTESIAN_POINT ( 'NONE',  ( 15.37957249080740851, 3.000000000000000000, 12.12957249080740674 ) ) ;
#1965 = ORIENTED_EDGE ( 'NONE', *, *, #1053, .T. ) ;
#1966 = DIRECTION ( 'NONE',  ( 0.000000000000000000, 0.000000000000000000, -1.000000000000000000 ) ) ;
#1967 = DIRECTION ( 'NONE',  ( 9.912705577010326782E-17, 0.000000000000000000, 1.000000000000000000 ) ) ;
#1968 = FACE_OUTER_BOUND ( 'NONE', #2770, .T. ) ;
#1969 = DIRECTION ( 'NONE',  ( 0.000000000000000000, -1.000000000000000000, -3.903127820947815962E-15 ) ) ;
#1970 = ORIENTED_EDGE ( 'NONE', *, *, #1616, .F. ) ;
#1971 = DIRECTION ( 'NONE',  ( 0.000000000000000000, 0.000000000000000000, -1.000000000000000000 ) ) ;
#1972 = CIRCLE ( 'NONE', #3754, 1.000000000000000888 ) ;
#1973 = FACE_OUTER_BOUND ( 'NONE', #2403, .T. ) ;
#1974 = PRESENTATION_LAYER_ASSIGNMENT (  '', '', ( #3406 ) ) ;
#1975 = DIRECTION ( 'NONE',  ( -0.000000000000000000, -1.000000000000000000, -0.000000000000000000 ) ) ;
#1976 = CIRCLE ( 'NONE', #6762, 2.000000000000000444 ) ;
#1977 = MECHANICAL_DESIGN_GEOMETRIC_PRESENTATION_REPRESENTATION (  '', ( #1103 ), #1862 ) ;
#1978 = ORIENTED_EDGE ( 'NONE', *, *, #3834, .T. ) ;
#1979 = EDGE_CURVE ( 'NONE', #2450, #6764, #761, .T. ) ;
#1980 = CARTESIAN_POINT ( 'NONE',  ( -7.215627173293716723, 3.547700697866941422, -11.74999999999999645 ) ) ;
#1981 = AXIS2_PLACEMENT_3D ( 'NONE', #5731, #5117, #4604 ) ;
#1982 = APPLICATION_CONTEXT ( 'automotive_design' ) ;
#1983 = COLOUR_RGB ( '',1.000000000000000000, 1.000000000000000000, 1.000000000000000000 ) ;
#1984 = FILL_AREA_STYLE ('',( #3550 ) ) ;
#1985 = EDGE_CURVE ( 'NONE', #2529, #5168, #3753, .T. ) ;
#1986 = STYLED_ITEM ( 'NONE', ( #3936 ), #3553 ) ;
#1987 = ADVANCED_BREP_SHAPE_REPRESENTATION ( 'encoderEncclosure', ( #3835, #5510 ), #2827 ) ;
#1988 =( LENGTH_UNIT ( ) NAMED_UNIT ( * ) SI_UNIT ( .MILLI., .METRE. ) );
#1989 = SURFACE_SIDE_STYLE ('',( #1031 ) ) ;
#1990 = PRESENTATION_STYLE_ASSIGNMENT (( #1074 ) ) ;
#1991 = ORIENTED_EDGE ( 'NONE', *, *, #3284, .T. ) ;
#1992 = DIRECTION ( 'NONE',  ( 0.000000000000000000, -1.000000000000000000, 0.000000000000000000 ) ) ;
#1993 = SURFACE_STYLE_FILL_AREA ( #392 ) ;
#1994 = COLOUR_RGB ( '',1.000000000000000000, 1.000000000000000000, 1.000000000000000000 ) ;
#1995 = PRESENTATION_LAYER_ASSIGNMENT (  '', '', ( #4115 ) ) ;
#1996 = ORIENTED_EDGE ( 'NONE', *, *, #553, .T. ) ;
#1997 =( LENGTH_UNIT ( ) NAMED_UNIT ( * ) SI_UNIT ( .MILLI., .METRE. ) );
#1998 = VERTEX_POINT ( 'NONE', #5311 ) ;
#1999 = SURFACE_STYLE_USAGE ( .BOTH. , #1961 ) ;
#2000 = CARTESIAN_POINT ( 'NONE',  ( -15.37957249080740851, 3.000000000000000000, -12.12957249080740496 ) ) ;
#2001 = COLOUR_RGB ( '',1.000000000000000000, 1.000000000000000000, 1.000000000000000000 ) ;
#2002 = PRESENTATION_LAYER_ASSIGNMENT (  '', '', ( #672 ) ) ;
#2003 =( LENGTH_UNIT ( ) NAMED_UNIT ( * ) SI_UNIT ( .MILLI., .METRE. ) );
#2004 = FACE_OUTER_BOUND ( 'NONE', #2078, .T. ) ;
#2005 = ORIENTED_EDGE ( 'NONE', *, *, #3485, .T. ) ;
#2006 = FACE_OUTER_BOUND ( 'NONE', #2700, .T. ) ;
#2007 = CARTESIAN_POINT ( 'NONE',  ( 6.071379517298751693, 3.000000005310112350, -10.00920742649968176 ) ) ;
#2008 = AXIS2_PLACEMENT_3D ( 'NONE', #1790, #165, #3855 ) ;
#2009 = ORIENTED_EDGE ( 'NONE', *, *, #2629, .T. ) ;
#2010 = CARTESIAN_POINT ( 'NONE',  ( 10.60669162897502815, 3.506186964015137519, 11.11338941175976736 ) ) ;
#2011 = CARTESIAN_POINT ( 'NONE',  ( -15.37957249080740851, 10.00000000000000000, 15.37957249080740496 ) ) ;
#2012 = AXIS2_PLACEMENT_3D ( 'NONE', #4954, #251, #6687 ) ;
#2013 = COLOUR_RGB ( '',1.000000000000000000, 1.000000000000000000, 1.000000000000000000 ) ;
#2014 = CARTESIAN_POINT ( 'NONE',  ( -7.215627173293729157, 3.547700697866948971, 11.75000000000000888 ) ) ;
#2015 = CARTESIAN_POINT ( 'NONE',  ( 15.37957249080740851, 10.00000000000000000, 15.37957249080740496 ) ) ;
#2016 = SURFACE_SIDE_STYLE ('',( #5330 ) ) ;
#2017 = DIRECTION ( 'NONE',  ( 0.000000000000000000, 0.000000000000000000, -1.000000000000000000 ) ) ;
#2018 = CIRCLE ( 'NONE', #6799, 1.000000000000000888 ) ;
#2019 = EDGE_LOOP ( 'NONE', ( #1241, #3387, #3850, #898 ) ) ;
#2020 = CARTESIAN_POINT ( 'NONE',  ( -6.762146660527163178, 3.483709452501466686, -11.74999999999999822 ) ) ;
#2021 =( GEOMETRIC_REPRESENTATION_CONTEXT ( 3 ) GLOBAL_UNCERTAINTY_ASSIGNED_CONTEXT ( ( #2188 ) ) GLOBAL_UNIT_ASSIGNED_CONTEXT ( ( #1670, #19, #4290 ) ) REPRESENTATION_CONTEXT ( 'NONE', 'WORKASPACE' ) );
#2022 = AXIS2_PLACEMENT_3D ( 'NONE', #1117, #5368, #6433 ) ;
#2023 =( NAMED_UNIT ( * ) PLANE_ANGLE_UNIT ( ) SI_UNIT ( $, .RADIAN. ) );
#2024 = ADVANCED_FACE ( 'NONE', ( #2790 ), #105, .T. ) ;
#2025 = VECTOR ( 'NONE', #568, 1000.000000000000114 ) ;
#2026 = COLOUR_RGB ( '',1.000000000000000000, 1.000000000000000000, 1.000000000000000000 ) ;
#2027 = CARTESIAN_POINT ( 'NONE',  ( 9.420287608206898256, 3.000000003122413439, -10.43054394859889733 ) ) ;
#2028 = CARTESIAN_POINT ( 'NONE',  ( 11.44592023047959017, 4.843551933275761279, 10.08086243770180879 ) ) ;
#2029 =( LENGTH_UNIT ( ) NAMED_UNIT ( * ) SI_UNIT ( .MILLI., .METRE. ) );
#2030 = VECTOR ( 'NONE', #3278, 1000.000000000000000 ) ;
#2031 = ORIENTED_EDGE ( 'NONE', *, *, #5234, .F. ) ;
#2032 = DIRECTION ( 'NONE',  ( -0.000000000000000000, -0.000000000000000000, 1.000000000000000000 ) ) ;
#2033 = AXIS2_PLACEMENT_3D ( 'NONE', #2011, #5186, #487 ) ;
#2034 = VECTOR ( 'NONE', #5506, 1000.000000000000000 ) ;
#2035 = FILL_AREA_STYLE ('',( #2314 ) ) ;
#2036 =( GEOMETRIC_REPRESENTATION_CONTEXT ( 3 ) GLOBAL_UNCERTAINTY_ASSIGNED_CONTEXT ( ( #1925 ) ) GLOBAL_UNIT_ASSIGNED_CONTEXT ( ( #6415, #2103, #3155 ) ) REPRESENTATION_CONTEXT ( 'NONE', 'WORKASPACE' ) );
#2037 = ORIENTED_EDGE ( 'NONE', *, *, #2274, .F. ) ;
#2038 = CIRCLE ( 'NONE', #3710, 3.250000000000001332 ) ;
#2039 = CARTESIAN_POINT ( 'NONE',  ( 16.56599923110718109, 9.000000000000001776, 19.84999999999999787 ) ) ;
#2040 = CARTESIAN_POINT ( 'NONE',  ( -19.84999999999999787, 0.9999999999999991118, 16.56599923110718109 ) ) ;
#2041 = ORIENTED_EDGE ( 'NONE', *, *, #2717, .T. ) ;
#2042 =( LENGTH_UNIT ( ) NAMED_UNIT ( * ) SI_UNIT ( .MILLI., .METRE. ) );
#2043 = PRESENTATION_LAYER_ASSIGNMENT (  '', '', ( #1147 ) ) ;
#2044 =( NAMED_UNIT ( * ) SI_UNIT ( $, .STERADIAN. ) SOLID_ANGLE_UNIT ( ) );
#2045 = EDGE_CURVE ( 'NONE', #1302, #6387, #1733, .T. ) ;
#2046 = CARTESIAN_POINT ( 'NONE',  ( 8.631793546517446458, 4.760915839510786007, -11.74999999999999645 ) ) ;
#2047 = CARTESIAN_POINT ( 'NONE',  ( -10.57851687278823150, 4.852846324720424320, 11.13636066390325929 ) ) ;
#2048 = PRESENTATION_LAYER_ASSIGNMENT (  '', '', ( #6608 ) ) ;
#2049 = ORIENTED_EDGE ( 'NONE', *, *, #2928, .T. ) ;
#2050 = CARTESIAN_POINT ( 'NONE',  ( 8.024999999999996803, 3.000000000000000000, -5.250000000000004441 ) ) ;
#2051 = SURFACE_STYLE_FILL_AREA ( #3062 ) ;
#2052 = DIRECTION ( 'NONE',  ( 0.000000000000000000, 0.000000000000000000, 1.000000000000000000 ) ) ;
#2053 = PRESENTATION_STYLE_ASSIGNMENT (( #977 ) ) ;
#2054 = ADVANCED_FACE ( 'NONE', ( #5976 ), #3378, .T. ) ;
#2055 = AXIS2_PLACEMENT_3D ( 'NONE', #571, #1705, #4953 ) ;
#2056 = EDGE_CURVE ( 'NONE', #6503, #276, #2522, .T. ) ;
#2057 = EDGE_CURVE ( 'NONE', #1273, #6050, #311, .T. ) ;
#2058 = ORIENTED_EDGE ( 'NONE', *, *, #3277, .F. ) ;
#2059 = CARTESIAN_POINT ( 'NONE',  ( -8.209039814144102110, 3.585684018395369765, -11.74999999999999822 ) ) ;
#2060 = UNCERTAINTY_MEASURE_WITH_UNIT (LENGTH_MEASURE( 1.000000000000000082E-05 ), #3252, 'distance_accuracy_value', 'NONE');
#2061 =( NAMED_UNIT ( * ) SI_UNIT ( $, .STERADIAN. ) SOLID_ANGLE_UNIT ( ) );
#2062 = EDGE_CURVE ( 'NONE', #5303, #5077, #2313, .T. ) ;
#2063 = CARTESIAN_POINT ( 'NONE',  ( 10.22596654526689974, 2.999999999316268706, -9.717478022909297408 ) ) ;
#2064 = CARTESIAN_POINT ( 'NONE',  ( 10.25533786589565111, 4.847573141624703652, 11.35239049452332161 ) ) ;
#2065 = CARTESIAN_POINT ( 'NONE',  ( 7.788641904947349204, 4.701831874940739731, -11.74999999999999645 ) ) ;
#2066 = ORIENTED_EDGE ( 'NONE', *, *, #4976, .F. ) ;
#2067 =( NAMED_UNIT ( * ) PLANE_ANGLE_UNIT ( ) SI_UNIT ( $, .RADIAN. ) );
#2068 = ORIENTED_EDGE ( 'NONE', *, *, #590, .F. ) ;
#2069 = FILL_AREA_STYLE_COLOUR ( '', #144 ) ;
#2070 = CARTESIAN_POINT ( 'NONE',  ( -20.55710678118655466, 10.00000000000000000, -17.27310601229372367 ) ) ;
#2072 = DIRECTION ( 'NONE',  ( -0.000000000000000000, -1.000000000000000000, 0.000000000000000000 ) ) ;
#2071 = DIRECTION ( 'NONE',  ( 0.000000000000000000, 0.000000000000000000, 1.000000000000000000 ) ) ;
#2073 = CARTESIAN_POINT ( 'NONE',  ( -11.74999999999999645, 9.000000000000001776, 8.750000000000001776 ) ) ;
#2074 = ORIENTED_EDGE ( 'NONE', *, *, #1553, .T. ) ;
#2075 = CARTESIAN_POINT ( 'NONE',  ( -9.750000000000001776, 3.000000000000000000, 5.851293488071592996 ) ) ;
#2076 = CARTESIAN_POINT ( 'NONE',  ( 8.698061147985042041, 3.560749770959595217, -11.74999999999999645 ) ) ;
#2077 = CARTESIAN_POINT ( 'NONE',  ( -10.43054394859903056, 3.000000003122405889, -9.420287608206665553 ) ) ;
#2078 = EDGE_LOOP ( 'NONE', ( #782, #5218, #1135, #6320 ) ) ;
#2079 =( LENGTH_UNIT ( ) NAMED_UNIT ( * ) SI_UNIT ( .MILLI., .METRE. ) );
#2080 = DIRECTION ( 'NONE',  ( 0.7071067811865475727, 0.000000000000000000, 0.7071067811865475727 ) ) ;
#2081 = EDGE_CURVE ( 'NONE', #444, #5139, #1383, .T. ) ;
#2082 =( NAMED_UNIT ( * ) PLANE_ANGLE_UNIT ( ) SI_UNIT ( $, .RADIAN. ) );
#2083 = FILL_AREA_STYLE ('',( #3751 ) ) ;
#2084 = SURFACE_STYLE_USAGE ( .BOTH. , #1063 ) ;
#2085 = SURFACE_SIDE_STYLE ('',( #522 ) ) ;
#2086 = MECHANICAL_DESIGN_GEOMETRIC_PRESENTATION_REPRESENTATION (  '', ( #982 ), #1624 ) ;
#2087 =( GEOMETRIC_REPRESENTATION_CONTEXT ( 3 ) GLOBAL_UNCERTAINTY_ASSIGNED_CONTEXT ( ( #322 ) ) GLOBAL_UNIT_ASSIGNED_CONTEXT ( ( #6447, #4320, #2751 ) ) REPRESENTATION_CONTEXT ( 'NONE', 'WORKASPACE' ) );
#2088 = VERTEX_POINT ( 'NONE', #174 ) ;
#2089 = CARTESIAN_POINT ( 'NONE',  ( 8.025000000000000355, 5.000000000000000000, -9.799999999999998934 ) ) ;
#2090 = EDGE_CURVE ( 'NONE', #3244, #1649, #6538, .T. ) ;
#2091 = DIRECTION ( 'NONE',  ( 0.000000000000000000, 1.000000000000000000, 0.000000000000000000 ) ) ;
#2092 = CARTESIAN_POINT ( 'NONE',  ( 10.73288360482509241, 4.854180461680756231, -11.00991375622473711 ) ) ;
#2093 = CARTESIAN_POINT ( 'NONE',  ( 9.145276567021719316, 4.809980967308892907, 11.75000000000000711 ) ) ;
#2094 = CIRCLE ( 'NONE', #4315, 2.000000000000000000 ) ;
#2095 = FILL_AREA_STYLE ('',( #3068 ) ) ;
#2096 = EDGE_LOOP ( 'NONE', ( #6820, #6087, #4398 ) ) ;
#2097 = DIRECTION ( 'NONE',  ( 0.000000000000000000, -0.000000000000000000, 1.000000000000000000 ) ) ;
#2098 = PRESENTATION_LAYER_ASSIGNMENT (  '', '', ( #3654 ) ) ;
#2099 = CIRCLE ( 'NONE', #2663, 1.000000000000000888 ) ;
#2100 = CARTESIAN_POINT ( 'NONE',  ( 5.851293488071588555, 5.000000000000000000, 11.75000000000000355 ) ) ;
#2101 = ORIENTED_EDGE ( 'NONE', *, *, #1605, .T. ) ;
#2102 =( NAMED_UNIT ( * ) SI_UNIT ( $, .STERADIAN. ) SOLID_ANGLE_UNIT ( ) );
#2103 =( NAMED_UNIT ( * ) PLANE_ANGLE_UNIT ( ) SI_UNIT ( $, .RADIAN. ) );
#2104 = CARTESIAN_POINT ( 'NONE',  ( -8.025000000000000355, 6.799999999999999822, -8.025000000000000355 ) ) ;
#2105 = PRESENTATION_LAYER_ASSIGNMENT (  '', '', ( #1760 ) ) ;
#2106 = ORIENTED_EDGE ( 'NONE', *, *, #4873, .F. ) ;
#2107 = DIRECTION ( 'NONE',  ( -0.000000000000000000, 1.000000000000000000, -0.000000000000000000 ) ) ;
#2108 =( LENGTH_UNIT ( ) NAMED_UNIT ( * ) SI_UNIT ( .MILLI., .METRE. ) );
#2109 = CARTESIAN_POINT ( 'NONE',  ( 8.513406125968026927, 4.740320937067202145, -11.74999999999999645 ) ) ;
#2110 = CARTESIAN_POINT ( 'NONE',  ( -8.025000000000000355, 6.799999999999999822, -9.099999999999999645 ) ) ;
#2111 = ORIENTED_EDGE ( 'NONE', *, *, #1571, .F. ) ;
#2112 = CARTESIAN_POINT ( 'NONE',  ( 16.56599923110718109, 10.00000000000000000, -19.84999999999999787 ) ) ;
#2113 =( GEOMETRIC_REPRESENTATION_CONTEXT ( 3 ) GLOBAL_UNCERTAINTY_ASSIGNED_CONTEXT ( ( #6383 ) ) GLOBAL_UNIT_ASSIGNED_CONTEXT ( ( #5134, #4617, #5665 ) ) REPRESENTATION_CONTEXT ( 'NONE', 'WORKASPACE' ) );
#2114 = EDGE_CURVE ( 'NONE', #545, #2312, #3646, .T. ) ;
#2115 = CARTESIAN_POINT ( 'NONE',  ( -18.91510639674013916, 0.9999999999999991118, 18.91510639674013916 ) ) ;
#2116 = DIRECTION ( 'NONE',  ( 0.000000000000000000, 0.000000000000000000, -1.000000000000000000 ) ) ;
#2117 = CARTESIAN_POINT ( 'NONE',  ( -11.73032227390230098, 4.807721502457801499, -9.144742004345742359 ) ) ;
#2118 = MECHANICAL_DESIGN_GEOMETRIC_PRESENTATION_REPRESENTATION (  '', ( #5922 ), #2224 ) ;
#2119 = AXIS2_PLACEMENT_3D ( 'NONE', #6640, #4067, #1967 ) ;
#2120 = DIRECTION ( 'NONE',  ( 0.000000000000000000, 0.000000000000000000, -1.000000000000000000 ) ) ;
#2121 = AXIS2_PLACEMENT_3D ( 'NONE', #5697, #6275, #1453 ) ;
#2122 = VECTOR ( 'NONE', #2107, 1000.000000000000000 ) ;
#2123 = ORIENTED_EDGE ( 'NONE', *, *, #6086, .T. ) ;
#2124 = DIRECTION ( 'NONE',  ( 0.000000000000000000, 0.000000000000000000, 1.000000000000000000 ) ) ;
#2125 = DIRECTION ( 'NONE',  ( 0.000000000000000000, -0.000000000000000000, -1.000000000000000000 ) ) ;
#2126 = UNCERTAINTY_MEASURE_WITH_UNIT (LENGTH_MEASURE( 1.000000000000000082E-05 ), #5735, 'distance_accuracy_value', 'NONE');
#2127 = ADVANCED_FACE ( 'NONE', ( #1482 ), #5113, .F. ) ;
#2128 = CARTESIAN_POINT ( 'NONE',  ( -8.749999999999996447, 5.000000000000000000, 11.75000000000000533 ) ) ;
#2129 = DIRECTION ( 'NONE',  ( 1.000000000000000000, 0.000000000000000000, -1.664003334270318318E-16 ) ) ;
#2130 = STYLED_ITEM ( 'NONE', ( #2604 ), #5185 ) ;
#2131 = CARTESIAN_POINT ( 'NONE',  ( 10.11159654583014067, 3.000000000683731294, -9.856625088502493526 ) ) ;
#2132 = LINE ( 'NONE', #1095, #6876 ) ;
#2134 = DIRECTION ( 'NONE',  ( -1.000000000000000000, 0.000000000000000000, 9.912705577010326782E-17 ) ) ;
#2133 = CARTESIAN_POINT ( 'NONE',  ( -11.75000000000000000, 3.232026073433579949, -6.093800287197148613 ) ) ;
#2135 = ORIENTED_EDGE ( 'NONE', *, *, #5108, .F. ) ;
#2136 = UNCERTAINTY_MEASURE_WITH_UNIT (LENGTH_MEASURE( 1.000000000000000082E-05 ), #5487, 'distance_accuracy_value', 'NONE');
#2137 =( LENGTH_UNIT ( ) NAMED_UNIT ( * ) SI_UNIT ( .MILLI., .METRE. ) );
#2138 = CARTESIAN_POINT ( 'NONE',  ( -9.750000000000008882, 3.000000000000000000, 5.851293488071598325 ) ) ;
#2139 = COLOUR_RGB ( '',1.000000000000000000, 1.000000000000000000, 1.000000000000000000 ) ;
#2140 = DIRECTION ( 'NONE',  ( 0.000000000000000000, 0.000000000000000000, -1.000000000000000000 ) ) ;
#2141 = EDGE_LOOP ( 'NONE', ( #6283, #3630, #5608, #4635 ) ) ;
#2142 =( NAMED_UNIT ( * ) PLANE_ANGLE_UNIT ( ) SI_UNIT ( $, .RADIAN. ) );
#2143 = STYLED_ITEM ( 'NONE', ( #6344 ), #524 ) ;
#2144 = DIRECTION ( 'NONE',  ( -8.320016671351592820E-17, 0.000000000000000000, -1.000000000000000000 ) ) ;
#2146 = CARTESIAN_POINT ( 'NONE',  ( 19.84999999999999076, 10.00000000000000000, -16.56599923110718464 ) ) ;
#2145 = FILL_AREA_STYLE ('',( #23 ) ) ;
#2147 = COLOUR_RGB ( '',1.000000000000000000, 1.000000000000000000, 1.000000000000000000 ) ;
#2148 = COLOUR_RGB ( '',1.000000000000000000, 1.000000000000000000, 1.000000000000000000 ) ;
#2149 = ORIENTED_EDGE ( 'NONE', *, *, #652, .F. ) ;
#2150 = DIRECTION ( 'NONE',  ( 0.000000000000000000, -0.000000000000000000, -1.000000000000000000 ) ) ;
#2151 = CARTESIAN_POINT ( 'NONE',  ( 5.944038137988585824, 3.116869394727928899, -11.74999999999999645 ) ) ;
#2152 = CARTESIAN_POINT ( 'NONE',  ( -10.25020560165500427, 4.847469346517567779, -11.35543181454373851 ) ) ;
#2153 = AXIS2_PLACEMENT_3D ( 'NONE', #3320, #676, #2795 ) ;
#2154 = EDGE_LOOP ( 'NONE', ( #4165, #6606, #2310, #6698, #56 ) ) ;
#2155 = DIRECTION ( 'NONE',  ( 0.000000000000000000, 1.000000000000000000, -0.000000000000000000 ) ) ;
#2156 = PRESENTATION_LAYER_ASSIGNMENT (  '', '', ( #3265 ) ) ;
#2157 = STYLED_ITEM ( 'NONE', ( #589 ), #5225 ) ;
#2158 = CARTESIAN_POINT ( 'NONE',  ( 19.84999999999999432, 0.9999999999999995559, 16.56599923110718464 ) ) ;
#2159 = ADVANCED_FACE ( 'NONE', ( #1973 ), #6230, .F. ) ;
#2160 = AXIS2_PLACEMENT_3D ( 'NONE', #709, #5419, #637 ) ;
#2161 = CARTESIAN_POINT ( 'NONE',  ( 15.37957249080740851, 0.000000000000000000, 17.07957249080740070 ) ) ;
#2162 =( NAMED_UNIT ( * ) SI_UNIT ( $, .STERADIAN. ) SOLID_ANGLE_UNIT ( ) );
#2163 = CARTESIAN_POINT ( 'NONE',  ( -9.527044151076587752, 4.826577767160884491, 11.67469073923563450 ) ) ;
#2164 = CARTESIAN_POINT ( 'NONE',  ( -5.851293488071606319, 5.000000000000000000, -11.74999999999999822 ) ) ;
#2165 = AXIS2_PLACEMENT_3D ( 'NONE', #76, #1202, #710 ) ;
#2166 = SURFACE_SIDE_STYLE ('',( #3306 ) ) ;
#2167 =( NAMED_UNIT ( * ) PLANE_ANGLE_UNIT ( ) SI_UNIT ( $, .RADIAN. ) );
#2168 = CARTESIAN_POINT ( 'NONE',  ( 10.42968320157059559, 3.000000001031907004, -9.421465201697861502 ) ) ;
#2170 = SURFACE_STYLE_FILL_AREA ( #5848 ) ;
#2169 = CARTESIAN_POINT ( 'NONE',  ( 8.025000000000000355, 7.500000000000000000, -8.025000000000000355 ) ) ;
#2171 = ORIENTED_EDGE ( 'NONE', *, *, #4213, .T. ) ;
#2172 = FILL_AREA_STYLE_COLOUR ( '', #572 ) ;
#2173 = EDGE_LOOP ( 'NONE', ( #4026, #1369, #1503, #4036, #6594, #2736 ) ) ;
#2174 = FILL_AREA_STYLE_COLOUR ( '', #1361 ) ;
#2175 = FILL_AREA_STYLE_COLOUR ( '', #1994 ) ;
#2176 = ORIENTED_EDGE ( 'NONE', *, *, #6005, .F. ) ;
#2177 = CARTESIAN_POINT ( 'NONE',  ( 8.853446772640721107, 3.545471696833104591, 11.75000000000000355 ) ) ;
#2178 = FACE_OUTER_BOUND ( 'NONE', #3120, .T. ) ;
#2179 = FILL_AREA_STYLE ('',( #4893 ) ) ;
#2180 = CARTESIAN_POINT ( 'NONE',  ( 8.024999999999996803, 5.000000000000000000, -8.025000000000000355 ) ) ;
#2181 = CARTESIAN_POINT ( 'NONE',  ( -9.922849530815412322, 3.000000000837597547, -10.05155747316335813 ) ) ;
#2182 = EDGE_CURVE ( 'NONE', #6563, #5869, #2418, .T. ) ;
#2183 = EDGE_LOOP ( 'NONE', ( #17, #2627, #3461, #3460 ) ) ;
#2184 = EDGE_CURVE ( 'NONE', #5710, #5285, #5329, .T. ) ;
#2185 = CARTESIAN_POINT ( 'NONE',  ( 11.75000000000000355, 3.560749770959513505, 8.698061147985255204 ) ) ;
#2186 = CARTESIAN_POINT ( 'NONE',  ( -11.74999999999999822, 4.784118327815213512, 8.750000000000001776 ) ) ;
#2187 = SURFACE_SIDE_STYLE ('',( #661 ) ) ;
#2188 = UNCERTAINTY_MEASURE_WITH_UNIT (LENGTH_MEASURE( 1.000000000000000082E-05 ), #1670, 'distance_accuracy_value', 'NONE');
#2189 = AXIS2_PLACEMENT_3D ( 'NONE', #4948, #1759, #2851 ) ;
#2190 = COLOUR_RGB ( '',1.000000000000000000, 1.000000000000000000, 1.000000000000000000 ) ;
#2191 = CARTESIAN_POINT ( 'NONE',  ( -8.025000000000000355, 7.500000000000000000, -8.025000000000000355 ) ) ;
#2192 = EDGE_CURVE ( 'NONE', #1335, #2836, #3759, .T. ) ;
#2193 = LINE ( 'NONE', #3346, #3577 ) ;
#2194 = DIRECTION ( 'NONE',  ( -2.973811673103097665E-16, 0.000000000000000000, -1.000000000000000000 ) ) ;
#2195 = CARTESIAN_POINT ( 'NONE',  ( 19.84999999999999432, 9.000000000000001776, -16.56599923110718819 ) ) ;
#2196 = CIRCLE ( 'NONE', #1866, 1.999999999999999778 ) ;
#2197 = EDGE_CURVE ( 'NONE', #5129, #3605, #4745, .T. ) ;
#2198 = UNCERTAINTY_MEASURE_WITH_UNIT (LENGTH_MEASURE( 1.000000000000000082E-05 ), #5652, 'distance_accuracy_value', 'NONE');
#2199 = DIRECTION ( 'NONE',  ( 0.000000000000000000, 1.000000000000000000, 0.000000000000000000 ) ) ;
#2200 = CARTESIAN_POINT ( 'NONE',  ( 11.75000000000000355, 5.000000000000000000, 5.851293488071593885 ) ) ;
#2201 = CIRCLE ( 'NONE', #6653, 4.000000000000002665 ) ;
#2202 = ORIENTED_EDGE ( 'NONE', *, *, #5047, .T. ) ;
#2203 = PRESENTATION_STYLE_ASSIGNMENT (( #4464 ) ) ;
#2205 = CARTESIAN_POINT ( 'NONE',  ( 8.025000000000003908, 5.000000000000000000, 8.025000000000000355 ) ) ;
#2204 = CARTESIAN_POINT ( 'NONE',  ( 11.74999999999999822, 4.758173303004022081, -7.433184714726553288 ) ) ;
#2206 = ORIENTED_EDGE ( 'NONE', *, *, #669, .F. ) ;
#2207 = CARTESIAN_POINT ( 'NONE',  ( 7.796492135455749484, 4.709187535508009503, 11.75000000000000355 ) ) ;
#2208 = CARTESIAN_POINT ( 'NONE',  ( 8.025000000000003908, 7.500000000000000000, 9.100000000000003197 ) ) ;
#2209 = PRESENTATION_LAYER_ASSIGNMENT (  '', '', ( #5441 ) ) ;
#2210 = FACE_OUTER_BOUND ( 'NONE', #5425, .T. ) ;
#2211 = FACE_OUTER_BOUND ( 'NONE', #4998, .T. ) ;
#2212 = CARTESIAN_POINT ( 'NONE',  ( 15.37957249080740851, 3.000000000000000000, -15.37957249080740496 ) ) ;
#2213 = VERTEX_POINT ( 'NONE', #1060 ) ;
#2214 = ADVANCED_FACE ( 'NONE', ( #346 ), #924, .F. ) ;
#2215 = CARTESIAN_POINT ( 'NONE',  ( 11.11366063195639953, 3.506190792135525314, 10.60627824593994539 ) ) ;
#2216 = TOROIDAL_SURFACE ( 'NONE', #1655, 1.074999999999999512, 0.6999999999999999556 ) ;
#2217 = AXIS2_PLACEMENT_3D ( 'NONE', #796, #2258, #279 ) ;
#2218 = CARTESIAN_POINT ( 'NONE',  ( 11.75000000000000355, 3.545471696833406572, 8.853446772640655382 ) ) ;
#2219 = LINE ( 'NONE', #1185, #1659 ) ;
#2220 =( LENGTH_UNIT ( ) NAMED_UNIT ( * ) SI_UNIT ( .MILLI., .METRE. ) );
#2221 = DIRECTION ( 'NONE',  ( 0.000000000000000000, 0.000000000000000000, -1.000000000000000000 ) ) ;
#2222 = MECHANICAL_DESIGN_GEOMETRIC_PRESENTATION_REPRESENTATION (  '', ( #2890 ), #895 ) ;
#2223 = MECHANICAL_DESIGN_GEOMETRIC_PRESENTATION_REPRESENTATION (  '', ( #5230 ), #4889 ) ;
#2224 =( GEOMETRIC_REPRESENTATION_CONTEXT ( 3 ) GLOBAL_UNCERTAINTY_ASSIGNED_CONTEXT ( ( #6326 ) ) GLOBAL_UNIT_ASSIGNED_CONTEXT ( ( #3458, #4579, #820 ) ) REPRESENTATION_CONTEXT ( 'NONE', 'WORKASPACE' ) );
#2225 = CARTESIAN_POINT ( 'NONE',  ( -8.024999999999996803, 7.500000000000000000, 8.025000000000000355 ) ) ;
#2226 = CARTESIAN_POINT ( 'NONE',  ( -12.74999999999999822, 10.00000000000000000, -8.749999999999996447 ) ) ;
#2227 = FILL_AREA_STYLE ('',( #4282 ) ) ;
#2228 = PRESENTATION_LAYER_ASSIGNMENT (  '', '', ( #3229 ) ) ;
#2229 =( LENGTH_UNIT ( ) NAMED_UNIT ( * ) SI_UNIT ( .MILLI., .METRE. ) );
#2230 = FILL_AREA_STYLE_COLOUR ( '', #3651 ) ;
#2232 = DIRECTION ( 'NONE',  ( -0.000000000000000000, -1.000000000000000000, -0.000000000000000000 ) ) ;
#2231 = CARTESIAN_POINT ( 'NONE',  ( 15.37957249080740851, 0.000000000000000000, 13.67957249080740922 ) ) ;
#2233 = STYLED_ITEM ( 'NONE', ( #1801 ), #4495 ) ;
#2234 = EDGE_CURVE ( 'NONE', #3209, #5854, #2753, .T. ) ;
#2235 = CARTESIAN_POINT ( 'NONE',  ( -10.00920742649988249, 3.000000005310115903, 6.071379517298981732 ) ) ;
#2236 = CARTESIAN_POINT ( 'NONE',  ( 11.75000000000000355, 4.830038410195039766, 7.065160834320186822 ) ) ;
#2237 =( BOUNDED_SURFACE ( )  B_SPLINE_SURFACE ( 3, 2, ( 
 ( #6167, #2520, #4705 ),
 ( #5222, #6717, #6825 ),
 ( #380, #408, #1945 ),
 ( #4073, #2425, #4178 ),
 ( #6744, #6783, #6300 ),
 ( #1412, #5728, #911 ),
 ( #5187, #3543, #4666 ),
 ( #4560, #3576, #5649 ),
 ( #4109, #2014, #3645 ),
 ( #5795, #1906, #4042 ),
 ( #1382, #3126, #489 ),
 ( #1017, #2606, #5258 ),
 ( #4744, #519, #510 ),
 ( #2671, #547, #4695 ) ),
 .UNSPECIFIED., .F., .F., .F. ) 
 B_SPLINE_SURFACE_WITH_KNOTS ( ( 4, 2, 2, 2, 2, 2, 4 ),
 ( 3, 3 ),
 ( 0.003816314322258897856, 0.004176314090042248378, 0.004536313857825598900, 0.004896313625608949421, 0.005256313393392299943, 0.005976312928959000986, 0.006696312464525701162 ),
 ( 0.000000000000000000, 1.000000000000000000 ),
 .UNSPECIFIED. ) 
 GEOMETRIC_REPRESENTATION_ITEM ( )  RATIONAL_B_SPLINE_SURFACE ( (
 ( 1.000000000000000000, 0.8416108851136473445, 1.000000000000000000),
 ( 1.000000000000000000, 0.8509147131647918361, 1.000000000000000000),
 ( 1.000000000000000000, 0.8588153667384268442, 1.000000000000000000),
 ( 1.000000000000000000, 0.8698891160868313932, 1.000000000000000000),
 ( 1.000000000000000000, 0.8730162419623712644, 1.000000000000000000),
 ( 1.000000000000000000, 0.8733904137664483258, 1.000000000000000000),
 ( 1.000000000000000000, 0.8706272233014248352, 1.000000000000000000),
 ( 1.000000000000000000, 0.8599157397362539035, 1.000000000000000000),
 ( 1.000000000000000000, 0.8519843780040482484, 1.000000000000000000),
 ( 1.000000000000000000, 0.8237315677412924142, 1.000000000000000000),
 ( 1.000000000000000000, 0.7994515993949674604, 1.000000000000000000),
 ( 1.000000000000000000, 0.7519088607805678448, 1.000000000000000000),
 ( 1.000000000000000000, 0.7282801894245463092, 1.000000000000000000),
 ( 1.000000000000000000, 0.7071067811865475727, 1.000000000000000000) ) ) 
 REPRESENTATION_ITEM ( '' )  SURFACE ( )  );
#2238 = STYLED_ITEM ( 'NONE', ( #3896 ), #4736 ) ;
#2239 = ORIENTED_EDGE ( 'NONE', *, *, #5993, .F. ) ;
#2241 = LINE ( 'NONE', #4926, #4557 ) ;
#2240 = CARTESIAN_POINT ( 'NONE',  ( 5.000000000000002665, 9.000000000000001776, 12.75000000000000178 ) ) ;
#2242 = ORIENTED_EDGE ( 'NONE', *, *, #2524, .F. ) ;
#2243 = CARTESIAN_POINT ( 'NONE',  ( 6.657999802957077051, 3.000000013828175049, 10.46271572104927117 ) ) ;
#2244 =( GEOMETRIC_REPRESENTATION_CONTEXT ( 3 ) GLOBAL_UNCERTAINTY_ASSIGNED_CONTEXT ( ( #1162 ) ) GLOBAL_UNIT_ASSIGNED_CONTEXT ( ( #288, #3873, #1230 ) ) REPRESENTATION_CONTEXT ( 'NONE', 'WORKASPACE' ) );
#2245 = SURFACE_STYLE_FILL_AREA ( #2179 ) ;
#2246 = DIRECTION ( 'NONE',  ( 0.000000000000000000, 0.000000000000000000, 1.000000000000000000 ) ) ;
#2247 = ORIENTED_EDGE ( 'NONE', *, *, #2969, .T. ) ;
#2248 = ORIENTED_EDGE ( 'NONE', *, *, #3, .F. ) ;
#2249 = CIRCLE ( 'NONE', #134, 1.774999999999998801 ) ;
#2250 = CARTESIAN_POINT ( 'NONE',  ( 10.99715376187248950, 3.505530396878076438, 10.74561475354612128 ) ) ;
#2251 = DIRECTION ( 'NONE',  ( -0.000000000000000000, -1.000000000000000000, -0.000000000000000000 ) ) ;
#2252 = AXIS2_PLACEMENT_3D ( 'NONE', #3541, #1284, #6165 ) ;
#2253 = SURFACE_SIDE_STYLE ('',( #3829 ) ) ;
#2254 = EDGE_CURVE ( 'NONE', #1903, #3041, #3409, .T. ) ;
#2255 = CARTESIAN_POINT ( 'NONE',  ( 11.75000000000000533, 3.562823069469587267, 7.376002237229442926 ) ) ;
#2256 = CIRCLE ( 'NONE', #5838, 1.699999999999996625 ) ;
#2257 = CARTESIAN_POINT ( 'NONE',  ( 16.56599923110718109, 0.9999999999999991118, 19.84999999999999787 ) ) ;
#2258 = DIRECTION ( 'NONE',  ( -1.000000000000000000, -0.000000000000000000, -0.000000000000000000 ) ) ;
#2259 = MECHANICAL_DESIGN_GEOMETRIC_PRESENTATION_REPRESENTATION (  '', ( #3816 ), #4486 ) ;
#2260 = CIRCLE ( 'NONE', #3938, 1.000000000000001332 ) ;
#2261 = ADVANCED_FACE ( 'NONE', ( #3662 ), #5233, .F. ) ;
#2262 = PRESENTATION_LAYER_ASSIGNMENT (  '', '', ( #3932 ) ) ;
#2263 = CIRCLE ( 'NONE', #5277, 2.774999999999996358 ) ;
#2264 =( NAMED_UNIT ( * ) SI_UNIT ( $, .STERADIAN. ) SOLID_ANGLE_UNIT ( ) );
#2265 = EDGE_CURVE ( 'NONE', #1138, #3108, #2616, .T. ) ;
#2266 = EDGE_CURVE ( 'NONE', #2312, #3560, #88, .T. ) ;
#2267 = SURFACE_STYLE_FILL_AREA ( #6581 ) ;
#2269 =( NAMED_UNIT ( * ) SI_UNIT ( $, .STERADIAN. ) SOLID_ANGLE_UNIT ( ) );
#2268 = FACE_OUTER_BOUND ( 'NONE', #6244, .T. ) ;
#2270 = AXIS2_PLACEMENT_3D ( 'NONE', #6658, #2398, #3453 ) ;
#2271 = UNCERTAINTY_MEASURE_WITH_UNIT (LENGTH_MEASURE( 1.000000000000000082E-05 ), #1077, 'distance_accuracy_value', 'NONE');
#2272 = FACE_OUTER_BOUND ( 'NONE', #6603, .T. ) ;
#2273 =( NAMED_UNIT ( * ) PLANE_ANGLE_UNIT ( ) SI_UNIT ( $, .RADIAN. ) );
#2274 = EDGE_CURVE ( 'NONE', #3748, #4929, #1523, .T. ) ;
#2275 = ORIENTED_EDGE ( 'NONE', *, *, #3641, .T. ) ;
#2276 = CARTESIAN_POINT ( 'NONE',  ( -8.749999999999996447, 9.000000000000001776, -11.74999999999999822 ) ) ;
#2278 = CARTESIAN_POINT ( 'NONE',  ( -16.56599923110718109, 9.000000000000001776, -20.85000000000000142 ) ) ;
#2277 = CARTESIAN_POINT ( 'NONE',  ( 8.024999999999996803, 3.000000000000000000, -8.025000000000000355 ) ) ;
#2279 = ORIENTED_EDGE ( 'NONE', *, *, #4770, .T. ) ;
#2280 = CARTESIAN_POINT ( 'NONE',  ( 7.704129835765796130, 3.581931040400562427, 11.75000000000000533 ) ) ;
#2281 = DIRECTION ( 'NONE',  ( 1.906289534040448473E-16, -0.000000000000000000, 1.000000000000000000 ) ) ;
#2282 = CARTESIAN_POINT ( 'NONE',  ( -9.100200439206487246, 3.000000000000000000, -10.58323552776716703 ) ) ;
#2283 = DIRECTION ( 'NONE',  ( -1.000000000000000000, 0.000000000000000000, 0.000000000000000000 ) ) ;
#2284 = ORIENTED_EDGE ( 'NONE', *, *, #1684, .F. ) ;
#2285 = ORIENTED_EDGE ( 'NONE', *, *, #1249, .T. ) ;
#2286 = PRESENTATION_STYLE_ASSIGNMENT (( #160 ) ) ;
#2287 = ORIENTED_EDGE ( 'NONE', *, *, #817, .F. ) ;
#2288 = CARTESIAN_POINT ( 'NONE',  ( 5.000000000000002665, 9.000000000000003553, 11.75000000000000355 ) ) ;
#2289 = SURFACE_STYLE_USAGE ( .BOTH. , #1311 ) ;
#2290 = LINE ( 'NONE', #3432, #204 ) ;
#2291 = EDGE_CURVE ( 'NONE', #2334, #1637, #3991, .T. ) ;
#2292 = SURFACE_SIDE_STYLE ('',( #3901 ) ) ;
#2293 = DIRECTION ( 'NONE',  ( 0.000000000000000000, -0.000000000000000000, -1.000000000000000000 ) ) ;
#2294 = CARTESIAN_POINT ( 'NONE',  ( -8.750000000000103029, 4.784118327815122917, 9.750000000000005329 ) ) ;
#2295 = CARTESIAN_POINT ( 'NONE',  ( 16.56599923110718109, 9.000000000000001776, -19.84999999999999787 ) ) ;
#2296 = LINE ( 'NONE', #1874, #5099 ) ;
#2297 = CARTESIAN_POINT ( 'NONE',  ( 8.024999999999996803, 5.000000000000000000, -8.025000000000000355 ) ) ;
#2298 = CARTESIAN_POINT ( 'NONE',  ( -11.75000000000000000, 4.830038410195039766, -7.065160834320185934 ) ) ;
#2299 = ORIENTED_EDGE ( 'NONE', *, *, #2717, .F. ) ;
#2300 = FILL_AREA_STYLE ('',( #1774 ) ) ;
#2301 = MECHANICAL_DESIGN_GEOMETRIC_PRESENTATION_REPRESENTATION (  '', ( #5660 ), #6199 ) ;
#2302 = AXIS2_PLACEMENT_3D ( 'NONE', #3982, #815, #1424 ) ;
#2304 = LINE ( 'NONE', #150, #446 ) ;
#2303 = DIRECTION ( 'NONE',  ( 0.000000000000000000, 0.000000000000000000, 1.000000000000000000 ) ) ;
#2305 = EDGE_LOOP ( 'NONE', ( #439, #302 ) ) ;
#2306 = CARTESIAN_POINT ( 'NONE',  ( 6.425369620531057535, 2.999999994689870775, 10.30423112829222099 ) ) ;
#2307 = FILL_AREA_STYLE ('',( #6597 ) ) ;
#2308 =( NAMED_UNIT ( * ) PLANE_ANGLE_UNIT ( ) SI_UNIT ( $, .RADIAN. ) );
#2309 = FACE_OUTER_BOUND ( 'NONE', #1527, .T. ) ;
#2310 = ORIENTED_EDGE ( 'NONE', *, *, #1979, .T. ) ;
#2311 = STYLED_ITEM ( 'NONE', ( #4456 ), #3197 ) ;
#2312 = VERTEX_POINT ( 'NONE', #103 ) ;
#2313 = CIRCLE ( 'NONE', #6870, 2.774999999999996358 ) ;
#2314 = FILL_AREA_STYLE_COLOUR ( '', #1916 ) ;
#2315 = ORIENTED_EDGE ( 'NONE', *, *, #6005, .T. ) ;
#2316 = SURFACE_STYLE_USAGE ( .BOTH. , #6085 ) ;
#2317 = CARTESIAN_POINT ( 'NONE',  ( -10.57790387701977153, 4.852843558838000781, 11.13691086551885867 ) ) ;
#2318 = PRESENTATION_STYLE_ASSIGNMENT (( #1826 ) ) ;
#2319 = AXIS2_PLACEMENT_3D ( 'NONE', #2294, #2463, #872 ) ;
#2320 = MECHANICAL_DESIGN_GEOMETRIC_PRESENTATION_REPRESENTATION (  '', ( #3876 ), #4990 ) ;
#2321 =( NAMED_UNIT ( * ) SI_UNIT ( $, .STERADIAN. ) SOLID_ANGLE_UNIT ( ) );
#2322 = EDGE_CURVE ( 'NONE', #936, #5096, #2132, .T. ) ;
#2323 =( NAMED_UNIT ( * ) SI_UNIT ( $, .STERADIAN. ) SOLID_ANGLE_UNIT ( ) );
#2324 = STYLED_ITEM ( 'NONE', ( #2510 ), #1447 ) ;
#2325 = FILL_AREA_STYLE ('',( #697 ) ) ;
#2326 = AXIS2_PLACEMENT_3D ( 'NONE', #2040, #4169, #6293 ) ;
#2327 = SURFACE_STYLE_FILL_AREA ( #6095 ) ;
#2328 = DIRECTION ( 'NONE',  ( 0.7071067811865474617, -0.000000000000000000, -0.7071067811865474617 ) ) ;
#2329 = SHAPE_DEFINITION_REPRESENTATION ( #6470, #1987 ) ;
#2330 = ADVANCED_FACE ( 'NONE', ( #1628 ), #5876, .T. ) ;
#2331 = UNCERTAINTY_MEASURE_WITH_UNIT (LENGTH_MEASURE( 1.000000000000000082E-05 ), #3376, 'distance_accuracy_value', 'NONE');
#2332 = MECHANICAL_DESIGN_GEOMETRIC_PRESENTATION_REPRESENTATION (  '', ( #3115 ), #107 ) ;
#2333 = PRESENTATION_STYLE_ASSIGNMENT (( #5483 ) ) ;
#2334 = VERTEX_POINT ( 'NONE', #3241 ) ;
#2335 = FILL_AREA_STYLE ('',( #4885 ) ) ;
#2336 = CIRCLE ( 'NONE', #1667, 1.000000000000000888 ) ;
#2337 = STYLED_ITEM ( 'NONE', ( #5749 ), #4139 ) ;
#2338 = VERTEX_POINT ( 'NONE', #3207 ) ;
#2339 = UNCERTAINTY_MEASURE_WITH_UNIT (LENGTH_MEASURE( 1.000000000000000082E-05 ), #2535, 'distance_accuracy_value', 'NONE');
#2340 = CARTESIAN_POINT ( 'NONE',  ( -15.37957249080740851, 0.000000000000000000, -15.37957249080740496 ) ) ;
#2341 = FILL_AREA_STYLE ('',( #2867 ) ) ;
#2342 =( LENGTH_UNIT ( ) NAMED_UNIT ( * ) SI_UNIT ( .MILLI., .METRE. ) );
#2343 = ORIENTED_EDGE ( 'NONE', *, *, #4770, .F. ) ;
#2344 = MECHANICAL_DESIGN_GEOMETRIC_PRESENTATION_REPRESENTATION (  '', ( #5245 ), #4574 ) ;
#2345 = EDGE_LOOP ( 'NONE', ( #1397, #5178, #3719, #6638, #6236, #4757, #2864 ) ) ;
#2346 = DIRECTION ( 'NONE',  ( -0.7071067811865475727, 0.000000000000000000, 0.7071067811865475727 ) ) ;
#2347 = ADVANCED_FACE ( 'NONE', ( #5947 ), #1126, .T. ) ;
#2348 = ORIENTED_EDGE ( 'NONE', *, *, #4715, .F. ) ;
#2349 = DIRECTION ( 'NONE',  ( 0.000000000000000000, -1.000000000000000000, 0.000000000000000000 ) ) ;
#2350 = AXIS2_PLACEMENT_3D ( 'NONE', #4987, #1772, #3349 ) ;
#2351 = AXIS2_PLACEMENT_3D ( 'NONE', #2257, #659, #5967 ) ;
#2352 = PRESENTATION_STYLE_ASSIGNMENT (( #2451 ) ) ;
#2353 = CARTESIAN_POINT ( 'NONE',  ( -18.91510639674013916, 10.00000000000000000, 18.91510639674013916 ) ) ;
#2354 = PRESENTATION_STYLE_ASSIGNMENT (( #235 ) ) ;
#2355 = PRESENTATION_LAYER_ASSIGNMENT (  '', '', ( #2715 ) ) ;
#2356 = DIRECTION ( 'NONE',  ( -0.000000000000000000, -1.000000000000000000, 0.000000000000000000 ) ) ;
#2357 = MECHANICAL_DESIGN_GEOMETRIC_PRESENTATION_REPRESENTATION (  '', ( #5724 ), #4479 ) ;
#2358 = AXIS2_PLACEMENT_3D ( 'NONE', #1143, #3326, #2803 ) ;
#2359 = CYLINDRICAL_SURFACE ( 'NONE', #4363, 1.000000000000000888 ) ;
#2360 = EDGE_CURVE ( 'NONE', #973, #4407, #1166, .T. ) ;
#2361 = DIRECTION ( 'NONE',  ( 0.000000000000000000, 1.000000000000000000, -0.000000000000000000 ) ) ;
#2362 =( GEOMETRIC_REPRESENTATION_CONTEXT ( 3 ) GLOBAL_UNCERTAINTY_ASSIGNED_CONTEXT ( ( #5842 ) ) GLOBAL_UNIT_ASSIGNED_CONTEXT ( ( #5874, #3728, #6406 ) ) REPRESENTATION_CONTEXT ( 'NONE', 'WORKASPACE' ) );
#2363 = STYLED_ITEM ( 'NONE', ( #4004 ), #5078 ) ;
#2364 = CARTESIAN_POINT ( 'NONE',  ( 8.024999999999996803, 3.000000000000000000, 8.025000000000000355 ) ) ;
#2365 = CARTESIAN_POINT ( 'NONE',  ( 19.84999999999999432, 1.000000000000000000, -16.56599923110718819 ) ) ;
#2366 = VECTOR ( 'NONE', #3684, 1000.000000000000114 ) ;
#2367 = STYLED_ITEM ( 'NONE', ( #2286 ), #5242 ) ;
#2368 = CARTESIAN_POINT ( 'NONE',  ( -19.85000000000000497, 10.00000000000000000, -16.56599923110717754 ) ) ;
#2369 = LINE ( 'NONE', #735, #164 ) ;
#2370 =( GEOMETRIC_REPRESENTATION_CONTEXT ( 3 ) GLOBAL_UNCERTAINTY_ASSIGNED_CONTEXT ( ( #1296 ) ) GLOBAL_UNIT_ASSIGNED_CONTEXT ( ( #882, #3450, #1072 ) ) REPRESENTATION_CONTEXT ( 'NONE', 'WORKASPACE' ) );
#2371 =( GEOMETRIC_REPRESENTATION_CONTEXT ( 3 ) GLOBAL_UNCERTAINTY_ASSIGNED_CONTEXT ( ( #6856 ) ) GLOBAL_UNIT_ASSIGNED_CONTEXT ( ( #4795, #2142, #541 ) ) REPRESENTATION_CONTEXT ( 'NONE', 'WORKASPACE' ) );
#2372 = ADVANCED_FACE ( 'NONE', ( #1731 ), #6445, .T. ) ;
#2373 = DIRECTION ( 'NONE',  ( 0.000000000000000000, 1.000000000000000000, -0.000000000000000000 ) ) ;
#2374 = CARTESIAN_POINT ( 'NONE',  ( -11.74999999999999822, 3.545471696833003783, -8.853446772640735318 ) ) ;
#2375 = ORIENTED_EDGE ( 'NONE', *, *, #1032, .T. ) ;
#2376 = DIRECTION ( 'NONE',  ( -0.000000000000000000, -1.000000000000000000, -0.000000000000000000 ) ) ;
#2377 =( LENGTH_UNIT ( ) NAMED_UNIT ( * ) SI_UNIT ( .MILLI., .METRE. ) );
#2378 = COLOUR_RGB ( '',1.000000000000000000, 1.000000000000000000, 1.000000000000000000 ) ;
#2379 = VERTEX_POINT ( 'NONE', #2958 ) ;
#2380 = ORIENTED_EDGE ( 'NONE', *, *, #4627, .T. ) ;
#2381 = VERTEX_POINT ( 'NONE', #3906 ) ;
#2382 = DIRECTION ( 'NONE',  ( 0.7071067811865474617, -0.000000000000000000, 0.7071067811865474617 ) ) ;
#2383 = DIRECTION ( 'NONE',  ( 0.000000000000000000, -0.000000000000000000, -1.000000000000000000 ) ) ;
#2384 = EDGE_LOOP ( 'NONE', ( #1991, #159, #749 ) ) ;
#2385 = ORIENTED_EDGE ( 'NONE', *, *, #6842, .T. ) ;
#2386 =( NAMED_UNIT ( * ) PLANE_ANGLE_UNIT ( ) SI_UNIT ( $, .RADIAN. ) );
#2387 = CARTESIAN_POINT ( 'NONE',  ( 8.750000000000001776, 9.000000000000001776, -8.749999999999998224 ) ) ;
#2388 = EDGE_CURVE ( 'NONE', #4529, #2483, #3866, .T. ) ;
#2389 = CARTESIAN_POINT ( 'NONE',  ( 9.750000000000001776, 3.000000000000000000, 5.851293488071593885 ) ) ;
#2390 = FACE_OUTER_BOUND ( 'NONE', #2096, .T. ) ;
#2391 = DIRECTION ( 'NONE',  ( -0.000000000000000000, 1.000000000000000000, -0.000000000000000000 ) ) ;
#2392 = CARTESIAN_POINT ( 'NONE',  ( 15.37957249080740851, 0.000000000000000000, -18.62957249080740496 ) ) ;
#2393 = CARTESIAN_POINT ( 'NONE',  ( -4.999999999999996447, 10.00000000000000000, 20.43578643762690561 ) ) ;
#2394 = UNCERTAINTY_MEASURE_WITH_UNIT (LENGTH_MEASURE( 1.000000000000000082E-05 ), #1859, 'distance_accuracy_value', 'NONE');
#2395 = DIRECTION ( 'NONE',  ( -1.000000000000000000, 0.000000000000000000, 9.912705577010326782E-17 ) ) ;
#2396 = EDGE_CURVE ( 'NONE', #1785, #6148, #2296, .T. ) ;
#2397 = EDGE_CURVE ( 'NONE', #841, #5748, #2094, .T. ) ;
#2399 =( LENGTH_UNIT ( ) NAMED_UNIT ( * ) SI_UNIT ( .MILLI., .METRE. ) );
#2398 = DIRECTION ( 'NONE',  ( -0.000000000000000000, -1.000000000000000000, 0.000000000000000000 ) ) ;
#2400 = ORIENTED_EDGE ( 'NONE', *, *, #474, .T. ) ;
#2401 = UNCERTAINTY_MEASURE_WITH_UNIT (LENGTH_MEASURE( 1.000000000000000082E-05 ), #2521, 'distance_accuracy_value', 'NONE');
#2402 =( NAMED_UNIT ( * ) PLANE_ANGLE_UNIT ( ) SI_UNIT ( $, .RADIAN. ) );
#2403 = EDGE_LOOP ( 'NONE', ( #4797, #4299, #5316, #4105 ) ) ;
#2404 = ORIENTED_EDGE ( 'NONE', *, *, #3018, .F. ) ;
#2405 = DIRECTION ( 'NONE',  ( 0.000000000000000000, 0.000000000000000000, -1.000000000000000000 ) ) ;
#2406 = COLOUR_RGB ( '',1.000000000000000000, 1.000000000000000000, 1.000000000000000000 ) ;
#2407 = VERTEX_POINT ( 'NONE', #6684 ) ;
#2408 = CARTESIAN_POINT ( 'NONE',  ( -11.74999999999999645, 4.784118327815213512, 8.750000000000001776 ) ) ;
#2409 = AXIS2_PLACEMENT_3D ( 'NONE', #3702, #2690, #4820 ) ;
#2410 = PRESENTATION_STYLE_ASSIGNMENT (( #4098 ) ) ;
#2411 = EDGE_LOOP ( 'NONE', ( #2031, #3709, #2443, #5390 ) ) ;
#2412 = EDGE_LOOP ( 'NONE', ( #2456, #719 ) ) ;
#2413 = FILL_AREA_STYLE_COLOUR ( '', #6787 ) ;
#2414 =( NAMED_UNIT ( * ) PLANE_ANGLE_UNIT ( ) SI_UNIT ( $, .RADIAN. ) );
#2415 = AXIS2_PLACEMENT_3D ( 'NONE', #3713, #6422, #3743 ) ;
#2416 = EDGE_CURVE ( 'NONE', #4992, #321, #247, .T. ) ;
#2417 = SURFACE_STYLE_USAGE ( .BOTH. , #3970 ) ;
#2418 = CIRCLE ( 'NONE', #4650, 0.6999999999999992895 ) ;
#2419 = SURFACE_STYLE_FILL_AREA ( #4630 ) ;
#2420 = ORIENTED_EDGE ( 'NONE', *, *, #2045, .F. ) ;
#2421 = CARTESIAN_POINT ( 'NONE',  ( 8.024999999999996803, 5.000000000000000000, 10.79999999999999716 ) ) ;
#2422 =( NAMED_UNIT ( * ) PLANE_ANGLE_UNIT ( ) SI_UNIT ( $, .RADIAN. ) );
#2423 = VECTOR ( 'NONE', #1954, 1000.000000000000000 ) ;
#2424 = MECHANICAL_DESIGN_GEOMETRIC_PRESENTATION_REPRESENTATION (  '', ( #314 ), #1419 ) ;
#2425 = CARTESIAN_POINT ( 'NONE',  ( -8.376633265834668052, 3.580699138943898241, 11.75000000000001066 ) ) ;
#2426 = DIRECTION ( 'NONE',  ( 0.000000000000000000, 0.000000000000000000, 1.000000000000000000 ) ) ;
#2427 = DIRECTION ( 'NONE',  ( 0.000000000000000000, -0.000000000000000000, 1.000000000000000000 ) ) ;
#2428 =( NAMED_UNIT ( * ) PLANE_ANGLE_UNIT ( ) SI_UNIT ( $, .RADIAN. ) );
#2429 =( GEOMETRIC_REPRESENTATION_CONTEXT ( 3 ) GLOBAL_UNCERTAINTY_ASSIGNED_CONTEXT ( ( #744 ) ) GLOBAL_UNIT_ASSIGNED_CONTEXT ( ( #3676, #3253, #3815 ) ) REPRESENTATION_CONTEXT ( 'NONE', 'WORKASPACE' ) );
#2430 = MECHANICAL_DESIGN_GEOMETRIC_PRESENTATION_REPRESENTATION (  '', ( #4995 ), #2996 ) ;
#2431 = FACE_OUTER_BOUND ( 'NONE', #3159, .T. ) ;
#2432 = DIRECTION ( 'NONE',  ( -0.000000000000000000, -1.000000000000000000, -0.000000000000000000 ) ) ;
#2433 =( GEOMETRIC_REPRESENTATION_CONTEXT ( 3 ) GLOBAL_UNCERTAINTY_ASSIGNED_CONTEXT ( ( #1048 ) ) GLOBAL_UNIT_ASSIGNED_CONTEXT ( ( #1046, #1506, #559 ) ) REPRESENTATION_CONTEXT ( 'NONE', 'WORKASPACE' ) );
#2434 = STYLED_ITEM ( 'NONE', ( #1884 ), #3810 ) ;
#2435 = SURFACE_STYLE_USAGE ( .BOTH. , #1840 ) ;
#2436 = DIRECTION ( 'NONE',  ( 0.7071067811865475727, -0.000000000000000000, 0.7071067811865475727 ) ) ;
#2437 = MECHANICAL_DESIGN_GEOMETRIC_PRESENTATION_REPRESENTATION (  '', ( #1549 ), #4572 ) ;
#2438 = EDGE_CURVE ( 'NONE', #848, #6564, #5333, .T. ) ;
#2439 = ORIENTED_EDGE ( 'NONE', *, *, #1893, .T. ) ;
#2440 = CARTESIAN_POINT ( 'NONE',  ( 16.56599923110718109, 0.000000000000000000, -20.85000000000000142 ) ) ;
#2441 = DIRECTION ( 'NONE',  ( 0.000000000000000000, 1.000000000000000000, 0.000000000000000000 ) ) ;
#2442 = ORIENTED_EDGE ( 'NONE', *, *, #2081, .T. ) ;
#2443 = ORIENTED_EDGE ( 'NONE', *, *, #1188, .F. ) ;
#2444 = AXIS2_PLACEMENT_3D ( 'NONE', #1603, #635, #4396 ) ;
#2445 = ORIENTED_EDGE ( 'NONE', *, *, #3689, .F. ) ;
#2446 = CARTESIAN_POINT ( 'NONE',  ( 20.55710678118654045, 9.000000000000001776, -17.27310601229373432 ) ) ;
#2447 = CARTESIAN_POINT ( 'NONE',  ( -7.788641904947347427, 4.701831874940745060, 11.75000000000000711 ) ) ;
#2448 = CYLINDRICAL_SURFACE ( 'NONE', #888, 1.000000000000000888 ) ;
#2449 = FILL_AREA_STYLE ('',( #5572 ) ) ;
#2450 = VERTEX_POINT ( 'NONE', #5083 ) ;
#2451 = SURFACE_STYLE_USAGE ( .BOTH. , #6737 ) ;
#2452 = SURFACE_STYLE_USAGE ( .BOTH. , #3082 ) ;
#2453 = COLOUR_RGB ( '',1.000000000000000000, 1.000000000000000000, 1.000000000000000000 ) ;
#2454 = DIRECTION ( 'NONE',  ( 0.7071067811865475727, 0.000000000000000000, 0.7071067811865475727 ) ) ;
#2455 = CARTESIAN_POINT ( 'NONE',  ( -10.08086243770180168, 4.843551933275757726, 11.44592023047959017 ) ) ;
#2456 = ORIENTED_EDGE ( 'NONE', *, *, #3402, .T. ) ;
#2457 = FACE_OUTER_BOUND ( 'NONE', #3573, .T. ) ;
#2458 = DIRECTION ( 'NONE',  ( 0.000000000000000000, 0.000000000000000000, 1.000000000000000000 ) ) ;
#2459 = VECTOR ( 'NONE', #2883, 1000.000000000000114 ) ;
#2460 = ADVANCED_FACE ( 'NONE', ( #2431 ), #5015, .T. ) ;
#2461 = CARTESIAN_POINT ( 'NONE',  ( 19.84999999999999432, 9.000000000000001776, 16.56599923110718464 ) ) ;
#2462 = CARTESIAN_POINT ( 'NONE',  ( 20.84999999999999432, 1.000000000000000000, -16.56599923110718819 ) ) ;
#2463 = DIRECTION ( 'NONE',  ( 0.9812749603306727408, -0.1926121808921673062, -9.727089771850444928E-17 ) ) ;
#2464 = MECHANICAL_DESIGN_GEOMETRIC_PRESENTATION_REPRESENTATION (  '', ( #4355 ), #2244 ) ;
#2465 = STYLED_ITEM ( 'NONE', ( #3820 ), #4918 ) ;
#2466 = STYLED_ITEM ( 'NONE', ( #1520 ), #5685 ) ;
#2467 = COLOUR_RGB ( '',1.000000000000000000, 1.000000000000000000, 1.000000000000000000 ) ;
#2468 = CARTESIAN_POINT ( 'NONE',  ( -7.704129835765892054, 3.581931040400561983, -11.74999999999999822 ) ) ;
#2469 = CARTESIAN_POINT ( 'NONE',  ( 11.74999999999999822, 4.784118327815213512, -8.749999999999998224 ) ) ;
#2470 = UNCERTAINTY_MEASURE_WITH_UNIT (LENGTH_MEASURE( 1.000000000000000082E-05 ), #5791, 'distance_accuracy_value', 'NONE');
#2471 = EDGE_CURVE ( 'NONE', #4261, #1568, #2881, .T. ) ;
#2472 = PRESENTATION_LAYER_ASSIGNMENT (  '', '', ( #5485 ) ) ;
#2473 = EDGE_CURVE ( 'NONE', #6050, #2769, #4665, .T. ) ;
#2474 = DIRECTION ( 'NONE',  ( 0.000000000000000000, 1.000000000000000000, 0.000000000000000000 ) ) ;
#2475 = CIRCLE ( 'NONE', #4601, 1.000000000000001332 ) ;
#2476 = SURFACE_SIDE_STYLE ('',( #2577 ) ) ;
#2477 =( GEOMETRIC_REPRESENTATION_CONTEXT ( 3 ) GLOBAL_UNCERTAINTY_ASSIGNED_CONTEXT ( ( #5130 ) ) GLOBAL_UNIT_ASSIGNED_CONTEXT ( ( #4924, #5554, #1175 ) ) REPRESENTATION_CONTEXT ( 'NONE', 'WORKASPACE' ) );
#2478 = PRESENTATION_STYLE_ASSIGNMENT (( #5087 ) ) ;
#2479 = AXIS2_PLACEMENT_3D ( 'NONE', #3049, #4094, #6291 ) ;
#2480 = ORIENTED_EDGE ( 'NONE', *, *, #1901, .F. ) ;
#2481 =( LENGTH_UNIT ( ) NAMED_UNIT ( * ) SI_UNIT ( .MILLI., .METRE. ) );
#2482 = DIRECTION ( 'NONE',  ( 0.000000000000000000, -1.000000000000000000, 0.000000000000000000 ) ) ;
#2483 = VERTEX_POINT ( 'NONE', #915 ) ;
#2484 = SURFACE_SIDE_STYLE ('',( #4091 ) ) ;
#2485 = STYLED_ITEM ( 'NONE', ( #3675 ), #6467 ) ;
#2486 = ORIENTED_EDGE ( 'NONE', *, *, #6098, .T. ) ;
#2487 = CARTESIAN_POINT ( 'NONE',  ( -5.851293488071591220, 5.000000000000000000, 11.75000000000000533 ) ) ;
#2488 = ORIENTED_EDGE ( 'NONE', *, *, #5467, .F. ) ;
#2489 = ORIENTED_EDGE ( 'NONE', *, *, #1571, .T. ) ;
#2490 = FACE_OUTER_BOUND ( 'NONE', #3557, .T. ) ;
#2491 = FACE_OUTER_BOUND ( 'NONE', #122, .T. ) ;
#2492 = FILL_AREA_STYLE_COLOUR ( '', #3660 ) ;
#2493 = EDGE_LOOP ( 'NONE', ( #6869, #1858, #6410, #2978 ) ) ;
#2494 = PRESENTATION_STYLE_ASSIGNMENT (( #484 ) ) ;
#2495 =( LENGTH_UNIT ( ) NAMED_UNIT ( * ) SI_UNIT ( .MILLI., .METRE. ) );
#2496 = SURFACE_STYLE_FILL_AREA ( #4600 ) ;
#2497 = ADVANCED_FACE ( 'NONE', ( #4077 ), #4685, .F. ) ;
#2498 = FILL_AREA_STYLE ('',( #4145 ) ) ;
#2499 = CARTESIAN_POINT ( 'NONE',  ( -7.873762599760117276, 3.586295622183202525, -11.74999999999999822 ) ) ;
#2500 = DIRECTION ( 'NONE',  ( -1.000000000000000000, 0.000000000000000000, -9.912705577010326782E-17 ) ) ;
#2501 = CARTESIAN_POINT ( 'NONE',  ( -15.37957249080740851, 0.000000000000000000, 15.37957249080740496 ) ) ;
#2502 = PRESENTATION_STYLE_ASSIGNMENT (( #6243 ) ) ;
#2503 = ORIENTED_EDGE ( 'NONE', *, *, #4804, .T. ) ;
#2504 =( NAMED_UNIT ( * ) PLANE_ANGLE_UNIT ( ) SI_UNIT ( $, .RADIAN. ) );
#2505 = ORIENTED_EDGE ( 'NONE', *, *, #2471, .T. ) ;
#2506 = DIRECTION ( 'NONE',  ( 0.000000000000000000, 0.000000000000000000, -1.000000000000000000 ) ) ;
#2507 = ORIENTED_EDGE ( 'NONE', *, *, #3496, .F. ) ;
#2508 = SURFACE_STYLE_FILL_AREA ( #937 ) ;
#2510 = PRESENTATION_STYLE_ASSIGNMENT (( #300 ) ) ;
#2509 =( NAMED_UNIT ( * ) SI_UNIT ( $, .STERADIAN. ) SOLID_ANGLE_UNIT ( ) );
#2511 = ORIENTED_EDGE ( 'NONE', *, *, #3153, .T. ) ;
#2512 = ORIENTED_EDGE ( 'NONE', *, *, #4350, .T. ) ;
#2513 = CARTESIAN_POINT ( 'NONE',  ( 17.27310601229372722, 9.000000000000001776, 20.55710678118654755 ) ) ;
#2514 = CARTESIAN_POINT ( 'NONE',  ( -8.024999999999996803, 6.799999999999999822, 6.950000000000004619 ) ) ;
#2515 = ORIENTED_EDGE ( 'NONE', *, *, #1195, .T. ) ;
#2516 = AXIS2_PLACEMENT_3D ( 'NONE', #3836, #1122, #2783 ) ;
#2517 = STYLED_ITEM ( 'NONE', ( #4879 ), #2024 ) ;
#2518 = FILL_AREA_STYLE ('',( #4740 ) ) ;
#2519 =( NAMED_UNIT ( * ) SI_UNIT ( $, .STERADIAN. ) SOLID_ANGLE_UNIT ( ) );
#2520 = CARTESIAN_POINT ( 'NONE',  ( -8.997208843581493198, 3.524697209923697727, 11.75000000000000711 ) ) ;
#2521 =( LENGTH_UNIT ( ) NAMED_UNIT ( * ) SI_UNIT ( .MILLI., .METRE. ) );
#2522 = CIRCLE ( 'NONE', #650, 0.7000000000000000666 ) ;
#2523 = CARTESIAN_POINT ( 'NONE',  ( -11.35341276900912710, 4.847531199309834449, -10.25347368665242520 ) ) ;
#2524 = EDGE_CURVE ( 'NONE', #6503, #5738, #4319, .T. ) ;
#2525 = CARTESIAN_POINT ( 'NONE',  ( 9.750000000000003553, 3.000000000000000000, 5.851293488071593885 ) ) ;
#2526 = FILL_AREA_STYLE_COLOUR ( '', #6545 ) ;
#2527 =( GEOMETRIC_REPRESENTATION_CONTEXT ( 3 ) GLOBAL_UNCERTAINTY_ASSIGNED_CONTEXT ( ( #5055 ) ) GLOBAL_UNIT_ASSIGNED_CONTEXT ( ( #3073, #503, #4263 ) ) REPRESENTATION_CONTEXT ( 'NONE', 'WORKASPACE' ) );
#2528 = COLOUR_RGB ( '',1.000000000000000000, 1.000000000000000000, 1.000000000000000000 ) ;
#2529 = VERTEX_POINT ( 'NONE', #3694 ) ;
#2530 = DIRECTION ( 'NONE',  ( 0.000000000000000000, 1.000000000000000000, -0.000000000000000000 ) ) ;
#2531 =( GEOMETRIC_REPRESENTATION_CONTEXT ( 3 ) GLOBAL_UNCERTAINTY_ASSIGNED_CONTEXT ( ( #2894 ) ) GLOBAL_UNIT_ASSIGNED_CONTEXT ( ( #4634, #3618, #1448 ) ) REPRESENTATION_CONTEXT ( 'NONE', 'WORKASPACE' ) );
#2532 = AXIS2_PLACEMENT_3D ( 'NONE', #6172, #2530, #1386 ) ;
#2533 = UNCERTAINTY_MEASURE_WITH_UNIT (LENGTH_MEASURE( 1.000000000000000082E-05 ), #4663, 'distance_accuracy_value', 'NONE');
#2534 =( BOUNDED_SURFACE ( )  B_SPLINE_SURFACE ( 3, 2, ( 
 ( #4304, #4942, #1152 ),
 ( #692, #2218, #3931 ),
 ( #6570, #2185, #725 ),
 ( #1689, #5966, #1792 ),
 ( #1724, #4413, #6066 ),
 ( #1755, #2844, #6030 ),
 ( #2777, #3894, #4971 ),
 ( #193, #2255, #1280 ),
 ( #4385, #5367, #5750 ),
 ( #6613, #6131, #1346 ),
 ( #2921, #6714, #4451 ),
 ( #1831, #3473, #764 ),
 ( #4071, #4596, #4975 ),
 ( #2389, #198, #237 ) ),
 .UNSPECIFIED., .F., .F., .F. ) 
 B_SPLINE_SURFACE_WITH_KNOTS ( ( 4, 2, 2, 2, 2, 2, 4 ),
 ( 3, 3 ),
 ( 0.003816314322258894387, 0.004176314090042244909, 0.004536313857825596298, 0.004896313625608947687, 0.005256313393392298208, 0.005976312928958999252, 0.006696312464525701162 ),
 ( 0.000000000000000000, 1.000000000000000000 ),
 .UNSPECIFIED. ) 
 GEOMETRIC_REPRESENTATION_ITEM ( )  RATIONAL_B_SPLINE_SURFACE ( (
 ( 1.000000000000000000, 0.8416108851136467894, 1.000000000000000000),
 ( 1.000000000000000000, 0.8509147131648056028, 1.000000000000000000),
 ( 1.000000000000000000, 0.8588153667384065271, 1.000000000000000000),
 ( 1.000000000000000000, 0.8698891160868508221, 1.000000000000000000),
 ( 1.000000000000000000, 0.8730162419623643810, 1.000000000000000000),
 ( 1.000000000000000000, 0.8733904137664547651, 1.000000000000000000),
 ( 1.000000000000000000, 0.8706272233014112905, 1.000000000000000000),
 ( 1.000000000000000000, 0.8599157397362674482, 1.000000000000000000),
 ( 1.000000000000000000, 0.8519843780040554648, 1.000000000000000000),
 ( 1.000000000000000000, 0.8237315677412790915, 1.000000000000000000),
 ( 1.000000000000000000, 0.7994515993950088717, 1.000000000000000000),
 ( 1.000000000000000000, 0.7519088607805270996, 1.000000000000000000),
 ( 1.000000000000000000, 0.7282801894245780616, 1.000000000000000000),
 ( 1.000000000000000000, 0.7071067811865475727, 1.000000000000000000) ) ) 
 REPRESENTATION_ITEM ( '' )  SURFACE ( )  );
#2535 =( LENGTH_UNIT ( ) NAMED_UNIT ( * ) SI_UNIT ( .MILLI., .METRE. ) );
#2536 =( LENGTH_UNIT ( ) NAMED_UNIT ( * ) SI_UNIT ( .MILLI., .METRE. ) );
#2537 = COLOUR_RGB ( '',1.000000000000000000, 1.000000000000000000, 1.000000000000000000 ) ;
#2538 =( GEOMETRIC_REPRESENTATION_CONTEXT ( 3 ) GLOBAL_UNCERTAINTY_ASSIGNED_CONTEXT ( ( #670 ) ) GLOBAL_UNIT_ASSIGNED_CONTEXT ( ( #726, #1345, #4946 ) ) REPRESENTATION_CONTEXT ( 'NONE', 'WORKASPACE' ) );
#2539 = CARTESIAN_POINT ( 'NONE',  ( 11.62823236226111590, 3.516525410134340390, -9.677840315472355570 ) ) ;
#2540 = DIRECTION ( 'NONE',  ( 0.000000000000000000, 0.000000000000000000, 1.000000000000000000 ) ) ;
#2541 = ADVANCED_FACE ( 'NONE', ( #3275 ), #5871, .F. ) ;
#2543 = CARTESIAN_POINT ( 'NONE',  ( 17.27310601229372722, 9.000000000000001776, -20.55710678118654755 ) ) ;
#2542 = CARTESIAN_POINT ( 'NONE',  ( -11.74999999999999822, 3.116869394727618037, -5.944038137988623127 ) ) ;
#2544 = ORIENTED_EDGE ( 'NONE', *, *, #3051, .F. ) ;
#2545 = CARTESIAN_POINT ( 'NONE',  ( -15.37957249080740851, 2.999999999999999112, -15.37957249080740496 ) ) ;
#2546 = MECHANICAL_DESIGN_GEOMETRIC_PRESENTATION_REPRESENTATION (  '', ( #1433 ), #447 ) ;
#2547 = CARTESIAN_POINT ( 'NONE',  ( -11.75000000000030376, 3.545471696832984687, 8.853446772640625184 ) ) ;
#2548 = SURFACE_SIDE_STYLE ('',( #5775 ) ) ;
#2549 = CARTESIAN_POINT ( 'NONE',  ( 11.75000000000000000, 4.702583853350594367, -8.270093811502064796 ) ) ;
#2550 = VERTEX_POINT ( 'NONE', #4281 ) ;
#2551 = CARTESIAN_POINT ( 'NONE',  ( -7.065160834320184158, 4.830038410195039766, 11.75000000000000711 ) ) ;
#2552 = PRESENTATION_LAYER_ASSIGNMENT (  '', '', ( #3443 ) ) ;
#2553 =( GEOMETRIC_REPRESENTATION_CONTEXT ( 3 ) GLOBAL_UNCERTAINTY_ASSIGNED_CONTEXT ( ( #6103 ) ) GLOBAL_UNIT_ASSIGNED_CONTEXT ( ( #1281, #3934, #1940 ) ) REPRESENTATION_CONTEXT ( 'NONE', 'WORKASPACE' ) );
#2555 = SURFACE_SIDE_STYLE ('',( #5209 ) ) ;
#2554 =( NAMED_UNIT ( * ) PLANE_ANGLE_UNIT ( ) SI_UNIT ( $, .RADIAN. ) );
#2556 = SURFACE_STYLE_USAGE ( .BOTH. , #4199 ) ;
#2557 = VERTEX_POINT ( 'NONE', #2721 ) ;
#2558 = CARTESIAN_POINT ( 'NONE',  ( 7.554772149253230040, 4.737447233600392771, -11.74999999999999645 ) ) ;
#2559 = CARTESIAN_POINT ( 'NONE',  ( -11.44639300610221966, 4.843506489007261884, 10.07953438174945227 ) ) ;
#2560 = EDGE_CURVE ( 'NONE', #3605, #1929, #5841, .T. ) ;
#2561 = MECHANICAL_DESIGN_GEOMETRIC_PRESENTATION_REPRESENTATION (  '', ( #4235 ), #341 ) ;
#2562 = VERTEX_POINT ( 'NONE', #1621 ) ;
#2563 = MECHANICAL_DESIGN_GEOMETRIC_PRESENTATION_REPRESENTATION (  '', ( #2337 ), #3448 ) ;
#2564 = FILL_AREA_STYLE_COLOUR ( '', #2467 ) ;
#2565 = STYLED_ITEM ( 'NONE', ( #5627 ), #435 ) ;
#2566 = AXIS2_PLACEMENT_3D ( 'NONE', #5201, #995, #2623 ) ;
#2567 =( NAMED_UNIT ( * ) PLANE_ANGLE_UNIT ( ) SI_UNIT ( $, .RADIAN. ) );
#2568 = CARTESIAN_POINT ( 'NONE',  ( -11.65398907294897946, 4.825339383677081706, -9.527810754943624616 ) ) ;
#2569 = CARTESIAN_POINT ( 'NONE',  ( 5.000000000000002665, 10.00000000000000000, 12.75000000000000178 ) ) ;
#2570 = DIRECTION ( 'NONE',  ( 0.000000000000000000, 0.000000000000000000, 1.000000000000000000 ) ) ;
#2571 = EDGE_CURVE ( 'NONE', #5139, #3626, #3428, .T. ) ;
#2572 = ORIENTED_EDGE ( 'NONE', *, *, #2388, .T. ) ;
#2573 = MECHANICAL_DESIGN_GEOMETRIC_PRESENTATION_REPRESENTATION (  '', ( #4702 ), #4588 ) ;
#2574 =( GEOMETRIC_REPRESENTATION_CONTEXT ( 3 ) GLOBAL_UNCERTAINTY_ASSIGNED_CONTEXT ( ( #5915 ) ) GLOBAL_UNIT_ASSIGNED_CONTEXT ( ( #5357, #4932, #645 ) ) REPRESENTATION_CONTEXT ( 'NONE', 'WORKASPACE' ) );
#2575 = LINE ( 'NONE', #3657, #4148 ) ;
#2576 = VECTOR ( 'NONE', #5427, 1000.000000000000000 ) ;
#2577 = SURFACE_STYLE_FILL_AREA ( #4675 ) ;
#2578 = PRESENTATION_LAYER_ASSIGNMENT (  '', '', ( #137 ) ) ;
#2580 = DIRECTION ( 'NONE',  ( 0.000000000000000000, 0.000000000000000000, -1.000000000000000000 ) ) ;
#2579 = CARTESIAN_POINT ( 'NONE',  ( -11.74999999999999645, 3.483709452501468906, -6.762146660526981101 ) ) ;
#2581 = COLOUR_RGB ( '',1.000000000000000000, 1.000000000000000000, 1.000000000000000000 ) ;
#2582 = ORIENTED_EDGE ( 'NONE', *, *, #6686, .T. ) ;
#2583 = CARTESIAN_POINT ( 'NONE',  ( -5.851293488071591220, 5.000000000000000000, 9.750000000000005329 ) ) ;
#2584 =( GEOMETRIC_REPRESENTATION_CONTEXT ( 3 ) GLOBAL_UNCERTAINTY_ASSIGNED_CONTEXT ( ( #1093 ) ) GLOBAL_UNIT_ASSIGNED_CONTEXT ( ( #6398, #2714, #626 ) ) REPRESENTATION_CONTEXT ( 'NONE', 'WORKASPACE' ) );
#2585 = SURFACE_SIDE_STYLE ('',( #6806 ) ) ;
#2586 = MECHANICAL_DESIGN_GEOMETRIC_PRESENTATION_REPRESENTATION (  '', ( #3139 ), #5378 ) ;
#2587 = CARTESIAN_POINT ( 'NONE',  ( -11.74999999999999645, 3.580699138943825854, 8.376633265834460218 ) ) ;
#2588 = ADVANCED_FACE ( 'NONE', ( #5905 ), #3756, .T. ) ;
#2589 = CARTESIAN_POINT ( 'NONE',  ( 11.75000000000000000, 4.999999999999999112, -6.097892163590172387 ) ) ;
#2590 = VECTOR ( 'NONE', #5516, 1000.000000000000000 ) ;
#2591 = ORIENTED_EDGE ( 'NONE', *, *, #5821, .T. ) ;
#2592 =( NAMED_UNIT ( * ) SI_UNIT ( $, .STERADIAN. ) SOLID_ANGLE_UNIT ( ) );
#2593 = PRESENTATION_LAYER_ASSIGNMENT (  '', '', ( #1585 ) ) ;
#2594 =( NAMED_UNIT ( * ) SI_UNIT ( $, .STERADIAN. ) SOLID_ANGLE_UNIT ( ) );
#2595 = DIRECTION ( 'NONE',  ( 0.000000000000000000, 0.000000000000000000, 1.000000000000000000 ) ) ;
#2596 = LINE ( 'NONE', #2073, #5114 ) ;
#2597 = VERTEX_POINT ( 'NONE', #2089 ) ;
#2598 = SPHERICAL_SURFACE ( 'NONE', #2896, 1.000000000000000000 ) ;
#2599 = FACE_OUTER_BOUND ( 'NONE', #6874, .T. ) ;
#2600 = CARTESIAN_POINT ( 'NONE',  ( 7.291108104573418736, 3.000000004592370040, -10.70770558168476683 ) ) ;
#2601 = CARTESIAN_POINT ( 'NONE',  ( -5.999999999999997335, 9.000000000000001776, 20.85000000000000142 ) ) ;
#2602 = VECTOR ( 'NONE', #3465, 1000.000000000000000 ) ;
#2603 = ORIENTED_EDGE ( 'NONE', *, *, #64, .F. ) ;
#2604 = PRESENTATION_STYLE_ASSIGNMENT (( #6364 ) ) ;
#2605 = CARTESIAN_POINT ( 'NONE',  ( 15.37957249080740851, 3.000000000000000000, 15.37957249080740496 ) ) ;
#2606 = CARTESIAN_POINT ( 'NONE',  ( -6.093800287197035814, 3.232026073433468927, 11.75000000000000355 ) ) ;
#2607 = DIRECTION ( 'NONE',  ( 1.000000000000000000, 0.000000000000000000, 0.000000000000000000 ) ) ;
#2608 = SURFACE_STYLE_FILL_AREA ( #491 ) ;
#2609 = EDGE_CURVE ( 'NONE', #5914, #5246, #4216, .T. ) ;
#2610 = FACE_OUTER_BOUND ( 'NONE', #5034, .T. ) ;
#2611 =( LENGTH_UNIT ( ) NAMED_UNIT ( * ) SI_UNIT ( .MILLI., .METRE. ) );
#2612 = ORIENTED_EDGE ( 'NONE', *, *, #2629, .F. ) ;
#2613 = CARTESIAN_POINT ( 'NONE',  ( -6.425369620530962500, 2.999999994689880545, -10.30423112829218901 ) ) ;
#2614 = SPHERICAL_SURFACE ( 'NONE', #1054, 1.000000000000000000 ) ;
#2615 = CYLINDRICAL_SURFACE ( 'NONE', #3697, 2.000000000000000000 ) ;
#2616 = B_SPLINE_CURVE_WITH_KNOTS ( 'NONE', 3,
 ( #4676, #6800, #3141, #6280, #4716, #2028, #498, #2618, #4613, #1488, #3623, #2064, #6832, #3699, #2093, #4186 ),
 .UNSPECIFIED., .F., .F.,
 ( 4, 2, 2, 2, 2, 2, 2, 4 ),
 ( 3.469446951953614189E-18, 0.0005938550238885425235, 0.001187710047777081578, 0.001781565071665620632, 0.002375420095554159686, 0.002969275119442698740, 0.003563130143331237794, 0.004750840191108315902 ),
 .UNSPECIFIED. ) ;
#2617 = PRESENTATION_STYLE_ASSIGNMENT (( #531 ) ) ;
#2618 = CARTESIAN_POINT ( 'NONE',  ( 11.13636066390325929, 4.852846324720427873, 10.57851687278824038 ) ) ;
#2620 = CARTESIAN_POINT ( 'NONE',  ( 9.100200439206496128, 3.000000000000000000, -10.58323552776716348 ) ) ;
#2619 = FILL_AREA_STYLE_COLOUR ( '', #2378 ) ;
#2621 = EDGE_LOOP ( 'NONE', ( #377, #2612, #5355, #3467 ) ) ;
#2622 = UNCERTAINTY_MEASURE_WITH_UNIT (LENGTH_MEASURE( 1.000000000000000082E-05 ), #1988, 'distance_accuracy_value', 'NONE');
#2623 = DIRECTION ( 'NONE',  ( 0.000000000000000000, 0.000000000000000000, 1.000000000000000000 ) ) ;
#2624 = PRESENTATION_STYLE_ASSIGNMENT (( #5202 ) ) ;
#2625 = EDGE_CURVE ( 'NONE', #2381, #4090, #3978, .T. ) ;
#2626 = FILL_AREA_STYLE ('',( #5315 ) ) ;
#2627 = ORIENTED_EDGE ( 'NONE', *, *, #606, .T. ) ;
#2628 = LINE ( 'NONE', #3152, #3596 ) ;
#2629 = EDGE_CURVE ( 'NONE', #712, #3693, #1322, .T. ) ;
#2630 = CARTESIAN_POINT ( 'NONE',  ( 9.750000000000003553, 4.784118327815124694, 8.750000000000111910 ) ) ;
#2632 = SURFACE_STYLE_USAGE ( .BOTH. , #897 ) ;
#2631 = CARTESIAN_POINT ( 'NONE',  ( 11.74999999999999822, 4.737447233600349250, -7.554772149253283331 ) ) ;
#2633 = DIRECTION ( 'NONE',  ( 0.7071067811865475727, 0.000000000000000000, -0.7071067811865475727 ) ) ;
#2634 = ORIENTED_EDGE ( 'NONE', *, *, #4332, .F. ) ;
#2635 = UNCERTAINTY_MEASURE_WITH_UNIT (LENGTH_MEASURE( 1.000000000000000082E-05 ), #393, 'distance_accuracy_value', 'NONE');
#2636 = DIRECTION ( 'NONE',  ( 0.000000000000000000, 0.000000000000000000, 1.000000000000000000 ) ) ;
#2637 =( LENGTH_UNIT ( ) NAMED_UNIT ( * ) SI_UNIT ( .MILLI., .METRE. ) );
#2638 = FILL_AREA_STYLE_COLOUR ( '', #1150 ) ;
#2639 = CARTESIAN_POINT ( 'NONE',  ( 15.37957249080740851, 0.000000000000000000, 18.62957249080740496 ) ) ;
#2640 = ORIENTED_EDGE ( 'NONE', *, *, #5457, .F. ) ;
#2641 = CARTESIAN_POINT ( 'NONE',  ( 9.135659856108718557, 4.809351732042188132, 11.75000000000000533 ) ) ;
#2642 = LINE ( 'NONE', #1015, #3476 ) ;
#2643 = SURFACE_STYLE_FILL_AREA ( #6366 ) ;
#2644 = FILL_AREA_STYLE ('',( #5299 ) ) ;
#2645 = ADVANCED_FACE ( 'NONE', ( #1727 ), #6577, .T. ) ;
#2646 = PRESENTATION_STYLE_ASSIGNMENT (( #560 ) ) ;
#2647 = FILL_AREA_STYLE_COLOUR ( '', #4250 ) ;
#2648 = VECTOR ( 'NONE', #4140, 1000.000000000000000 ) ;
#2649 = COLOUR_RGB ( '',1.000000000000000000, 1.000000000000000000, 1.000000000000000000 ) ;
#2650 = EDGE_LOOP ( 'NONE', ( #3879, #6527, #994, #4409 ) ) ;
#2651 = CARTESIAN_POINT ( 'NONE',  ( -10.11159654583013001, 3.000000000683714863, 9.856625088502443788 ) ) ;
#2652 = DIRECTION ( 'NONE',  ( 1.000000000000000000, -0.000000000000000000, 0.000000000000000000 ) ) ;
#2653 = COLOUR_RGB ( '',1.000000000000000000, 1.000000000000000000, 1.000000000000000000 ) ;
#2654 = DIRECTION ( 'NONE',  ( 1.000000000000000000, 0.000000000000000000, -9.912705577010326782E-17 ) ) ;
#2655 = CARTESIAN_POINT ( 'NONE',  ( 10.51514774129021568, 3.000000001770119606, -9.262202422945494007 ) ) ;
#2656 = DIRECTION ( 'NONE',  ( 0.000000000000000000, 0.000000000000000000, 1.000000000000000000 ) ) ;
#2657 = COLOUR_RGB ( '',1.000000000000000000, 1.000000000000000000, 1.000000000000000000 ) ;
#2659 = DIRECTION ( 'NONE',  ( 0.000000000000000000, 0.000000000000000000, 1.000000000000000000 ) ) ;
#2658 = CARTESIAN_POINT ( 'NONE',  ( -11.75000000000000000, 3.414246218433077296, -6.504916941037837574 ) ) ;
#2660 = EDGE_LOOP ( 'NONE', ( #3671, #305, #6013, #5839, #1270, #1848 ) ) ;
#2661 = CARTESIAN_POINT ( 'NONE',  ( -11.74999999999999645, 3.000000000000011990, 5.851293488071598325 ) ) ;
#2662 = TOROIDAL_SURFACE ( 'NONE', #6544, 1.074999999999999512, 0.6999999999999999556 ) ;
#2663 = AXIS2_PLACEMENT_3D ( 'NONE', #3272, #6368, #4307 ) ;
#2664 = CARTESIAN_POINT ( 'NONE',  ( 11.75000000000000533, 4.735892914036448076, 7.546605917942546427 ) ) ;
#2665 = EDGE_CURVE ( 'NONE', #6162, #2483, #2858, .T. ) ;
#2666 = VERTEX_POINT ( 'NONE', #6616 ) ;
#2667 = FILL_AREA_STYLE ('',( #2733 ) ) ;
#2668 = CARTESIAN_POINT ( 'NONE',  ( 16.56599923110718109, 0.9999999999999991118, -20.85000000000000142 ) ) ;
#2669 = COLOUR_RGB ( '',1.000000000000000000, 1.000000000000000000, 1.000000000000000000 ) ;
#2670 = VERTEX_POINT ( 'NONE', #6092 ) ;
#2671 = CARTESIAN_POINT ( 'NONE',  ( -5.851293488071590332, 3.000000000000000000, 9.750000000000005329 ) ) ;
#2672 = CARTESIAN_POINT ( 'NONE',  ( 8.156515923090852382, 4.702730040580078708, -11.74999999999999645 ) ) ;
#2673 = CARTESIAN_POINT ( 'NONE',  ( -11.67469073923571088, 4.826577767160882715, -9.527044151076378142 ) ) ;
#2674 = ORIENTED_EDGE ( 'NONE', *, *, #3288, .F. ) ;
#2675 = CARTESIAN_POINT ( 'NONE',  ( -19.85000000000000497, 0.9999999999999991118, -16.56599923110717754 ) ) ;
#2676 = AXIS2_PLACEMENT_3D ( 'NONE', #5365, #4841, #3643 ) ;
#2677 = PRESENTATION_LAYER_ASSIGNMENT (  '', '', ( #4671 ) ) ;
#2678 = FACE_OUTER_BOUND ( 'NONE', #3466, .T. ) ;
#2679 = COLOUR_RGB ( '',1.000000000000000000, 1.000000000000000000, 1.000000000000000000 ) ;
#2680 = AXIS2_PLACEMENT_3D ( 'NONE', #3368, #3856, #6469 ) ;
#2681 = DIRECTION ( 'NONE',  ( -0.000000000000000000, 0.000000000000000000, -1.000000000000000000 ) ) ;
#2682 =( NAMED_UNIT ( * ) SI_UNIT ( $, .STERADIAN. ) SOLID_ANGLE_UNIT ( ) );
#2683 = CIRCLE ( 'NONE', #1025, 1.774999999999996136 ) ;
#2684 = CARTESIAN_POINT ( 'NONE',  ( 12.75000000000000178, 9.000000000000001776, 8.750000000000003553 ) ) ;
#2685 = DIRECTION ( 'NONE',  ( 0.000000000000000000, 0.000000000000000000, 1.000000000000000000 ) ) ;
#2686 = CARTESIAN_POINT ( 'NONE',  ( -20.85000000000000497, 0.9999999999999991118, 3.469446951953614978E-15 ) ) ;
#2687 = DIRECTION ( 'NONE',  ( 9.912705577010326782E-17, -0.000000000000000000, 1.000000000000000000 ) ) ;
#2688 = CIRCLE ( 'NONE', #4602, 1.000000000000000888 ) ;
#2689 = AXIS2_PLACEMENT_3D ( 'NONE', #3752, #2716, #5899 ) ;
#2690 = DIRECTION ( 'NONE',  ( 0.000000000000000000, 1.000000000000000000, 0.000000000000000000 ) ) ;
#2691 = EDGE_CURVE ( 'NONE', #5073, #2407, #6644, .T. ) ;
#2692 = VERTEX_POINT ( 'NONE', #3399 ) ;
#2693 = UNCERTAINTY_MEASURE_WITH_UNIT (LENGTH_MEASURE( 1.000000000000000082E-05 ), #2481, 'distance_accuracy_value', 'NONE');
#2694 = FILL_AREA_STYLE ('',( #468 ) ) ;
#2695 = EDGE_CURVE ( 'NONE', #3412, #444, #1513, .T. ) ;
#2696 = CARTESIAN_POINT ( 'NONE',  ( -11.74999999999999822, 3.232026073433416524, 6.093800287197036702 ) ) ;
#2697 = AXIS2_PLACEMENT_3D ( 'NONE', #1708, #4232, #6867 ) ;
#2698 =( GEOMETRIC_REPRESENTATION_CONTEXT ( 3 ) GLOBAL_UNCERTAINTY_ASSIGNED_CONTEXT ( ( #6044 ) ) GLOBAL_UNIT_ASSIGNED_CONTEXT ( ( #4103, #5147, #4523 ) ) REPRESENTATION_CONTEXT ( 'NONE', 'WORKASPACE' ) );
#2699 = CARTESIAN_POINT ( 'NONE',  ( 15.37957249080740851, 3.000000000000000000, 15.37957249080740496 ) ) ;
#2700 = EDGE_LOOP ( 'NONE', ( #78, #1937, #1827, #739, #1310, #948, #2442, #3497, #394, #5183 ) ) ;
#2702 =( NAMED_UNIT ( * ) PLANE_ANGLE_UNIT ( ) SI_UNIT ( $, .RADIAN. ) );
#2701 = CARTESIAN_POINT ( 'NONE',  ( 10.80124311984461727, 2.999999999169112641, -7.851076890519974150 ) ) ;
#2703 = COLOUR_RGB ( '',1.000000000000000000, 1.000000000000000000, 1.000000000000000000 ) ;
#2704 = PRESENTATION_LAYER_ASSIGNMENT (  '', '', ( #3139 ) ) ;
#2705 = ORIENTED_EDGE ( 'NONE', *, *, #2571, .F. ) ;
#2706 = CARTESIAN_POINT ( 'NONE',  ( 6.504916941037818923, 3.414246218433276248, 11.75000000000000711 ) ) ;
#2707 =( NAMED_UNIT ( * ) SI_UNIT ( $, .STERADIAN. ) SOLID_ANGLE_UNIT ( ) );
#2708 = CARTESIAN_POINT ( 'NONE',  ( -8.025000000000000355, 6.799999999999999822, -8.025000000000000355 ) ) ;
#2709 =( LENGTH_UNIT ( ) NAMED_UNIT ( * ) SI_UNIT ( .MILLI., .METRE. ) );
#2710 = CARTESIAN_POINT ( 'NONE',  ( -10.99715376187219640, 3.505530396878063559, -10.74561475354640194 ) ) ;
#2711 = VERTEX_POINT ( 'NONE', #282 ) ;
#2712 = CARTESIAN_POINT ( 'NONE',  ( 11.74999999999998934, 4.809796727309229247, 9.142460951143943859 ) ) ;
#2713 =( GEOMETRIC_REPRESENTATION_CONTEXT ( 3 ) GLOBAL_UNCERTAINTY_ASSIGNED_CONTEXT ( ( #5695 ) ) GLOBAL_UNIT_ASSIGNED_CONTEXT ( ( #1686, #3827, #6530 ) ) REPRESENTATION_CONTEXT ( 'NONE', 'WORKASPACE' ) );
#2714 =( NAMED_UNIT ( * ) PLANE_ANGLE_UNIT ( ) SI_UNIT ( $, .RADIAN. ) );
#2715 = STYLED_ITEM ( 'NONE', ( #6177 ), #978 ) ;
#2716 = DIRECTION ( 'NONE',  ( 0.000000000000000000, 1.000000000000000000, -0.000000000000000000 ) ) ;
#2717 = EDGE_CURVE ( 'NONE', #3693, #1008, #6107, .T. ) ;
#2718 = MECHANICAL_DESIGN_GEOMETRIC_PRESENTATION_REPRESENTATION (  '', ( #4836 ), #4719 ) ;
#2719 = ADVANCED_FACE ( 'NONE', ( #2390 ), #3614, .T. ) ;
#2720 = CARTESIAN_POINT ( 'NONE',  ( 8.024999999999996803, 3.000000000000000000, -8.025000000000000355 ) ) ;
#2721 = CARTESIAN_POINT ( 'NONE',  ( -8.024999999999996803, 5.000000000000000000, 9.799999999999995381 ) ) ;
#2722 = CIRCLE ( 'NONE', #5862, 1.774999999999995248 ) ;
#2723 = DIRECTION ( 'NONE',  ( -0.000000000000000000, -1.000000000000000000, -0.000000000000000000 ) ) ;
#2724 = DIRECTION ( 'NONE',  ( -0.000000000000000000, -1.000000000000000000, -0.000000000000000000 ) ) ;
#2725 = DIRECTION ( 'NONE',  ( 1.000000000000000000, -3.252606517456258106E-15, -9.912705577010326782E-17 ) ) ;
#2726 =( NAMED_UNIT ( * ) SI_UNIT ( $, .STERADIAN. ) SOLID_ANGLE_UNIT ( ) );
#2728 = FILL_AREA_STYLE_COLOUR ( '', #4421 ) ;
#2727 = DIRECTION ( 'NONE',  ( -0.000000000000000000, -1.000000000000000000, -0.000000000000000000 ) ) ;
#2729 = ORIENTED_EDGE ( 'NONE', *, *, #2524, .T. ) ;
#2730 = PRESENTATION_STYLE_ASSIGNMENT (( #1131 ) ) ;
#2731 =( BOUNDED_SURFACE ( )  B_SPLINE_SURFACE ( 3, 2, ( 
 ( #3622, #3177, #5308 ),
 ( #2655, #6798, #6279 ),
 ( #2168, #2539, #4786 ),
 ( #10, #6859, #569 ),
 ( #2063, #5274, #461 ),
 ( #2131, #3698, #4185 ),
 ( #6310, #1596, #420 ),
 ( #3661, #5808, #2092 ),
 ( #3729, #1487, #3761 ),
 ( #4818, #46, #1627 ),
 ( #5911, #3104, #1125 ),
 ( #2027, #5766, #989 ),
 ( #141, #102, #703 ),
 ( #6039, #3375, #4316 ) ),
 .UNSPECIFIED., .F., .F., .F. ) 
 B_SPLINE_SURFACE_WITH_KNOTS ( ( 4, 2, 2, 2, 2, 2, 4 ),
 ( 3, 3 ),
 ( 0.002578200308458840611, 0.002968265070565692491, 0.003163297451619118648, 0.003358329832672544805, 0.003553362213725970963, 0.003748394594779396686, 0.004138459356886248566 ),
 ( 0.000000000000000000, 1.000000000000000000 ),
 .UNSPECIFIED. ) 
 GEOMETRIC_REPRESENTATION_ITEM ( )  RATIONAL_B_SPLINE_SURFACE ( (
 ( 1.000000000000000000, 0.8416108851136561153, 1.000000000000000000),
 ( 1.000000000000000000, 0.8381704092781657733, 1.000000000000000000),
 ( 1.000000000000000000, 0.8349227447394226287, 1.000000000000000000),
 ( 1.000000000000000000, 0.8315328867881719432, 1.000000000000000000),
 ( 1.000000000000000000, 0.8306261964427452682, 1.000000000000000000),
 ( 1.000000000000000000, 0.8294207725217757066, 1.000000000000000000),
 ( 1.000000000000000000, 0.8291120047040199115, 1.000000000000000000),
 ( 1.000000000000000000, 0.8291084924200518014, 1.000000000000000000),
 ( 1.000000000000000000, 0.8294226891555156467, 1.000000000000000000),
 ( 1.000000000000000000, 0.8306227083164792191, 1.000000000000000000),
 ( 1.000000000000000000, 0.8315080496261495480, 1.000000000000000000),
 ( 1.000000000000000000, 0.8349379164248174057, 1.000000000000000000),
 ( 1.000000000000000000, 0.8381189465696351482, 1.000000000000000000),
 ( 1.000000000000000000, 0.8416108851136553382, 1.000000000000000000) ) ) 
 REPRESENTATION_ITEM ( '' )  SURFACE ( )  );
#2732 = ORIENTED_EDGE ( 'NONE', *, *, #6096, .F. ) ;
#2733 = FILL_AREA_STYLE_COLOUR ( '', #5614 ) ;
#2735 = DIRECTION ( 'NONE',  ( 0.7071067811865475727, -0.000000000000000000, -0.7071067811865475727 ) ) ;
#2734 = CARTESIAN_POINT ( 'NONE',  ( 11.74999999999979217, 3.414246218433376612, -6.504916941038017875 ) ) ;
#2736 = ORIENTED_EDGE ( 'NONE', *, *, #5457, .T. ) ;
#2737 = CARTESIAN_POINT ( 'NONE',  ( 7.916877620263614190, 4.701727787528178659, 11.75000000000000355 ) ) ;
#2738 = SURFACE_STYLE_FILL_AREA ( #6459 ) ;
#2739 = FILL_AREA_STYLE_COLOUR ( '', #375 ) ;
#2740 = ORIENTED_EDGE ( 'NONE', *, *, #2090, .T. ) ;
#2741 = CARTESIAN_POINT ( 'NONE',  ( 9.749999999999998224, 5.000000000000000000, -8.749999999999998224 ) ) ;
#2742 = SURFACE_STYLE_FILL_AREA ( #2809 ) ;
#2743 = PRODUCT ( 'encoderEncclosure', 'encoderEncclosure', '', ( #4570 ) ) ;
#2744 = EDGE_CURVE ( 'NONE', #2407, #2945, #4416, .T. ) ;
#2745 =( NAMED_UNIT ( * ) PLANE_ANGLE_UNIT ( ) SI_UNIT ( $, .RADIAN. ) );
#2746 = LINE ( 'NONE', #2226, #5587 ) ;
#2747 = UNCERTAINTY_MEASURE_WITH_UNIT (LENGTH_MEASURE( 1.000000000000000082E-05 ), #3520, 'distance_accuracy_value', 'NONE');
#2748 = COLOUR_RGB ( '',1.000000000000000000, 1.000000000000000000, 1.000000000000000000 ) ;
#2749 = SURFACE_STYLE_FILL_AREA ( #5443 ) ;
#2751 =( NAMED_UNIT ( * ) SI_UNIT ( $, .STERADIAN. ) SOLID_ANGLE_UNIT ( ) );
#2750 = DIRECTION ( 'NONE',  ( 0.000000000000000000, 0.000000000000000000, -1.000000000000000000 ) ) ;
#2752 = AXIS2_PLACEMENT_3D ( 'NONE', #5456, #683, #2801 ) ;
#2753 = CIRCLE ( 'NONE', #6428, 2.774999999999996358 ) ;
#2754 = UNCERTAINTY_MEASURE_WITH_UNIT (LENGTH_MEASURE( 1.000000000000000082E-05 ), #5335, 'distance_accuracy_value', 'NONE');
#2755 = DIRECTION ( 'NONE',  ( 1.000000000000000000, 0.000000000000000000, 0.000000000000000000 ) ) ;
#2756 = PRESENTATION_STYLE_ASSIGNMENT (( #4883 ) ) ;
#2757 = AXIS2_PLACEMENT_3D ( 'NONE', #6760, #4507, #930 ) ;
#2758 = ORIENTED_EDGE ( 'NONE', *, *, #1657, .F. ) ;
#2759 = EDGE_CURVE ( 'NONE', #5069, #4688, #5154, .T. ) ;
#2760 = PRESENTATION_LAYER_ASSIGNMENT (  '', '', ( #3319 ) ) ;
#2761 = SURFACE_STYLE_USAGE ( .BOTH. , #3913 ) ;
#2762 = PRESENTATION_STYLE_ASSIGNMENT (( #3954 ) ) ;
#2763 = ORIENTED_EDGE ( 'NONE', *, *, #731, .F. ) ;
#2764 = CARTESIAN_POINT ( 'NONE',  ( 6.762146660527184494, 3.483709452501630999, 11.75000000000000355 ) ) ;
#2765 = FACE_OUTER_BOUND ( 'NONE', #6076, .T. ) ;
#2766 = ADVANCED_FACE ( 'NONE', ( #4599 ), #2237, .F. ) ;
#2767 = CARTESIAN_POINT ( 'NONE',  ( 8.025000000000000355, 6.799999999999999822, -9.099999999999999645 ) ) ;
#2768 = SURFACE_STYLE_FILL_AREA ( #121 ) ;
#2769 = VERTEX_POINT ( 'NONE', #3189 ) ;
#2770 = EDGE_LOOP ( 'NONE', ( #2486, #514, #4884, #1640 ) ) ;
#2771 = CARTESIAN_POINT ( 'NONE',  ( 11.13691086551885512, 4.852843558837974136, 10.57790387701978574 ) ) ;
#2772 = SURFACE_STYLE_USAGE ( .BOTH. , #1112 ) ;
#2773 = CARTESIAN_POINT ( 'NONE',  ( -18.20799961555358593, 10.00000000000000000, -18.20799961555358593 ) ) ;
#2774 = MECHANICAL_DESIGN_GEOMETRIC_PRESENTATION_REPRESENTATION (  '', ( #3659 ), #4322 ) ;
#2775 = VECTOR ( 'NONE', #4524, 1000.000000000000000 ) ;
#2776 = ADVANCED_FACE ( 'NONE', ( #2178 ), #6328, .T. ) ;
#2777 = CARTESIAN_POINT ( 'NONE',  ( 10.78185231215362450, 2.999999995407605535, 7.657206858957496642 ) ) ;
#2778 = ADVANCED_FACE ( 'NONE', ( #2599 ), #1609, .F. ) ;
#2779 = DIRECTION ( 'NONE',  ( -1.000000000000000000, 0.000000000000000000, -0.000000000000000000 ) ) ;
#2780 = FACE_BOUND ( 'NONE', #6083, .T. ) ;
#2781 = AXIS2_PLACEMENT_3D ( 'NONE', #6500, #1209, #2283 ) ;
#2782 = AXIS2_PLACEMENT_3D ( 'NONE', #1464, #4759, #6866 ) ;
#2783 = DIRECTION ( 'NONE',  ( 0.7071067811865475727, 0.000000000000000000, -0.7071067811865475727 ) ) ;
#2784 = DIRECTION ( 'NONE',  ( 0.000000000000000000, 0.000000000000000000, 1.000000000000000000 ) ) ;
#2785 = EDGE_CURVE ( 'NONE', #1008, #2450, #873, .T. ) ;
#2786 = LINE ( 'NONE', #2686, #2030 ) ;
#2787 = MECHANICAL_DESIGN_GEOMETRIC_PRESENTATION_REPRESENTATION (  '', ( #16 ), #4244 ) ;
#2788 = CARTESIAN_POINT ( 'NONE',  ( 8.750000000000003553, 3.000000000000000000, 9.750000000000005329 ) ) ;
#2790 = FACE_OUTER_BOUND ( 'NONE', #6297, .T. ) ;
#2789 = DIRECTION ( 'NONE',  ( 0.000000000000000000, 0.000000000000000000, 1.000000000000000000 ) ) ;
#2791 = CARTESIAN_POINT ( 'NONE',  ( 8.025000000000003908, 5.000000000000000000, 6.249999999999997335 ) ) ;
#2792 = CARTESIAN_POINT ( 'NONE',  ( 8.024999999999996803, 5.000000000000000000, -8.025000000000000355 ) ) ;
#2793 = AXIS2_PLACEMENT_3D ( 'NONE', #3090, #5262, #493 ) ;
#2794 = ORIENTED_EDGE ( 'NONE', *, *, #3495, .T. ) ;
#2795 = DIRECTION ( 'NONE',  ( 0.000000000000000000, 0.000000000000000000, -1.000000000000000000 ) ) ;
#2797 = DIRECTION ( 'NONE',  ( 0.000000000000000000, 1.000000000000000000, 0.000000000000000000 ) ) ;
#2796 = SURFACE_SIDE_STYLE ('',( #5393 ) ) ;
#2798 = ORIENTED_EDGE ( 'NONE', *, *, #6549, .F. ) ;
#2799 = CARTESIAN_POINT ( 'NONE',  ( 5.944038137988862047, 3.116869394727585174, 11.75000000000000355 ) ) ;
#2800 = MECHANICAL_DESIGN_GEOMETRIC_PRESENTATION_REPRESENTATION (  '', ( #6688 ), #4137 ) ;
#2801 = DIRECTION ( 'NONE',  ( 0.000000000000000000, 0.000000000000000000, -1.000000000000000000 ) ) ;
#2802 = CIRCLE ( 'NONE', #3249, 1.774999999999995248 ) ;
#2803 = DIRECTION ( 'NONE',  ( 0.000000000000000000, 0.000000000000000000, 1.000000000000000000 ) ) ;
#2804 = CARTESIAN_POINT ( 'NONE',  ( -8.749999999999996447, 3.000000000000000000, 11.75000000000000533 ) ) ;
#2805 = ORIENTED_EDGE ( 'NONE', *, *, #2956, .F. ) ;
#2806 = ORIENTED_EDGE ( 'NONE', *, *, #4748, .F. ) ;
#2807 = SURFACE_STYLE_FILL_AREA ( #4274 ) ;
#2808 = AXIS2_PLACEMENT_3D ( 'NONE', #5617, #3433, #5534 ) ;
#2809 = FILL_AREA_STYLE ('',( #3302 ) ) ;
#2810 =( NAMED_UNIT ( * ) SI_UNIT ( $, .STERADIAN. ) SOLID_ANGLE_UNIT ( ) );
#2811 = CARTESIAN_POINT ( 'NONE',  ( -4.999999999999999112, 3.828427124746188959, 11.75000000000000888 ) ) ;
#2812 = SURFACE_STYLE_FILL_AREA ( #1219 ) ;
#2813 = MECHANICAL_DESIGN_GEOMETRIC_PRESENTATION_REPRESENTATION (  '', ( #2130 ), #6155 ) ;
#2814 =( GEOMETRIC_REPRESENTATION_CONTEXT ( 3 ) GLOBAL_UNCERTAINTY_ASSIGNED_CONTEXT ( ( #4088 ) ) GLOBAL_UNIT_ASSIGNED_CONTEXT ( ( #684, #2308, #1495 ) ) REPRESENTATION_CONTEXT ( 'NONE', 'WORKASPACE' ) );
#2815 = CARTESIAN_POINT ( 'NONE',  ( 15.37957249080740851, 0.000000000000000000, -15.37957249080740496 ) ) ;
#2816 = ADVANCED_FACE ( 'NONE', ( #58 ), #4375, .T. ) ;
#2817 = DIRECTION ( 'NONE',  ( 0.000000000000000000, -1.000000000000000000, 0.000000000000000000 ) ) ;
#2818 = CARTESIAN_POINT ( 'NONE',  ( -7.065160834320142413, 4.830038410195044207, -11.74999999999999822 ) ) ;
#2819 = CYLINDRICAL_SURFACE ( 'NONE', #1353, 1.699999999999994849 ) ;
#2820 = DIRECTION ( 'NONE',  ( 0.7071067811865475727, 0.000000000000000000, -0.7071067811865475727 ) ) ;
#2822 = DIRECTION ( 'NONE',  ( 0.000000000000000000, 0.000000000000000000, -1.000000000000000000 ) ) ;
#2821 = SURFACE_STYLE_FILL_AREA ( #3803 ) ;
#2823 = VECTOR ( 'NONE', #667, 1000.000000000000000 ) ;
#2824 = UNCERTAINTY_MEASURE_WITH_UNIT (LENGTH_MEASURE( 1.000000000000000082E-05 ), #1037, 'distance_accuracy_value', 'NONE');
#2825 = DIRECTION ( 'NONE',  ( 0.000000000000000000, 0.000000000000000000, -1.000000000000000000 ) ) ;
#2826 = DIRECTION ( 'NONE',  ( 0.000000000000000000, -1.000000000000000000, 0.000000000000000000 ) ) ;
#2827 =( GEOMETRIC_REPRESENTATION_CONTEXT ( 3 ) GLOBAL_UNCERTAINTY_ASSIGNED_CONTEXT ( ( #6307 ) ) GLOBAL_UNIT_ASSIGNED_CONTEXT ( ( #3977, #6173, #5053 ) ) REPRESENTATION_CONTEXT ( 'NONE', 'WORKASPACE' ) );
#2828 = ORIENTED_EDGE ( 'NONE', *, *, #1623, .F. ) ;
#2829 =( NAMED_UNIT ( * ) PLANE_ANGLE_UNIT ( ) SI_UNIT ( $, .RADIAN. ) );
#2830 = FACE_OUTER_BOUND ( 'NONE', #6314, .T. ) ;
#2831 = EDGE_CURVE ( 'NONE', #5886, #1243, #1972, .T. ) ;
#2832 = ORIENTED_EDGE ( 'NONE', *, *, #6809, .T. ) ;
#2833 = CARTESIAN_POINT ( 'NONE',  ( 8.236555335838186664, 3.000000000830893132, 10.79862929450323961 ) ) ;
#2834 =( NAMED_UNIT ( * ) SI_UNIT ( $, .STERADIAN. ) SOLID_ANGLE_UNIT ( ) );
#2835 = LINE ( 'NONE', #3260, #5949 ) ;
#2836 = VERTEX_POINT ( 'NONE', #2208 ) ;
#2837 = ORIENTED_EDGE ( 'NONE', *, *, #616, .F. ) ;
#2838 = CARTESIAN_POINT ( 'NONE',  ( 15.37957249080740851, 0.000000000000000000, -17.07957249080740070 ) ) ;
#2839 = EDGE_LOOP ( 'NONE', ( #1612, #6354 ) ) ;
#2840 = DIRECTION ( 'NONE',  ( 1.000000000000000000, 0.000000000000000000, 0.000000000000000000 ) ) ;
#2841 = SURFACE_STYLE_USAGE ( .BOTH. , #4384 ) ;
#2842 = CARTESIAN_POINT ( 'NONE',  ( -11.75000000000000000, 3.524697209923717267, 8.997208843581374182 ) ) ;
#2843 = SURFACE_STYLE_USAGE ( .BOTH. , #1279 ) ;
#2844 = CARTESIAN_POINT ( 'NONE',  ( 11.75000000000000355, 3.586295622183200305, 7.873762599760126157 ) ) ;
#2845 = CARTESIAN_POINT ( 'NONE',  ( 8.750000000000001776, 9.000000000000001776, 12.75000000000000355 ) ) ;
#2846 =( NAMED_UNIT ( * ) PLANE_ANGLE_UNIT ( ) SI_UNIT ( $, .RADIAN. ) );
#2847 = FACE_OUTER_BOUND ( 'NONE', #5454, .T. ) ;
#2848 = LINE ( 'NONE', #6164, #6477 ) ;
#2849 = FILL_AREA_STYLE_COLOUR ( '', #3365 ) ;
#2850 = EDGE_CURVE ( 'NONE', #2088, #1008, #5892, .T. ) ;
#2851 = DIRECTION ( 'NONE',  ( 0.000000000000000000, 0.000000000000000000, -1.000000000000000000 ) ) ;
#2852 = DIRECTION ( 'NONE',  ( 0.000000000000000000, -0.000000000000000000, 1.000000000000000000 ) ) ;
#2853 = CARTESIAN_POINT ( 'NONE',  ( -6.343031678200011569, 4.971480338808882848, -11.75000000000000178 ) ) ;
#2854 = DIRECTION ( 'NONE',  ( 1.702240710073840238E-15, 0.1926121808921437140, -0.9812749603306771817 ) ) ;
#2855 = DIRECTION ( 'NONE',  ( -0.000000000000000000, -0.000000000000000000, 1.000000000000000000 ) ) ;
#2856 = CARTESIAN_POINT ( 'NONE',  ( 11.44639300610222321, 4.843506489007260996, -10.07953438174944516 ) ) ;
#2857 = EDGE_CURVE ( 'NONE', #3522, #587, #6427, .T. ) ;
#2858 = CIRCLE ( 'NONE', #868, 3.250000000000001332 ) ;
#2859 = ORIENTED_EDGE ( 'NONE', *, *, #2274, .T. ) ;
#2860 =( LENGTH_UNIT ( ) NAMED_UNIT ( * ) SI_UNIT ( .MILLI., .METRE. ) );
#2861 = CIRCLE ( 'NONE', #1312, 2.774999999999996358 ) ;
#2863 = LINE ( 'NONE', #3291, #207 ) ;
#2862 = CARTESIAN_POINT ( 'NONE',  ( -8.025000000000000355, 6.799999999999999822, -6.250000000000000888 ) ) ;
#2864 = ORIENTED_EDGE ( 'NONE', *, *, #2744, .F. ) ;
#2865 = DIRECTION ( 'NONE',  ( -0.7071067811865474617, 0.000000000000000000, 0.7071067811865474617 ) ) ;
#2866 = CARTESIAN_POINT ( 'NONE',  ( 5.000000000000002665, -10.52072483264118574, 11.75000000000000355 ) ) ;
#2867 = FILL_AREA_STYLE_COLOUR ( '', #696 ) ;
#2868 = DIRECTION ( 'NONE',  ( 0.7071067811865475727, 0.000000000000000000, 0.7071067811865475727 ) ) ;
#2869 = ADVANCED_FACE ( 'NONE', ( #2765 ), #154, .T. ) ;
#2870 = ORIENTED_EDGE ( 'NONE', *, *, #880, .T. ) ;
#2871 = STYLED_ITEM ( 'NONE', ( #5664 ), #3070 ) ;
#2872 = ORIENTED_EDGE ( 'NONE', *, *, #2956, .T. ) ;
#2873 = STYLED_ITEM ( 'NONE', ( #3088 ), #2127 ) ;
#2874 =( NAMED_UNIT ( * ) SI_UNIT ( $, .STERADIAN. ) SOLID_ANGLE_UNIT ( ) );
#2875 = EDGE_LOOP ( 'NONE', ( #4127, #4039, #2058, #6193 ) ) ;
#2876 = CYLINDRICAL_SURFACE ( 'NONE', #3942, 1.000000000000000888 ) ;
#2877 =( NAMED_UNIT ( * ) PLANE_ANGLE_UNIT ( ) SI_UNIT ( $, .RADIAN. ) );
#2878 = CARTESIAN_POINT ( 'NONE',  ( -10.73288360482503201, 4.854180461680787317, 11.00991375622480462 ) ) ;
#2879 =( NAMED_UNIT ( * ) PLANE_ANGLE_UNIT ( ) SI_UNIT ( $, .RADIAN. ) );
#2880 = STYLED_ITEM ( 'NONE', ( #3513 ), #3379 ) ;
#2881 = CIRCLE ( 'NONE', #767, 1.000000000000000888 ) ;
#2882 = DIRECTION ( 'NONE',  ( 0.000000000000000000, 0.000000000000000000, 1.000000000000000000 ) ) ;
#2883 = DIRECTION ( 'NONE',  ( 0.7071067811865474617, 0.000000000000000000, -0.7071067811865474617 ) ) ;
#2884 = FILL_AREA_STYLE ('',( #2952 ) ) ;
#2885 = PRESENTATION_LAYER_ASSIGNMENT (  '', '', ( #3103 ) ) ;
#2886 = CYLINDRICAL_SURFACE ( 'NONE', #252, 2.774999999999996358 ) ;
#2887 =( LENGTH_UNIT ( ) NAMED_UNIT ( * ) SI_UNIT ( .MILLI., .METRE. ) );
#2888 = LINE ( 'NONE', #5012, #5442 ) ;
#2889 = EDGE_CURVE ( 'NONE', #4989, #1302, #4994, .T. ) ;
#2890 = STYLED_ITEM ( 'NONE', ( #3502 ), #73 ) ;
#2891 = STYLED_ITEM ( 'NONE', ( #1406 ), #4007 ) ;
#2892 = CARTESIAN_POINT ( 'NONE',  ( -11.74999999999999645, 5.000000000000000000, 5.851293488071592108 ) ) ;
#2893 =( LENGTH_UNIT ( ) NAMED_UNIT ( * ) SI_UNIT ( .MILLI., .METRE. ) );
#2894 = UNCERTAINTY_MEASURE_WITH_UNIT (LENGTH_MEASURE( 1.000000000000000082E-05 ), #4634, 'distance_accuracy_value', 'NONE');
#2895 = AXIS2_PLACEMENT_3D ( 'NONE', #264, #5094, #1815 ) ;
#2896 = AXIS2_PLACEMENT_3D ( 'NONE', #3081, #3569, #2636 ) ;
#2897 =( NAMED_UNIT ( * ) SI_UNIT ( $, .STERADIAN. ) SOLID_ANGLE_UNIT ( ) );
#2898 = EDGE_CURVE ( 'NONE', #6563, #5400, #4092, .T. ) ;
#2899 = PRESENTATION_LAYER_ASSIGNMENT (  '', '', ( #3232 ) ) ;
#2900 = AXIS2_PLACEMENT_3D ( 'NONE', #5521, #5632, #745 ) ;
#2901 = EDGE_CURVE ( 'NONE', #6125, #3818, #3388, .T. ) ;
#2902 = ORIENTED_EDGE ( 'NONE', *, *, #1133, .T. ) ;
#2903 = UNCERTAINTY_MEASURE_WITH_UNIT (LENGTH_MEASURE( 1.000000000000000082E-05 ), #3740, 'distance_accuracy_value', 'NONE');
#2904 = DIRECTION ( 'NONE',  ( -0.000000000000000000, 1.000000000000000000, -0.000000000000000000 ) ) ;
#2905 = CARTESIAN_POINT ( 'NONE',  ( -8.025000000000000355, 5.000000000000000000, -8.025000000000000355 ) ) ;
#2906 = CARTESIAN_POINT ( 'NONE',  ( -8.024999999999996803, 5.000000000000000000, -10.79999999999999716 ) ) ;
#2907 = EDGE_LOOP ( 'NONE', ( #5525, #2985, #3737, #5599 ) ) ;
#2908 = VECTOR ( 'NONE', #6805, 1000.000000000000000 ) ;
#2909 = EDGE_LOOP ( 'NONE', ( #6248, #5460, #3124, #5643 ) ) ;
#2910 = LINE ( 'NONE', #6565, #3148 ) ;
#2911 = ORIENTED_EDGE ( 'NONE', *, *, #956, .F. ) ;
#2912 = FACE_OUTER_BOUND ( 'NONE', #6325, .T. ) ;
#2913 =( LENGTH_UNIT ( ) NAMED_UNIT ( * ) SI_UNIT ( .MILLI., .METRE. ) );
#2914 =( NAMED_UNIT ( * ) PLANE_ANGLE_UNIT ( ) SI_UNIT ( $, .RADIAN. ) );
#2915 = EDGE_LOOP ( 'NONE', ( #4150, #6741, #3503 ) ) ;
#2916 = ORIENTED_EDGE ( 'NONE', *, *, #6059, .T. ) ;
#2917 = CYLINDRICAL_SURFACE ( 'NONE', #6235, 1.774999999999996136 ) ;
#2918 =( LENGTH_UNIT ( ) NAMED_UNIT ( * ) SI_UNIT ( .MILLI., .METRE. ) );
#2919 = FACE_OUTER_BOUND ( 'NONE', #892, .T. ) ;
#2920 = PRESENTATION_LAYER_ASSIGNMENT (  '', '', ( #5727 ) ) ;
#2921 = CARTESIAN_POINT ( 'NONE',  ( 10.30423112829242704, 2.999999994689909411, 6.425369620531095727 ) ) ;
#2922 = CIRCLE ( 'NONE', #5837, 1.000000000000000888 ) ;
#2923 = MECHANICAL_DESIGN_GEOMETRIC_PRESENTATION_REPRESENTATION (  '', ( #1352 ), #6815 ) ;
#2924 = AXIS2_PLACEMENT_3D ( 'NONE', #585, #5889, #5494 ) ;
#2925 = SURFACE_SIDE_STYLE ('',( #3342 ) ) ;
#2926 = COLOUR_RGB ( '',1.000000000000000000, 1.000000000000000000, 1.000000000000000000 ) ;
#2927 = EDGE_CURVE ( 'NONE', #966, #5681, #4980, .T. ) ;
#2928 = EDGE_CURVE ( 'NONE', #5000, #2381, #2861, .T. ) ;
#2929 = COLOUR_RGB ( '',1.000000000000000000, 1.000000000000000000, 1.000000000000000000 ) ;
#2930 = DIRECTION ( 'NONE',  ( 0.000000000000000000, -1.000000000000000000, 0.000000000000000000 ) ) ;
#2931 = CIRCLE ( 'NONE', #475, 3.250000000000001332 ) ;
#2932 = CIRCLE ( 'NONE', #4609, 2.000000000000000000 ) ;
#2933 = DIRECTION ( 'NONE',  ( 0.000000000000000000, 0.000000000000000000, 1.000000000000000000 ) ) ;
#2934 = SURFACE_STYLE_USAGE ( .BOTH. , #923 ) ;
#2935 = EDGE_CURVE ( 'NONE', #4688, #5246, #1631, .T. ) ;
#2937 = DIRECTION ( 'NONE',  ( -0.000000000000000000, -1.000000000000000000, -0.000000000000000000 ) ) ;
#2936 = CARTESIAN_POINT ( 'NONE',  ( -11.74999999999999822, 4.784118327815233052, -8.750000000000099476 ) ) ;
#2938 = ORIENTED_EDGE ( 'NONE', *, *, #5382, .F. ) ;
#2939 = LINE ( 'NONE', #4993, #4906 ) ;
#2940 = DIRECTION ( 'NONE',  ( 0.000000000000000000, 1.000000000000000000, 0.000000000000000000 ) ) ;
#2941 = FILL_AREA_STYLE_COLOUR ( '', #3899 ) ;
#2942 =( LENGTH_UNIT ( ) NAMED_UNIT ( * ) SI_UNIT ( .MILLI., .METRE. ) );
#2943 = ORIENTED_EDGE ( 'NONE', *, *, #1468, .T. ) ;
#2944 = ORIENTED_EDGE ( 'NONE', *, *, #4742, .F. ) ;
#2945 = VERTEX_POINT ( 'NONE', #1846 ) ;
#2946 = DIRECTION ( 'NONE',  ( 0.000000000000000000, -1.000000000000000000, 0.000000000000000000 ) ) ;
#2947 = FILL_AREA_STYLE_COLOUR ( '', #881 ) ;
#2948 = FACE_OUTER_BOUND ( 'NONE', #1851, .T. ) ;
#2949 = DIRECTION ( 'NONE',  ( 1.000000000000000000, 0.000000000000000000, 0.000000000000000000 ) ) ;
#2950 = VERTEX_POINT ( 'NONE', #362 ) ;
#2951 = ORIENTED_EDGE ( 'NONE', *, *, #6779, .T. ) ;
#2952 = FILL_AREA_STYLE_COLOUR ( '', #813 ) ;
#2953 = SURFACE_STYLE_FILL_AREA ( #3474 ) ;
#2954 =( NAMED_UNIT ( * ) SI_UNIT ( $, .STERADIAN. ) SOLID_ANGLE_UNIT ( ) );
#2955 = FILL_AREA_STYLE ('',( #839 ) ) ;
#2956 = EDGE_CURVE ( 'NONE', #6184, #2692, #2196, .T. ) ;
#2957 = ORIENTED_EDGE ( 'NONE', *, *, #1729, .T. ) ;
#2958 = CARTESIAN_POINT ( 'NONE',  ( 8.025000000000000355, 5.000000000000000000, -6.250000000000000888 ) ) ;
#2959 = CARTESIAN_POINT ( 'NONE',  ( -4.999999999999997335, 10.00000000000000000, 19.84999999999999787 ) ) ;
#2960 = UNCERTAINTY_MEASURE_WITH_UNIT (LENGTH_MEASURE( 1.000000000000000082E-05 ), #1938, 'distance_accuracy_value', 'NONE');
#2961 = FACE_BOUND ( 'NONE', #969, .T. ) ;
#2962 = EDGE_LOOP ( 'NONE', ( #3250, #4267, #3330, #934 ) ) ;
#2963 = UNCERTAINTY_MEASURE_WITH_UNIT (LENGTH_MEASURE( 1.000000000000000082E-05 ), #2229, 'distance_accuracy_value', 'NONE');
#2964 = PLANE ( 'NONE',  #5937 ) ;
#2965 = LINE ( 'NONE', #3986, #6205 ) ;
#2966 = FILL_AREA_STYLE ('',( #2941 ) ) ;
#2967 = SURFACE_STYLE_FILL_AREA ( #3987 ) ;
#2968 = ORIENTED_EDGE ( 'NONE', *, *, #3798, .T. ) ;
#2969 = EDGE_CURVE ( 'NONE', #5748, #6060, #780, .T. ) ;
#2970 = ORIENTED_EDGE ( 'NONE', *, *, #2081, .F. ) ;
#2971 = PRESENTATION_STYLE_ASSIGNMENT (( #6150 ) ) ;
#2972 = MECHANICAL_DESIGN_GEOMETRIC_PRESENTATION_REPRESENTATION (  '', ( #6748 ), #4767 ) ;
#2973 = ORIENTED_EDGE ( 'NONE', *, *, #388, .F. ) ;
#2974 = LINE ( 'NONE', #5070, #259 ) ;
#2975 = VECTOR ( 'NONE', #3511, 1000.000000000000000 ) ;
#2976 =( NAMED_UNIT ( * ) SI_UNIT ( $, .STERADIAN. ) SOLID_ANGLE_UNIT ( ) );
#2977 = DIRECTION ( 'NONE',  ( 2.973811673103097665E-16, -0.000000000000000000, 1.000000000000000000 ) ) ;
#2978 = ORIENTED_EDGE ( 'NONE', *, *, #6842, .F. ) ;
#2979 = EDGE_LOOP ( 'NONE', ( #2285, #5098, #4070, #3077 ) ) ;
#2980 = FACE_OUTER_BOUND ( 'NONE', #721, .T. ) ;
#2981 = FILL_AREA_STYLE ('',( #970 ) ) ;
#2982 = COLOUR_RGB ( '',1.000000000000000000, 1.000000000000000000, 1.000000000000000000 ) ;
#2983 =( GEOMETRIC_REPRESENTATION_CONTEXT ( 3 ) GLOBAL_UNCERTAINTY_ASSIGNED_CONTEXT ( ( #3523 ) ) GLOBAL_UNIT_ASSIGNED_CONTEXT ( ( #5809, #6754, #6347 ) ) REPRESENTATION_CONTEXT ( 'NONE', 'WORKASPACE' ) );
#2984 = CARTESIAN_POINT ( 'NONE',  ( -8.749999999999996447, 4.784118327815214400, 11.75000000000000533 ) ) ;
#2985 = ORIENTED_EDGE ( 'NONE', *, *, #1721, .T. ) ;
#2986 = DIRECTION ( 'NONE',  ( 0.000000000000000000, 1.000000000000000000, -0.000000000000000000 ) ) ;
#2987 = AXIS2_PLACEMENT_3D ( 'NONE', #1559, #4224, #883 ) ;
#2988 = EDGE_CURVE ( 'NONE', #1998, #5681, #1394, .T. ) ;
#2989 = EDGE_CURVE ( 'NONE', #3041, #4631, #2965, .T. ) ;
#2990 = FILL_AREA_STYLE ('',( #6229 ) ) ;
#2991 = DIRECTION ( 'NONE',  ( -1.000000000000000000, 0.000000000000000000, 0.000000000000000000 ) ) ;
#2992 =( LENGTH_UNIT ( ) NAMED_UNIT ( * ) SI_UNIT ( .MILLI., .METRE. ) );
#2993 = MECHANICAL_DESIGN_GEOMETRIC_PRESENTATION_REPRESENTATION (  '', ( #5907 ), #4435 ) ;
#2994 = CIRCLE ( 'NONE', #3206, 1.075000000000003064 ) ;
#2995 = CIRCLE ( 'NONE', #1873, 1.775000000000003242 ) ;
#2996 =( GEOMETRIC_REPRESENTATION_CONTEXT ( 3 ) GLOBAL_UNCERTAINTY_ASSIGNED_CONTEXT ( ( #249 ) ) GLOBAL_UNIT_ASSIGNED_CONTEXT ( ( #3396, #4974, #3858 ) ) REPRESENTATION_CONTEXT ( 'NONE', 'WORKASPACE' ) );
#2997 = CARTESIAN_POINT ( 'NONE',  ( -5.946512114410402283, 3.000000000000000000, -9.869986901028406479 ) ) ;
#2998 = CARTESIAN_POINT ( 'NONE',  ( 11.35239049452331628, 4.847573141624701876, -10.25533786589564400 ) ) ;
#2999 = SURFACE_SIDE_STYLE ('',( #417 ) ) ;
#3000 = PRESENTATION_LAYER_ASSIGNMENT (  '', '', ( #1433 ) ) ;
#3001 = DIRECTION ( 'NONE',  ( 0.000000000000000000, 0.000000000000000000, 1.000000000000000000 ) ) ;
#3003 = DIRECTION ( 'NONE',  ( 1.000000000000000000, 0.000000000000000000, 0.000000000000000000 ) ) ;
#3002 = FILL_AREA_STYLE_COLOUR ( '', #3721 ) ;
#3004 = AXIS2_PLACEMENT_3D ( 'NONE', #1899, #6738, #3608 ) ;
#3005 = ORIENTED_EDGE ( 'NONE', *, *, #3798, .F. ) ;
#3006 = FILL_AREA_STYLE_COLOUR ( '', #2013 ) ;
#3007 = DIRECTION ( 'NONE',  ( 0.000000000000000000, 0.000000000000000000, -1.000000000000000000 ) ) ;
#3008 = FACE_OUTER_BOUND ( 'NONE', #5100, .T. ) ;
#3009 = ORIENTED_EDGE ( 'NONE', *, *, #6719, .F. ) ;
#3010 = ORIENTED_EDGE ( 'NONE', *, *, #6343, .T. ) ;
#3011 = AXIS2_PLACEMENT_3D ( 'NONE', #4986, #5550, #772 ) ;
#3012 = AXIS2_PLACEMENT_3D ( 'NONE', #5887, #1179, #1205 ) ;
#3013 = ORIENTED_EDGE ( 'NONE', *, *, #1187, .T. ) ;
#3014 = CARTESIAN_POINT ( 'NONE',  ( 18.91510639674013916, 10.00000000000000000, -18.91510639674013916 ) ) ;
#3015 = EDGE_CURVE ( 'NONE', #4929, #2450, #1427, .T. ) ;
#3017 = CARTESIAN_POINT ( 'NONE',  ( 16.56599923110718109, 10.00000000000000000, -19.84999999999999787 ) ) ;
#3016 = SURFACE_STYLE_FILL_AREA ( #790 ) ;
#3018 = EDGE_CURVE ( 'NONE', #5869, #2557, #5064, .T. ) ;
#3019 = EDGE_LOOP ( 'NONE', ( #3724, #3851, #1026, #6117 ) ) ;
#3020 = ORIENTED_EDGE ( 'NONE', *, *, #1804, .F. ) ;
#3021 =( NAMED_UNIT ( * ) SI_UNIT ( $, .STERADIAN. ) SOLID_ANGLE_UNIT ( ) );
#3022 = AXIS2_PLACEMENT_3D ( 'NONE', #5409, #467, #962 ) ;
#3023 = EDGE_LOOP ( 'NONE', ( #3493, #4853 ) ) ;
#3024 = FILL_AREA_STYLE_COLOUR ( '', #3807 ) ;
#3025 = AXIS2_PLACEMENT_3D ( 'NONE', #5472, #3369, #2779 ) ;
#3026 = CARTESIAN_POINT ( 'NONE',  ( 8.024999999999996803, 5.000000000000000000, 5.250000000000004441 ) ) ;
#3027 = SURFACE_STYLE_USAGE ( .BOTH. , #4074 ) ;
#3028 = DIRECTION ( 'NONE',  ( 0.000000000000000000, 1.000000000000000000, -0.000000000000000000 ) ) ;
#3029 = AXIS2_PLACEMENT_3D ( 'NONE', #146, #6518, #774 ) ;
#3030 = VECTOR ( 'NONE', #1594, 1000.000000000000000 ) ;
#3031 =( GEOMETRIC_REPRESENTATION_CONTEXT ( 3 ) GLOBAL_UNCERTAINTY_ASSIGNED_CONTEXT ( ( #4219 ) ) GLOBAL_UNIT_ASSIGNED_CONTEXT ( ( #2536, #4116, #3101 ) ) REPRESENTATION_CONTEXT ( 'NONE', 'WORKASPACE' ) );
#3032 = AXIS2_PLACEMENT_3D ( 'NONE', #798, #343, #4040 ) ;
#3033 = SURFACE_SIDE_STYLE ('',( #4607 ) ) ;
#3034 = MECHANICAL_DESIGN_GEOMETRIC_PRESENTATION_REPRESENTATION (  '', ( #143 ), #6587 ) ;
#3035 = AXIS2_PLACEMENT_3D ( 'NONE', #4340, #2251, #1149 ) ;
#3036 = AXIS2_PLACEMENT_3D ( 'NONE', #3391, #824, #2405 ) ;
#3037 = VECTOR ( 'NONE', #1215, 1000.000000000000000 ) ;
#3038 = FILL_AREA_STYLE_COLOUR ( '', #4309 ) ;
#3039 = FILL_AREA_STYLE_COLOUR ( '', #2649 ) ;
#3040 = PRESENTATION_LAYER_ASSIGNMENT (  '', '', ( #3826 ) ) ;
#3041 = VERTEX_POINT ( 'NONE', #324 ) ;
#3042 = UNCERTAINTY_MEASURE_WITH_UNIT (LENGTH_MEASURE( 1.000000000000000082E-05 ), #5438, 'distance_accuracy_value', 'NONE');
#3043 = DIRECTION ( 'NONE',  ( 0.000000000000000000, 0.000000000000000000, 1.000000000000000000 ) ) ;
#3044 = CYLINDRICAL_SURFACE ( 'NONE', #5327, 1.774999999999996136 ) ;
#3045 = ORIENTED_EDGE ( 'NONE', *, *, #4532, .F. ) ;
#3046 = CARTESIAN_POINT ( 'NONE',  ( 8.025000000000000355, 7.500000000000000000, -8.025000000000000355 ) ) ;
#3047 = MECHANICAL_DESIGN_GEOMETRIC_PRESENTATION_REPRESENTATION (  '', ( #2485 ), #1481 ) ;
#3048 = VERTEX_POINT ( 'NONE', #5132 ) ;
#3049 = CARTESIAN_POINT ( 'NONE',  ( 0.000000000000000000, 9.000000000000001776, 19.84999999999999787 ) ) ;
#3050 = CARTESIAN_POINT ( 'NONE',  ( 8.025000000000003908, 7.500000000000000000, 6.949999999999997513 ) ) ;
#3051 = EDGE_CURVE ( 'NONE', #818, #1637, #5601, .T. ) ;
#3052 = CYLINDRICAL_SURFACE ( 'NONE', #1808, 3.250000000000001332 ) ;
#3053 = VERTEX_POINT ( 'NONE', #6209 ) ;
#3054 = EDGE_LOOP ( 'NONE', ( #535, #2299, #1182, #6382 ) ) ;
#3055 = DIRECTION ( 'NONE',  ( 0.000000000000000000, 0.000000000000000000, 1.000000000000000000 ) ) ;
#3056 = VECTOR ( 'NONE', #5166, 1000.000000000000000 ) ;
#3057 = SURFACE_STYLE_FILL_AREA ( #4037 ) ;
#3058 = PRESENTATION_STYLE_ASSIGNMENT (( #4593 ) ) ;
#3059 = PLANE ( 'NONE',  #6774 ) ;
#3060 = VERTEX_POINT ( 'NONE', #6181 ) ;
#3061 = CARTESIAN_POINT ( 'NONE',  ( 9.717478022909471491, 2.999999999316275812, 10.22596654526678073 ) ) ;
#3062 = FILL_AREA_STYLE ('',( #6365 ) ) ;
#3063 = DIRECTION ( 'NONE',  ( 0.000000000000000000, 0.000000000000000000, 1.000000000000000000 ) ) ;
#3064 = CARTESIAN_POINT ( 'NONE',  ( 8.024999999999996803, 3.000000000000000000, -8.025000000000000355 ) ) ;
#3065 = CARTESIAN_POINT ( 'NONE',  ( -15.37957249080740851, 0.000000000000000000, -15.37957249080740496 ) ) ;
#3066 = EDGE_CURVE ( 'NONE', #2666, #1942, #5437, .T. ) ;
#3067 = FILL_AREA_STYLE ('',( #6198 ) ) ;
#3069 = CYLINDRICAL_SURFACE ( 'NONE', #308, 1.000000000000000888 ) ;
#3068 = FILL_AREA_STYLE_COLOUR ( '', #6830 ) ;
#3070 = ADVANCED_FACE ( 'NONE', ( #3559 ), #5706, .T. ) ;
#3071 = ORIENTED_EDGE ( 'NONE', *, *, #3153, .F. ) ;
#3072 = CARTESIAN_POINT ( 'NONE',  ( -2.999999999999997335, 4.999999999999999112, 19.84999999999999787 ) ) ;
#3073 =( LENGTH_UNIT ( ) NAMED_UNIT ( * ) SI_UNIT ( .MILLI., .METRE. ) );
#3074 = CARTESIAN_POINT ( 'NONE',  ( -11.74999999999999645, 4.711159729501218862, 8.275771039781027127 ) ) ;
#3075 =( NAMED_UNIT ( * ) PLANE_ANGLE_UNIT ( ) SI_UNIT ( $, .RADIAN. ) );
#3076 = PRESENTATION_STYLE_ASSIGNMENT (( #6731 ) ) ;
#3077 = ORIENTED_EDGE ( 'NONE', *, *, #6255, .F. ) ;
#3078 = SURFACE_SIDE_STYLE ('',( #6733 ) ) ;
#3079 = VERTEX_POINT ( 'NONE', #1366 ) ;
#3080 = ADVANCED_FACE ( 'NONE', ( #3490 ), #3044, .T. ) ;
#3081 = CARTESIAN_POINT ( 'NONE',  ( -19.85000000000000497, 9.000000000000001776, -16.56599923110717754 ) ) ;
#3082 = SURFACE_SIDE_STYLE ('',( #339 ) ) ;
#3083 = CARTESIAN_POINT ( 'NONE',  ( 8.024999999999996803, 5.000000000000000000, -8.025000000000000355 ) ) ;
#3084 = CARTESIAN_POINT ( 'NONE',  ( -10.73249685147498944, 4.854173263908024616, 11.01015130539788700 ) ) ;
#3085 = ORIENTED_EDGE ( 'NONE', *, *, #497, .F. ) ;
#3086 = VECTOR ( 'NONE', #4311, 1000.000000000000000 ) ;
#3087 = FILL_AREA_STYLE ('',( #2564 ) ) ;
#3088 = PRESENTATION_STYLE_ASSIGNMENT (( #3027 ) ) ;
#3089 =( GEOMETRIC_REPRESENTATION_CONTEXT ( 3 ) GLOBAL_UNCERTAINTY_ASSIGNED_CONTEXT ( ( #2401 ) ) GLOBAL_UNIT_ASSIGNED_CONTEXT ( ( #2521, #6196, #5223 ) ) REPRESENTATION_CONTEXT ( 'NONE', 'WORKASPACE' ) );
#3090 = CARTESIAN_POINT ( 'NONE',  ( 18.20799961555358948, 9.000000000000001776, 18.20799961555358948 ) ) ;
#3091 = DIRECTION ( 'NONE',  ( 0.000000000000000000, 1.000000000000000000, 0.000000000000000000 ) ) ;
#3092 = VECTOR ( 'NONE', #6041, 1000.000000000000000 ) ;
#3093 = ORIENTED_EDGE ( 'NONE', *, *, #5414, .T. ) ;
#3094 =( LENGTH_UNIT ( ) NAMED_UNIT ( * ) SI_UNIT ( .MILLI., .METRE. ) );
#3095 = EDGE_CURVE ( 'NONE', #1245, #5069, #2201, .T. ) ;
#3096 = AXIS2_PLACEMENT_3D ( 'NONE', #4516, #3965, #1307 ) ;
#3097 = CIRCLE ( 'NONE', #558, 1.074999999999999512 ) ;
#3098 = AXIS2_PLACEMENT_3D ( 'NONE', #2461, #869, #2052 ) ;
#3099 = UNCERTAINTY_MEASURE_WITH_UNIT (LENGTH_MEASURE( 1.000000000000000082E-05 ), #6118, 'distance_accuracy_value', 'NONE');
#3100 = DIRECTION ( 'NONE',  ( 0.000000000000000000, -0.000000000000000000, 1.000000000000000000 ) ) ;
#3101 =( NAMED_UNIT ( * ) SI_UNIT ( $, .STERADIAN. ) SOLID_ANGLE_UNIT ( ) );
#3102 = AXIS2_PLACEMENT_3D ( 'NONE', #6626, #4370, #5518 ) ;
#3103 = STYLED_ITEM ( 'NONE', ( #4133 ), #3591 ) ;
#3104 = CARTESIAN_POINT ( 'NONE',  ( 10.16046778820074614, 3.510353687308862547, -11.40530454249131687 ) ) ;
#3105 = DIRECTION ( 'NONE',  ( 0.000000000000000000, 0.000000000000000000, -1.000000000000000000 ) ) ;
#3107 = SURFACE_SIDE_STYLE ('',( #2170 ) ) ;
#3106 = CARTESIAN_POINT ( 'NONE',  ( -10.30423112829220322, 2.999999994689880989, -6.425369620530986481 ) ) ;
#3108 = VERTEX_POINT ( 'NONE', #996 ) ;
#3109 = PLANE ( 'NONE',  #5016 ) ;
#3110 =( NAMED_UNIT ( * ) SI_UNIT ( $, .STERADIAN. ) SOLID_ANGLE_UNIT ( ) );
#3111 = VECTOR ( 'NONE', #4302, 1000.000000000000000 ) ;
#3112 = CARTESIAN_POINT ( 'NONE',  ( -11.74999999999999645, 4.737447233600454055, 7.554772149253391689 ) ) ;
#3113 = SURFACE_SIDE_STYLE ('',( #1398 ) ) ;
#3114 = VERTEX_POINT ( 'NONE', #426 ) ;
#3115 = STYLED_ITEM ( 'NONE', ( #5994 ), #212 ) ;
#3116 = MECHANICAL_DESIGN_GEOMETRIC_PRESENTATION_REPRESENTATION (  '', ( #672 ), #3900 ) ;
#3117 = EDGE_CURVE ( 'NONE', #6047, #3048, #6101, .T. ) ;
#3119 = DIRECTION ( 'NONE',  ( -0.000000000000000000, -1.000000000000000000, -0.000000000000000000 ) ) ;
#3118 = CARTESIAN_POINT ( 'NONE',  ( 11.74999999999999822, 3.560749770959601435, -8.698061147984908814 ) ) ;
#3120 = EDGE_LOOP ( 'NONE', ( #2798, #4625, #3263, #2420 ) ) ;
#3121 = CARTESIAN_POINT ( 'NONE',  ( 7.118877448778451189, 2.999999993085963990, -10.65315475726397842 ) ) ;
#3122 = LINE ( 'NONE', #2639, #4558 ) ;
#3123 = AXIS2_PLACEMENT_3D ( 'NONE', #988, #4183, #6721 ) ;
#3124 = ORIENTED_EDGE ( 'NONE', *, *, #4228, .F. ) ;
#3125 = DIRECTION ( 'NONE',  ( -0.000000000000000000, -1.000000000000000000, -0.000000000000000000 ) ) ;
#3126 = CARTESIAN_POINT ( 'NONE',  ( -6.504916941037938827, 3.414246218433180324, 11.75000000000000888 ) ) ;
#3127 = DIRECTION ( 'NONE',  ( 0.000000000000000000, 0.000000000000000000, 1.000000000000000000 ) ) ;
#3128 = CARTESIAN_POINT ( 'NONE',  ( 5.000000000000002665, 4.999999999999999112, 11.75000000000000355 ) ) ;
#3129 =( NAMED_UNIT ( * ) SI_UNIT ( $, .STERADIAN. ) SOLID_ANGLE_UNIT ( ) );
#3130 = FILL_AREA_STYLE ('',( #1023 ) ) ;
#3131 = ORIENTED_EDGE ( 'NONE', *, *, #5188, .T. ) ;
#3132 = ADVANCED_FACE ( 'NONE', ( #1529 ), #6352, .T. ) ;
#3133 = CARTESIAN_POINT ( 'NONE',  ( -7.070270749635008123, 4.828844623781686884, -11.74999999999999822 ) ) ;
#3134 = COLOUR_RGB ( '',1.000000000000000000, 1.000000000000000000, 1.000000000000000000 ) ;
#3135 =( GEOMETRIC_REPRESENTATION_CONTEXT ( 3 ) GLOBAL_UNCERTAINTY_ASSIGNED_CONTEXT ( ( #3516 ) ) GLOBAL_UNIT_ASSIGNED_CONTEXT ( ( #6020, #5458, #183 ) ) REPRESENTATION_CONTEXT ( 'NONE', 'WORKASPACE' ) );
#3136 =( NAMED_UNIT ( * ) PLANE_ANGLE_UNIT ( ) SI_UNIT ( $, .RADIAN. ) );
#3137 = ADVANCED_FACE ( 'NONE', ( #5851 ), #574, .T. ) ;
#3138 = DIRECTION ( 'NONE',  ( 0.000000000000000000, 0.000000000000000000, -1.000000000000000000 ) ) ;
#3139 = STYLED_ITEM ( 'NONE', ( #6468 ), #5032 ) ;
#3140 = FILL_AREA_STYLE_COLOUR ( '', #266 ) ;
#3141 = CARTESIAN_POINT ( 'NONE',  ( 11.73032227390230631, 4.807721502457805052, 9.144742004345747688 ) ) ;
#3143 = CARTESIAN_POINT ( 'NONE',  ( 8.510167622307973190, 4.737042187912661184, -11.74999999999999645 ) ) ;
#3142 = FACE_OUTER_BOUND ( 'NONE', #4295, .T. ) ;
#3144 = PRESENTATION_LAYER_ASSIGNMENT (  '', '', ( #6045 ) ) ;
#3145 = ORIENTED_EDGE ( 'NONE', *, *, #1526, .F. ) ;
#3146 = CARTESIAN_POINT ( 'NONE',  ( 4.171572875253811929, 2.999999999999998668, 10.92157287525381371 ) ) ;
#3147 = FILL_AREA_STYLE ('',( #4230 ) ) ;
#3148 = VECTOR ( 'NONE', #330, 1000.000000000000000 ) ;
#3149 = CARTESIAN_POINT ( 'NONE',  ( -16.56599923110718109, 10.00000000000000000, -19.84999999999999787 ) ) ;
#3150 = AXIS2_PLACEMENT_3D ( 'NONE', #6322, #5883, #2144 ) ;
#3151 = ORIENTED_EDGE ( 'NONE', *, *, #3402, .F. ) ;
#3152 = CARTESIAN_POINT ( 'NONE',  ( -15.37957249080740851, 0.000000000000000000, -12.12957249080740318 ) ) ;
#3153 = EDGE_CURVE ( 'NONE', #1743, #4545, #3874, .T. ) ;
#3154 = CIRCLE ( 'NONE', #604, 0.9999999999999988898 ) ;
#3155 =( NAMED_UNIT ( * ) SI_UNIT ( $, .STERADIAN. ) SOLID_ANGLE_UNIT ( ) );
#3157 = PRESENTATION_STYLE_ASSIGNMENT (( #2632 ) ) ;
#3156 = CARTESIAN_POINT ( 'NONE',  ( 11.74999999999999822, 4.701727787528178659, -7.916877620263508497 ) ) ;
#3158 = CARTESIAN_POINT ( 'NONE',  ( 8.750000000000001776, 3.000000000000000000, 11.75000000000000355 ) ) ;
#3159 = EDGE_LOOP ( 'NONE', ( #2287, #3131, #625, #5882 ) ) ;
#3160 = DIRECTION ( 'NONE',  ( 0.000000000000000000, 0.000000000000000000, 1.000000000000000000 ) ) ;
#3161 = CARTESIAN_POINT ( 'NONE',  ( 5.851293488071583226, 3.000000000000000000, -11.74999999999999645 ) ) ;
#3162 = CARTESIAN_POINT ( 'NONE',  ( -9.100200439206487246, 2.999999999999999556, -10.58323552776716703 ) ) ;
#3163 = ORIENTED_EDGE ( 'NONE', *, *, #2928, .F. ) ;
#3164 = CARTESIAN_POINT ( 'NONE',  ( 8.750000000000001776, 4.784118327815216176, 11.75000000000000533 ) ) ;
#3165 = STYLED_ITEM ( 'NONE', ( #5596 ), #6612 ) ;
#3166 = DIRECTION ( 'NONE',  ( 0.000000000000000000, -1.000000000000000000, 0.000000000000000000 ) ) ;
#3167 = SURFACE_STYLE_USAGE ( .BOTH. , #6884 ) ;
#3168 = CARTESIAN_POINT ( 'NONE',  ( -11.59740949535871302, 4.832367273471385616, -9.715111331886474133 ) ) ;
#3169 =( NAMED_UNIT ( * ) PLANE_ANGLE_UNIT ( ) SI_UNIT ( $, .RADIAN. ) );
#3170 = DIRECTION ( 'NONE',  ( -0.000000000000000000, -1.000000000000000000, -0.000000000000000000 ) ) ;
#3171 = VERTEX_POINT ( 'NONE', #5509 ) ;
#3172 = LINE ( 'NONE', #6569, #4159 ) ;
#3173 =( LENGTH_UNIT ( ) NAMED_UNIT ( * ) SI_UNIT ( .MILLI., .METRE. ) );
#3174 = UNCERTAINTY_MEASURE_WITH_UNIT (LENGTH_MEASURE( 1.000000000000000082E-05 ), #3237, 'distance_accuracy_value', 'NONE');
#3175 = FILL_AREA_STYLE_COLOUR ( '', #6151 ) ;
#3176 = CARTESIAN_POINT ( 'NONE',  ( -16.56599923110717754, 0.000000000000000000, -19.84999999999999787 ) ) ;
#3177 = CARTESIAN_POINT ( 'NONE',  ( 11.75000000000000000, 3.524697209923718155, -8.997208843581367077 ) ) ;
#3178 =( NAMED_UNIT ( * ) PLANE_ANGLE_UNIT ( ) SI_UNIT ( $, .RADIAN. ) );
#3180 = DIRECTION ( 'NONE',  ( 0.000000000000000000, 0.000000000000000000, -1.000000000000000000 ) ) ;
#3179 = SURFACE_STYLE_USAGE ( .BOTH. , #3701 ) ;
#3181 = ORIENTED_EDGE ( 'NONE', *, *, #762, .T. ) ;
#3182 = UNCERTAINTY_MEASURE_WITH_UNIT (LENGTH_MEASURE( 1.000000000000000082E-05 ), #5102, 'distance_accuracy_value', 'NONE');
#3183 = DIRECTION ( 'NONE',  ( -1.000000000000000000, 0.000000000000000000, 0.000000000000000000 ) ) ;
#3184 = FACE_OUTER_BOUND ( 'NONE', #5497, .T. ) ;
#3185 = ORIENTED_EDGE ( 'NONE', *, *, #383, .T. ) ;
#3186 = PRESENTATION_STYLE_ASSIGNMENT (( #22 ) ) ;
#3187 = EDGE_LOOP ( 'NONE', ( #4518, #3009, #1090, #424 ) ) ;
#3188 = FILL_AREA_STYLE_COLOUR ( '', #1446 ) ;
#3189 = CARTESIAN_POINT ( 'NONE',  ( -8.749999999999996447, 9.000000000000001776, 11.75000000000000533 ) ) ;
#3190 = CARTESIAN_POINT ( 'NONE',  ( 16.56599923110718109, 0.000000000000000000, -19.84999999999999787 ) ) ;
#3191 = CARTESIAN_POINT ( 'NONE',  ( -8.997208843581368853, 3.524697209923717711, -11.74999999999999645 ) ) ;
#3192 = VERTEX_POINT ( 'NONE', #241 ) ;
#3193 = CYLINDRICAL_SURFACE ( 'NONE', #4249, 1.699999999999994849 ) ;
#3194 =( NAMED_UNIT ( * ) SI_UNIT ( $, .STERADIAN. ) SOLID_ANGLE_UNIT ( ) );
#3195 = CARTESIAN_POINT ( 'NONE',  ( -8.749999999999996447, 4.784118327815214400, 11.75000000000000533 ) ) ;
#3196 = LINE ( 'NONE', #596, #1870 ) ;
#3197 = ADVANCED_FACE ( 'NONE', ( #3945 ), #5082, .T. ) ;
#3198 = COLOUR_RGB ( '',1.000000000000000000, 1.000000000000000000, 1.000000000000000000 ) ;
#3199 = STYLED_ITEM ( 'NONE', ( #2502 ), #1819 ) ;
#3200 = CARTESIAN_POINT ( 'NONE',  ( -9.100200439206526326, 2.999999999999999112, 10.58323552776714926 ) ) ;
#3201 = SURFACE_STYLE_USAGE ( .BOTH. , #2187 ) ;
#3202 = STYLED_ITEM ( 'NONE', ( #1298 ), #3080 ) ;
#3203 = DIRECTION ( 'NONE',  ( 0.000000000000000000, 0.000000000000000000, -1.000000000000000000 ) ) ;
#3204 = AXIS2_PLACEMENT_3D ( 'NONE', #2195, #634, #4632 ) ;
#3205 = CARTESIAN_POINT ( 'NONE',  ( -8.749999999999996447, 4.784118327815212623, -11.74999999999999822 ) ) ;
#3206 = AXIS2_PLACEMENT_3D ( 'NONE', #981, #3091, #2570 ) ;
#3207 = CARTESIAN_POINT ( 'NONE',  ( -16.56599923110718109, 0.000000000000000000, -19.84999999999999787 ) ) ;
#3208 = CARTESIAN_POINT ( 'NONE',  ( 18.91510639674013916, 0.9999999999999991118, -18.91510639674013916 ) ) ;
#3209 = VERTEX_POINT ( 'NONE', #801 ) ;
#3210 =( NAMED_UNIT ( * ) SI_UNIT ( $, .STERADIAN. ) SOLID_ANGLE_UNIT ( ) );
#3211 = DIRECTION ( 'NONE',  ( 0.000000000000000000, 0.000000000000000000, -1.000000000000000000 ) ) ;
#3212 = CIRCLE ( 'NONE', #3769, 0.7000000000000000666 ) ;
#3213 = SURFACE_SIDE_STYLE ('',( #1101 ) ) ;
#3214 = EDGE_LOOP ( 'NONE', ( #3711, #3455, #2951, #1437 ) ) ;
#3216 = FACE_OUTER_BOUND ( 'NONE', #3564, .T. ) ;
#3215 = CARTESIAN_POINT ( 'NONE',  ( 11.74999999999999822, 3.585684018395367989, -8.209039814144112768 ) ) ;
#3217 = EDGE_CURVE ( 'NONE', #5914, #1953, #1976, .T. ) ;
#3218 = ORIENTED_EDGE ( 'NONE', *, *, #1053, .F. ) ;
#3219 = FILL_AREA_STYLE ('',( #4930 ) ) ;
#3220 =( NAMED_UNIT ( * ) SI_UNIT ( $, .STERADIAN. ) SOLID_ANGLE_UNIT ( ) );
#3221 = CARTESIAN_POINT ( 'NONE',  ( -10.22566232963377608, 3.000000000315245607, -9.717854121198692852 ) ) ;
#3222 = EDGE_LOOP ( 'NONE', ( #152, #3013, #6834, #1748 ) ) ;
#3223 = EDGE_CURVE ( 'NONE', #5422, #1903, #283, .T. ) ;
#3224 =( NAMED_UNIT ( * ) PLANE_ANGLE_UNIT ( ) SI_UNIT ( $, .RADIAN. ) );
#3225 = PRESENTATION_LAYER_ASSIGNMENT (  '', '', ( #1324 ) ) ;
#3226 = SURFACE_STYLE_USAGE ( .BOTH. , #689 ) ;
#3227 = FILL_AREA_STYLE_COLOUR ( '', #6557 ) ;
#3228 = CARTESIAN_POINT ( 'NONE',  ( -16.56599923110718109, 9.000000000000001776, 19.84999999999999787 ) ) ;
#3229 = STYLED_ITEM ( 'NONE', ( #1428 ), #306 ) ;
#3230 =( GEOMETRIC_REPRESENTATION_CONTEXT ( 3 ) GLOBAL_UNCERTAINTY_ASSIGNED_CONTEXT ( ( #315 ) ) GLOBAL_UNIT_ASSIGNED_CONTEXT ( ( #304, #2414, #5181 ) ) REPRESENTATION_CONTEXT ( 'NONE', 'WORKASPACE' ) );
#3231 =( LENGTH_UNIT ( ) NAMED_UNIT ( * ) SI_UNIT ( .MILLI., .METRE. ) );
#3232 = STYLED_ITEM ( 'NONE', ( #2730 ), #415 ) ;
#3233 = PRESENTATION_LAYER_ASSIGNMENT (  '', '', ( #2337 ) ) ;
#3234 = CARTESIAN_POINT ( 'NONE',  ( -9.856430428804824118, 2.999999999684750396, 10.11175162409244521 ) ) ;
#3235 = FILL_AREA_STYLE ('',( #6404 ) ) ;
#3236 = MECHANICAL_DESIGN_GEOMETRIC_PRESENTATION_REPRESENTATION (  '', ( #6795 ), #3796 ) ;
#3237 =( LENGTH_UNIT ( ) NAMED_UNIT ( * ) SI_UNIT ( .MILLI., .METRE. ) );
#3238 = MECHANICAL_DESIGN_GEOMETRIC_PRESENTATION_REPRESENTATION (  '', ( #1796 ), #2021 ) ;
#3239 =( NAMED_UNIT ( * ) SI_UNIT ( $, .STERADIAN. ) SOLID_ANGLE_UNIT ( ) );
#3240 = PRESENTATION_LAYER_ASSIGNMENT (  '', '', ( #462 ) ) ;
#3241 = CARTESIAN_POINT ( 'NONE',  ( 17.27310601229372722, 0.9999999999999991118, -20.55710678118654755 ) ) ;
#3243 = CARTESIAN_POINT ( 'NONE',  ( -4.999999999999999112, -10.52072483264118574, 11.75000000000000533 ) ) ;
#3242 = CARTESIAN_POINT ( 'NONE',  ( -8.024999999999996803, 5.000000000000000000, 8.025000000000000355 ) ) ;
#3244 = VERTEX_POINT ( 'NONE', #6578 ) ;
#3245 = COLOUR_RGB ( '',1.000000000000000000, 1.000000000000000000, 1.000000000000000000 ) ;
#3246 = UNCERTAINTY_MEASURE_WITH_UNIT (LENGTH_MEASURE( 1.000000000000000082E-05 ), #4342, 'distance_accuracy_value', 'NONE');
#3247 = CARTESIAN_POINT ( 'NONE',  ( -8.749999999999996447, 4.784118327815212623, -11.74999999999999822 ) ) ;
#3248 = CARTESIAN_POINT ( 'NONE',  ( -11.74999999999999645, 4.971304314992174511, 6.344634930023410391 ) ) ;
#3249 = AXIS2_PLACEMENT_3D ( 'NONE', #1408, #1344, #3430 ) ;
#3250 = ORIENTED_EDGE ( 'NONE', *, *, #4280, .T. ) ;
#3251 = FACE_BOUND ( 'NONE', #4065, .T. ) ;
#3253 =( NAMED_UNIT ( * ) PLANE_ANGLE_UNIT ( ) SI_UNIT ( $, .RADIAN. ) );
#3252 =( LENGTH_UNIT ( ) NAMED_UNIT ( * ) SI_UNIT ( .MILLI., .METRE. ) );
#3254 = PRESENTATION_LAYER_ASSIGNMENT (  '', '', ( #4149 ) ) ;
#3255 = PRESENTATION_LAYER_ASSIGNMENT (  '', '', ( #2363 ) ) ;
#3256 = ORIENTED_EDGE ( 'NONE', *, *, #5938, .T. ) ;
#3257 = CARTESIAN_POINT ( 'NONE',  ( 8.156515923090777775, 4.702730040580029858, 11.75000000000000355 ) ) ;
#3258 = CARTESIAN_POINT ( 'NONE',  ( 8.750000000000001776, 9.000000000000001776, -12.74999999999999645 ) ) ;
#3259 = CYLINDRICAL_SURFACE ( 'NONE', #931, 2.774999999999996358 ) ;
#3260 = CARTESIAN_POINT ( 'NONE',  ( -16.56599923110718109, 1.000000000000000000, -20.85000000000000142 ) ) ;
#3261 = CARTESIAN_POINT ( 'NONE',  ( -10.74331763909488480, 3.505537683996600151, -10.99919412250357453 ) ) ;
#3262 = VECTOR ( 'NONE', #4828, 1000.000000000000000 ) ;
#3263 = ORIENTED_EDGE ( 'NONE', *, *, #3869, .T. ) ;
#3264 = CARTESIAN_POINT ( 'NONE',  ( 10.05050179272694777, 2.999999999162402009, 9.923976171076397179 ) ) ;
#3265 = STYLED_ITEM ( 'NONE', ( #3267 ), #6073 ) ;
#3266 = EDGE_CURVE ( 'NONE', #5957, #5251, #2888, .T. ) ;
#3267 = PRESENTATION_STYLE_ASSIGNMENT (( #3226 ) ) ;
#3268 = FACE_OUTER_BOUND ( 'NONE', #5824, .T. ) ;
#3269 =( NAMED_UNIT ( * ) SI_UNIT ( $, .STERADIAN. ) SOLID_ANGLE_UNIT ( ) );
#3270 =( GEOMETRIC_REPRESENTATION_CONTEXT ( 3 ) GLOBAL_UNCERTAINTY_ASSIGNED_CONTEXT ( ( #6376 ) ) GLOBAL_UNIT_ASSIGNED_CONTEXT ( ( #4761, #5175, #2102 ) ) REPRESENTATION_CONTEXT ( 'NONE', 'WORKASPACE' ) );
#3271 = SURFACE_SIDE_STYLE ('',( #4448 ) ) ;
#3272 = CARTESIAN_POINT ( 'NONE',  ( 19.84999999999999432, 9.000000000000001776, -16.56599923110718819 ) ) ;
#3273 = AXIS2_PLACEMENT_3D ( 'NONE', #6556, #5517, #2303 ) ;
#3274 = CARTESIAN_POINT ( 'NONE',  ( -10.99919412250380013, 3.505537683996583720, 10.74331763909466453 ) ) ;
#3275 = FACE_OUTER_BOUND ( 'NONE', #2305, .T. ) ;
#3276 = MECHANICAL_DESIGN_GEOMETRIC_PRESENTATION_REPRESENTATION (  '', ( #6278 ), #5622 ) ;
#3277 = EDGE_CURVE ( 'NONE', #578, #899, #429, .T. ) ;
#3278 = DIRECTION ( 'NONE',  ( 1.664003334270318564E-16, 0.000000000000000000, 1.000000000000000000 ) ) ;
#3279 = VECTOR ( 'NONE', #6620, 1000.000000000000000 ) ;
#3280 = FILL_AREA_STYLE_COLOUR ( '', #588 ) ;
#3281 = DIRECTION ( 'NONE',  ( 0.000000000000000000, 1.000000000000000000, -0.000000000000000000 ) ) ;
#3283 = DIRECTION ( 'NONE',  ( -1.000000000000000000, 0.000000000000000000, 1.664003334270318318E-16 ) ) ;
#3282 = LINE ( 'NONE', #1629, #5736 ) ;
#3284 = EDGE_CURVE ( 'NONE', #1573, #3560, #3426, .T. ) ;
#3285 = CARTESIAN_POINT ( 'NONE',  ( -12.74999999999999822, 9.000000000000001776, -8.749999999999996447 ) ) ;
#3286 = CARTESIAN_POINT ( 'NONE',  ( 6.097892163590166170, 4.999999999999999112, 11.75000000000000000 ) ) ;
#3287 = ORIENTED_EDGE ( 'NONE', *, *, #3485, .F. ) ;
#3288 = EDGE_CURVE ( 'NONE', #5708, #936, #6429, .T. ) ;
#3289 = ADVANCED_FACE ( 'NONE', ( #172 ), #4565, .T. ) ;
#3291 = CARTESIAN_POINT ( 'NONE',  ( 5.000000000000002665, 4.999999999999999112, 11.75000000000000355 ) ) ;
#3290 = CARTESIAN_POINT ( 'NONE',  ( 11.74999999999999822, 4.885989611787580955, -6.830053202116325828 ) ) ;
#3292 = ORIENTED_EDGE ( 'NONE', *, *, #2234, .T. ) ;
#3293 = DIRECTION ( 'NONE',  ( 0.000000000000000000, 0.000000000000000000, 1.000000000000000000 ) ) ;
#3294 = DIRECTION ( 'NONE',  ( -1.000000000000000000, -0.000000000000000000, -0.000000000000000000 ) ) ;
#3295 = CYLINDRICAL_SURFACE ( 'NONE', #1325, 1.000000000000000888 ) ;
#3296 = ORIENTED_EDGE ( 'NONE', *, *, #6449, .F. ) ;
#3297 = FACE_OUTER_BOUND ( 'NONE', #5092, .T. ) ;
#3298 = CARTESIAN_POINT ( 'NONE',  ( -11.74999999999999645, 9.000000000000001776, 8.750000000000001776 ) ) ;
#3299 = PRESENTATION_STYLE_ASSIGNMENT (( #2316 ) ) ;
#3300 = EDGE_CURVE ( 'NONE', #4661, #5828, #3882, .T. ) ;
#3301 =( NAMED_UNIT ( * ) PLANE_ANGLE_UNIT ( ) SI_UNIT ( $, .RADIAN. ) );
#3302 = FILL_AREA_STYLE_COLOUR ( '', #2148 ) ;
#3303 =( NAMED_UNIT ( * ) PLANE_ANGLE_UNIT ( ) SI_UNIT ( $, .RADIAN. ) );
#3304 = SURFACE_STYLE_FILL_AREA ( #3235 ) ;
#3305 = FACE_OUTER_BOUND ( 'NONE', #111, .T. ) ;
#3306 = SURFACE_STYLE_FILL_AREA ( #2227 ) ;
#3307 = AXIS2_PLACEMENT_3D ( 'NONE', #2225, #4349, #2125 ) ;
#3308 = PRESENTATION_LAYER_ASSIGNMENT (  '', '', ( #3199 ) ) ;
#3309 = CARTESIAN_POINT ( 'NONE',  ( -11.74999999999999645, 4.735892914036455181, 7.546605917942494912 ) ) ;
#3310 = EDGE_CURVE ( 'NONE', #3567, #3619, #6007, .T. ) ;
#3311 = DIRECTION ( 'NONE',  ( 0.000000000000000000, 0.000000000000000000, -1.000000000000000000 ) ) ;
#3312 = DIRECTION ( 'NONE',  ( 1.000000000000000000, -0.000000000000000000, 0.000000000000000000 ) ) ;
#3313 = VECTOR ( 'NONE', #2991, 1000.000000000000000 ) ;
#3314 = UNCERTAINTY_MEASURE_WITH_UNIT (LENGTH_MEASURE( 1.000000000000000082E-05 ), #2918, 'distance_accuracy_value', 'NONE');
#3315 = DIRECTION ( 'NONE',  ( 0.000000000000000000, 0.000000000000000000, -1.000000000000000000 ) ) ;
#3316 = CARTESIAN_POINT ( 'NONE',  ( 11.75000000000000355, 4.784118327815216176, 8.750000000000003553 ) ) ;
#3317 =( GEOMETRIC_REPRESENTATION_CONTEXT ( 3 ) GLOBAL_UNCERTAINTY_ASSIGNED_CONTEXT ( ( #4361 ) ) GLOBAL_UNIT_ASSIGNED_CONTEXT ( ( #2137, #1602, #3210 ) ) REPRESENTATION_CONTEXT ( 'NONE', 'WORKASPACE' ) );
#3318 = ORIENTED_EDGE ( 'NONE', *, *, #3933, .F. ) ;
#3319 = STYLED_ITEM ( 'NONE', ( #5342 ), #2347 ) ;
#3320 = CARTESIAN_POINT ( 'NONE',  ( 15.37957249080740851, 2.999999999999999112, 15.37957249080740496 ) ) ;
#3321 = CARTESIAN_POINT ( 'NONE',  ( -8.024999999999996803, 7.500000000000000000, 9.099999999999997868 ) ) ;
#3322 = ORIENTED_EDGE ( 'NONE', *, *, #1591, .F. ) ;
#3323 = CARTESIAN_POINT ( 'NONE',  ( 8.025000000000000355, 6.799999999999999822, -6.950000000000001066 ) ) ;
#3324 = MECHANICAL_DESIGN_GEOMETRIC_PRESENTATION_REPRESENTATION (  '', ( #5441 ), #5559 ) ;
#3325 = CIRCLE ( 'NONE', #317, 3.250000000000001332 ) ;
#3326 = DIRECTION ( 'NONE',  ( 1.000000000000000000, -0.000000000000000000, 0.000000000000000000 ) ) ;
#3327 = PRESENTATION_STYLE_ASSIGNMENT (( #3359 ) ) ;
#3328 = B_SPLINE_CURVE_WITH_KNOTS ( 'NONE', 3,
 ( #6446, #287, #5589, #5119, #6652, #1261, #4531, #5546, #4078, #3482, #3515, #2998, #2856, #3377, #248, #2469 ),
 .UNSPECIFIED., .F., .F.,
 ( 4, 2, 2, 2, 2, 2, 2, 4 ),
 ( 3.469446951953614189E-18, 0.0005938550238885416561, 0.001187710047777079843, 0.001781565071665618030, 0.002375420095554156216, 0.002969275119442694403, 0.003563130143331232590, 0.004750840191108308963 ),
 .UNSPECIFIED. ) ;
#3329 = ORIENTED_EDGE ( 'NONE', *, *, #1187, .F. ) ;
#3330 = ORIENTED_EDGE ( 'NONE', *, *, #39, .F. ) ;
#3331 = CYLINDRICAL_SURFACE ( 'NONE', #4044, 1.699999999999994849 ) ;
#3333 = ADVANCED_FACE ( 'NONE', ( #6197 ), #953, .F. ) ;
#3332 = CARTESIAN_POINT ( 'NONE',  ( -4.999999999999997335, -10.52072483264118574, 19.84999999999999787 ) ) ;
#3334 =( NAMED_UNIT ( * ) SI_UNIT ( $, .STERADIAN. ) SOLID_ANGLE_UNIT ( ) );
#3335 =( GEOMETRIC_REPRESENTATION_CONTEXT ( 3 ) GLOBAL_UNCERTAINTY_ASSIGNED_CONTEXT ( ( #4022 ) ) GLOBAL_UNIT_ASSIGNED_CONTEXT ( ( #2003, #5641, #1963 ) ) REPRESENTATION_CONTEXT ( 'NONE', 'WORKASPACE' ) );
#3336 = PRESENTATION_LAYER_ASSIGNMENT (  '', '', ( #1986 ) ) ;
#3337 = FILL_AREA_STYLE_COLOUR ( '', #2679 ) ;
#3338 = PRESENTATION_STYLE_ASSIGNMENT (( #6031 ) ) ;
#3339 = CARTESIAN_POINT ( 'NONE',  ( -15.37957249080740851, 10.00000000000000000, -17.07957249080740070 ) ) ;
#3340 = VECTOR ( 'NONE', #852, 1000.000000000000000 ) ;
#3341 = MECHANICAL_DESIGN_GEOMETRIC_PRESENTATION_REPRESENTATION (  '', ( #5462 ), #225 ) ;
#3342 = SURFACE_STYLE_FILL_AREA ( #2325 ) ;
#3343 = B_SPLINE_CURVE_WITH_KNOTS ( 'NONE', 3,
 ( #6623, #1735, #1326, #1292, #2298, #1839, #5514, #4427, #674, #6553 ),
 .UNSPECIFIED., .F., .F.,
 ( 4, 2, 2, 2, 4 ),
 ( 0.000000000000000000, 0.0007393883215136521844, 0.001478776643027304369, 0.002218164964540956553, 0.002957553286054608738 ),
 .UNSPECIFIED. ) ;
#3344 = CIRCLE ( 'NONE', #345, 1.000000000000000888 ) ;
#3345 = EDGE_CURVE ( 'NONE', #2836, #1335, #2994, .T. ) ;
#3346 = CARTESIAN_POINT ( 'NONE',  ( 20.55710678118654400, 1.000000000000000000, 17.27310601229373077 ) ) ;
#3347 = CARTESIAN_POINT ( 'NONE',  ( -12.74999999999999822, 9.000000000000001776, 8.750000000000001776 ) ) ;
#3348 = DIRECTION ( 'NONE',  ( -1.000000000000000000, 0.000000000000000000, 0.000000000000000000 ) ) ;
#3349 = DIRECTION ( 'NONE',  ( 0.000000000000000000, 0.000000000000000000, -1.000000000000000000 ) ) ;
#3350 = ORIENTED_EDGE ( 'NONE', *, *, #2901, .T. ) ;
#3351 = CARTESIAN_POINT ( 'NONE',  ( 5.851293488071588555, 5.000000000000000000, 11.75000000000000355 ) ) ;
#3352 = EDGE_LOOP ( 'NONE', ( #2445, #2239, #6840, #832 ) ) ;
#3353 = CARTESIAN_POINT ( 'NONE',  ( 8.376633265834565023, 3.580699138943824966, 11.75000000000000355 ) ) ;
#3354 = AXIS2_PLACEMENT_3D ( 'NONE', #738, #6012, #4955 ) ;
#3355 = DIRECTION ( 'NONE',  ( 0.000000000000000000, 0.000000000000000000, -1.000000000000000000 ) ) ;
#3356 =( GEOMETRIC_REPRESENTATION_CONTEXT ( 3 ) GLOBAL_UNCERTAINTY_ASSIGNED_CONTEXT ( ( #1914 ) ) GLOBAL_UNIT_ASSIGNED_CONTEXT ( ( #901, #2386, #403 ) ) REPRESENTATION_CONTEXT ( 'NONE', 'WORKASPACE' ) );
#3357 =( NAMED_UNIT ( * ) PLANE_ANGLE_UNIT ( ) SI_UNIT ( $, .RADIAN. ) );
#3358 = CYLINDRICAL_SURFACE ( 'NONE', #5153, 3.250000000000001332 ) ;
#3359 = SURFACE_STYLE_USAGE ( .BOTH. , #748 ) ;
#3360 = VERTEX_POINT ( 'NONE', #1909 ) ;
#3361 = EDGE_CURVE ( 'NONE', #3053, #3060, #4436, .T. ) ;
#3362 = ORIENTED_EDGE ( 'NONE', *, *, #1660, .T. ) ;
#3363 = CARTESIAN_POINT ( 'NONE',  ( -8.024999999999996803, 3.000000000000000000, -8.025000000000000355 ) ) ;
#3364 = ORIENTED_EDGE ( 'NONE', *, *, #6138, .T. ) ;
#3365 = COLOUR_RGB ( '',1.000000000000000000, 1.000000000000000000, 1.000000000000000000 ) ;
#3366 = CARTESIAN_POINT ( 'NONE',  ( -16.56599923110718109, 0.9999999999999991118, 20.85000000000000142 ) ) ;
#3367 =( LENGTH_UNIT ( ) NAMED_UNIT ( * ) SI_UNIT ( .MILLI., .METRE. ) );
#3368 = CARTESIAN_POINT ( 'NONE',  ( 0.000000000000000000, 0.000000000000000000, 0.000000000000000000 ) ) ;
#3369 = DIRECTION ( 'NONE',  ( 0.000000000000000000, 0.000000000000000000, -1.000000000000000000 ) ) ;
#3370 = SURFACE_STYLE_USAGE ( .BOTH. , #1252 ) ;
#3371 = CIRCLE ( 'NONE', #4605, 1.775000000000002354 ) ;
#3372 = MECHANICAL_DESIGN_GEOMETRIC_PRESENTATION_REPRESENTATION (  '', ( #6378 ), #4490 ) ;
#3373 =( LENGTH_UNIT ( ) NAMED_UNIT ( * ) SI_UNIT ( .MILLI., .METRE. ) );
#3374 = DIRECTION ( 'NONE',  ( -2.973811673103097665E-16, -3.252606517456258500E-15, -1.000000000000000000 ) ) ;
#3375 = CARTESIAN_POINT ( 'NONE',  ( 8.997208843581468329, 3.524697209923717267, -11.74999999999998757 ) ) ;
#3376 =( LENGTH_UNIT ( ) NAMED_UNIT ( * ) SI_UNIT ( .MILLI., .METRE. ) );
#3378 = CYLINDRICAL_SURFACE ( 'NONE', #6097, 1.000000000000000888 ) ;
#3377 = CARTESIAN_POINT ( 'NONE',  ( 11.67095326538869493, 4.826958425284976428, -9.537921115251130288 ) ) ;
#3379 = ADVANCED_FACE ( 'NONE', ( #3649 ), #5799, .T. ) ;
#3380 = CIRCLE ( 'NONE', #382, 1.699999999999994849 ) ;
#3381 = UNCERTAINTY_MEASURE_WITH_UNIT (LENGTH_MEASURE( 1.000000000000000082E-05 ), #3373, 'distance_accuracy_value', 'NONE');
#3382 = FACE_OUTER_BOUND ( 'NONE', #5344, .T. ) ;
#3383 = FACE_OUTER_BOUND ( 'NONE', #2660, .T. ) ;
#3384 = ORIENTED_EDGE ( 'NONE', *, *, #3442, .T. ) ;
#3386 = FILL_AREA_STYLE ('',( #5021 ) ) ;
#3385 = CARTESIAN_POINT ( 'NONE',  ( 11.75000000000000000, 3.000000000000010214, -5.851293488071600102 ) ) ;
#3387 = ORIENTED_EDGE ( 'NONE', *, *, #4196, .F. ) ;
#3388 = LINE ( 'NONE', #4931, #5323 ) ;
#3389 = ORIENTED_EDGE ( 'NONE', *, *, #2831, .T. ) ;
#3390 = ORIENTED_EDGE ( 'NONE', *, *, #4550, .T. ) ;
#3391 = CARTESIAN_POINT ( 'NONE',  ( -15.37957249080740851, 3.000000000000000000, -15.37957249080740496 ) ) ;
#3392 = ORIENTED_EDGE ( 'NONE', *, *, #3284, .F. ) ;
#3393 = CARTESIAN_POINT ( 'NONE',  ( -9.265148494812750712, 3.000000005986733775, 10.51390954620067753 ) ) ;
#3394 = CARTESIAN_POINT ( 'NONE',  ( 15.37957249080740851, 2.999999999999999112, -17.07957249080740070 ) ) ;
#3395 = FILL_AREA_STYLE ('',( #4414 ) ) ;
#3396 =( LENGTH_UNIT ( ) NAMED_UNIT ( * ) SI_UNIT ( .MILLI., .METRE. ) );
#3397 = CARTESIAN_POINT ( 'NONE',  ( 10.58323552776716348, 3.000000000000000000, 9.100200439206490799 ) ) ;
#3398 = CARTESIAN_POINT ( 'NONE',  ( -17.27310601229372722, 0.9999999999999991118, 20.55710678118654755 ) ) ;
#3399 = CARTESIAN_POINT ( 'NONE',  ( -10.58323552776716348, 3.000000000000000000, 9.100200439206492575 ) ) ;
#3400 = SURFACE_STYLE_USAGE ( .BOTH. , #3903 ) ;
#3401 = EDGE_CURVE ( 'NONE', #3244, #1785, #2099, .T. ) ;
#3402 = EDGE_CURVE ( 'NONE', #2562, #3522, #3097, .T. ) ;
#3403 = CARTESIAN_POINT ( 'NONE',  ( -11.74999999999999822, 4.971480338808883737, 6.343031678200020451 ) ) ;
#3404 =( NAMED_UNIT ( * ) PLANE_ANGLE_UNIT ( ) SI_UNIT ( $, .RADIAN. ) );
#3405 =( NAMED_UNIT ( * ) SI_UNIT ( $, .STERADIAN. ) SOLID_ANGLE_UNIT ( ) );
#3406 = STYLED_ITEM ( 'NONE', ( #4260 ), #1959 ) ;
#3407 = LINE ( 'NONE', #4500, #1039 ) ;
#3408 = AXIS2_PLACEMENT_3D ( 'NONE', #4857, #4892, #118 ) ;
#3409 = CIRCLE ( 'NONE', #418, 4.000000000000000000 ) ;
#3411 = DIRECTION ( 'NONE',  ( -2.973811673103097665E-16, 0.000000000000000000, -1.000000000000000000 ) ) ;
#3410 = PRESENTATION_STYLE_ASSIGNMENT (( #846 ) ) ;
#3412 = VERTEX_POINT ( 'NONE', #1064 ) ;
#3413 = CARTESIAN_POINT ( 'NONE',  ( 5.851293488071596549, 3.000000000000000000, 9.750000000000014211 ) ) ;
#3414 = SURFACE_STYLE_USAGE ( .BOTH. , #6113 ) ;
#3415 = FILL_AREA_STYLE ('',( #1301 ) ) ;
#3416 = ORIENTED_EDGE ( 'NONE', *, *, #1249, .F. ) ;
#3417 = VECTOR ( 'NONE', #1332, 1000.000000000000000 ) ;
#3418 = VERTEX_POINT ( 'NONE', #4346 ) ;
#3419 = CARTESIAN_POINT ( 'NONE',  ( 9.100200439206492575, 3.000000000000000000, 10.58323552776716525 ) ) ;
#3420 = ORIENTED_EDGE ( 'NONE', *, *, #756, .F. ) ;
#3421 = DIRECTION ( 'NONE',  ( -0.000000000000000000, -1.000000000000000000, -0.000000000000000000 ) ) ;
#3422 = FACE_BOUND ( 'NONE', #1562, .T. ) ;
#3423 = EDGE_CURVE ( 'NONE', #3683, #483, #3196, .T. ) ;
#3424 = CARTESIAN_POINT ( 'NONE',  ( 15.37957249080740851, 0.000000000000000000, -15.37957249080740496 ) ) ;
#3425 = PRESENTATION_LAYER_ASSIGNMENT (  '', '', ( #1758 ) ) ;
#3426 = CIRCLE ( 'NONE', #6882, 1.000000000000001332 ) ;
#3427 = ORIENTED_EDGE ( 'NONE', *, *, #3472, .F. ) ;
#3428 = CIRCLE ( 'NONE', #1305, 3.000000000000000000 ) ;
#3429 =( NAMED_UNIT ( * ) SI_UNIT ( $, .STERADIAN. ) SOLID_ANGLE_UNIT ( ) );
#3430 = DIRECTION ( 'NONE',  ( 0.000000000000000000, 0.000000000000000000, 1.000000000000000000 ) ) ;
#3431 = ADVANCED_FACE ( 'NONE', ( #6887 ), #4868, .F. ) ;
#3432 = CARTESIAN_POINT ( 'NONE',  ( 18.20799961555358593, 0.000000000000000000, -18.20799961555358593 ) ) ;
#3433 = DIRECTION ( 'NONE',  ( 0.7071067811865475727, 0.000000000000000000, 0.7071067811865475727 ) ) ;
#3434 = CIRCLE ( 'NONE', #316, 1.000000000000000888 ) ;
#3435 = AXIS2_PLACEMENT_3D ( 'NONE', #6161, #835, #1969 ) ;
#3436 = CARTESIAN_POINT ( 'NONE',  ( -8.024999999999996803, 5.000000000000000000, 10.79999999999999716 ) ) ;
#3437 =( BOUNDED_SURFACE ( )  B_SPLINE_SURFACE ( 3, 2, ( 
 ( #3162, #3191, #1052 ),
 ( #4859, #4298, #1648 ),
 ( #4271, #3779, #5931 ),
 ( #5827, #4203, #1541 ),
 ( #6425, #1110, #2152 ),
 ( #1145, #30, #1611 ),
 ( #2181, #3261, #3638 ),
 ( #6395, #2710, #5865 ),
 ( #5398, #6877, #5295 ),
 ( #3221, #481, #624 ),
 ( #513, #3746, #6362 ),
 ( #2077, #3681, #2673 ),
 ( #4738, #5359, #5890 ),
 ( #586, #1012, #5321 ) ),
 .UNSPECIFIED., .F., .F., .F. ) 
 B_SPLINE_SURFACE_WITH_KNOTS ( ( 4, 2, 2, 2, 2, 2, 4 ),
 ( 3, 3 ),
 ( 0.002578200308458837575, 0.002968265070565691624, 0.003163297451619118648, 0.003358329832672546107, 0.003553362213725973565, 0.003748394594779400589, 0.004138459356886254638 ),
 ( 0.000000000000000000, 1.000000000000000000 ),
 .UNSPECIFIED. ) 
 GEOMETRIC_REPRESENTATION_ITEM ( )  RATIONAL_B_SPLINE_SURFACE ( (
 ( 1.000000000000000000, 0.8416108851136563374, 1.000000000000000000),
 ( 1.000000000000000000, 0.8381704092781772086, 1.000000000000000000),
 ( 1.000000000000000000, 0.8349227447394085289, 1.000000000000000000),
 ( 1.000000000000000000, 0.8315328867881797148, 1.000000000000000000),
 ( 1.000000000000000000, 0.8306261964427418265, 1.000000000000000000),
 ( 1.000000000000000000, 0.8294207725217795923, 1.000000000000000000),
 ( 1.000000000000000000, 0.8291120047040233532, 1.000000000000000000),
 ( 1.000000000000000000, 0.8291084924200479156, 1.000000000000000000),
 ( 1.000000000000000000, 0.8294226891555047665, 1.000000000000000000),
 ( 1.000000000000000000, 0.8306227083164900993, 1.000000000000000000),
 ( 1.000000000000000000, 0.8315080496261421095, 1.000000000000000000),
 ( 1.000000000000000000, 0.8349379164248321716, 1.000000000000000000),
 ( 1.000000000000000000, 0.8381189465696237129, 1.000000000000000000),
 ( 1.000000000000000000, 0.8416108851136553382, 1.000000000000000000) ) ) 
 REPRESENTATION_ITEM ( '' )  SURFACE ( )  );
#3438 = AXIS2_PLACEMENT_3D ( 'NONE', #6075, #4400, #4887 ) ;
#3439 = VECTOR ( 'NONE', #646, 1000.000000000000000 ) ;
#3440 = DIRECTION ( 'NONE',  ( 0.000000000000000000, 1.000000000000000000, 0.000000000000000000 ) ) ;
#3441 = CARTESIAN_POINT ( 'NONE',  ( 9.749999999999998224, 5.000000000000157208, -5.851293488071600990 ) ) ;
#3442 = EDGE_CURVE ( 'NONE', #3844, #3360, #6333, .T. ) ;
#3443 = STYLED_ITEM ( 'NONE', ( #507 ), #117 ) ;
#3444 = PRESENTATION_LAYER_ASSIGNMENT (  '', '', ( #3783 ) ) ;
#3445 = DIRECTION ( 'NONE',  ( -0.000000000000000000, -1.000000000000000000, -0.000000000000000000 ) ) ;
#3446 = UNCERTAINTY_MEASURE_WITH_UNIT (LENGTH_MEASURE( 1.000000000000000082E-05 ), #2042, 'distance_accuracy_value', 'NONE');
#3447 = PRESENTATION_LAYER_ASSIGNMENT (  '', '', ( #5462 ) ) ;
#3448 =( GEOMETRIC_REPRESENTATION_CONTEXT ( 3 ) GLOBAL_UNCERTAINTY_ASSIGNED_CONTEXT ( ( #3446 ) ) GLOBAL_UNIT_ASSIGNED_CONTEXT ( ( #2042, #1499, #478 ) ) REPRESENTATION_CONTEXT ( 'NONE', 'WORKASPACE' ) );
#3449 =( NAMED_UNIT ( * ) SI_UNIT ( $, .STERADIAN. ) SOLID_ANGLE_UNIT ( ) );
#3450 =( NAMED_UNIT ( * ) PLANE_ANGLE_UNIT ( ) SI_UNIT ( $, .RADIAN. ) );
#3451 = MECHANICAL_DESIGN_GEOMETRIC_PRESENTATION_REPRESENTATION (  '', ( #5696 ), #3682 ) ;
#3452 = CIRCLE ( 'NONE', #3022, 1.775000000000003242 ) ;
#3454 = FACE_OUTER_BOUND ( 'NONE', #1105, .T. ) ;
#3453 = DIRECTION ( 'NONE',  ( 0.000000000000000000, 0.000000000000000000, -1.000000000000000000 ) ) ;
#3455 = ORIENTED_EDGE ( 'NONE', *, *, #5161, .T. ) ;
#3456 = CARTESIAN_POINT ( 'NONE',  ( 8.025000000000003908, 6.799999999999999822, 8.025000000000000355 ) ) ;
#3457 = CARTESIAN_POINT ( 'NONE',  ( -8.024999999999996803, 7.500000000000000000, 9.799999999999995381 ) ) ;
#3458 =( LENGTH_UNIT ( ) NAMED_UNIT ( * ) SI_UNIT ( .MILLI., .METRE. ) );
#3459 = CARTESIAN_POINT ( 'NONE',  ( 15.37957249080740851, 0.000000000000000000, -12.12957249080740496 ) ) ;
#3460 = ORIENTED_EDGE ( 'NONE', *, *, #5492, .T. ) ;
#3461 = ORIENTED_EDGE ( 'NONE', *, *, #6481, .T. ) ;
#3462 = ORIENTED_EDGE ( 'NONE', *, *, #4526, .F. ) ;
#3463 = SURFACE_SIDE_STYLE ('',( #4061 ) ) ;
#3464 = CARTESIAN_POINT ( 'NONE',  ( 8.025000000000003908, 6.799999999999999822, 8.025000000000000355 ) ) ;
#3465 = DIRECTION ( 'NONE',  ( -8.320016671351592820E-17, -0.000000000000000000, -1.000000000000000000 ) ) ;
#3466 = EDGE_LOOP ( 'NONE', ( #5850, #83, #6736, #1372 ) ) ;
#3467 = ORIENTED_EDGE ( 'NONE', *, *, #4973, .F. ) ;
#3468 =( NAMED_UNIT ( * ) SI_UNIT ( $, .STERADIAN. ) SOLID_ANGLE_UNIT ( ) );
#3469 = DIRECTION ( 'NONE',  ( -0.7071067811865475727, 0.000000000000000000, -0.7071067811865475727 ) ) ;
#3470 = AXIS2_PLACEMENT_3D ( 'NONE', #5699, #3519, #6753 ) ;
#3471 = CARTESIAN_POINT ( 'NONE',  ( -5.999999999999997335, 4.999999999999999112, 20.85000000000000142 ) ) ;
#3472 = EDGE_CURVE ( 'NONE', #2483, #6162, #3325, .T. ) ;
#3473 = CARTESIAN_POINT ( 'NONE',  ( 11.75000000000000533, 3.232026073433299729, 6.093800287197031373 ) ) ;
#3474 = FILL_AREA_STYLE ('',( #3024 ) ) ;
#3475 = MECHANICAL_DESIGN_GEOMETRIC_PRESENTATION_REPRESENTATION (  '', ( #6045 ), #6700 ) ;
#3476 = VECTOR ( 'NONE', #407, 1000.000000000000000 ) ;
#3477 = AXIS2_PLACEMENT_3D ( 'NONE', #784, #4475, #1244 ) ;
#3478 = CARTESIAN_POINT ( 'NONE',  ( 15.37957249080740851, 3.000000000000000000, -18.62957249080740141 ) ) ;
#3479 = FILL_AREA_STYLE_COLOUR ( '', #4777 ) ;
#3480 =( GEOMETRIC_REPRESENTATION_CONTEXT ( 3 ) GLOBAL_UNCERTAINTY_ASSIGNED_CONTEXT ( ( #6441 ) ) GLOBAL_UNIT_ASSIGNED_CONTEXT ( ( #190, #1400, #4031 ) ) REPRESENTATION_CONTEXT ( 'NONE', 'WORKASPACE' ) );
#3481 = ORIENTED_EDGE ( 'NONE', *, *, #5980, .F. ) ;
#3482 = CARTESIAN_POINT ( 'NONE',  ( 11.01025795066252222, 4.854172542989267036, -10.73237526363372041 ) ) ;
#3483 = ADVANCED_FACE ( 'NONE', ( #6472 ), #4882, .T. ) ;
#3484 = MECHANICAL_DESIGN_GEOMETRIC_PRESENTATION_REPRESENTATION (  '', ( #6491 ), #5399 ) ;
#3485 = EDGE_CURVE ( 'NONE', #3048, #6047, #438, .T. ) ;
#3486 = STYLED_ITEM ( 'NONE', ( #3410 ), #6574 ) ;
#3487 = SURFACE_STYLE_FILL_AREA ( #6657 ) ;
#3488 = EDGE_LOOP ( 'NONE', ( #6829, #2582, #1237, #3364 ) ) ;
#3489 = SURFACE_STYLE_FILL_AREA ( #4054 ) ;
#3490 = FACE_OUTER_BOUND ( 'NONE', #6749, .T. ) ;
#3491 = FILL_AREA_STYLE ('',( #6696 ) ) ;
#3492 = FILL_AREA_STYLE_COLOUR ( '', #4450 ) ;
#3493 = ORIENTED_EDGE ( 'NONE', *, *, #3345, .T. ) ;
#3494 = ORIENTED_EDGE ( 'NONE', *, *, #6138, .F. ) ;
#3495 = EDGE_CURVE ( 'NONE', #4896, #1573, #2290, .T. ) ;
#3496 = EDGE_CURVE ( 'NONE', #6060, #4631, #236, .T. ) ;
#3497 = ORIENTED_EDGE ( 'NONE', *, *, #2571, .T. ) ;
#3498 = FACE_BOUND ( 'NONE', #4890, .T. ) ;
#3499 =( NAMED_UNIT ( * ) SI_UNIT ( $, .STERADIAN. ) SOLID_ANGLE_UNIT ( ) );
#3501 = DIRECTION ( 'NONE',  ( -1.000000000000000000, -0.000000000000000000, -0.000000000000000000 ) ) ;
#3500 = DIRECTION ( 'NONE',  ( -1.000000000000000000, 0.000000000000000000, 4.336808689942017736E-16 ) ) ;
#3502 = PRESENTATION_STYLE_ASSIGNMENT (( #6158 ) ) ;
#3503 = ORIENTED_EDGE ( 'NONE', *, *, #295, .F. ) ;
#3504 = PRESENTATION_STYLE_ASSIGNMENT (( #4522 ) ) ;
#3505 = SURFACE_SIDE_STYLE ('',( #5645 ) ) ;
#3506 = ORIENTED_EDGE ( 'NONE', *, *, #1730, .T. ) ;
#3507 = LINE ( 'NONE', #3940, #2034 ) ;
#3508 =( LENGTH_UNIT ( ) NAMED_UNIT ( * ) SI_UNIT ( .MILLI., .METRE. ) );
#3509 = EDGE_CURVE ( 'NONE', #587, #3963, #5340, .T. ) ;
#3510 = DIRECTION ( 'NONE',  ( -0.000000000000000000, -1.000000000000000000, -0.000000000000000000 ) ) ;
#3511 = DIRECTION ( 'NONE',  ( 1.000000000000000000, -0.000000000000000000, -9.912705577010326782E-17 ) ) ;
#3512 = SURFACE_SIDE_STYLE ('',( #6169 ) ) ;
#3513 = PRESENTATION_STYLE_ASSIGNMENT (( #6170 ) ) ;
#3514 = CARTESIAN_POINT ( 'NONE',  ( -8.376633265834451336, 3.580699138943904014, -11.75000000000000178 ) ) ;
#3515 = CARTESIAN_POINT ( 'NONE',  ( 11.13421378412020246, 4.852881740368596653, -10.58139373377102999 ) ) ;
#3516 = UNCERTAINTY_MEASURE_WITH_UNIT (LENGTH_MEASURE( 1.000000000000000082E-05 ), #6020, 'distance_accuracy_value', 'NONE');
#3517 = CARTESIAN_POINT ( 'NONE',  ( 8.024999999999996803, 5.000000000000000000, -10.79999999999999716 ) ) ;
#3518 = EDGE_CURVE ( 'NONE', #5854, #3209, #5802, .T. ) ;
#3519 = DIRECTION ( 'NONE',  ( 0.000000000000000000, 1.000000000000000000, 0.000000000000000000 ) ) ;
#3521 = SURFACE_STYLE_FILL_AREA ( #1327 ) ;
#3520 =( LENGTH_UNIT ( ) NAMED_UNIT ( * ) SI_UNIT ( .MILLI., .METRE. ) );
#3522 = VERTEX_POINT ( 'NONE', #6535 ) ;
#3523 = UNCERTAINTY_MEASURE_WITH_UNIT (LENGTH_MEASURE( 1.000000000000000082E-05 ), #5809, 'distance_accuracy_value', 'NONE');
#3524 = SURFACE_STYLE_FILL_AREA ( #1926 ) ;
#3525 = CARTESIAN_POINT ( 'NONE',  ( -8.024999999999996803, 5.000000000000000000, -5.250000000000004441 ) ) ;
#3526 = FACE_OUTER_BOUND ( 'NONE', #4160, .T. ) ;
#3527 = CYLINDRICAL_SURFACE ( 'NONE', #1225, 1.774999999999998801 ) ;
#3528 = ORIENTED_EDGE ( 'NONE', *, *, #5759, .F. ) ;
#3529 = EDGE_LOOP ( 'NONE', ( #1212, #6363, #1102, #2049, #3664 ) ) ;
#3530 = SURFACE_STYLE_USAGE ( .BOTH. , #3113 ) ;
#3531 = ORIENTED_EDGE ( 'NONE', *, *, #2416, .F. ) ;
#3532 = DIRECTION ( 'NONE',  ( 0.000000000000000000, 0.000000000000000000, -1.000000000000000000 ) ) ;
#3533 =( GEOMETRIC_REPRESENTATION_CONTEXT ( 3 ) GLOBAL_UNCERTAINTY_ASSIGNED_CONTEXT ( ( #6111 ) ) GLOBAL_UNIT_ASSIGNED_CONTEXT ( ( #2399, #6659, #4086 ) ) REPRESENTATION_CONTEXT ( 'NONE', 'WORKASPACE' ) );
#3534 = DIRECTION ( 'NONE',  ( -0.000000000000000000, -1.000000000000000000, -0.000000000000000000 ) ) ;
#3535 = EDGE_LOOP ( 'NONE', ( #4021, #3181, #6669 ) ) ;
#3536 = VERTEX_POINT ( 'NONE', #3339 ) ;
#3537 = PRESENTATION_LAYER_ASSIGNMENT (  '', '', ( #648 ) ) ;
#3538 = SURFACE_STYLE_FILL_AREA ( #6223 ) ;
#3539 = FILL_AREA_STYLE ('',( #902 ) ) ;
#3540 = ORIENTED_EDGE ( 'NONE', *, *, #6201, .T. ) ;
#3541 = CARTESIAN_POINT ( 'NONE',  ( -8.749999999999994671, 4.784118327815212623, -9.749999999999998224 ) ) ;
#3542 = AXIS2_PLACEMENT_3D ( 'NONE', #5346, #3599, #2097 ) ;
#3543 = CARTESIAN_POINT ( 'NONE',  ( -7.704129835765927581, 3.581931040400540667, 11.75000000000000711 ) ) ;
#3544 = SURFACE_STYLE_USAGE ( .BOTH. , #3579 ) ;
#3545 = COLOUR_RGB ( '',1.000000000000000000, 1.000000000000000000, 1.000000000000000000 ) ;
#3546 = COLOUR_RGB ( '',1.000000000000000000, 1.000000000000000000, 1.000000000000000000 ) ;
#3547 = ORIENTED_EDGE ( 'NONE', *, *, #285, .F. ) ;
#3548 = STYLED_ITEM ( 'NONE', ( #716 ), #3718 ) ;
#3549 = CARTESIAN_POINT ( 'NONE',  ( -8.853446772640637619, 3.545471696833116582, -11.74999999999999822 ) ) ;
#3550 = FILL_AREA_STYLE_COLOUR ( '', #5121 ) ;
#3551 = AXIS2_PLACEMENT_3D ( 'NONE', #1342, #4653, #337 ) ;
#3552 =( GEOMETRIC_REPRESENTATION_CONTEXT ( 3 ) GLOBAL_UNCERTAINTY_ASSIGNED_CONTEXT ( ( #5977 ) ) GLOBAL_UNIT_ASSIGNED_CONTEXT ( ( #5604, #3075, #1847 ) ) REPRESENTATION_CONTEXT ( 'NONE', 'WORKASPACE' ) );
#3553 = ADVANCED_FACE ( 'NONE', ( #2847 ), #6611, .T. ) ;
#3554 = CARTESIAN_POINT ( 'NONE',  ( -19.85000000000000142, 0.9999999999999991118, 3.303046618526583072E-15 ) ) ;
#3556 =( NAMED_UNIT ( * ) SI_UNIT ( $, .STERADIAN. ) SOLID_ANGLE_UNIT ( ) );
#3555 =( NAMED_UNIT ( * ) PLANE_ANGLE_UNIT ( ) SI_UNIT ( $, .RADIAN. ) );
#3557 = EDGE_LOOP ( 'NONE', ( #6028, #1822, #6081, #3218 ) ) ;
#3558 = CARTESIAN_POINT ( 'NONE',  ( 3.000000000000002665, 3.000000000000000000, 9.750000000000005329 ) ) ;
#3559 = FACE_OUTER_BOUND ( 'NONE', #6767, .T. ) ;
#3560 = VERTEX_POINT ( 'NONE', #4003 ) ;
#3561 = PRESENTATION_STYLE_ASSIGNMENT (( #3530 ) ) ;
#3562 = PRESENTATION_LAYER_ASSIGNMENT (  '', '', ( #5696 ) ) ;
#3563 = VECTOR ( 'NONE', #2904, 1000.000000000000000 ) ;
#3564 = EDGE_LOOP ( 'NONE', ( #1330, #927, #3926, #2944 ) ) ;
#3565 = CARTESIAN_POINT ( 'NONE',  ( -19.84999999999999787, 0.000000000000000000, 16.56599923110718109 ) ) ;
#3566 = CARTESIAN_POINT ( 'NONE',  ( -15.37957249080740851, 3.000000000000000000, 15.37957249080740496 ) ) ;
#3567 = VERTEX_POINT ( 'NONE', #1282 ) ;
#3568 = ORIENTED_EDGE ( 'NONE', *, *, #1079, .F. ) ;
#3569 = DIRECTION ( 'NONE',  ( 1.000000000000000000, -0.000000000000000000, 0.000000000000000000 ) ) ;
#3570 = AXIS2_PLACEMENT_3D ( 'NONE', #3072, #2032, #1528 ) ;
#3571 = EDGE_CURVE ( 'NONE', #3567, #2338, #1113, .T. ) ;
#3572 = PRESENTATION_STYLE_ASSIGNMENT (( #1902 ) ) ;
#3573 = EDGE_LOOP ( 'NONE', ( #3362, #2247, #5636, #885, #4060 ) ) ;
#3574 = PRESENTATION_LAYER_ASSIGNMENT (  '', '', ( #1789 ) ) ;
#3575 = PRESENTATION_LAYER_ASSIGNMENT (  '', '', ( #583 ) ) ;
#3576 = CARTESIAN_POINT ( 'NONE',  ( -7.376002237229376313, 3.562823069469612580, 11.75000000000000888 ) ) ;
#3577 = VECTOR ( 'NONE', #2328, 1000.000000000000114 ) ;
#3578 = CARTESIAN_POINT ( 'NONE',  ( 8.750000000000001776, 3.000000000000000000, -8.749999999999998224 ) ) ;
#3579 = SURFACE_SIDE_STYLE ('',( #1416 ) ) ;
#3580 = AXIS2_PLACEMENT_3D ( 'NONE', #965, #6247, #5742 ) ;
#3581 = PRESENTATION_LAYER_ASSIGNMENT (  '', '', ( #921 ) ) ;
#3582 = EDGE_CURVE ( 'NONE', #5246, #893, #1863, .T. ) ;
#3583 =( GEOMETRIC_REPRESENTATION_CONTEXT ( 3 ) GLOBAL_UNCERTAINTY_ASSIGNED_CONTEXT ( ( #3665 ) ) GLOBAL_UNIT_ASSIGNED_CONTEXT ( ( #5656, #3136, #4080 ) ) REPRESENTATION_CONTEXT ( 'NONE', 'WORKASPACE' ) );
#3584 = MECHANICAL_DESIGN_GEOMETRIC_PRESENTATION_REPRESENTATION (  '', ( #2466 ), #36 ) ;
#3585 =( GEOMETRIC_REPRESENTATION_CONTEXT ( 3 ) GLOBAL_UNCERTAINTY_ASSIGNED_CONTEXT ( ( #878 ) ) GLOBAL_UNIT_ASSIGNED_CONTEXT ( ( #3958, #1299, #3194 ) ) REPRESENTATION_CONTEXT ( 'NONE', 'WORKASPACE' ) );
#3586 = CARTESIAN_POINT ( 'NONE',  ( -6.830053202116212141, 4.885989611787580067, -11.74999999999999822 ) ) ;
#3587 = UNCERTAINTY_MEASURE_WITH_UNIT (LENGTH_MEASURE( 1.000000000000000082E-05 ), #4300, 'distance_accuracy_value', 'NONE');
#3588 = AXIS2_PLACEMENT_3D ( 'NONE', #5921, #1136, #4167 ) ;
#3589 = DIRECTION ( 'NONE',  ( 0.000000000000000000, 1.000000000000000000, -0.000000000000000000 ) ) ;
#3590 = VECTOR ( 'NONE', #4107, 1000.000000000000114 ) ;
#3591 = ADVANCED_FACE ( 'NONE', ( #2780, #6257 ), #3059, .T. ) ;
#3592 = AXIS2_PLACEMENT_3D ( 'NONE', #5511, #66, #3839 ) ;
#3593 =( NAMED_UNIT ( * ) SI_UNIT ( $, .STERADIAN. ) SOLID_ANGLE_UNIT ( ) );
#3594 = DIRECTION ( 'NONE',  ( 1.000000000000000000, 0.000000000000000000, -1.664003334270318564E-16 ) ) ;
#3595 = CARTESIAN_POINT ( 'NONE',  ( 16.56599923110718109, 0.9999999999999991118, 19.84999999999999787 ) ) ;
#3596 = VECTOR ( 'NONE', #5286, 1000.000000000000000 ) ;
#3597 = EDGE_LOOP ( 'NONE', ( #1712, #374, #4134, #4013 ) ) ;
#3598 = DIRECTION ( 'NONE',  ( 0.000000000000000000, 1.000000000000000000, -0.000000000000000000 ) ) ;
#3599 = DIRECTION ( 'NONE',  ( 0.000000000000000000, 1.000000000000000000, 0.000000000000000000 ) ) ;
#3600 = SURFACE_STYLE_FILL_AREA ( #5707 ) ;
#3601 = AXIS2_PLACEMENT_3D ( 'NONE', #6357, #4125, #5884 ) ;
#3602 = ORIENTED_EDGE ( 'NONE', *, *, #5108, .T. ) ;
#3603 = DIRECTION ( 'NONE',  ( 0.7071067811865474617, 0.000000000000000000, 0.7071067811865474617 ) ) ;
#3604 =( LENGTH_UNIT ( ) NAMED_UNIT ( * ) SI_UNIT ( .MILLI., .METRE. ) );
#3605 = VERTEX_POINT ( 'NONE', #863 ) ;
#3606 = SURFACE_STYLE_USAGE ( .BOTH. , #1474 ) ;
#3607 = AXIS2_PLACEMENT_3D ( 'NONE', #6348, #4117, #1524 ) ;
#3608 = DIRECTION ( 'NONE',  ( 0.000000000000000000, 0.000000000000000000, -1.000000000000000000 ) ) ;
#3609 = CARTESIAN_POINT ( 'NONE',  ( 7.376002237229219993, 3.562823069469615245, -11.74999999999999822 ) ) ;
#3610 = ORIENTED_EDGE ( 'NONE', *, *, #4254, .T. ) ;
#3611 = SURFACE_SIDE_STYLE ('',( #445 ) ) ;
#3612 = CARTESIAN_POINT ( 'NONE',  ( -8.024999999999996803, 5.000000000000000000, -8.025000000000000355 ) ) ;
#3613 = EDGE_CURVE ( 'NONE', #4661, #6184, #4343, .T. ) ;
#3614 = SPHERICAL_SURFACE ( 'NONE', #3098, 1.000000000000000000 ) ;
#3615 = CARTESIAN_POINT ( 'NONE',  ( 8.750000000000001776, 3.000000000000000000, 8.750000000000003553 ) ) ;
#3616 = CARTESIAN_POINT ( 'NONE',  ( -10.07953438174945049, 4.843506489007260107, -11.44639300610221966 ) ) ;
#3617 = FACE_OUTER_BOUND ( 'NONE', #2915, .T. ) ;
#3618 =( NAMED_UNIT ( * ) PLANE_ANGLE_UNIT ( ) SI_UNIT ( $, .RADIAN. ) );
#3619 = VERTEX_POINT ( 'NONE', #376 ) ;
#3620 = CARTESIAN_POINT ( 'NONE',  ( -8.631793546517375404, 4.760915839510564851, -11.74999999999999822 ) ) ;
#3621 = EDGE_CURVE ( 'NONE', #5400, #681, #3212, .T. ) ;
#3622 = CARTESIAN_POINT ( 'NONE',  ( 10.58323552776716703, 3.000000000000000444, -9.100200439206485470 ) ) ;
#3623 = CARTESIAN_POINT ( 'NONE',  ( 10.58139373377103709, 4.852881740368598429, 11.13421378412020424 ) ) ;
#3625 = DIRECTION ( 'NONE',  ( -0.000000000000000000, -1.000000000000000000, -0.000000000000000000 ) ) ;
#3624 = CARTESIAN_POINT ( 'NONE',  ( -11.74999999999999822, 4.709187535508054800, -7.796492135455755701 ) ) ;
#3626 = VERTEX_POINT ( 'NONE', #3471 ) ;
#3627 = DIRECTION ( 'NONE',  ( 1.000000000000000000, 0.000000000000000000, -0.000000000000000000 ) ) ;
#3628 = CARTESIAN_POINT ( 'NONE',  ( -10.78185231215367423, 2.999999995407635733, 7.657206858957453122 ) ) ;
#3629 = FILL_AREA_STYLE ('',( #4509 ) ) ;
#3630 = ORIENTED_EDGE ( 'NONE', *, *, #3689, .T. ) ;
#3631 = SURFACE_SIDE_STYLE ('',( #2508 ) ) ;
#3633 = CARTESIAN_POINT ( 'NONE',  ( 0.000000000000000000, 10.00000000000000000, -19.84999999999999787 ) ) ;
#3632 = DIRECTION ( 'NONE',  ( 1.000000000000000000, 0.000000000000000000, 0.000000000000000000 ) ) ;
#3634 =( NAMED_UNIT ( * ) PLANE_ANGLE_UNIT ( ) SI_UNIT ( $, .RADIAN. ) );
#3635 = ORIENTED_EDGE ( 'NONE', *, *, #5047, .F. ) ;
#3636 = SURFACE_SIDE_STYLE ('',( #1087 ) ) ;
#3637 = CARTESIAN_POINT ( 'NONE',  ( 7.796492135455809880, 4.709187535508051248, -11.74999999999999645 ) ) ;
#3638 = CARTESIAN_POINT ( 'NONE',  ( -10.73033714227985946, 4.854165280456489207, -11.01214552554973913 ) ) ;
#3639 = ORIENTED_EDGE ( 'NONE', *, *, #3066, .T. ) ;
#3640 = AXIS2_PLACEMENT_3D ( 'NONE', #6071, #135, #1285 ) ;
#3641 = EDGE_CURVE ( 'NONE', #5251, #1491, #6439, .T. ) ;
#3642 = CARTESIAN_POINT ( 'NONE',  ( -16.56599923110718109, 0.9999999999999991118, 19.84999999999999787 ) ) ;
#3643 = DIRECTION ( 'NONE',  ( 0.000000000000000000, 0.000000000000000000, 1.000000000000000000 ) ) ;
#3644 =( GEOMETRIC_REPRESENTATION_CONTEXT ( 3 ) GLOBAL_UNCERTAINTY_ASSIGNED_CONTEXT ( ( #6582 ) ) GLOBAL_UNIT_ASSIGNED_CONTEXT ( ( #2495, #2567, #2954 ) ) REPRESENTATION_CONTEXT ( 'NONE', 'WORKASPACE' ) );
#3645 = CARTESIAN_POINT ( 'NONE',  ( -7.433184714726488451, 4.758173303004014087, 11.75000000000000533 ) ) ;
#3646 = LINE ( 'NONE', #2462, #3870 ) ;
#3647 = EDGE_CURVE ( 'NONE', #4510, #4090, #5446, .T. ) ;
#3648 = PRESENTATION_STYLE_ASSIGNMENT (( #2084 ) ) ;
#3649 = FACE_OUTER_BOUND ( 'NONE', #4291, .T. ) ;
#3650 = MECHANICAL_DESIGN_GEOMETRIC_PRESENTATION_REPRESENTATION (  '', ( #3757 ), #5215 ) ;
#3651 = COLOUR_RGB ( '',1.000000000000000000, 1.000000000000000000, 1.000000000000000000 ) ;
#3652 = ORIENTED_EDGE ( 'NONE', *, *, #388, .T. ) ;
#3653 = CARTESIAN_POINT ( 'NONE',  ( -8.156515923090870146, 4.702730040580028081, -11.74999999999999822 ) ) ;
#3654 = STYLED_ITEM ( 'NONE', ( #3299 ), #1268 ) ;
#3655 = UNCERTAINTY_MEASURE_WITH_UNIT (LENGTH_MEASURE( 1.000000000000000082E-05 ), #3604, 'distance_accuracy_value', 'NONE');
#3656 = ADVANCED_FACE ( 'NONE', ( #6740 ), #3437, .F. ) ;
#3657 = CARTESIAN_POINT ( 'NONE',  ( 16.56599923110718109, 10.00000000000000000, 19.84999999999999787 ) ) ;
#3658 = PRESENTATION_STYLE_ASSIGNMENT (( #5845 ) ) ;
#3659 = STYLED_ITEM ( 'NONE', ( #3157 ), #1538 ) ;
#3660 = COLOUR_RGB ( '',1.000000000000000000, 1.000000000000000000, 1.000000000000000000 ) ;
#3661 = CARTESIAN_POINT ( 'NONE',  ( 9.923976171076404285, 2.999999999162403341, -10.05050179272694777 ) ) ;
#3662 = FACE_OUTER_BOUND ( 'NONE', #4123, .T. ) ;
#3663 = CARTESIAN_POINT ( 'NONE',  ( -11.74999999999999822, 4.971304314992174511, -6.344634930023412167 ) ) ;
#3664 = ORIENTED_EDGE ( 'NONE', *, *, #1739, .F. ) ;
#3665 = UNCERTAINTY_MEASURE_WITH_UNIT (LENGTH_MEASURE( 1.000000000000000082E-05 ), #5656, 'distance_accuracy_value', 'NONE');
#3666 = SURFACE_STYLE_USAGE ( .BOTH. , #4758 ) ;
#3667 = DIRECTION ( 'NONE',  ( 0.000000000000000000, 0.000000000000000000, -1.000000000000000000 ) ) ;
#3668 = MECHANICAL_DESIGN_GEOMETRIC_PRESENTATION_REPRESENTATION (  '', ( #1544 ), #6122 ) ;
#3669 = CARTESIAN_POINT ( 'NONE',  ( -11.74999999999999645, 3.547700697866862818, 7.215627173293624352 ) ) ;
#3670 = CARTESIAN_POINT ( 'NONE',  ( 11.75000000000000000, 4.886788497158215172, -6.826102604469350688 ) ) ;
#3671 = ORIENTED_EDGE ( 'NONE', *, *, #2609, .T. ) ;
#3672 = SURFACE_STYLE_FILL_AREA ( #4727 ) ;
#3673 =( NAMED_UNIT ( * ) PLANE_ANGLE_UNIT ( ) SI_UNIT ( $, .RADIAN. ) );
#3674 = CIRCLE ( 'NONE', #6678, 1.000000000000000888 ) ;
#3676 =( LENGTH_UNIT ( ) NAMED_UNIT ( * ) SI_UNIT ( .MILLI., .METRE. ) );
#3675 = PRESENTATION_STYLE_ASSIGNMENT (( #3995 ) ) ;
#3677 =( NAMED_UNIT ( * ) SI_UNIT ( $, .STERADIAN. ) SOLID_ANGLE_UNIT ( ) );
#3678 = ORIENTED_EDGE ( 'NONE', *, *, #295, .T. ) ;
#3679 = SURFACE_SIDE_STYLE ('',( #3776 ) ) ;
#3680 = CARTESIAN_POINT ( 'NONE',  ( 6.657999802957108137, 3.000000013828070689, -10.46271572104906866 ) ) ;
#3681 = CARTESIAN_POINT ( 'NONE',  ( -11.62961925984623335, 3.516554732404685968, -9.675334263796907308 ) ) ;
#3682 =( GEOMETRIC_REPRESENTATION_CONTEXT ( 3 ) GLOBAL_UNCERTAINTY_ASSIGNED_CONTEXT ( ( #6595 ) ) GLOBAL_UNIT_ASSIGNED_CONTEXT ( ( #4919, #6488, #1196 ) ) REPRESENTATION_CONTEXT ( 'NONE', 'WORKASPACE' ) );
#3683 = VERTEX_POINT ( 'NONE', #2601 ) ;
#3684 = DIRECTION ( 'NONE',  ( 0.7071067811865474617, 0.000000000000000000, 0.7071067811865474617 ) ) ;
#3685 = CYLINDRICAL_SURFACE ( 'NONE', #4888, 1.000000000000000888 ) ;
#3686 = CIRCLE ( 'NONE', #20, 1.000000000000000888 ) ;
#3687 = DIRECTION ( 'NONE',  ( 0.000000000000000000, 0.000000000000000000, 1.000000000000000000 ) ) ;
#3688 = CARTESIAN_POINT ( 'NONE',  ( -11.13636066390324864, 4.852846324720423432, -10.57851687278822439 ) ) ;
#3689 = EDGE_CURVE ( 'NONE', #6340, #223, #3122, .T. ) ;
#3690 = FILL_AREA_STYLE ('',( #2647 ) ) ;
#3691 = PRESENTATION_STYLE_ASSIGNMENT (( #1118 ) ) ;
#3692 = STYLED_ITEM ( 'NONE', ( #2354 ), #4753 ) ;
#3693 = VERTEX_POINT ( 'NONE', #551 ) ;
#3694 = CARTESIAN_POINT ( 'NONE',  ( 5.851293488071583226, 3.000000000000000000, -9.749999999999996447 ) ) ;
#3695 = AXIS2_PLACEMENT_3D ( 'NONE', #3083, #1011, #5253 ) ;
#3696 = FACE_OUTER_BOUND ( 'NONE', #5322, .T. ) ;
#3697 = AXIS2_PLACEMENT_3D ( 'NONE', #5307, #2654, #3138 ) ;
#3698 = CARTESIAN_POINT ( 'NONE',  ( 11.11338941175965012, 3.506186964015110430, -10.60669162897530349 ) ) ;
#3699 = CARTESIAN_POINT ( 'NONE',  ( 9.537921115251139170, 4.826958425284979093, 11.67095326538869671 ) ) ;
#3700 = EDGE_CURVE ( 'NONE', #5738, #6637, #1536, .T. ) ;
#3702 = CARTESIAN_POINT ( 'NONE',  ( 8.025000000000000355, 5.000000000000000000, -8.025000000000000355 ) ) ;
#3701 = SURFACE_SIDE_STYLE ('',( #1560 ) ) ;
#3703 =( GEOMETRIC_REPRESENTATION_CONTEXT ( 3 ) GLOBAL_UNCERTAINTY_ASSIGNED_CONTEXT ( ( #2339 ) ) GLOBAL_UNIT_ASSIGNED_CONTEXT ( ( #2535, #2023, #6752 ) ) REPRESENTATION_CONTEXT ( 'NONE', 'WORKASPACE' ) );
#3704 = ORIENTED_EDGE ( 'NONE', *, *, #2969, .F. ) ;
#3705 =( NAMED_UNIT ( * ) PLANE_ANGLE_UNIT ( ) SI_UNIT ( $, .RADIAN. ) );
#3706 = CARTESIAN_POINT ( 'NONE',  ( -11.74999999999999645, 4.709187535508007727, 7.796492135455538985 ) ) ;
#3707 = EDGE_CURVE ( 'NONE', #3741, #4529, #3893, .T. ) ;
#3708 = CARTESIAN_POINT ( 'NONE',  ( 12.75000000000000178, 9.000000000000001776, -8.749999999999998224 ) ) ;
#3709 = ORIENTED_EDGE ( 'NONE', *, *, #2857, .T. ) ;
#3710 = AXIS2_PLACEMENT_3D ( 'NONE', #3964, #3421, #272 ) ;
#3711 = ORIENTED_EDGE ( 'NONE', *, *, #151, .F. ) ;
#3712 = FILL_AREA_STYLE ('',( #3188 ) ) ;
#3713 = CARTESIAN_POINT ( 'NONE',  ( -8.024999999999996803, 3.000000000000000000, -8.025000000000000355 ) ) ;
#3714 = CARTESIAN_POINT ( 'NONE',  ( 8.750000000000103029, 4.784118327815233052, -11.74999999999999645 ) ) ;
#3715 = FACE_OUTER_BOUND ( 'NONE', #6632, .T. ) ;
#3716 = EDGE_CURVE ( 'NONE', #4113, #4407, #1502, .T. ) ;
#3717 = VECTOR ( 'NONE', #229, 1000.000000000000000 ) ;
#3718 = ADVANCED_FACE ( 'NONE', ( #3715 ), #5960, .F. ) ;
#3719 = ORIENTED_EDGE ( 'NONE', *, *, #1079, .T. ) ;
#3720 = FILL_AREA_STYLE ('',( #5934 ) ) ;
#3721 = COLOUR_RGB ( '',1.000000000000000000, 1.000000000000000000, 1.000000000000000000 ) ;
#3722 = SURFACE_SIDE_STYLE ('',( #4704 ) ) ;
#3723 = PRESENTATION_STYLE_ASSIGNMENT (( #1587 ) ) ;
#3724 = ORIENTED_EDGE ( 'NONE', *, *, #3716, .T. ) ;
#3725 = DIRECTION ( 'NONE',  ( 0.000000000000000000, 0.000000000000000000, 1.000000000000000000 ) ) ;
#3726 = DIRECTION ( 'NONE',  ( 0.000000000000000000, 0.000000000000000000, -1.000000000000000000 ) ) ;
#3727 = PLANE ( 'NONE',  #701 ) ;
#3728 =( NAMED_UNIT ( * ) PLANE_ANGLE_UNIT ( ) SI_UNIT ( $, .RADIAN. ) );
#3729 = CARTESIAN_POINT ( 'NONE',  ( 9.856430428804772603, 2.999999999684770824, -10.11175162409255179 ) ) ;
#3730 = PRESENTATION_STYLE_ASSIGNMENT (( #4787 ) ) ;
#3731 = CARTESIAN_POINT ( 'NONE',  ( 6.826102604469377333, 4.886788497158206290, -11.74999999999999822 ) ) ;
#3732 = ORIENTED_EDGE ( 'NONE', *, *, #3423, .F. ) ;
#3733 = EDGE_CURVE ( 'NONE', #4066, #4243, #5424, .T. ) ;
#3734 = UNCERTAINTY_MEASURE_WITH_UNIT (LENGTH_MEASURE( 1.000000000000000082E-05 ), #5396, 'distance_accuracy_value', 'NONE');
#3735 = FACE_OUTER_BOUND ( 'NONE', #1396, .T. ) ;
#3736 = CARTESIAN_POINT ( 'NONE',  ( 8.024999999999996803, 3.000000000000000000, 8.025000000000000355 ) ) ;
#3737 = ORIENTED_EDGE ( 'NONE', *, *, #5549, .F. ) ;
#3738 = CARTESIAN_POINT ( 'NONE',  ( 16.56599923110718109, 9.000000000000001776, -20.85000000000000142 ) ) ;
#3740 =( LENGTH_UNIT ( ) NAMED_UNIT ( * ) SI_UNIT ( .MILLI., .METRE. ) );
#3739 = CARTESIAN_POINT ( 'NONE',  ( 10.64578151787684490, 3.000000013051503878, -8.951384184402757072 ) ) ;
#3741 = VERTEX_POINT ( 'NONE', #5987 ) ;
#3742 = CARTESIAN_POINT ( 'NONE',  ( 5.851293488071609872, 5.000000000000000000, 11.75000000000000355 ) ) ;
#3743 = DIRECTION ( 'NONE',  ( 0.000000000000000000, 0.000000000000000000, -1.000000000000000000 ) ) ;
#3744 = CARTESIAN_POINT ( 'NONE',  ( -15.37957249080740851, 0.000000000000000000, 18.62957249080740496 ) ) ;
#3745 =( NAMED_UNIT ( * ) PLANE_ANGLE_UNIT ( ) SI_UNIT ( $, .RADIAN. ) );
#3746 = CARTESIAN_POINT ( 'NONE',  ( -11.40530454249131687, 3.510353687308819026, -10.16046778820090957 ) ) ;
#3747 =( BOUNDED_SURFACE ( )  B_SPLINE_SURFACE ( 3, 2, ( 
 ( #6403, #2842, #2186 ),
 ( #5408, #4482, #3929 ),
 ( #4310, #4279, #1120 ),
 ( #5870, #4810, #1825 ),
 ( #1092, #6438, #757 ),
 ( #2651, #723, #4252 ),
 ( #4780, #3274, #1067 ),
 ( #1278, #5529, #2878 ),
 ( #3234, #5003, #2317 ),
 ( #5373, #6373, #5334 ),
 ( #5, #599, #41 ),
 ( #3966, #1590, #2163 ),
 ( #3393, #4969, #1788 ),
 ( #3200, #3792, #5904 ) ),
 .UNSPECIFIED., .F., .F., .F. ) 
 B_SPLINE_SURFACE_WITH_KNOTS ( ( 4, 2, 2, 2, 2, 2, 4 ),
 ( 3, 3 ),
 ( 0.002578200308458838443, 0.002968265070565692058, 0.003163297451619118648, 0.003358329832672545673, 0.003553362213725972697, 0.003748394594779399288, 0.004138459356886252903 ),
 ( 0.000000000000000000, 1.000000000000000000 ),
 .UNSPECIFIED. ) 
 GEOMETRIC_REPRESENTATION_ITEM ( )  RATIONAL_B_SPLINE_SURFACE ( (
 ( 1.000000000000000000, 0.8416108851136557822, 1.000000000000000000),
 ( 1.000000000000000000, 0.8381704092781763205, 1.000000000000000000),
 ( 1.000000000000000000, 0.8349227447394078627, 1.000000000000000000),
 ( 1.000000000000000000, 0.8315328867881790487, 1.000000000000000000),
 ( 1.000000000000000000, 0.8306261964427523736, 1.000000000000000000),
 ( 1.000000000000000000, 0.8294207725217683791, 1.000000000000000000),
 ( 1.000000000000000000, 0.8291120047040154706, 1.000000000000000000),
 ( 1.000000000000000000, 0.8291084924200544659, 1.000000000000000000),
 ( 1.000000000000000000, 0.8294226891555006587, 1.000000000000000000),
 ( 1.000000000000000000, 0.8306227083164933189, 1.000000000000000000),
 ( 1.000000000000000000, 0.8315080496261451071, 1.000000000000000000),
 ( 1.000000000000000000, 0.8349379164248240670, 1.000000000000000000),
 ( 1.000000000000000000, 0.8381189465696290419, 1.000000000000000000),
 ( 1.000000000000000000, 0.8416108851136545610, 1.000000000000000000) ) ) 
 REPRESENTATION_ITEM ( '' )  SURFACE ( )  );
#3748 = VERTEX_POINT ( 'NONE', #2906 ) ;
#3749 = DIRECTION ( 'NONE',  ( 0.000000000000000000, 0.000000000000000000, -1.000000000000000000 ) ) ;
#3750 = CYLINDRICAL_SURFACE ( 'NONE', #2008, 3.000000000000000888 ) ;
#3751 = FILL_AREA_STYLE_COLOUR ( '', #4364 ) ;
#3752 = CARTESIAN_POINT ( 'NONE',  ( -8.024999999999996803, 3.000000000000000000, -8.025000000000000355 ) ) ;
#3753 = CIRCLE ( 'NONE', #754, 2.774999999999996358 ) ;
#3754 = AXIS2_PLACEMENT_3D ( 'NONE', #1643, #6019, #3355 ) ;
#3755 = DIRECTION ( 'NONE',  ( -0.000000000000000000, -1.000000000000000000, -0.000000000000000000 ) ) ;
#3756 = CYLINDRICAL_SURFACE ( 'NONE', #2516, 1.000000000000001332 ) ;
#3757 = STYLED_ITEM ( 'NONE', ( #2624 ), #3132 ) ;
#3758 = DIRECTION ( 'NONE',  ( 0.7071067811865475727, 0.000000000000000000, 0.7071067811865475727 ) ) ;
#3759 = CIRCLE ( 'NONE', #6206, 1.075000000000003064 ) ;
#3760 = DIRECTION ( 'NONE',  ( -0.000000000000000000, -1.000000000000000000, -0.000000000000000000 ) ) ;
#3761 = CARTESIAN_POINT ( 'NONE',  ( 10.57790387701963830, 4.852843558837971472, -11.13691086551894216 ) ) ;
#3763 =( NAMED_UNIT ( * ) PLANE_ANGLE_UNIT ( ) SI_UNIT ( $, .RADIAN. ) );
#3762 =( LENGTH_UNIT ( ) NAMED_UNIT ( * ) SI_UNIT ( .MILLI., .METRE. ) );
#3764 = ORIENTED_EDGE ( 'NONE', *, *, #6745, .F. ) ;
#3765 = DIRECTION ( 'NONE',  ( 0.000000000000000000, 0.000000000000000000, 1.000000000000000000 ) ) ;
#3766 = EDGE_CURVE ( 'NONE', #223, #4239, #7, .T. ) ;
#3767 = SURFACE_SIDE_STYLE ('',( #1635 ) ) ;
#3768 = TOROIDAL_SURFACE ( 'NONE', #3881, 1.075000000000003064, 0.6999999999999999556 ) ;
#3769 = AXIS2_PLACEMENT_3D ( 'NONE', #2514, #4175, #5680 ) ;
#3770 = CARTESIAN_POINT ( 'NONE',  ( 8.510167622307879043, 4.737042187912225977, 11.75000000000000355 ) ) ;
#3771 = VERTEX_POINT ( 'NONE', #6022 ) ;
#3773 = CARTESIAN_POINT ( 'NONE',  ( 8.024999999999996803, 5.000000000000000000, -5.250000000000004441 ) ) ;
#3772 = DIRECTION ( 'NONE',  ( 0.000000000000000000, 0.000000000000000000, 1.000000000000000000 ) ) ;
#3774 = AXIS2_PLACEMENT_3D ( 'NONE', #2353, #5429, #5042 ) ;
#3775 = ORIENTED_EDGE ( 'NONE', *, *, #1739, .T. ) ;
#3776 = SURFACE_STYLE_FILL_AREA ( #5319 ) ;
#3777 = FACE_OUTER_BOUND ( 'NONE', #6759, .T. ) ;
#3778 = CARTESIAN_POINT ( 'NONE',  ( 16.56599923110718109, 9.000000000000001776, 19.84999999999999787 ) ) ;
#3779 = CARTESIAN_POINT ( 'NONE',  ( -9.677840315471781807, 3.516525410134339946, -11.62823236226146051 ) ) ;
#3780 = EDGE_LOOP ( 'NONE', ( #6058, #6225, #342 ) ) ;
#3781 = CARTESIAN_POINT ( 'NONE',  ( 10.11175162409243455, 2.999999999684745511, 9.856430428804820565 ) ) ;
#3782 = PRESENTATION_LAYER_ASSIGNMENT (  '', '', ( #6786 ) ) ;
#3783 = STYLED_ITEM ( 'NONE', ( #5575 ), #3951 ) ;
#3784 =( NAMED_UNIT ( * ) SI_UNIT ( $, .STERADIAN. ) SOLID_ANGLE_UNIT ( ) );
#3785 = ADVANCED_FACE ( 'NONE', ( #2309 ), #3959, .F. ) ;
#3786 = AXIS2_PLACEMENT_3D ( 'NONE', #3456, #2376, #6596 ) ;
#3787 = CARTESIAN_POINT ( 'NONE',  ( 8.024999999999996803, 3.000000000000000000, 10.79999999999999716 ) ) ;
#3788 =( NAMED_UNIT ( * ) PLANE_ANGLE_UNIT ( ) SI_UNIT ( $, .RADIAN. ) );
#3789 = B_SPLINE_CURVE_WITH_KNOTS ( 'NONE', 3,
 ( #1878, #4756, #4188, #3731, #13, #534, #2065, #500, #3143, #6380 ),
 .UNSPECIFIED., .F., .F.,
 ( 4, 2, 2, 2, 4 ),
 ( 0.000000000000000000, 0.0007393883215136545697, 0.001478776643027309139, 0.002218164964540963492, 0.002957553286054620881 ),
 .UNSPECIFIED. ) ;
#3790 =( GEOMETRIC_REPRESENTATION_CONTEXT ( 3 ) GLOBAL_UNCERTAINTY_ASSIGNED_CONTEXT ( ( #961 ) ) GLOBAL_UNIT_ASSIGNED_CONTEXT ( ( #1875, #3950, #3405 ) ) REPRESENTATION_CONTEXT ( 'NONE', 'WORKASPACE' ) );
#3791 = MECHANICAL_DESIGN_GEOMETRIC_PRESENTATION_REPRESENTATION (  '', ( #2233 ), #1029 ) ;
#3792 = CARTESIAN_POINT ( 'NONE',  ( -8.997208843581455895, 3.524697209923714158, 11.74999999999999822 ) ) ;
#3793 = SURFACE_SIDE_STYLE ('',( #3304 ) ) ;
#3794 = DIRECTION ( 'NONE',  ( 0.000000000000000000, 1.000000000000000000, 0.000000000000000000 ) ) ;
#3795 = UNCERTAINTY_MEASURE_WITH_UNIT (LENGTH_MEASURE( 1.000000000000000082E-05 ), #6567, 'distance_accuracy_value', 'NONE');
#3796 =( GEOMETRIC_REPRESENTATION_CONTEXT ( 3 ) GLOBAL_UNCERTAINTY_ASSIGNED_CONTEXT ( ( #2824 ) ) GLOBAL_UNIT_ASSIGNED_CONTEXT ( ( #1037, #6440, #1161 ) ) REPRESENTATION_CONTEXT ( 'NONE', 'WORKASPACE' ) );
#3797 = SURFACE_STYLE_FILL_AREA ( #1701 ) ;
#3798 = EDGE_CURVE ( 'NONE', #936, #6764, #333, .T. ) ;
#3799 = SURFACE_STYLE_FILL_AREA ( #5944 ) ;
#3800 = VECTOR ( 'NONE', #4535, 1000.000000000000000 ) ;
#3801 = CARTESIAN_POINT ( 'NONE',  ( 11.75000000000000355, 4.784118327815216176, 8.750000000000003553 ) ) ;
#3802 = MECHANICAL_DESIGN_GEOMETRIC_PRESENTATION_REPRESENTATION (  '', ( #4911 ), #3911 ) ;
#3804 = SURFACE_STYLE_USAGE ( .BOTH. , #5512 ) ;
#3803 = FILL_AREA_STYLE ('',( #3841 ) ) ;
#3805 = UNCERTAINTY_MEASURE_WITH_UNIT (LENGTH_MEASURE( 1.000000000000000082E-05 ), #2637, 'distance_accuracy_value', 'NONE');
#3806 = PRESENTATION_STYLE_ASSIGNMENT (( #1669 ) ) ;
#3807 = COLOUR_RGB ( '',1.000000000000000000, 1.000000000000000000, 1.000000000000000000 ) ;
#3808 = STYLED_ITEM ( 'NONE', ( #6710 ), #4813 ) ;
#3809 = CARTESIAN_POINT ( 'NONE',  ( 6.826102604469349799, 4.886788497158212508, 11.75000000000000000 ) ) ;
#3810 = ADVANCED_FACE ( 'NONE', ( #1181 ), #3295, .T. ) ;
#3811 = ORIENTED_EDGE ( 'NONE', *, *, #517, .T. ) ;
#3812 = CIRCLE ( 'NONE', #810, 0.6999999999999992895 ) ;
#3813 = DIRECTION ( 'NONE',  ( 0.000000000000000000, 0.000000000000000000, 1.000000000000000000 ) ) ;
#3815 =( NAMED_UNIT ( * ) SI_UNIT ( $, .STERADIAN. ) SOLID_ANGLE_UNIT ( ) );
#3814 = CARTESIAN_POINT ( 'NONE',  ( 9.750000000000008882, 3.000000000000000000, -5.851293488071599214 ) ) ;
#3816 = STYLED_ITEM ( 'NONE', ( #1582 ), #6038 ) ;
#3817 = COLOUR_RGB ( '',1.000000000000000000, 1.000000000000000000, 1.000000000000000000 ) ;
#3818 = VERTEX_POINT ( 'NONE', #6211 ) ;
#3819 = DIRECTION ( 'NONE',  ( 0.000000000000000000, 0.000000000000000000, 1.000000000000000000 ) ) ;
#3820 = PRESENTATION_STYLE_ASSIGNMENT (( #1715 ) ) ;
#3821 = SURFACE_SIDE_STYLE ('',( #1716 ) ) ;
#3822 =( NAMED_UNIT ( * ) PLANE_ANGLE_UNIT ( ) SI_UNIT ( $, .RADIAN. ) );
#3823 = STYLED_ITEM ( 'NONE', ( #1043 ), #825 ) ;
#3824 = ORIENTED_EDGE ( 'NONE', *, *, #1684, .T. ) ;
#3825 =( LENGTH_UNIT ( ) NAMED_UNIT ( * ) SI_UNIT ( .MILLI., .METRE. ) );
#3826 = STYLED_ITEM ( 'NONE', ( #3186 ), #6270 ) ;
#3827 =( NAMED_UNIT ( * ) PLANE_ANGLE_UNIT ( ) SI_UNIT ( $, .RADIAN. ) );
#3828 = MECHANICAL_DESIGN_GEOMETRIC_PRESENTATION_REPRESENTATION (  '', ( #5389 ), #6143 ) ;
#3829 = SURFACE_STYLE_FILL_AREA ( #5466 ) ;
#3830 = CIRCLE ( 'NONE', #3601, 1.000000000000000888 ) ;
#3831 = SURFACE_SIDE_STYLE ('',( #232 ) ) ;
#3832 = DIRECTION ( 'NONE',  ( -0.000000000000000000, -1.000000000000000000, -0.000000000000000000 ) ) ;
#3833 = DIRECTION ( 'NONE',  ( -0.7071067811865475727, 0.000000000000000000, -0.7071067811865475727 ) ) ;
#3834 = EDGE_CURVE ( 'NONE', #3741, #6162, #1429, .T. ) ;
#3835 = MANIFOLD_SOLID_BREP ( 'Mirror1', #4338 ) ;
#3836 = CARTESIAN_POINT ( 'NONE',  ( 18.20799961555358593, 9.000000000000001776, -18.20799961555358593 ) ) ;
#3837 = DIRECTION ( 'NONE',  ( -9.912705577010326782E-17, -0.000000000000000000, -1.000000000000000000 ) ) ;
#3838 = DIRECTION ( 'NONE',  ( -1.000000000000000000, -0.000000000000000000, 9.912705577010326782E-17 ) ) ;
#3839 = DIRECTION ( 'NONE',  ( 0.000000000000000000, 0.000000000000000000, -1.000000000000000000 ) ) ;
#3840 = ADVANCED_FACE ( 'NONE', ( #6246 ), #3527, .T. ) ;
#3841 = FILL_AREA_STYLE_COLOUR ( '', #4947 ) ;
#3842 = ADVANCED_FACE ( 'NONE', ( #5203 ), #428, .F. ) ;
#3843 = CARTESIAN_POINT ( 'NONE',  ( 8.750000000000001776, 4.784118327815215288, 11.75000000000000355 ) ) ;
#3844 = VERTEX_POINT ( 'NONE', #3394 ) ;
#3845 = CYLINDRICAL_SURFACE ( 'NONE', #2160, 2.000000000000000000 ) ;
#3846 = CARTESIAN_POINT ( 'NONE',  ( 10.46271572104921077, 3.000000013828187040, -6.657999802956886093 ) ) ;
#3847 = ORIENTED_EDGE ( 'NONE', *, *, #4179, .F. ) ;
#3848 = SURFACE_SIDE_STYLE ('',( #4296 ) ) ;
#3849 = DIRECTION ( 'NONE',  ( -1.000000000000000000, -0.000000000000000000, -0.000000000000000000 ) ) ;
#3850 = ORIENTED_EDGE ( 'NONE', *, *, #285, .T. ) ;
#3851 = ORIENTED_EDGE ( 'NONE', *, *, #4672, .T. ) ;
#3852 = DIRECTION ( 'NONE',  ( 0.000000000000000000, 0.000000000000000000, -1.000000000000000000 ) ) ;
#3853 = DIRECTION ( 'NONE',  ( -1.000000000000000000, -0.000000000000000000, -0.000000000000000000 ) ) ;
#3854 =( LENGTH_UNIT ( ) NAMED_UNIT ( * ) SI_UNIT ( .MILLI., .METRE. ) );
#3855 = DIRECTION ( 'NONE',  ( 0.000000000000000000, 0.000000000000000000, 1.000000000000000000 ) ) ;
#3856 = DIRECTION ( 'NONE',  ( 0.000000000000000000, 1.000000000000000000, -0.000000000000000000 ) ) ;
#3857 = CARTESIAN_POINT ( 'NONE',  ( -2.999999999999999556, 3.000000000000000000, 9.750000000000007105 ) ) ;
#3858 =( NAMED_UNIT ( * ) SI_UNIT ( $, .STERADIAN. ) SOLID_ANGLE_UNIT ( ) );
#3859 = ADVANCED_FACE ( 'NONE', ( #693, #130, #1756, #759, #6571 ), #5995, .F. ) ;
#3860 = EDGE_CURVE ( 'NONE', #587, #2379, #2219, .T. ) ;
#3861 = CARTESIAN_POINT ( 'NONE',  ( 3.000000000000002665, 4.999999999999999112, 20.85000000000000142 ) ) ;
#3862 = DIRECTION ( 'NONE',  ( 0.000000000000000000, 1.000000000000000000, -0.000000000000000000 ) ) ;
#3863 = CARTESIAN_POINT ( 'NONE',  ( 8.025000000000003908, 7.500000000000000000, 8.025000000000000355 ) ) ;
#3864 = CIRCLE ( 'NONE', #2409, 1.774999999999999689 ) ;
#3865 = DIRECTION ( 'NONE',  ( 0.7071067811865475727, 0.000000000000000000, -0.7071067811865475727 ) ) ;
#3866 = LINE ( 'NONE', #2392, #1217 ) ;
#3867 = CARTESIAN_POINT ( 'NONE',  ( 19.84999999999999432, 1.000000000000000000, 16.56599923110718464 ) ) ;
#3868 = MECHANICAL_DESIGN_GEOMETRIC_PRESENTATION_REPRESENTATION (  '', ( #6319 ), #986 ) ;
#3869 = EDGE_CURVE ( 'NONE', #3041, #6387, #6027, .T. ) ;
#3870 = VECTOR ( 'NONE', #5155, 1000.000000000000000 ) ;
#3871 = UNCERTAINTY_MEASURE_WITH_UNIT (LENGTH_MEASURE( 1.000000000000000082E-05 ), #2887, 'distance_accuracy_value', 'NONE');
#3872 = SURFACE_SIDE_STYLE ('',( #4362 ) ) ;
#3873 =( NAMED_UNIT ( * ) PLANE_ANGLE_UNIT ( ) SI_UNIT ( $, .RADIAN. ) );
#3874 = CIRCLE ( 'NONE', #876, 1.699999999999994849 ) ;
#3875 = VERTEX_POINT ( 'NONE', #1793 ) ;
#3876 = STYLED_ITEM ( 'NONE', ( #1227 ), #2460 ) ;
#3878 = FILL_AREA_STYLE_COLOUR ( '', #95 ) ;
#3877 = CARTESIAN_POINT ( 'NONE',  ( -16.56599923110718109, 10.00000000000000000, -20.85000000000000142 ) ) ;
#3879 = ORIENTED_EDGE ( 'NONE', *, *, #3277, .T. ) ;
#3880 =( NAMED_UNIT ( * ) PLANE_ANGLE_UNIT ( ) SI_UNIT ( $, .RADIAN. ) );
#3881 = AXIS2_PLACEMENT_3D ( 'NONE', #3464, #1401, #4096 ) ;
#3882 = CIRCLE ( 'NONE', #2319, 2.000000000000000444 ) ;
#3883 = SURFACE_SIDE_STYLE ('',( #2738 ) ) ;
#3884 = DIRECTION ( 'NONE',  ( -1.000000000000000000, 0.000000000000000000, 0.000000000000000000 ) ) ;
#3885 = DIRECTION ( 'NONE',  ( -0.000000000000000000, -1.000000000000000000, -0.000000000000000000 ) ) ;
#3886 = ORIENTED_EDGE ( 'NONE', *, *, #627, .F. ) ;
#3887 = ORIENTED_EDGE ( 'NONE', *, *, #474, .F. ) ;
#3888 = SPHERICAL_SURFACE ( 'NONE', #5270, 1.000000000000000000 ) ;
#3889 = ORIENTED_EDGE ( 'NONE', *, *, #616, .T. ) ;
#3890 = LINE ( 'NONE', #3332, #6261 ) ;
#3891 = FACE_OUTER_BOUND ( 'NONE', #1480, .T. ) ;
#3892 = VECTOR ( 'NONE', #1203, 1000.000000000000000 ) ;
#3893 = CIRCLE ( 'NONE', #1761, 3.249999999999997780 ) ;
#3894 = CARTESIAN_POINT ( 'NONE',  ( 11.75000000000000533, 3.581931040400567756, 7.704129835765891166 ) ) ;
#3895 =( NAMED_UNIT ( * ) PLANE_ANGLE_UNIT ( ) SI_UNIT ( $, .RADIAN. ) );
#3896 = PRESENTATION_STYLE_ASSIGNMENT (( #1794 ) ) ;
#3897 = CIRCLE ( 'NONE', #5917, 1.000000000000000888 ) ;
#3898 = AXIS2_PLACEMENT_3D ( 'NONE', #2804, #1783, #4472 ) ;
#3899 = COLOUR_RGB ( '',1.000000000000000000, 1.000000000000000000, 1.000000000000000000 ) ;
#3900 =( GEOMETRIC_REPRESENTATION_CONTEXT ( 3 ) GLOBAL_UNCERTAINTY_ASSIGNED_CONTEXT ( ( #4917 ) ) GLOBAL_UNIT_ASSIGNED_CONTEXT ( ( #6777, #5107, #862 ) ) REPRESENTATION_CONTEXT ( 'NONE', 'WORKASPACE' ) );
#3901 = SURFACE_STYLE_FILL_AREA ( #170 ) ;
#3902 = SURFACE_STYLE_FILL_AREA ( #1834 ) ;
#3903 = SURFACE_SIDE_STYLE ('',( #2327 ) ) ;
#3904 = MECHANICAL_DESIGN_GEOMETRIC_PRESENTATION_REPRESENTATION (  '', ( #1888 ), #3703 ) ;
#3905 = DIRECTION ( 'NONE',  ( 0.000000000000000000, 0.000000000000000000, -1.000000000000000000 ) ) ;
#3906 = CARTESIAN_POINT ( 'NONE',  ( -8.024999999999996803, 3.000000000000000000, 5.250000000000004441 ) ) ;
#3907 =( NAMED_UNIT ( * ) SI_UNIT ( $, .STERADIAN. ) SOLID_ANGLE_UNIT ( ) );
#3908 = PRESENTATION_LAYER_ASSIGNMENT (  '', '', ( #6795 ) ) ;
#3909 = LINE ( 'NONE', #5056, #3800 ) ;
#3910 = CIRCLE ( 'NONE', #6374, 1.000000000000000888 ) ;
#3911 =( GEOMETRIC_REPRESENTATION_CONTEXT ( 3 ) GLOBAL_UNCERTAINTY_ASSIGNED_CONTEXT ( ( #1357 ) ) GLOBAL_UNIT_ASSIGNED_CONTEXT ( ( #3231, #3169, #6853 ) ) REPRESENTATION_CONTEXT ( 'NONE', 'WORKASPACE' ) );
#3912 = ORIENTED_EDGE ( 'NONE', *, *, #1911, .T. ) ;
#3913 = SURFACE_SIDE_STYLE ('',( #6589 ) ) ;
#3915 =( NAMED_UNIT ( * ) SI_UNIT ( $, .STERADIAN. ) SOLID_ANGLE_UNIT ( ) );
#3914 = CARTESIAN_POINT ( 'NONE',  ( 11.74999999999999822, 3.116869394728015941, -5.944038137988583159 ) ) ;
#3916 = VERTEX_POINT ( 'NONE', #5532 ) ;
#3917 = LINE ( 'NONE', #5023, #113 ) ;
#3918 = TOROIDAL_SURFACE ( 'NONE', #2697, 4.000000000000000000, 1.000000000000000000 ) ;
#3919 =( NAMED_UNIT ( * ) SI_UNIT ( $, .STERADIAN. ) SOLID_ANGLE_UNIT ( ) );
#3920 = TOROIDAL_SURFACE ( 'NONE', #5715, 1.074999999999999512, 0.6999999999999999556 ) ;
#3921 = SURFACE_SIDE_STYLE ('',( #2245 ) ) ;
#3922 = SURFACE_SIDE_STYLE ('',( #6598 ) ) ;
#3923 = ORIENTED_EDGE ( 'NONE', *, *, #3939, .F. ) ;
#3924 = EDGE_LOOP ( 'NONE', ( #1097, #2729, #1607, #4273 ) ) ;
#3925 = MECHANICAL_DESIGN_GEOMETRIC_PRESENTATION_REPRESENTATION (  '', ( #1458 ), #6258 ) ;
#3926 = ORIENTED_EDGE ( 'NONE', *, *, #80, .F. ) ;
#3927 = DIRECTION ( 'NONE',  ( 1.000000000000000000, 0.000000000000000000, 0.000000000000000000 ) ) ;
#3928 = PRESENTATION_LAYER_ASSIGNMENT (  '', '', ( #4711 ) ) ;
#3929 = CARTESIAN_POINT ( 'NONE',  ( -11.74999999999999822, 4.809351732042459027, 9.135659856108965471 ) ) ;
#3930 = SURFACE_STYLE_FILL_AREA ( #1688 ) ;
#3931 = CARTESIAN_POINT ( 'NONE',  ( 11.75000000000000355, 4.760915839510671432, 8.631793546517320337 ) ) ;
#3932 = STYLED_ITEM ( 'NONE', ( #81 ), #808 ) ;
#3933 = EDGE_CURVE ( 'NONE', #818, #1787, #3674, .T. ) ;
#3934 =( NAMED_UNIT ( * ) PLANE_ANGLE_UNIT ( ) SI_UNIT ( $, .RADIAN. ) );
#3935 = SPHERICAL_SURFACE ( 'NONE', #2351, 1.000000000000000000 ) ;
#3936 = PRESENTATION_STYLE_ASSIGNMENT (( #1830 ) ) ;
#3937 = MECHANICAL_DESIGN_GEOMETRIC_PRESENTATION_REPRESENTATION (  '', ( #5488 ), #1057 ) ;
#3938 = AXIS2_PLACEMENT_3D ( 'NONE', #224, #2346, #1304 ) ;
#3939 = EDGE_CURVE ( 'NONE', #3171, #6251, #6507, .T. ) ;
#3940 = CARTESIAN_POINT ( 'NONE',  ( 20.84999999999999432, 10.00000000000000000, -16.56599923110718819 ) ) ;
#3941 = DIRECTION ( 'NONE',  ( 0.000000000000000000, 0.000000000000000000, -1.000000000000000000 ) ) ;
#3942 = AXIS2_PLACEMENT_3D ( 'NONE', #1891, #3927, #3532 ) ;
#3943 = DIRECTION ( 'NONE',  ( 0.000000000000000000, 1.000000000000000000, 0.000000000000000000 ) ) ;
#3944 = CARTESIAN_POINT ( 'NONE',  ( 8.750000000000000000, 4.784118327815216176, 9.750000000000005329 ) ) ;
#3945 = FACE_OUTER_BOUND ( 'NONE', #2384, .T. ) ;
#3946 = AXIS2_PLACEMENT_3D ( 'NONE', #4237, #2071, #3632 ) ;
#3947 = DIRECTION ( 'NONE',  ( 1.000000000000000000, 0.000000000000000000, 0.000000000000000000 ) ) ;
#3948 = PRESENTATION_LAYER_ASSIGNMENT (  '', '', ( #6278 ) ) ;
#3949 = UNCERTAINTY_MEASURE_WITH_UNIT (LENGTH_MEASURE( 1.000000000000000082E-05 ), #4909, 'distance_accuracy_value', 'NONE');
#3950 =( NAMED_UNIT ( * ) PLANE_ANGLE_UNIT ( ) SI_UNIT ( $, .RADIAN. ) );
#3951 = ADVANCED_FACE ( 'NONE', ( #4972 ), #166, .F. ) ;
#3952 = CARTESIAN_POINT ( 'NONE',  ( -17.27310601229372722, 10.00000000000000000, 20.55710678118654755 ) ) ;
#3953 = ADVANCED_FACE ( 'NONE', ( #1439 ), #6709, .T. ) ;
#3954 = SURFACE_STYLE_USAGE ( .BOTH. , #1177 ) ;
#3955 = EDGE_LOOP ( 'NONE', ( #5291, #1484, #2248 ) ) ;
#3956 = LINE ( 'NONE', #5600, #786 ) ;
#3957 = DIRECTION ( 'NONE',  ( 0.000000000000000000, 1.000000000000000000, 0.000000000000000000 ) ) ;
#3958 =( LENGTH_UNIT ( ) NAMED_UNIT ( * ) SI_UNIT ( .MILLI., .METRE. ) );
#3959 = PLANE ( 'NONE',  #3898 ) ;
#3960 = ORIENTED_EDGE ( 'NONE', *, *, #4419, .T. ) ;
#3961 = ORIENTED_EDGE ( 'NONE', *, *, #4227, .F. ) ;
#3962 = DIRECTION ( 'NONE',  ( 0.000000000000000000, 0.000000000000000000, 1.000000000000000000 ) ) ;
#3963 = VERTEX_POINT ( 'NONE', #402 ) ;
#3964 = CARTESIAN_POINT ( 'NONE',  ( -15.37957249080740851, 0.000000000000000000, -15.37957249080740496 ) ) ;
#3965 = DIRECTION ( 'NONE',  ( -0.000000000000000000, -1.000000000000000000, 0.000000000000000000 ) ) ;
#3966 = CARTESIAN_POINT ( 'NONE',  ( -9.420287608206894703, 3.000000003122417436, 10.43054394859891154 ) ) ;
#3967 =( LENGTH_UNIT ( ) NAMED_UNIT ( * ) SI_UNIT ( .MILLI., .METRE. ) );
#3968 = ORIENTED_EDGE ( 'NONE', *, *, #5598, .F. ) ;
#3969 = CYLINDRICAL_SURFACE ( 'NONE', #5807, 1.000000000000000888 ) ;
#3970 = SURFACE_SIDE_STYLE ('',( #3538 ) ) ;
#3971 = CARTESIAN_POINT ( 'NONE',  ( -16.56599923110718109, 0.9999999999999991118, 19.84999999999999787 ) ) ;
#3972 = SURFACE_STYLE_FILL_AREA ( #2884 ) ;
#3973 = SURFACE_STYLE_USAGE ( .BOTH. , #5579 ) ;
#3974 = DIRECTION ( 'NONE',  ( -1.000000000000000000, 0.000000000000000000, 0.000000000000000000 ) ) ;
#3975 = CARTESIAN_POINT ( 'NONE',  ( -8.270093811502061243, 4.702583853350592591, -11.75000000000000000 ) ) ;
#3976 = DIRECTION ( 'NONE',  ( -8.320016671351592820E-17, 0.000000000000000000, -1.000000000000000000 ) ) ;
#3977 =( LENGTH_UNIT ( ) NAMED_UNIT ( * ) SI_UNIT ( .MILLI., .METRE. ) );
#3978 = CIRCLE ( 'NONE', #1871, 2.774999999999996358 ) ;
#3979 = SURFACE_STYLE_FILL_AREA ( #737 ) ;
#3980 = FILL_AREA_STYLE_COLOUR ( '', #1910 ) ;
#3981 = AXIS2_PLACEMENT_3D ( 'NONE', #3615, #5729, #3063 ) ;
#3982 = CARTESIAN_POINT ( 'NONE',  ( -8.024999999999996803, 3.000000000000000000, 8.025000000000000355 ) ) ;
#3983 = ADVANCED_FACE ( 'NONE', ( #4656 ), #4130, .F. ) ;
#3984 = ORIENTED_EDGE ( 'NONE', *, *, #5620, .F. ) ;
#3985 =( NAMED_UNIT ( * ) PLANE_ANGLE_UNIT ( ) SI_UNIT ( $, .RADIAN. ) );
#3986 = CARTESIAN_POINT ( 'NONE',  ( 5.000000000000002665, 10.00000000000000000, 12.75000000000000178 ) ) ;
#3987 = FILL_AREA_STYLE ('',( #4542 ) ) ;
#3988 = EDGE_LOOP ( 'NONE', ( #4286, #4093, #649, #3005, #2674 ) ) ;
#3989 = PRESENTATION_LAYER_ASSIGNMENT (  '', '', ( #2871 ) ) ;
#3990 = VERTEX_POINT ( 'NONE', #1860 ) ;
#3991 = CIRCLE ( 'NONE', #1867, 1.000000000000000888 ) ;
#3992 =( NAMED_UNIT ( * ) PLANE_ANGLE_UNIT ( ) SI_UNIT ( $, .RADIAN. ) );
#3993 = ORIENTED_EDGE ( 'NONE', *, *, #2665, .F. ) ;
#3994 = DIRECTION ( 'NONE',  ( -0.7071067811865457964, 0.000000000000000000, 0.7071067811865492381 ) ) ;
#3995 = SURFACE_STYLE_USAGE ( .BOTH. , #1855 ) ;
#3996 = ORIENTED_EDGE ( 'NONE', *, *, #2850, .F. ) ;
#3997 = STYLED_ITEM ( 'NONE', ( #3691 ), #3431 ) ;
#3998 = ORIENTED_EDGE ( 'NONE', *, *, #4840, .F. ) ;
#3999 = STYLED_ITEM ( 'NONE', ( #4453 ), #2645 ) ;
#4000 = DIRECTION ( 'NONE',  ( -0.000000000000000000, -1.000000000000000000, -0.000000000000000000 ) ) ;
#4001 = FILL_AREA_STYLE ('',( #5718 ) ) ;
#4002 = SURFACE_STYLE_USAGE ( .BOTH. , #834 ) ;
#4003 = CARTESIAN_POINT ( 'NONE',  ( 20.55710678118654045, 0.9999999999999991118, -17.27310601229373432 ) ) ;
#4004 = PRESENTATION_STYLE_ASSIGNMENT (( #5079 ) ) ;
#4005 =( GEOMETRIC_REPRESENTATION_CONTEXT ( 3 ) GLOBAL_UNCERTAINTY_ASSIGNED_CONTEXT ( ( #4790 ) ) GLOBAL_UNIT_ASSIGNED_CONTEXT ( ( #114, #214, #6494 ) ) REPRESENTATION_CONTEXT ( 'NONE', 'WORKASPACE' ) );
#4006 = STYLED_ITEM ( 'NONE', ( #3572 ), #3656 ) ;
#4007 = ADVANCED_FACE ( 'NONE', ( #2491 ), #3969, .T. ) ;
#4008 =( NAMED_UNIT ( * ) PLANE_ANGLE_UNIT ( ) SI_UNIT ( $, .RADIAN. ) );
#4009 = PRESENTATION_LAYER_ASSIGNMENT (  '', '', ( #5230 ) ) ;
#4010 = CARTESIAN_POINT ( 'NONE',  ( -7.788641904947288808, 4.701831874940744171, -11.74999999999999645 ) ) ;
#4011 = ADVANCED_FACE ( 'NONE', ( #2490 ), #2917, .T. ) ;
#4012 = MECHANICAL_DESIGN_GEOMETRIC_PRESENTATION_REPRESENTATION (  '', ( #2891 ), #1771 ) ;
#4013 = ORIENTED_EDGE ( 'NONE', *, *, #6779, .F. ) ;
#4014 = UNCERTAINTY_MEASURE_WITH_UNIT (LENGTH_MEASURE( 1.000000000000000082E-05 ), #3173, 'distance_accuracy_value', 'NONE');
#4015 = EDGE_CURVE ( 'NONE', #3748, #3114, #4101, .T. ) ;
#4016 = CIRCLE ( 'NONE', #454, 1.000000000000000888 ) ;
#4017 = FILL_AREA_STYLE ('',( #206 ) ) ;
#4018 = CIRCLE ( 'NONE', #2566, 1.699999999999994849 ) ;
#4020 = SURFACE_STYLE_USAGE ( .BOTH. , #6724 ) ;
#4019 = CARTESIAN_POINT ( 'NONE',  ( -10.77670567000661705, 2.999999994397046787, -8.427665067367165364 ) ) ;
#4021 = ORIENTED_EDGE ( 'NONE', *, *, #1315, .F. ) ;
#4022 = UNCERTAINTY_MEASURE_WITH_UNIT (LENGTH_MEASURE( 1.000000000000000082E-05 ), #2003, 'distance_accuracy_value', 'NONE');
#4023 = DIRECTION ( 'NONE',  ( 0.000000000000000000, -1.000000000000000000, 0.000000000000000000 ) ) ;
#4024 =( NAMED_UNIT ( * ) PLANE_ANGLE_UNIT ( ) SI_UNIT ( $, .RADIAN. ) );
#4025 = ADVANCED_FACE ( 'NONE', ( #2980 ), #2598, .T. ) ;
#4026 = ORIENTED_EDGE ( 'NONE', *, *, #4162, .T. ) ;
#4027 = AXIS2_PLACEMENT_3D ( 'NONE', #5730, #1975, #952 ) ;
#4028 = ORIENTED_EDGE ( 'NONE', *, *, #4372, .F. ) ;
#4029 = SURFACE_SIDE_STYLE ('',( #6668 ) ) ;
#4030 = ORIENTED_EDGE ( 'NONE', *, *, #4674, .F. ) ;
#4031 =( NAMED_UNIT ( * ) SI_UNIT ( $, .STERADIAN. ) SOLID_ANGLE_UNIT ( ) );
#4033 = FILL_AREA_STYLE ('',( #5177 ) ) ;
#4032 = SPHERICAL_SURFACE ( 'NONE', #4164, 1.000000000000000000 ) ;
#4034 = AXIS2_PLACEMENT_3D ( 'NONE', #1532, #5204, #6699 ) ;
#4035 = EDGE_LOOP ( 'NONE', ( #6862, #2171, #1811, #1231 ) ) ;
#4036 = ORIENTED_EDGE ( 'NONE', *, *, #5386, .T. ) ;
#4037 = FILL_AREA_STYLE ('',( #945 ) ) ;
#4038 = CARTESIAN_POINT ( 'NONE',  ( -11.13421378412019891, 4.852881740368597541, 10.58139373377103709 ) ) ;
#4039 = ORIENTED_EDGE ( 'NONE', *, *, #6332, .F. ) ;
#4040 = DIRECTION ( 'NONE',  ( 0.000000000000000000, 0.000000000000000000, -1.000000000000000000 ) ) ;
#4041 = DIRECTION ( 'NONE',  ( 0.000000000000000000, 0.000000000000000000, 1.000000000000000000 ) ) ;
#4042 = CARTESIAN_POINT ( 'NONE',  ( -7.070270749635146679, 4.828844623781576750, 11.75000000000000533 ) ) ;
#4043 = MECHANICAL_DESIGN_GEOMETRIC_PRESENTATION_REPRESENTATION (  '', ( #5609 ), #2584 ) ;
#4044 = AXIS2_PLACEMENT_3D ( 'NONE', #5031, #4440, #5068 ) ;
#4045 = SURFACE_SIDE_STYLE ('',( #5263 ) ) ;
#4046 = EDGE_CURVE ( 'NONE', #4661, #2769, #6222, .T. ) ;
#4047 = MECHANICAL_DESIGN_GEOMETRIC_PRESENTATION_REPRESENTATION (  '', ( #3932 ), #2814 ) ;
#4048 = SURFACE_STYLE_FILL_AREA ( #4017 ) ;
#4049 = VECTOR ( 'NONE', #4284, 1000.000000000000114 ) ;
#4050 = SURFACE_STYLE_FILL_AREA ( #814 ) ;
#4051 = FILL_AREA_STYLE ('',( #3002 ) ) ;
#4052 = EDGE_CURVE ( 'NONE', #5708, #893, #6875, .T. ) ;
#4053 = ORIENTED_EDGE ( 'NONE', *, *, #4973, .T. ) ;
#4054 = FILL_AREA_STYLE ('',( #3006 ) ) ;
#4055 = DIRECTION ( 'NONE',  ( -0.000000000000000000, -1.000000000000000000, -0.000000000000000000 ) ) ;
#4056 = DIRECTION ( 'NONE',  ( 0.000000000000000000, 1.000000000000000000, 0.000000000000000000 ) ) ;
#4057 = ORIENTED_EDGE ( 'NONE', *, *, #4454, .T. ) ;
#4058 = ORIENTED_EDGE ( 'NONE', *, *, #6396, .T. ) ;
#4059 = CARTESIAN_POINT ( 'NONE',  ( 11.75000000000000178, 4.971480338808882848, -6.343031678200018675 ) ) ;
#4060 = ORIENTED_EDGE ( 'NONE', *, *, #2889, .F. ) ;
#4061 = SURFACE_STYLE_FILL_AREA ( #5035 ) ;
#4062 = DIRECTION ( 'NONE',  ( 1.000000000000000000, -0.000000000000000000, 1.224646799147353207E-16 ) ) ;
#4064 = FILL_AREA_STYLE ('',( #1936 ) ) ;
#4063 = DIRECTION ( 'NONE',  ( -0.000000000000000000, -1.000000000000000000, -0.000000000000000000 ) ) ;
#4065 = EDGE_LOOP ( 'NONE', ( #3287, #5520 ) ) ;
#4066 = VERTEX_POINT ( 'NONE', #5717 ) ;
#4067 = DIRECTION ( 'NONE',  ( -1.000000000000000000, 0.000000000000000000, 9.912705577010326782E-17 ) ) ;
#4068 =( NAMED_UNIT ( * ) PLANE_ANGLE_UNIT ( ) SI_UNIT ( $, .RADIAN. ) );
#4069 =( LENGTH_UNIT ( ) NAMED_UNIT ( * ) SI_UNIT ( .MILLI., .METRE. ) );
#4070 = ORIENTED_EDGE ( 'NONE', *, *, #3117, .T. ) ;
#4071 = CARTESIAN_POINT ( 'NONE',  ( 9.869986901028692472, 3.000000000000000000, 5.946512114410315242 ) ) ;
#4072 = CARTESIAN_POINT ( 'NONE',  ( -4.999999999999999112, 9.000000000000001776, 12.75000000000000355 ) ) ;
#4073 = CARTESIAN_POINT ( 'NONE',  ( -8.427665067367168916, 2.999999994396996605, 10.77670567000653001 ) ) ;
#4074 = SURFACE_SIDE_STYLE ('',( #2496 ) ) ;
#4075 = ADVANCED_FACE ( 'NONE', ( #5213 ), #509, .F. ) ;
#4076 = DIRECTION ( 'NONE',  ( 0.000000000000000000, 0.000000000000000000, -1.000000000000000000 ) ) ;
#4077 = FACE_OUTER_BOUND ( 'NONE', #3988, .T. ) ;
#4078 = CARTESIAN_POINT ( 'NONE',  ( 10.73249685147499477, 4.854173263908024616, -11.01015130539787990 ) ) ;
#4079 = UNCERTAINTY_MEASURE_WITH_UNIT (LENGTH_MEASURE( 1.000000000000000082E-05 ), #1997, 'distance_accuracy_value', 'NONE');
#4080 =( NAMED_UNIT ( * ) SI_UNIT ( $, .STERADIAN. ) SOLID_ANGLE_UNIT ( ) );
#4081 = CYLINDRICAL_SURFACE ( 'NONE', #245, 1.000000000000000888 ) ;
#4082 = FILL_AREA_STYLE_COLOUR ( '', #602 ) ;
#4083 = SURFACE_STYLE_USAGE ( .BOTH. , #1989 ) ;
#4084 = EDGE_CURVE ( 'NONE', #276, #6637, #5238, .T. ) ;
#4086 =( NAMED_UNIT ( * ) SI_UNIT ( $, .STERADIAN. ) SOLID_ANGLE_UNIT ( ) );
#4085 = SURFACE_STYLE_FILL_AREA ( #4502 ) ;
#4087 = ORIENTED_EDGE ( 'NONE', *, *, #1032, .F. ) ;
#4088 = UNCERTAINTY_MEASURE_WITH_UNIT (LENGTH_MEASURE( 1.000000000000000082E-05 ), #684, 'distance_accuracy_value', 'NONE');
#4089 = SURFACE_STYLE_FILL_AREA ( #502 ) ;
#4090 = VERTEX_POINT ( 'NONE', #2075 ) ;
#4091 = SURFACE_STYLE_FILL_AREA ( #2035 ) ;
#4092 = CIRCLE ( 'NONE', #2752, 1.074999999999996181 ) ;
#4093 = ORIENTED_EDGE ( 'NONE', *, *, #4690, .F. ) ;
#4094 = DIRECTION ( 'NONE',  ( -1.000000000000000000, 0.000000000000000000, 0.000000000000000000 ) ) ;
#4095 = TOROIDAL_SURFACE ( 'NONE', #4641, 1.074999999999999512, 0.6999999999999999556 ) ;
#4096 = DIRECTION ( 'NONE',  ( 0.000000000000000000, 0.000000000000000000, 1.000000000000000000 ) ) ;
#4098 = SURFACE_STYLE_USAGE ( .BOTH. , #4962 ) ;
#4097 = DIRECTION ( 'NONE',  ( 0.000000000000000000, 1.000000000000000000, -0.000000000000000000 ) ) ;
#4099 = DIRECTION ( 'NONE',  ( 0.000000000000000000, -0.000000000000000000, 1.000000000000000000 ) ) ;
#4100 = EDGE_LOOP ( 'NONE', ( #5500, #4122 ) ) ;
#4101 = LINE ( 'NONE', #1898, #1124 ) ;
#4102 = AXIS2_PLACEMENT_3D ( 'NONE', #310, #5621, #3765 ) ;
#4103 =( LENGTH_UNIT ( ) NAMED_UNIT ( * ) SI_UNIT ( .MILLI., .METRE. ) );
#4104 = SURFACE_SIDE_STYLE ('',( #2419 ) ) ;
#4105 = ORIENTED_EDGE ( 'NONE', *, *, #2265, .T. ) ;
#4106 = CARTESIAN_POINT ( 'NONE',  ( 10.15675655619358331, 3.510399774476083756, 11.40713420197521799 ) ) ;
#4107 = DIRECTION ( 'NONE',  ( 0.7071067811865474617, 0.000000000000000000, 0.7071067811865474617 ) ) ;
#4108 = AXIS2_PLACEMENT_3D ( 'NONE', #5900, #1692, #5369 ) ;
#4109 = CARTESIAN_POINT ( 'NONE',  ( -7.118877448778448525, 2.999999993085924910, 10.65315475726389316 ) ) ;
#4110 = SURFACE_SIDE_STYLE ('',( #381 ) ) ;
#4111 = DIRECTION ( 'NONE',  ( 1.000000000000000000, 4.336808689942017243E-16, 4.336808689942013299E-16 ) ) ;
#4112 = EDGE_CURVE ( 'NONE', #1785, #1649, #4679, .T. ) ;
#4113 = VERTEX_POINT ( 'NONE', #4734 ) ;
#4114 = FILL_AREA_STYLE_COLOUR ( '', #2581 ) ;
#4115 = STYLED_ITEM ( 'NONE', ( #1493 ), #3842 ) ;
#4116 =( NAMED_UNIT ( * ) PLANE_ANGLE_UNIT ( ) SI_UNIT ( $, .RADIAN. ) );
#4118 = DIRECTION ( 'NONE',  ( 0.000000000000000000, 0.000000000000000000, 1.000000000000000000 ) ) ;
#4117 = DIRECTION ( 'NONE',  ( -0.000000000000000000, -1.000000000000000000, -0.000000000000000000 ) ) ;
#4119 =( GEOMETRIC_REPRESENTATION_CONTEXT ( 3 ) GLOBAL_UNCERTAINTY_ASSIGNED_CONTEXT ( ( #2960 ) ) GLOBAL_UNIT_ASSIGNED_CONTEXT ( ( #1938, #1378, #793 ) ) REPRESENTATION_CONTEXT ( 'NONE', 'WORKASPACE' ) );
#4120 = ORIENTED_EDGE ( 'NONE', *, *, #4454, .F. ) ;
#4121 = EDGE_CURVE ( 'NONE', #6126, #5818, #1235, .T. ) ;
#4122 = ORIENTED_EDGE ( 'NONE', *, *, #4303, .T. ) ;
#4123 = EDGE_LOOP ( 'NONE', ( #399, #1604, #1996, #4966 ) ) ;
#4124 = DIRECTION ( 'NONE',  ( -0.000000000000000000, -1.000000000000000000, -0.000000000000000000 ) ) ;
#4126 =( NAMED_UNIT ( * ) PLANE_ANGLE_UNIT ( ) SI_UNIT ( $, .RADIAN. ) );
#4125 = DIRECTION ( 'NONE',  ( -0.000000000000000000, -1.000000000000000000, -0.000000000000000000 ) ) ;
#4127 = ORIENTED_EDGE ( 'NONE', *, *, #1021, .T. ) ;
#4128 = VERTEX_POINT ( 'NONE', #2513 ) ;
#4129 = FILL_AREA_STYLE_COLOUR ( '', #1551 ) ;
#4130 = CYLINDRICAL_SURFACE ( 'NONE', #6130, 2.999999999999997335 ) ;
#4131 = STYLED_ITEM ( 'NONE', ( #1908 ), #4568 ) ;
#4132 = CARTESIAN_POINT ( 'NONE',  ( 6.425369620531195203, 2.999999994689888094, -10.30423112829241461 ) ) ;
#4133 = PRESENTATION_STYLE_ASSIGNMENT (( #1478 ) ) ;
#4134 = ORIENTED_EDGE ( 'NONE', *, *, #64, .T. ) ;
#4135 = CARTESIAN_POINT ( 'NONE',  ( 10.57836663040518133, 4.852852193649188628, 11.13662256175845755 ) ) ;
#4136 = DIRECTION ( 'NONE',  ( 0.7071067811865475727, 0.000000000000000000, 0.7071067811865475727 ) ) ;
#4137 =( GEOMETRIC_REPRESENTATION_CONTEXT ( 3 ) GLOBAL_UNCERTAINTY_ASSIGNED_CONTEXT ( ( #5971 ) ) GLOBAL_UNIT_ASSIGNED_CONTEXT ( ( #5138, #2067, #4619 ) ) REPRESENTATION_CONTEXT ( 'NONE', 'WORKASPACE' ) );
#4138 = AXIS2_PLACEMENT_3D ( 'NONE', #4276, #6303, #1022 ) ;
#4139 = ADVANCED_FACE ( 'NONE', ( #2006 ), #6776, .F. ) ;
#4140 = DIRECTION ( 'NONE',  ( 1.000000000000000000, -0.000000000000000000, 9.912705577010326782E-17 ) ) ;
#4141 = DIRECTION ( 'NONE',  ( 0.000000000000000000, 1.000000000000000000, -0.000000000000000000 ) ) ;
#4142 = AXIS2_PLACEMENT_3D ( 'NONE', #2295, #5974, #3865 ) ;
#4143 = CARTESIAN_POINT ( 'NONE',  ( -8.024999999999996803, 5.000000000000000000, -8.025000000000000355 ) ) ;
#4144 = ADVANCED_FACE ( 'NONE', ( #682 ), #908, .F. ) ;
#4145 = FILL_AREA_STYLE_COLOUR ( '', #6463 ) ;
#4146 = AXIS2_PLACEMENT_3D ( 'NONE', #385, #844, #2500 ) ;
#4147 = VECTOR ( 'NONE', #6256, 1000.000000000000000 ) ;
#4148 = VECTOR ( 'NONE', #4610, 1000.000000000000000 ) ;
#4149 = STYLED_ITEM ( 'NONE', ( #4206 ), #5903 ) ;
#4150 = ORIENTED_EDGE ( 'NONE', *, *, #5972, .T. ) ;
#4151 = CARTESIAN_POINT ( 'NONE',  ( -8.698061147984908814, 3.560749770959550364, -11.75000000000000000 ) ) ;
#4152 = UNCERTAINTY_MEASURE_WITH_UNIT (LENGTH_MEASURE( 1.000000000000000082E-05 ), #5822, 'distance_accuracy_value', 'NONE');
#4153 = CARTESIAN_POINT ( 'NONE',  ( 8.024999999999996803, 5.000000000000000000, 8.025000000000000355 ) ) ;
#4154 = PRESENTATION_LAYER_ASSIGNMENT (  '', '', ( #1923 ) ) ;
#4155 = PRESENTATION_LAYER_ASSIGNMENT (  '', '', ( #5389 ) ) ;
#4156 = FILL_AREA_STYLE ('',( #3140 ) ) ;
#4158 = DIRECTION ( 'NONE',  ( 1.906289534040448473E-16, 0.000000000000000000, 1.000000000000000000 ) ) ;
#4157 = CYLINDRICAL_SURFACE ( 'NONE', #3607, 1.775000000000003242 ) ;
#4159 = VECTOR ( 'NONE', #1658, 1000.000000000000000 ) ;
#4160 = EDGE_LOOP ( 'NONE', ( #3889, #3923, #5104, #6017 ) ) ;
#4161 = PRESENTATION_STYLE_ASSIGNMENT (( #5131 ) ) ;
#4162 = EDGE_CURVE ( 'NONE', #1138, #973, #360, .T. ) ;
#4163 = CARTESIAN_POINT ( 'NONE',  ( -11.74999999999999645, 4.702730040580028081, 8.156515923090982056 ) ) ;
#4164 = AXIS2_PLACEMENT_3D ( 'NONE', #4586, #5038, #4623 ) ;
#4165 = ORIENTED_EDGE ( 'NONE', *, *, #1730, .F. ) ;
#4166 = ADVANCED_FACE ( 'NONE', ( #1812 ), #5558, .F. ) ;
#4167 = DIRECTION ( 'NONE',  ( 0.000000000000000000, 0.000000000000000000, -1.000000000000000000 ) ) ;
#4169 = DIRECTION ( 'NONE',  ( 0.000000000000000000, 0.000000000000000000, 1.000000000000000000 ) ) ;
#4168 = PRESENTATION_STYLE_ASSIGNMENT (( #968 ) ) ;
#4170 = FILL_AREA_STYLE ('',( #436 ) ) ;
#4171 = ORIENTED_EDGE ( 'NONE', *, *, #3733, .T. ) ;
#4172 = AXIS2_PLACEMENT_3D ( 'NONE', #2240, #4369, #6493 ) ;
#4173 = FILL_AREA_STYLE_COLOUR ( '', #4771 ) ;
#4174 = CARTESIAN_POINT ( 'NONE',  ( 7.873762599760327774, 3.586295622183201637, -11.74999999999999645 ) ) ;
#4175 = DIRECTION ( 'NONE',  ( -1.000000000000000000, 0.000000000000000000, 0.000000000000000000 ) ) ;
#4176 = ORIENTED_EDGE ( 'NONE', *, *, #603, .F. ) ;
#4177 =( LENGTH_UNIT ( ) NAMED_UNIT ( * ) SI_UNIT ( .MILLI., .METRE. ) );
#4178 = CARTESIAN_POINT ( 'NONE',  ( -8.275771039781103511, 4.711159729501336102, 11.75000000000000533 ) ) ;
#4179 = EDGE_CURVE ( 'NONE', #1857, #1274, #1393, .T. ) ;
#4180 = DIRECTION ( 'NONE',  ( -0.000000000000000000, -1.000000000000000000, -0.000000000000000000 ) ) ;
#4181 = ORIENTED_EDGE ( 'NONE', *, *, #6399, .F. ) ;
#4182 = CARTESIAN_POINT ( 'NONE',  ( -7.657206858957550821, 2.999999995407619302, -10.78185231215367068 ) ) ;
#4183 = DIRECTION ( 'NONE',  ( 1.000000000000000000, 0.000000000000000000, -2.973811673103097665E-16 ) ) ;
#4184 = FACE_OUTER_BOUND ( 'NONE', #5144, .T. ) ;
#4185 = CARTESIAN_POINT ( 'NONE',  ( 11.13662256175826748, 4.852852193649185963, -10.57836663040545488 ) ) ;
#4186 = CARTESIAN_POINT ( 'NONE',  ( 8.750000000000001776, 4.784118327815215288, 11.75000000000000355 ) ) ;
#4188 = CARTESIAN_POINT ( 'NONE',  ( 6.343031678200026668, 4.971480338808881072, -11.74999999999999822 ) ) ;
#4187 = CARTESIAN_POINT ( 'NONE',  ( -9.869986901028438453, 3.000000000000000000, -5.946512114410344552 ) ) ;
#4189 = VERTEX_POINT ( 'NONE', #4469 ) ;
#4190 = FILL_AREA_STYLE_COLOUR ( '', #123 ) ;
#4191 = SURFACE_STYLE_FILL_AREA ( #3147 ) ;
#4192 = CARTESIAN_POINT ( 'NONE',  ( -10.70770558168475262, 3.000000004592363378, 7.291108104573448045 ) ) ;
#4193 = ORIENTED_EDGE ( 'NONE', *, *, #2197, .F. ) ;
#4194 = DIRECTION ( 'NONE',  ( -0.000000000000000000, -1.000000000000000000, -0.000000000000000000 ) ) ;
#4195 = SURFACE_SIDE_STYLE ('',( #1570 ) ) ;
#4196 = EDGE_CURVE ( 'NONE', #1718, #4992, #678, .T. ) ;
#4198 = LINE ( 'NONE', #3773, #5227 ) ;
#4197 = FACE_OUTER_BOUND ( 'NONE', #2875, .T. ) ;
#4199 = SURFACE_SIDE_STYLE ('',( #5747 ) ) ;
#4200 = ORIENTED_EDGE ( 'NONE', *, *, #5537, .T. ) ;
#4201 = SURFACE_STYLE_FILL_AREA ( #6253 ) ;
#4202 = CARTESIAN_POINT ( 'NONE',  ( 8.236555335838518843, 3.000000000830898461, -10.79862929450323783 ) ) ;
#4203 = CARTESIAN_POINT ( 'NONE',  ( -10.15675655619380002, 3.510399774476057999, -11.40713420197515404 ) ) ;
#4204 = EDGE_LOOP ( 'NONE', ( #5984, #2828, #3020, #1066, #1885 ) ) ;
#4205 = CIRCLE ( 'NONE', #1098, 2.774999999999996358 ) ;
#4206 = PRESENTATION_STYLE_ASSIGNMENT (( #5867 ) ) ;
#4207 = CARTESIAN_POINT ( 'NONE',  ( -4.999999999999999112, 4.999999999999999112, 11.75000000000000533 ) ) ;
#4208 = STYLED_ITEM ( 'NONE', ( #2053 ), #2159 ) ;
#4209 = CARTESIAN_POINT ( 'NONE',  ( -11.44592023047957774, 4.843551933275754173, -10.08086243770180168 ) ) ;
#4210 = FILL_AREA_STYLE ('',( #5226 ) ) ;
#4211 = DIRECTION ( 'NONE',  ( 0.000000000000000000, 1.000000000000000000, -0.000000000000000000 ) ) ;
#4212 = COLOUR_RGB ( '',1.000000000000000000, 1.000000000000000000, 1.000000000000000000 ) ;
#4213 = EDGE_CURVE ( 'NONE', #3619, #5239, #3956, .T. ) ;
#4214 = AXIS2_PLACEMENT_3D ( 'NONE', #734, #3976, #1806 ) ;
#4215 = ORIENTED_EDGE ( 'NONE', *, *, #98, .T. ) ;
#4216 = LINE ( 'NONE', #6539, #430 ) ;
#4217 = COLOUR_RGB ( '',1.000000000000000000, 1.000000000000000000, 1.000000000000000000 ) ;
#4218 = EDGE_CURVE ( 'NONE', #6184, #6050, #3917, .T. ) ;
#4219 = UNCERTAINTY_MEASURE_WITH_UNIT (LENGTH_MEASURE( 1.000000000000000082E-05 ), #2536, 'distance_accuracy_value', 'NONE');
#4220 = FACE_BOUND ( 'NONE', #6725, .T. ) ;
#4221 = DIRECTION ( 'NONE',  ( 0.000000000000000000, 0.000000000000000000, -1.000000000000000000 ) ) ;
#4222 = VECTOR ( 'NONE', #6456, 1000.000000000000114 ) ;
#4223 = VECTOR ( 'NONE', #5432, 1000.000000000000000 ) ;
#4224 = DIRECTION ( 'NONE',  ( 0.000000000000000000, 1.000000000000000000, 0.000000000000000000 ) ) ;
#4226 = CARTESIAN_POINT ( 'NONE',  ( 8.024999999999996803, 3.000000000000000000, -8.025000000000000355 ) ) ;
#4225 =( NAMED_UNIT ( * ) PLANE_ANGLE_UNIT ( ) SI_UNIT ( $, .RADIAN. ) );
#4227 = EDGE_CURVE ( 'NONE', #2213, #1736, #4016, .T. ) ;
#4228 = EDGE_CURVE ( 'NONE', #681, #5869, #2683, .T. ) ;
#4229 = VERTEX_POINT ( 'NONE', #886 ) ;
#4230 = FILL_AREA_STYLE_COLOUR ( '', #4212 ) ;
#4231 = AXIS2_PLACEMENT_3D ( 'NONE', #5290, #6814, #5250 ) ;
#4232 = DIRECTION ( 'NONE',  ( 0.000000000000000000, 1.000000000000000000, -0.000000000000000000 ) ) ;
#4233 = EDGE_LOOP ( 'NONE', ( #5061, #3151, #5722, #4693 ) ) ;
#4234 = CARTESIAN_POINT ( 'NONE',  ( -13.67957249080741100, 2.999999999999999556, -15.37957249080740496 ) ) ;
#4235 = STYLED_ITEM ( 'NONE', ( #6055 ), #256 ) ;
#4236 = STYLED_ITEM ( 'NONE', ( #5679 ), #3953 ) ;
#4238 = PRESENTATION_STYLE_ASSIGNMENT (( #6324 ) ) ;
#4237 = CARTESIAN_POINT ( 'NONE',  ( 19.84999999999999432, 9.000000000000001776, 16.56599923110718464 ) ) ;
#4239 = VERTEX_POINT ( 'NONE', #1331 ) ;
#4240 = UNCERTAINTY_MEASURE_WITH_UNIT (LENGTH_MEASURE( 1.000000000000000082E-05 ), #1404, 'distance_accuracy_value', 'NONE');
#4241 = CARTESIAN_POINT ( 'NONE',  ( 7.916877620263678139, 4.701727787528122704, -11.74999999999999645 ) ) ;
#4242 = DIRECTION ( 'NONE',  ( 0.000000000000000000, 0.000000000000000000, -1.000000000000000000 ) ) ;
#4243 = VERTEX_POINT ( 'NONE', #6146 ) ;
#4244 =( GEOMETRIC_REPRESENTATION_CONTEXT ( 3 ) GLOBAL_UNCERTAINTY_ASSIGNED_CONTEXT ( ( #6655 ) ) GLOBAL_UNIT_ASSIGNED_CONTEXT ( ( #6421, #1713, #6018 ) ) REPRESENTATION_CONTEXT ( 'NONE', 'WORKASPACE' ) );
#4245 = CARTESIAN_POINT ( 'NONE',  ( -16.56599923110718109, 10.00000000000000000, 20.85000000000000142 ) ) ;
#4246 = CARTESIAN_POINT ( 'NONE',  ( 15.37957249080740851, 2.999999999999999112, 17.07957249080740070 ) ) ;
#4247 = CIRCLE ( 'NONE', #1242, 1.999999999999999778 ) ;
#4248 =( LENGTH_UNIT ( ) NAMED_UNIT ( * ) SI_UNIT ( .MILLI., .METRE. ) );
#4249 = AXIS2_PLACEMENT_3D ( 'NONE', #5325, #651, #3852 ) ;
#4250 = COLOUR_RGB ( '',1.000000000000000000, 1.000000000000000000, 1.000000000000000000 ) ;
#4251 = ORIENTED_EDGE ( 'NONE', *, *, #797, .F. ) ;
#4252 = CARTESIAN_POINT ( 'NONE',  ( -11.13662256175843979, 4.852852193649186852, 10.57836663040519731 ) ) ;
#4253 = MECHANICAL_DESIGN_GEOMETRIC_PRESENTATION_REPRESENTATION (  '', ( #5831 ), #1572 ) ;
#4254 = EDGE_CURVE ( 'NONE', #6666, #3990, #2939, .T. ) ;
#4255 = SURFACE_SIDE_STYLE ('',( #3797 ) ) ;
#4256 = CARTESIAN_POINT ( 'NONE',  ( -9.750000000000003553, 3.000000000000000000, -8.749999999999996447 ) ) ;
#4257 = STYLED_ITEM ( 'NONE', ( #5152 ), #5840 ) ;
#4258 =( GEOMETRIC_REPRESENTATION_CONTEXT ( 3 ) GLOBAL_UNCERTAINTY_ASSIGNED_CONTEXT ( ( #4352 ) ) GLOBAL_UNIT_ASSIGNED_CONTEXT ( ( #2079, #1504, #949 ) ) REPRESENTATION_CONTEXT ( 'NONE', 'WORKASPACE' ) );
#4260 = PRESENTATION_STYLE_ASSIGNMENT (( #6409 ) ) ;
#4259 =( LENGTH_UNIT ( ) NAMED_UNIT ( * ) SI_UNIT ( .MILLI., .METRE. ) );
#4261 = VERTEX_POINT ( 'NONE', #217 ) ;
#4262 = PRESENTATION_LAYER_ASSIGNMENT (  '', '', ( #5488 ) ) ;
#4263 =( NAMED_UNIT ( * ) SI_UNIT ( $, .STERADIAN. ) SOLID_ANGLE_UNIT ( ) );
#4264 = CIRCLE ( 'NONE', #3477, 1.000000000000001332 ) ;
#4265 = CARTESIAN_POINT ( 'NONE',  ( -8.025000000000000355, 7.500000000000000000, -9.799999999999998934 ) ) ;
#4266 = CARTESIAN_POINT ( 'NONE',  ( 11.75000000000000178, 5.000000000000000000, 6.097892163590182157 ) ) ;
#4267 = ORIENTED_EDGE ( 'NONE', *, *, #5492, .F. ) ;
#4268 = SURFACE_SIDE_STYLE ('',( #1004 ) ) ;
#4269 = ORIENTED_EDGE ( 'NONE', *, *, #1041, .T. ) ;
#4270 = LINE ( 'NONE', #3744, #5942 ) ;
#4271 = CARTESIAN_POINT ( 'NONE',  ( -9.421465201697531100, 3.000000001031872365, -10.42968320157072171 ) ) ;
#4272 = PRESENTATION_LAYER_ASSIGNMENT (  '', '', ( #379 ) ) ;
#4273 = ORIENTED_EDGE ( 'NONE', *, *, #3066, .F. ) ;
#4274 = FILL_AREA_STYLE ('',( #4862 ) ) ;
#4275 = FACE_OUTER_BOUND ( 'NONE', #3597, .T. ) ;
#4276 = CARTESIAN_POINT ( 'NONE',  ( 19.84999999999999432, 9.000000000000001776, -1.651523309263290550E-15 ) ) ;
#4277 = SURFACE_SIDE_STYLE ('',( #62 ) ) ;
#4278 = VECTOR ( 'NONE', #2727, 1000.000000000000000 ) ;
#4279 = CARTESIAN_POINT ( 'NONE',  ( -11.62823236226134860, 3.516525410134311080, 9.677840315472016286 ) ) ;
#4280 = EDGE_CURVE ( 'NONE', #6564, #6730, #3344, .T. ) ;
#4281 = CARTESIAN_POINT ( 'NONE',  ( 16.56599923110718109, 10.00000000000000000, 19.84999999999999787 ) ) ;
#4282 = FILL_AREA_STYLE_COLOUR ( '', #4367 ) ;
#4283 = CYLINDRICAL_SURFACE ( 'NONE', #4597, 1.774999999999998801 ) ;
#4285 = FACE_OUTER_BOUND ( 'NONE', #6391, .T. ) ;
#4284 = DIRECTION ( 'NONE',  ( -0.7071067811865474617, 0.000000000000000000, -0.7071067811865474617 ) ) ;
#4286 = ORIENTED_EDGE ( 'NONE', *, *, #5855, .T. ) ;
#4287 = UNCERTAINTY_MEASURE_WITH_UNIT (LENGTH_MEASURE( 1.000000000000000082E-05 ), #5156, 'distance_accuracy_value', 'NONE');
#4288 = CARTESIAN_POINT ( 'NONE',  ( 15.37957249080740851, 10.00000000000000000, -15.37957249080740496 ) ) ;
#4289 = FILL_AREA_STYLE ('',( #2172 ) ) ;
#4290 =( NAMED_UNIT ( * ) SI_UNIT ( $, .STERADIAN. ) SOLID_ANGLE_UNIT ( ) );
#4291 = EDGE_LOOP ( 'NONE', ( #2202, #6294, #3392, #5676 ) ) ;
#4292 = ADVANCED_FACE ( 'NONE', ( #6663 ), #2964, .T. ) ;
#4294 = DIRECTION ( 'NONE',  ( 0.000000000000000000, 1.000000000000000000, 0.000000000000000000 ) ) ;
#4293 = CARTESIAN_POINT ( 'NONE',  ( 11.74999999999999645, 3.483709452501522641, -6.762146660527070807 ) ) ;
#4295 = EDGE_LOOP ( 'NONE', ( #2870, #298, #3322, #3531 ) ) ;
#4296 = SURFACE_STYLE_FILL_AREA ( #3219 ) ;
#4297 = DIRECTION ( 'NONE',  ( -1.000000000000000000, 0.000000000000000000, 0.000000000000000000 ) ) ;
#4298 = CARTESIAN_POINT ( 'NONE',  ( -9.334054701751533401, 3.521849287766817937, -11.71811113005690963 ) ) ;
#4299 = ORIENTED_EDGE ( 'NONE', *, *, #4372, .T. ) ;
#4300 =( LENGTH_UNIT ( ) NAMED_UNIT ( * ) SI_UNIT ( .MILLI., .METRE. ) );
#4301 = FILL_AREA_STYLE_COLOUR ( '', #6482 ) ;
#4302 = DIRECTION ( 'NONE',  ( -0.000000000000000000, -1.000000000000000000, -0.000000000000000000 ) ) ;
#4303 = EDGE_CURVE ( 'NONE', #3916, #321, #3452, .T. ) ;
#4304 = CARTESIAN_POINT ( 'NONE',  ( 10.58323552776710841, 2.999999999999999556, 9.100200439206624026 ) ) ;
#4305 = LINE ( 'NONE', #35, #5474 ) ;
#4306 = PRESENTATION_LAYER_ASSIGNMENT (  '', '', ( #2517 ) ) ;
#4307 = DIRECTION ( 'NONE',  ( 0.000000000000000000, 0.000000000000000000, 1.000000000000000000 ) ) ;
#4308 =( GEOMETRIC_REPRESENTATION_CONTEXT ( 3 ) GLOBAL_UNCERTAINTY_ASSIGNED_CONTEXT ( ( #1099 ) ) GLOBAL_UNIT_ASSIGNED_CONTEXT ( ( #714, #1206, #2834 ) ) REPRESENTATION_CONTEXT ( 'NONE', 'WORKASPACE' ) );
#4309 = COLOUR_RGB ( '',1.000000000000000000, 1.000000000000000000, 1.000000000000000000 ) ;
#4310 = CARTESIAN_POINT ( 'NONE',  ( -10.42968320157060091, 3.000000001031883912, 9.421465201697760250 ) ) ;
#4311 = DIRECTION ( 'NONE',  ( -1.000000000000000000, -0.000000000000000000, 9.912705577010326782E-17 ) ) ;
#4312 = EDGE_CURVE ( 'NONE', #4128, #2670, #4681, .T. ) ;
#4313 = VECTOR ( 'NONE', #6506, 1000.000000000000000 ) ;
#4314 = AXIS2_PLACEMENT_3D ( 'NONE', #4949, #6541, #5542 ) ;
#4315 = AXIS2_PLACEMENT_3D ( 'NONE', #771, #2855, #5588 ) ;
#4316 = CARTESIAN_POINT ( 'NONE',  ( 8.750000000000106581, 4.784118327815218841, -11.74999999999999467 ) ) ;
#4317 = PRESENTATION_LAYER_ASSIGNMENT (  '', '', ( #2880 ) ) ;
#4318 = CARTESIAN_POINT ( 'NONE',  ( 16.56599923110718109, 0.9999999999999991118, -19.84999999999999787 ) ) ;
#4319 = CIRCLE ( 'NONE', #5198, 1.774999999999999689 ) ;
#4320 =( NAMED_UNIT ( * ) PLANE_ANGLE_UNIT ( ) SI_UNIT ( $, .RADIAN. ) );
#4321 = DIRECTION ( 'NONE',  ( 1.000000000000000000, -0.000000000000000000, 0.000000000000000000 ) ) ;
#4322 =( GEOMETRIC_REPRESENTATION_CONTEXT ( 3 ) GLOBAL_UNCERTAINTY_ASSIGNED_CONTEXT ( ( #2903 ) ) GLOBAL_UNIT_ASSIGNED_CONTEXT ( ( #3740, #2702, #77 ) ) REPRESENTATION_CONTEXT ( 'NONE', 'WORKASPACE' ) );
#4323 = AXIS2_PLACEMENT_3D ( 'NONE', #4389, #2356, #5043 ) ;
#4324 = SURFACE_STYLE_USAGE ( .BOTH. , #3213 ) ;
#4325 = ORIENTED_EDGE ( 'NONE', *, *, #4860, .F. ) ;
#4327 = FILL_AREA_STYLE ('',( #2175 ) ) ;
#4326 = CARTESIAN_POINT ( 'NONE',  ( 11.74999999999999467, 3.562823069469530424, -7.376002237229361214 ) ) ;
#4328 = CIRCLE ( 'NONE', #3102, 2.774999999999996358 ) ;
#4329 =( GEOMETRIC_REPRESENTATION_CONTEXT ( 3 ) GLOBAL_UNCERTAINTY_ASSIGNED_CONTEXT ( ( #1769 ) ) GLOBAL_UNIT_ASSIGNED_CONTEXT ( ( #6287, #4683, #3429 ) ) REPRESENTATION_CONTEXT ( 'NONE', 'WORKASPACE' ) );
#4330 = ORIENTED_EDGE ( 'NONE', *, *, #1123, .T. ) ;
#4331 = CARTESIAN_POINT ( 'NONE',  ( 7.657206858957454010, 2.999999995407635733, 10.78185231215367779 ) ) ;
#4332 = EDGE_CURVE ( 'NONE', #3875, #4989, #4864, .T. ) ;
#4333 = SURFACE_STYLE_FILL_AREA ( #2307 ) ;
#4334 = FACE_OUTER_BOUND ( 'NONE', #540, .T. ) ;
#4335 = DIRECTION ( 'NONE',  ( 0.000000000000000000, 0.000000000000000000, -1.000000000000000000 ) ) ;
#4336 = EDGE_LOOP ( 'NONE', ( #6414, #6558, #124, #6187 ) ) ;
#4337 = CARTESIAN_POINT ( 'NONE',  ( 11.62961925984611433, 3.516554732404626460, 9.675334263797040535 ) ) ;
#4338 = CLOSED_SHELL ( 'NONE', ( #664, #2261, #212, #6070, #415, #3431, #1323, #4585, #4897, #1833, #240, #6574, #4011, #5371, #6683, #2024, #6624, #3953, #5711, #5903, #215, #808, #6241, #4753, #556, #2214, #3842, #4139, #2347, #6186, #3859, #1538, #5078, #3810, #169, #1447, #4007, #2460, #256, #3983, #459, #2159, #3785, #185, #3951, #2778, #5629, #4568, #4941, #1268, #3132, #3840, #3070, #4495, #4292, #632, #5585, #3591, #4075, #5405, #2330, #6536, #2541, #3080, #1959, #5162, #4166, #2766, #6270, #306, #922, #6612, #3656, #2497, #845, #4847, #987, #6480, #6038, #5032, #5185, #4144, #5745, #2127, #3718, #6660, #1384, #1445, #1676, #435, #975, #400, #978, #73, #3483, #1819, #5434, #2776, #4025, #2054, #1642, #4880, #4430, #3137, #6163, #4950, #524, #6203, #2588, #2645, #1737, #5007, #4652, #5543, #2719, #136, #4647, #5668, #2816, #2869, #5282, #3379, #5840, #3197, #4918, #2372, #4813, #117, #6411, #4826, #5685, #4736, #3289, #825, #244, #3553, #5225, #957, #6407, #3333, #838, #6467, #1157, #511, #6073, #5242, #4422, #5872 ) ) ;
#4339 = VECTOR ( 'NONE', #4944, 1000.000000000000114 ) ;
#4340 = CARTESIAN_POINT ( 'NONE',  ( 15.37957249080740851, 0.000000000000000000, 15.37957249080740496 ) ) ;
#4341 =( NAMED_UNIT ( * ) SI_UNIT ( $, .STERADIAN. ) SOLID_ANGLE_UNIT ( ) );
#4342 =( LENGTH_UNIT ( ) NAMED_UNIT ( * ) SI_UNIT ( .MILLI., .METRE. ) );
#4343 = B_SPLINE_CURVE_WITH_KNOTS ( 'NONE', 3,
 ( #2984, #5109, #5217, #340, #5148, #2455, #5182, #2047, #3084, #443, #4038, #6224, #2559, #4698, #1441, #4594 ),
 .UNSPECIFIED., .F., .F.,
 ( 4, 2, 2, 2, 2, 2, 2, 4 ),
 ( 3.469446951953613804E-18, 0.0005938550238885427403, 0.001187710047777082011, 0.001781565071665621282, 0.002375420095554160553, 0.002969275119442700041, 0.003563130143331239095, 0.004750840191108317637 ),
 .UNSPECIFIED. ) ;
#4344 = FILL_AREA_STYLE ('',( #1690 ) ) ;
#4345 = PRESENTATION_LAYER_ASSIGNMENT (  '', '', ( #16 ) ) ;
#4346 = CARTESIAN_POINT ( 'NONE',  ( -8.024999999999996803, 5.000000000000000000, 6.250000000000004441 ) ) ;
#4347 = MECHANICAL_DESIGN_GEOMETRIC_PRESENTATION_REPRESENTATION (  '', ( #458 ), #5244 ) ;
#4348 = PRESENTATION_LAYER_ASSIGNMENT (  '', '', ( #4131 ) ) ;
#4349 = DIRECTION ( 'NONE',  ( 0.000000000000000000, -1.000000000000000000, 0.000000000000000000 ) ) ;
#4350 = EDGE_CURVE ( 'NONE', #5129, #3626, #3686, .T. ) ;
#4351 = FILL_AREA_STYLE_COLOUR ( '', #2453 ) ;
#4352 = UNCERTAINTY_MEASURE_WITH_UNIT (LENGTH_MEASURE( 1.000000000000000082E-05 ), #2079, 'distance_accuracy_value', 'NONE');
#4353 = MECHANICAL_DESIGN_GEOMETRIC_PRESENTATION_REPRESENTATION (  '', ( #2238 ), #1905 ) ;
#4354 = SURFACE_STYLE_USAGE ( .BOTH. , #4255 ) ;
#4355 = STYLED_ITEM ( 'NONE', ( #1172 ), #5543 ) ;
#4356 = DIRECTION ( 'NONE',  ( 0.000000000000000000, 0.000000000000000000, -1.000000000000000000 ) ) ;
#4357 = PRESENTATION_LAYER_ASSIGNMENT (  '', '', ( #593 ) ) ;
#4358 = SURFACE_SIDE_STYLE ('',( #5846 ) ) ;
#4359 = PRESENTATION_STYLE_ASSIGNMENT (( #5477 ) ) ;
#4360 = CIRCLE ( 'NONE', #4142, 1.000000000000001332 ) ;
#4361 = UNCERTAINTY_MEASURE_WITH_UNIT (LENGTH_MEASURE( 1.000000000000000082E-05 ), #2137, 'distance_accuracy_value', 'NONE');
#4362 = SURFACE_STYLE_FILL_AREA ( #5387 ) ;
#4363 = AXIS2_PLACEMENT_3D ( 'NONE', #4559, #1904, #4041 ) ;
#4364 = COLOUR_RGB ( '',1.000000000000000000, 1.000000000000000000, 1.000000000000000000 ) ;
#4365 = SURFACE_SIDE_STYLE ('',( #5388 ) ) ;
#4366 = ORIENTED_EDGE ( 'NONE', *, *, #6489, .T. ) ;
#4367 = COLOUR_RGB ( '',1.000000000000000000, 1.000000000000000000, 1.000000000000000000 ) ;
#4368 = DIRECTION ( 'NONE',  ( 0.000000000000000000, 0.000000000000000000, -1.000000000000000000 ) ) ;
#4370 = DIRECTION ( 'NONE',  ( 0.000000000000000000, 1.000000000000000000, -0.000000000000000000 ) ) ;
#4369 = DIRECTION ( 'NONE',  ( -1.000000000000000000, -0.000000000000000000, 0.000000000000000000 ) ) ;
#4371 = AXIS2_PLACEMENT_3D ( 'NONE', #906, #4700, #6781 ) ;
#4372 = EDGE_CURVE ( 'NONE', #6387, #973, #5366, .T. ) ;
#4373 = ORIENTED_EDGE ( 'NONE', *, *, #5407, .F. ) ;
#4374 = CARTESIAN_POINT ( 'NONE',  ( 6.071379517298885808, 3.000000005310128781, 10.00920742649987538 ) ) ;
#4375 = SPHERICAL_SURFACE ( 'NONE', #1211, 1.000000000000000000 ) ;
#4376 = FILL_AREA_STYLE_COLOUR ( '', #2669 ) ;
#4377 = AXIS2_PLACEMENT_3D ( 'NONE', #6021, #1239, #2246 ) ;
#4378 = EDGE_LOOP ( 'NONE', ( #4543, #1002, #5563, #4710 ) ) ;
#4379 = EDGE_LOOP ( 'NONE', ( #2400, #1751 ) ) ;
#4380 = EDGE_CURVE ( 'NONE', #5129, #3818, #6576, .T. ) ;
#4381 = CARTESIAN_POINT ( 'NONE',  ( 10.74331763909460058, 3.505537683996584164, 10.99919412250386053 ) ) ;
#4382 =( GEOMETRIC_REPRESENTATION_CONTEXT ( 3 ) GLOBAL_UNCERTAINTY_ASSIGNED_CONTEXT ( ( #3795 ) ) GLOBAL_UNIT_ASSIGNED_CONTEXT ( ( #6567, #1276, #228 ) ) REPRESENTATION_CONTEXT ( 'NONE', 'WORKASPACE' ) );
#4383 = DIRECTION ( 'NONE',  ( -0.000000000000000000, -1.000000000000000000, -0.000000000000000000 ) ) ;
#4384 = SURFACE_SIDE_STYLE ('',( #5036 ) ) ;
#4385 = CARTESIAN_POINT ( 'NONE',  ( 10.65315475726398375, 2.999999993085934680, 7.118877448778627937 ) ) ;
#4386 = COLOUR_RGB ( '',1.000000000000000000, 1.000000000000000000, 1.000000000000000000 ) ;
#4387 = DIRECTION ( 'NONE',  ( -1.000000000000000000, 0.000000000000000000, 0.000000000000000000 ) ) ;
#4388 = CARTESIAN_POINT ( 'NONE',  ( -4.999999999999999112, 4.999999999999999112, 11.75000000000000533 ) ) ;
#4389 = CARTESIAN_POINT ( 'NONE',  ( 8.025000000000000355, 6.799999999999999822, -8.025000000000000355 ) ) ;
#4390 = STYLED_ITEM ( 'NONE', ( #4359 ), #6683 ) ;
#4391 = EDGE_CURVE ( 'NONE', #1929, #5000, #4687, .T. ) ;
#4392 = SURFACE_STYLE_USAGE ( .BOTH. , #2925 ) ;
#4393 = VECTOR ( 'NONE', #1387, 1000.000000000000000 ) ;
#4394 = CARTESIAN_POINT ( 'NONE',  ( 9.750000000000000000, 4.784118327815214400, -8.749999999999996447 ) ) ;
#4395 = DIRECTION ( 'NONE',  ( 0.7071067811865474617, 0.000000000000000000, -0.7071067811865474617 ) ) ;
#4396 = DIRECTION ( 'NONE',  ( 0.000000000000000000, 0.000000000000000000, -1.000000000000000000 ) ) ;
#4397 = SURFACE_STYLE_FILL_AREA ( #6104 ) ;
#4398 = ORIENTED_EDGE ( 'NONE', *, *, #3641, .F. ) ;
#4400 = DIRECTION ( 'NONE',  ( 0.000000000000000000, -1.000000000000000000, 0.000000000000000000 ) ) ;
#4399 = CARTESIAN_POINT ( 'NONE',  ( 11.75000000000000000, 3.547700697866915664, -7.215627173293778895 ) ) ;
#4401 = ORIENTED_EDGE ( 'NONE', *, *, #1468, .F. ) ;
#4402 = CARTESIAN_POINT ( 'NONE',  ( 8.631793546517336324, 4.760915839510829528, 11.75000000000000355 ) ) ;
#4403 = DIRECTION ( 'NONE',  ( -0.000000000000000000, -1.000000000000000000, -0.000000000000000000 ) ) ;
#4404 = DIRECTION ( 'NONE',  ( 0.000000000000000000, 1.000000000000000000, 0.000000000000000000 ) ) ;
#4405 = CARTESIAN_POINT ( 'NONE',  ( -4.999999999999999112, 10.00000000000000000, 11.75000000000000533 ) ) ;
#4406 = ORIENTED_EDGE ( 'NONE', *, *, #456, .T. ) ;
#4407 = VERTEX_POINT ( 'NONE', #4721 ) ;
#4408 = CARTESIAN_POINT ( 'NONE',  ( 10.22566232963384003, 3.000000000315252713, 9.717854121198643114 ) ) ;
#4409 = ORIENTED_EDGE ( 'NONE', *, *, #1512, .F. ) ;
#4410 = DIRECTION ( 'NONE',  ( -0.000000000000000000, -1.000000000000000000, -0.000000000000000000 ) ) ;
#4411 = DIRECTION ( 'NONE',  ( 0.000000000000000000, 0.000000000000000000, 1.000000000000000000 ) ) ;
#4412 = PLANE ( 'NONE',  #2895 ) ;
#4413 = CARTESIAN_POINT ( 'NONE',  ( 11.75000000000000355, 3.585684018395367989, 8.209039814144333036 ) ) ;
#4414 = FILL_AREA_STYLE_COLOUR ( '', #6685 ) ;
#4415 = DIRECTION ( 'NONE',  ( 0.000000000000000000, 0.000000000000000000, -1.000000000000000000 ) ) ;
#4416 = LINE ( 'NONE', #3026, #5655 ) ;
#4417 = CARTESIAN_POINT ( 'NONE',  ( -11.74999999999999645, 5.000000000000000000, 5.851293488071592108 ) ) ;
#4418 = FILL_AREA_STYLE_COLOUR ( '', #3546 ) ;
#4419 = EDGE_CURVE ( 'NONE', #1960, #3536, #4018, .T. ) ;
#4420 = VECTOR ( 'NONE', #218, 1000.000000000000000 ) ;
#4421 = COLOUR_RGB ( '',1.000000000000000000, 1.000000000000000000, 1.000000000000000000 ) ;
#4422 = ADVANCED_FACE ( 'NONE', ( #928, #6726 ), #3109, .F. ) ;
#4423 = DIRECTION ( 'NONE',  ( 8.320016671351592820E-17, 0.000000000000000000, 1.000000000000000000 ) ) ;
#4424 = LINE ( 'NONE', #4848, #2823 ) ;
#4425 = UNCERTAINTY_MEASURE_WITH_UNIT (LENGTH_MEASURE( 1.000000000000000082E-05 ), #2220, 'distance_accuracy_value', 'NONE');
#4426 =( LENGTH_UNIT ( ) NAMED_UNIT ( * ) SI_UNIT ( .MILLI., .METRE. ) );
#4427 = CARTESIAN_POINT ( 'NONE',  ( -11.75000000000000178, 4.702583853350598808, -8.270093811502105652 ) ) ;
#4428 = ORIENTED_EDGE ( 'NONE', *, *, #1605, .F. ) ;
#4429 = DIRECTION ( 'NONE',  ( -1.000000000000000000, 0.000000000000000000, -9.912705577010326782E-17 ) ) ;
#4430 = ADVANCED_FACE ( 'NONE', ( #3305 ), #6511, .T. ) ;
#4432 =( NAMED_UNIT ( * ) PLANE_ANGLE_UNIT ( ) SI_UNIT ( $, .RADIAN. ) );
#4431 = LINE ( 'NONE', #3877, #1164 ) ;
#4433 = ORIENTED_EDGE ( 'NONE', *, *, #5301, .F. ) ;
#4434 = UNCERTAINTY_MEASURE_WITH_UNIT (LENGTH_MEASURE( 1.000000000000000082E-05 ), #4177, 'distance_accuracy_value', 'NONE');
#4435 =( GEOMETRIC_REPRESENTATION_CONTEXT ( 3 ) GLOBAL_UNCERTAINTY_ASSIGNED_CONTEXT ( ( #1563 ) ) GLOBAL_UNIT_ASSIGNED_CONTEXT ( ( #3854, #4622, #2976 ) ) REPRESENTATION_CONTEXT ( 'NONE', 'WORKASPACE' ) );
#4436 = CIRCLE ( 'NONE', #5221, 1.699999999999996625 ) ;
#4437 = CARTESIAN_POINT ( 'NONE',  ( -18.20799961555358948, 0.9999999999999991118, 18.20799961555358948 ) ) ;
#4438 = EDGE_LOOP ( 'NONE', ( #2968, #2758, #1537, #615 ) ) ;
#4439 = ORIENTED_EDGE ( 'NONE', *, *, #5248, .F. ) ;
#4440 = DIRECTION ( 'NONE',  ( -0.000000000000000000, -1.000000000000000000, -0.000000000000000000 ) ) ;
#4441 = ORIENTED_EDGE ( 'NONE', *, *, #2062, .F. ) ;
#4442 = CARTESIAN_POINT ( 'NONE',  ( -16.56599923110718109, 10.00000000000000000, -19.84999999999999787 ) ) ;
#4443 = STYLED_ITEM ( 'NONE', ( #4238 ), #1642 ) ;
#4444 = MECHANICAL_DESIGN_GEOMETRIC_PRESENTATION_REPRESENTATION (  '', ( #3548 ), #5453 ) ;
#4445 = DIRECTION ( 'NONE',  ( 1.000000000000000000, 0.000000000000000000, 0.000000000000000000 ) ) ;
#4446 = DIRECTION ( 'NONE',  ( -0.000000000000000000, -1.000000000000000000, -0.000000000000000000 ) ) ;
#4447 =( NAMED_UNIT ( * ) SI_UNIT ( $, .STERADIAN. ) SOLID_ANGLE_UNIT ( ) );
#4448 = SURFACE_STYLE_FILL_AREA ( #5996 ) ;
#4449 = COLOUR_RGB ( '',1.000000000000000000, 1.000000000000000000, 1.000000000000000000 ) ;
#4450 = COLOUR_RGB ( '',1.000000000000000000, 1.000000000000000000, 1.000000000000000000 ) ;
#4451 = CARTESIAN_POINT ( 'NONE',  ( 11.75000000000000355, 4.885989611787577402, 6.830053202116138422 ) ) ;
#4452 = CIRCLE ( 'NONE', #5352, 1.000000000000000888 ) ;
#4453 = PRESENTATION_STYLE_ASSIGNMENT (( #4392 ) ) ;
#4454 = EDGE_CURVE ( 'NONE', #3171, #1243, #2018, .T. ) ;
#4455 =( NAMED_UNIT ( * ) PLANE_ANGLE_UNIT ( ) SI_UNIT ( $, .RADIAN. ) );
#4456 = PRESENTATION_STYLE_ASSIGNMENT (( #3400 ) ) ;
#4457 = PRESENTATION_LAYER_ASSIGNMENT (  '', '', ( #2565 ) ) ;
#4458 = EDGE_CURVE ( 'NONE', #2945, #3192, #6137, .T. ) ;
#4459 = DIRECTION ( 'NONE',  ( -0.000000000000000000, -1.000000000000000000, -0.000000000000000000 ) ) ;
#4460 = AXIS2_PLACEMENT_3D ( 'NONE', #5081, #3028, #2017 ) ;
#4461 = CARTESIAN_POINT ( 'NONE',  ( 3.000000000000002665, 2.000000000000000000, 20.85000000000000142 ) ) ;
#4462 = AXIS2_PLACEMENT_3D ( 'NONE', #3708, #613, #1080 ) ;
#4463 = AXIS2_PLACEMENT_3D ( 'NONE', #980, #5331, #4806 ) ;
#4464 = SURFACE_STYLE_USAGE ( .BOTH. , #211 ) ;
#4465 = AXIS2_PLACEMENT_3D ( 'NONE', #1521, #6379, #5341 ) ;
#4467 = DIRECTION ( 'NONE',  ( 0.000000000000000000, 0.000000000000000000, 1.000000000000000000 ) ) ;
#4466 = CARTESIAN_POINT ( 'NONE',  ( -11.74999999999999822, 4.760915839510715841, -8.631793546517457116 ) ) ;
#4468 = ORIENTED_EDGE ( 'NONE', *, *, #6096, .T. ) ;
#4469 = CARTESIAN_POINT ( 'NONE',  ( -15.37957249080740851, 10.00000000000000000, 17.07957249080740070 ) ) ;
#4470 = CIRCLE ( 'NONE', #4462, 1.000000000000000888 ) ;
#4471 = SURFACE_SIDE_STYLE ('',( #4333 ) ) ;
#4472 = DIRECTION ( 'NONE',  ( 1.000000000000000000, 0.000000000000000000, -9.912705577010326782E-17 ) ) ;
#4473 = ORIENTED_EDGE ( 'NONE', *, *, #2785, .F. ) ;
#4474 = ORIENTED_EDGE ( 'NONE', *, *, #4179, .T. ) ;
#4475 = DIRECTION ( 'NONE',  ( 0.7071067811865475727, -0.000000000000000000, 0.7071067811865475727 ) ) ;
#4476 = VECTOR ( 'NONE', #6442, 1000.000000000000114 ) ;
#4477 = EDGE_LOOP ( 'NONE', ( #2872, #4732, #5666, #552 ) ) ;
#4478 = CARTESIAN_POINT ( 'NONE',  ( 20.84999999999999432, 9.000000000000001776, 16.56599923110718464 ) ) ;
#4479 =( GEOMETRIC_REPRESENTATION_CONTEXT ( 3 ) GLOBAL_UNCERTAINTY_ASSIGNED_CONTEXT ( ( #3174 ) ) GLOBAL_UNIT_ASSIGNED_CONTEXT ( ( #3237, #2167, #728 ) ) REPRESENTATION_CONTEXT ( 'NONE', 'WORKASPACE' ) );
#4480 = DIRECTION ( 'NONE',  ( -0.000000000000000000, -1.000000000000000000, -0.000000000000000000 ) ) ;
#4481 = CIRCLE ( 'NONE', #6483, 2.000000000000000000 ) ;
#4482 = CARTESIAN_POINT ( 'NONE',  ( -11.71811113005695049, 3.521849287766287695, 9.334054701751362870 ) ) ;
#4483 = SURFACE_STYLE_FILL_AREA ( #5531 ) ;
#4484 = CIRCLE ( 'NONE', #5157, 2.000000000000000444 ) ;
#4485 = DIRECTION ( 'NONE',  ( 0.000000000000000000, 0.000000000000000000, 1.000000000000000000 ) ) ;
#4486 =( GEOMETRIC_REPRESENTATION_CONTEXT ( 3 ) GLOBAL_UNCERTAINTY_ASSIGNED_CONTEXT ( ( #42 ) ) GLOBAL_UNIT_ASSIGNED_CONTEXT ( ( #1546, #5298, #6743 ) ) REPRESENTATION_CONTEXT ( 'NONE', 'WORKASPACE' ) );
#4487 = CIRCLE ( 'NONE', #1360, 1.074999999999999512 ) ;
#4488 = FILL_AREA_STYLE_COLOUR ( '', #2926 ) ;
#4489 = AXIS2_PLACEMENT_3D ( 'NONE', #4394, #2854, #605 ) ;
#4490 =( GEOMETRIC_REPRESENTATION_CONTEXT ( 3 ) GLOBAL_UNCERTAINTY_ASSIGNED_CONTEXT ( ( #4712 ) ) GLOBAL_UNIT_ASSIGNED_CONTEXT ( ( #1569, #473, #2592 ) ) REPRESENTATION_CONTEXT ( 'NONE', 'WORKASPACE' ) );
#4491 = DIRECTION ( 'NONE',  ( 0.000000000000000000, 0.000000000000000000, 1.000000000000000000 ) ) ;
#4492 = FACE_BOUND ( 'NONE', #4100, .T. ) ;
#4493 =( NAMED_UNIT ( * ) PLANE_ANGLE_UNIT ( ) SI_UNIT ( $, .RADIAN. ) );
#4494 = COLOUR_RGB ( '',1.000000000000000000, 1.000000000000000000, 1.000000000000000000 ) ;
#4495 = ADVANCED_FACE ( 'NONE', ( #4492, #700 ), #1318, .F. ) ;
#4496 = DIRECTION ( 'NONE',  ( 0.000000000000000000, 0.000000000000000000, 1.000000000000000000 ) ) ;
#4497 = CARTESIAN_POINT ( 'NONE',  ( -5.414213562373093147, 9.585786437626905965, 20.85000000000000497 ) ) ;
#4498 = UNCERTAINTY_MEASURE_WITH_UNIT (LENGTH_MEASURE( 1.000000000000000082E-05 ), #5720, 'distance_accuracy_value', 'NONE');
#4499 = FACE_OUTER_BOUND ( 'NONE', #2173, .T. ) ;
#4500 = CARTESIAN_POINT ( 'NONE',  ( -17.27310601229372722, 10.00000000000000000, -20.55710678118654755 ) ) ;
#4501 = DIRECTION ( 'NONE',  ( 0.000000000000000000, 0.000000000000000000, 1.000000000000000000 ) ) ;
#4503 = DIRECTION ( 'NONE',  ( -0.7071067811865474617, -0.000000000000000000, -0.7071067811865474617 ) ) ;
#4502 = FILL_AREA_STYLE ('',( #4538 ) ) ;
#4504 = ORIENTED_EDGE ( 'NONE', *, *, #900, .F. ) ;
#4505 = UNCERTAINTY_MEASURE_WITH_UNIT (LENGTH_MEASURE( 1.000000000000000082E-05 ), #4678, 'distance_accuracy_value', 'NONE');
#4506 = FILL_AREA_STYLE_COLOUR ( '', #4802 ) ;
#4507 = DIRECTION ( 'NONE',  ( -0.000000000000000000, -1.000000000000000000, -0.000000000000000000 ) ) ;
#4508 = PRESENTATION_STYLE_ASSIGNMENT (( #220 ) ) ;
#4509 = FILL_AREA_STYLE_COLOUR ( '', #5805 ) ;
#4510 = VERTEX_POINT ( 'NONE', #4417 ) ;
#4511 = EDGE_CURVE ( 'NONE', #3108, #5303, #4247, .T. ) ;
#4512 = ORIENTED_EDGE ( 'NONE', *, *, #2234, .F. ) ;
#4513 =( NAMED_UNIT ( * ) PLANE_ANGLE_UNIT ( ) SI_UNIT ( $, .RADIAN. ) );
#4514 = EDGE_LOOP ( 'NONE', ( #2859, #3506 ) ) ;
#4515 = CARTESIAN_POINT ( 'NONE',  ( 15.37957249080740851, 0.000000000000000000, -12.12957249080740318 ) ) ;
#4516 = CARTESIAN_POINT ( 'NONE',  ( -8.024999999999996803, 6.799999999999999822, 8.025000000000000355 ) ) ;
#4517 = FILL_AREA_STYLE ('',( #274 ) ) ;
#4518 = ORIENTED_EDGE ( 'NONE', *, *, #6201, .F. ) ;
#4519 = EDGE_CURVE ( 'NONE', #1273, #1245, #2746, .T. ) ;
#4520 = VERTEX_POINT ( 'NONE', #4603 ) ;
#4521 = PRESENTATION_STYLE_ASSIGNMENT (( #303 ) ) ;
#4522 = SURFACE_STYLE_USAGE ( .BOTH. , #1407 ) ;
#4523 =( NAMED_UNIT ( * ) SI_UNIT ( $, .STERADIAN. ) SOLID_ANGLE_UNIT ( ) );
#4524 = DIRECTION ( 'NONE',  ( -0.000000000000000000, -0.000000000000000000, -1.000000000000000000 ) ) ;
#4525 = FACE_OUTER_BOUND ( 'NONE', #6116, .T. ) ;
#4526 = EDGE_CURVE ( 'NONE', #3818, #5139, #4908, .T. ) ;
#4527 = DIRECTION ( 'NONE',  ( -0.7071067811865475727, 0.000000000000000000, 0.7071067811865475727 ) ) ;
#4528 = DIRECTION ( 'NONE',  ( -0.1926121808921709699, 0.9812749603306718527, 0.000000000000000000 ) ) ;
#4529 = VERTEX_POINT ( 'NONE', #3478 ) ;
#4530 = CARTESIAN_POINT ( 'NONE',  ( -19.85000000000000497, 9.000000000000001776, -16.56599923110717754 ) ) ;
#4531 = CARTESIAN_POINT ( 'NONE',  ( 10.25347368665243053, 4.847531199309836225, -11.35341276900912888 ) ) ;
#4532 = EDGE_CURVE ( 'NONE', #4582, #2945, #577, .T. ) ;
#4533 = MECHANICAL_DESIGN_GEOMETRIC_PRESENTATION_REPRESENTATION (  '', ( #3999 ), #5793 ) ;
#4534 = PLANE ( 'NONE',  #3123 ) ;
#4535 = DIRECTION ( 'NONE',  ( 1.000000000000000000, -0.000000000000000000, -9.912705577010326782E-17 ) ) ;
#4536 = PRESENTATION_STYLE_ASSIGNMENT (( #2934 ) ) ;
#4537 = PRESENTATION_LAYER_ASSIGNMENT (  '', '', ( #6650 ) ) ;
#4539 = CARTESIAN_POINT ( 'NONE',  ( -8.024999999999996803, 5.000000000000000000, 5.250000000000004441 ) ) ;
#4538 = FILL_AREA_STYLE_COLOUR ( '', #6069 ) ;
#4540 = ORIENTED_EDGE ( 'NONE', *, *, #2473, .F. ) ;
#4541 = PRESENTATION_STYLE_ASSIGNMENT (( #262 ) ) ;
#4542 = FILL_AREA_STYLE_COLOUR ( '', #5347 ) ;
#4543 = ORIENTED_EDGE ( 'NONE', *, *, #3, .T. ) ;
#4544 = COLOUR_RGB ( '',1.000000000000000000, 1.000000000000000000, 1.000000000000000000 ) ;
#4545 = VERTEX_POINT ( 'NONE', #410 ) ;
#4546 = EDGE_LOOP ( 'NONE', ( #3427, #3993 ) ) ;
#4547 = FACE_BOUND ( 'NONE', #367, .T. ) ;
#4548 = CARTESIAN_POINT ( 'NONE',  ( -8.270093811502102099, 4.702583853350600585, 11.75000000000000888 ) ) ;
#4549 = DIRECTION ( 'NONE',  ( -0.7071067811865474617, 0.000000000000000000, -0.7071067811865474617 ) ) ;
#4550 = EDGE_CURVE ( 'NONE', #3619, #2338, #1449, .T. ) ;
#4551 = CARTESIAN_POINT ( 'NONE',  ( -20.85000000000000853, 0.9999999999999991118, -16.56599923110717754 ) ) ;
#4552 = ORIENTED_EDGE ( 'NONE', *, *, #1333, .F. ) ;
#4553 = DIRECTION ( 'NONE',  ( 0.000000000000000000, 1.000000000000000000, 0.000000000000000000 ) ) ;
#4554 = DIRECTION ( 'NONE',  ( -0.7071067811865457964, 0.000000000000000000, 0.7071067811865493491 ) ) ;
#4555 = EDGE_LOOP ( 'NONE', ( #2106, #3145, #2279, #2902 ) ) ;
#4556 =( NAMED_UNIT ( * ) PLANE_ANGLE_UNIT ( ) SI_UNIT ( $, .RADIAN. ) );
#4557 = VECTOR ( 'NONE', #1778, 1000.000000000000000 ) ;
#4558 = VECTOR ( 'NONE', #4835, 1000.000000000000000 ) ;
#4559 = CARTESIAN_POINT ( 'NONE',  ( 0.000000000000000000, 1.000000000000000000, -19.84999999999999787 ) ) ;
#4560 = CARTESIAN_POINT ( 'NONE',  ( -7.291108104573470250, 3.000000004592365155, 10.70770558168476860 ) ) ;
#4561 = DIRECTION ( 'NONE',  ( 0.000000000000000000, 0.000000000000000000, -1.000000000000000000 ) ) ;
#4562 = COLOUR_RGB ( '',1.000000000000000000, 1.000000000000000000, 1.000000000000000000 ) ;
#4563 = STYLED_ITEM ( 'NONE', ( #3327 ), #3785 ) ;
#4564 = DIRECTION ( 'NONE',  ( -4.336808689942017736E-16, 1.000000000000000000, 0.000000000000000000 ) ) ;
#4565 = SPHERICAL_SURFACE ( 'NONE', #1981, 1.000000000000000000 ) ;
#4566 = PRESENTATION_LAYER_ASSIGNMENT (  '', '', ( #903 ) ) ;
#4567 = COLOUR_RGB ( '',1.000000000000000000, 1.000000000000000000, 1.000000000000000000 ) ;
#4568 = ADVANCED_FACE ( 'NONE', ( #309 ), #6135, .T. ) ;
#4569 = SURFACE_STYLE_FILL_AREA ( #6099 ) ;
#4570 = PRODUCT_CONTEXT ( 'NONE', #1982, 'mechanical' ) ;
#4571 = UNCERTAINTY_MEASURE_WITH_UNIT (LENGTH_MEASURE( 1.000000000000000082E-05 ), #1586, 'distance_accuracy_value', 'NONE');
#4572 =( GEOMETRIC_REPRESENTATION_CONTEXT ( 3 ) GLOBAL_UNCERTAINTY_ASSIGNED_CONTEXT ( ( #1229 ) ) GLOBAL_UNIT_ASSIGNED_CONTEXT ( ( #5041, #6639, #3468 ) ) REPRESENTATION_CONTEXT ( 'NONE', 'WORKASPACE' ) );
#4573 = SURFACE_SIDE_STYLE ('',( #3979 ) ) ;
#4574 =( GEOMETRIC_REPRESENTATION_CONTEXT ( 3 ) GLOBAL_UNCERTAINTY_ASSIGNED_CONTEXT ( ( #1838 ) ) GLOBAL_UNIT_ASSIGNED_CONTEXT ( ( #6478, #4455, #5541 ) ) REPRESENTATION_CONTEXT ( 'NONE', 'WORKASPACE' ) );
#4575 = SURFACE_STYLE_FILL_AREA ( #5060 ) ;
#4576 = ORIENTED_EDGE ( 'NONE', *, *, #1115, .F. ) ;
#4577 = DIRECTION ( 'NONE',  ( 0.000000000000000000, 0.000000000000000000, -1.000000000000000000 ) ) ;
#4578 = DIRECTION ( 'NONE',  ( -0.000000000000000000, -1.000000000000000000, 0.000000000000000000 ) ) ;
#4579 =( NAMED_UNIT ( * ) PLANE_ANGLE_UNIT ( ) SI_UNIT ( $, .RADIAN. ) );
#4580 = ORIENTED_EDGE ( 'NONE', *, *, #6510, .F. ) ;
#4581 =( GEOMETRIC_REPRESENTATION_CONTEXT ( 3 ) GLOBAL_UNCERTAINTY_ASSIGNED_CONTEXT ( ( #4287 ) ) GLOBAL_UNIT_ASSIGNED_CONTEXT ( ( #5156, #1385, #5689 ) ) REPRESENTATION_CONTEXT ( 'NONE', 'WORKASPACE' ) );
#4582 = VERTEX_POINT ( 'NONE', #2525 ) ;
#4583 = ORIENTED_EDGE ( 'NONE', *, *, #5089, .F. ) ;
#4584 = FACE_OUTER_BOUND ( 'NONE', #2019, .T. ) ;
#4585 = ADVANCED_FACE ( 'NONE', ( #912 ), #1415, .F. ) ;
#4587 = FACE_OUTER_BOUND ( 'NONE', #5199, .T. ) ;
#4586 = CARTESIAN_POINT ( 'NONE',  ( -19.85000000000000497, 0.9999999999999991118, -16.56599923110717754 ) ) ;
#4588 =( GEOMETRIC_REPRESENTATION_CONTEXT ( 3 ) GLOBAL_UNCERTAINTY_ASSIGNED_CONTEXT ( ( #955 ) ) GLOBAL_UNIT_ASSIGNED_CONTEXT ( ( #707, #2273, #3449 ) ) REPRESENTATION_CONTEXT ( 'NONE', 'WORKASPACE' ) );
#4589 = SURFACE_STYLE_FILL_AREA ( #2449 ) ;
#4590 = MECHANICAL_DESIGN_GEOMETRIC_PRESENTATION_REPRESENTATION (  '', ( #34 ), #2574 ) ;
#4591 = ORIENTED_EDGE ( 'NONE', *, *, #5254, .T. ) ;
#4592 = DIRECTION ( 'NONE',  ( -0.000000000000000000, -1.000000000000000000, -0.000000000000000000 ) ) ;
#4593 = SURFACE_STYLE_USAGE ( .BOTH. , #3505 ) ;
#4594 = CARTESIAN_POINT ( 'NONE',  ( -11.74999999999999645, 4.784118327815213512, 8.750000000000001776 ) ) ;
#4595 = ORIENTED_EDGE ( 'NONE', *, *, #4052, .T. ) ;
#4596 = CARTESIAN_POINT ( 'NONE',  ( 11.75000000000062528, 3.116869394727792120, 5.944038137988721715 ) ) ;
#4597 = AXIS2_PLACEMENT_3D ( 'NONE', #2191, #2724, #4221 ) ;
#4598 = STYLED_ITEM ( 'NONE', ( #520 ), #5007 ) ;
#4599 = FACE_OUTER_BOUND ( 'NONE', #4204, .T. ) ;
#4600 = FILL_AREA_STYLE ('',( #1018 ) ) ;
#4601 = AXIS2_PLACEMENT_3D ( 'NONE', #3642, #4136, #6262 ) ;
#4602 = AXIS2_PLACEMENT_3D ( 'NONE', #2675, #5963, #4803 ) ;
#4603 = CARTESIAN_POINT ( 'NONE',  ( -16.56599923110718109, 10.00000000000000000, 19.84999999999999787 ) ) ;
#4604 = DIRECTION ( 'NONE',  ( 0.000000000000000000, 0.000000000000000000, 1.000000000000000000 ) ) ;
#4605 = AXIS2_PLACEMENT_3D ( 'NONE', #1673, #4957, #3813 ) ;
#4606 = EDGE_CURVE ( 'NONE', #1953, #4648, #1791, .T. ) ;
#4607 = SURFACE_STYLE_FILL_AREA ( #3067 ) ;
#4608 = DIRECTION ( 'NONE',  ( 0.000000000000000000, 0.000000000000000000, 1.000000000000000000 ) ) ;
#4609 = AXIS2_PLACEMENT_3D ( 'NONE', #299, #6672, #3500 ) ;
#4610 = DIRECTION ( 'NONE',  ( 1.000000000000000000, -0.000000000000000000, 0.000000000000000000 ) ) ;
#4611 = PRESENTATION_LAYER_ASSIGNMENT (  '', '', ( #1817 ) ) ;
#4612 = FACE_OUTER_BOUND ( 'NONE', #4379, .T. ) ;
#4613 = CARTESIAN_POINT ( 'NONE',  ( 11.01015130539788878, 4.854173263908026392, 10.73249685147499122 ) ) ;
#4614 = CARTESIAN_POINT ( 'NONE',  ( -10.64578151787687332, 3.000000013051536740, -8.951384184402881417 ) ) ;
#4615 = ORIENTED_EDGE ( 'NONE', *, *, #4419, .F. ) ;
#4616 = CARTESIAN_POINT ( 'NONE',  ( -11.74999999999999645, 4.784118327815213512, 8.750000000000005329 ) ) ;
#4617 =( NAMED_UNIT ( * ) PLANE_ANGLE_UNIT ( ) SI_UNIT ( $, .RADIAN. ) );
#4618 = ORIENTED_EDGE ( 'NONE', *, *, #497, .T. ) ;
#4619 =( NAMED_UNIT ( * ) SI_UNIT ( $, .STERADIAN. ) SOLID_ANGLE_UNIT ( ) );
#4620 = EDGE_LOOP ( 'NONE', ( #2832, #3528, #1042, #5784 ) ) ;
#4621 = FACE_OUTER_BOUND ( 'NONE', #6152, .T. ) ;
#4622 =( NAMED_UNIT ( * ) PLANE_ANGLE_UNIT ( ) SI_UNIT ( $, .RADIAN. ) );
#4624 = DIRECTION ( 'NONE',  ( 0.000000000000000000, 1.000000000000000000, 0.000000000000000000 ) ) ;
#4623 = DIRECTION ( 'NONE',  ( 0.000000000000000000, 0.000000000000000000, 1.000000000000000000 ) ) ;
#4625 = ORIENTED_EDGE ( 'NONE', *, *, #2989, .F. ) ;
#4626 = ORIENTED_EDGE ( 'NONE', *, *, #4519, .T. ) ;
#4627 = EDGE_CURVE ( 'NONE', #841, #3875, #5583, .T. ) ;
#4628 = SURFACE_SIDE_STYLE ('',( #5075 ) ) ;
#4629 =( LENGTH_UNIT ( ) NAMED_UNIT ( * ) SI_UNIT ( .MILLI., .METRE. ) );
#4630 = FILL_AREA_STYLE ('',( #2492 ) ) ;
#4631 = VERTEX_POINT ( 'NONE', #2569 ) ;
#4632 = DIRECTION ( 'NONE',  ( 0.7071067811865475727, 0.000000000000000000, -0.7071067811865475727 ) ) ;
#4633 = SURFACE_STYLE_USAGE ( .BOTH. , #3512 ) ;
#4634 =( LENGTH_UNIT ( ) NAMED_UNIT ( * ) SI_UNIT ( .MILLI., .METRE. ) );
#4635 = ORIENTED_EDGE ( 'NONE', *, *, #6277, .F. ) ;
#4636 = CARTESIAN_POINT ( 'NONE',  ( -7.554772149253226488, 4.737447233600453167, -11.74999999999999822 ) ) ;
#4637 = CARTESIAN_POINT ( 'NONE',  ( -15.37957249080740851, 0.000000000000000000, 18.62957249080740496 ) ) ;
#4638 = SURFACE_STYLE_USAGE ( .BOTH. , #6831 ) ;
#4639 = COLOUR_RGB ( '',1.000000000000000000, 1.000000000000000000, 1.000000000000000000 ) ;
#4640 = ORIENTED_EDGE ( 'NONE', *, *, #4606, .F. ) ;
#4641 = AXIS2_PLACEMENT_3D ( 'NONE', #1599, #1630, #3180 ) ;
#4642 = UNCERTAINTY_MEASURE_WITH_UNIT (LENGTH_MEASURE( 1.000000000000000082E-05 ), #1262, 'distance_accuracy_value', 'NONE');
#4643 = DIRECTION ( 'NONE',  ( -1.702240710073830969E-15, 0.1926121808921448519, 0.9812749603306769597 ) ) ;
#4644 = CARTESIAN_POINT ( 'NONE',  ( -11.74999999999999645, 3.560749770959627192, 8.698061147984915920 ) ) ;
#4645 = ORIENTED_EDGE ( 'NONE', *, *, #6335, .F. ) ;
#4646 = CARTESIAN_POINT ( 'NONE',  ( -15.37957249080740851, 3.000000000000000000, 15.37957249080740496 ) ) ;
#4647 = ADVANCED_FACE ( 'NONE', ( #6886 ), #521, .T. ) ;
#4648 = VERTEX_POINT ( 'NONE', #1510 ) ;
#4649 = LINE ( 'NONE', #5744, #1479 ) ;
#4650 = AXIS2_PLACEMENT_3D ( 'NONE', #6301, #5796, #6784 ) ;
#4651 = CARTESIAN_POINT ( 'NONE',  ( -7.546605917942539321, 4.735892914036448964, 11.75000000000000888 ) ) ;
#4652 = ADVANCED_FACE ( 'NONE', ( #2610 ), #561, .T. ) ;
#4653 = DIRECTION ( 'NONE',  ( 0.000000000000000000, 0.000000000000000000, 1.000000000000000000 ) ) ;
#4654 = ORIENTED_EDGE ( 'NONE', *, *, #1496, .T. ) ;
#4655 = DIRECTION ( 'NONE',  ( 0.000000000000000000, 1.000000000000000000, 0.000000000000000000 ) ) ;
#4656 = FACE_OUTER_BOUND ( 'NONE', #3019, .T. ) ;
#4657 = COLOUR_RGB ( '',1.000000000000000000, 1.000000000000000000, 1.000000000000000000 ) ;
#4658 = CARTESIAN_POINT ( 'NONE',  ( 7.215627173293773566, 3.547700697867001374, -11.74999999999999467 ) ) ;
#4659 = VECTOR ( 'NONE', #5833, 1000.000000000000000 ) ;
#4660 = CARTESIAN_POINT ( 'NONE',  ( 19.84999999999999432, 9.000000000000001776, 16.56599923110718464 ) ) ;
#4661 = VERTEX_POINT ( 'NONE', #3195 ) ;
#4662 = CARTESIAN_POINT ( 'NONE',  ( 9.856625088502331877, 3.000000000683724188, 10.11159654583025436 ) ) ;
#4663 =( LENGTH_UNIT ( ) NAMED_UNIT ( * ) SI_UNIT ( .MILLI., .METRE. ) );
#4664 = VECTOR ( 'NONE', #6036, 1000.000000000000000 ) ;
#4665 = CIRCLE ( 'NONE', #2532, 3.000000000000000888 ) ;
#4666 = CARTESIAN_POINT ( 'NONE',  ( -7.796492135455753925, 4.709187535508003286, 11.75000000000000533 ) ) ;
#4667 = FILL_AREA_STYLE ('',( #450 ) ) ;
#4668 = CARTESIAN_POINT ( 'NONE',  ( -2.999999999999996447, 1.999999999999999112, 19.84999999999999787 ) ) ;
#4669 = AXIS2_PLACEMENT_3D ( 'NONE', #789, #6064, #4411 ) ;
#4670 = ORIENTED_EDGE ( 'NONE', *, *, #6719, .T. ) ;
#4671 = STYLED_ITEM ( 'NONE', ( #6182 ), #3835 ) ;
#4672 = EDGE_CURVE ( 'NONE', #4407, #5246, #1142, .T. ) ;
#4673 =( NAMED_UNIT ( * ) SI_UNIT ( $, .STERADIAN. ) SOLID_ANGLE_UNIT ( ) );
#4674 = EDGE_CURVE ( 'NONE', #4261, #5818, #4305, .T. ) ;
#4675 = FILL_AREA_STYLE ('',( #1917 ) ) ;
#4676 = CARTESIAN_POINT ( 'NONE',  ( 11.75000000000000355, 4.784118327815216176, 8.750000000000003553 ) ) ;
#4678 =( LENGTH_UNIT ( ) NAMED_UNIT ( * ) SI_UNIT ( .MILLI., .METRE. ) );
#4677 = CARTESIAN_POINT ( 'NONE',  ( -11.74999999999988987, 3.562823069469614357, -7.376002237229434044 ) ) ;
#4679 = CIRCLE ( 'NONE', #6033, 1.000000000000000888 ) ;
#4680 = ORIENTED_EDGE ( 'NONE', *, *, #4606, .T. ) ;
#4681 = LINE ( 'NONE', #6835, #2908 ) ;
#4682 = CARTESIAN_POINT ( 'NONE',  ( -10.64578151787677918, 3.000000013051471459, 8.951384184402746413 ) ) ;
#4683 =( NAMED_UNIT ( * ) PLANE_ANGLE_UNIT ( ) SI_UNIT ( $, .RADIAN. ) );
#4684 = FILL_AREA_STYLE_COLOUR ( '', #2139 ) ;
#4685 =( BOUNDED_SURFACE ( )  B_SPLINE_SURFACE ( 3, 2, ( 
 ( #5806, #6720, #5159 ),
 ( #3620, #3549, #414 ),
 ( #5653, #4151, #6750 ),
 ( #6237, #3514, #5761 ),
 ( #3653, #2059, #6306 ),
 ( #5192, #2499, #351 ),
 ( #1516, #2468, #4182 ),
 ( #4636, #985, #5271 ),
 ( #1027, #1980, #6793 ),
 ( #3133, #2020, #1450 ),
 ( #3586, #496, #2613 ),
 ( #4750, #5734, #1913 ),
 ( #954, #875, #2997 ),
 ( #2164, #601, #1160 ) ),
 .UNSPECIFIED., .F., .F., .F. ) 
 B_SPLINE_SURFACE_WITH_KNOTS ( ( 4, 2, 2, 2, 2, 2, 4 ),
 ( 3, 3 ),
 ( 0.003816314322259004542, 0.004176314090042340318, 0.004536313857825675228, 0.004896313625609010137, 0.005256313393392345046, 0.005976312928959015731, 0.006696312464525686417 ),
 ( 0.000000000000000000, 1.000000000000000000 ),
 .UNSPECIFIED. ) 
 GEOMETRIC_REPRESENTATION_ITEM ( )  RATIONAL_B_SPLINE_SURFACE ( (
 ( 1.000000000000000000, 0.8416108851136563374, 1.000000000000000000),
 ( 1.000000000000000000, 0.8509147131648151507, 1.000000000000000000),
 ( 1.000000000000000000, 0.8588153667384124113, 1.000000000000000000),
 ( 1.000000000000000000, 0.8698891160868562622, 1.000000000000000000),
 ( 1.000000000000000000, 0.8730162419623722636, 1.000000000000000000),
 ( 1.000000000000000000, 0.8733904137664493250, 1.000000000000000000),
 ( 1.000000000000000000, 0.8706272233014228368, 1.000000000000000000),
 ( 1.000000000000000000, 0.8599157397362523492, 1.000000000000000000),
 ( 1.000000000000000000, 0.8519843780040590175, 1.000000000000000000),
 ( 1.000000000000000000, 0.8237315677412633264, 1.000000000000000000),
 ( 1.000000000000000000, 0.7994515993949656840, 1.000000000000000000),
 ( 1.000000000000000000, 0.7519088607805680669, 1.000000000000000000),
 ( 1.000000000000000000, 0.7282801894245469754, 1.000000000000000000),
 ( 1.000000000000000000, 0.7071067811865493491, 1.000000000000000000) ) ) 
 REPRESENTATION_ITEM ( '' )  SURFACE ( )  );
#4686 = COLOUR_RGB ( '',1.000000000000000000, 1.000000000000000000, 1.000000000000000000 ) ;
#4687 = CIRCLE ( 'NONE', #686, 2.000000000000000000 ) ;
#4688 = VERTEX_POINT ( 'NONE', #1618 ) ;
#4689 = DIRECTION ( 'NONE',  ( 0.000000000000000000, 0.000000000000000000, 1.000000000000000000 ) ) ;
#4690 = EDGE_CURVE ( 'NONE', #3114, #712, #5018, .T. ) ;
#4691 = CARTESIAN_POINT ( 'NONE',  ( -8.749999999999996447, 10.00000000000000000, 8.750000000000001776 ) ) ;
#4692 =( NAMED_UNIT ( * ) SI_UNIT ( $, .STERADIAN. ) SOLID_ANGLE_UNIT ( ) );
#4693 = ORIENTED_EDGE ( 'NONE', *, *, #3509, .F. ) ;
#4694 = DIRECTION ( 'NONE',  ( 0.000000000000000000, -1.000000000000000000, 0.000000000000000000 ) ) ;
#4695 = CARTESIAN_POINT ( 'NONE',  ( -5.851293488071590332, 5.000000000000000000, 11.75000000000000533 ) ) ;
#4696 = COLOUR_RGB ( '',1.000000000000000000, 1.000000000000000000, 1.000000000000000000 ) ;
#4697 = PRESENTATION_STYLE_ASSIGNMENT (( #5216 ) ) ;
#4698 = CARTESIAN_POINT ( 'NONE',  ( -11.67095326538868960, 4.826958425284977316, 9.537921115251137394 ) ) ;
#4699 = ORIENTED_EDGE ( 'NONE', *, *, #5414, .F. ) ;
#4700 = DIRECTION ( 'NONE',  ( 1.000000000000000000, 0.000000000000000000, -0.000000000000000000 ) ) ;
#4701 = CARTESIAN_POINT ( 'NONE',  ( 8.024999999999996803, 3.000000000000000000, 8.025000000000000355 ) ) ;
#4702 = STYLED_ITEM ( 'NONE', ( #2333 ), #5585 ) ;
#4703 = MECHANICAL_DESIGN_GEOMETRIC_PRESENTATION_REPRESENTATION (  '', ( #462 ), #5372 ) ;
#4704 = SURFACE_STYLE_FILL_AREA ( #6334 ) ;
#4705 = CARTESIAN_POINT ( 'NONE',  ( -8.750000000000099476, 4.784118327815235716, 11.75000000000000533 ) ) ;
#4706 = CARTESIAN_POINT ( 'NONE',  ( -15.37957249080740851, 2.999999999999999112, 15.37957249080740496 ) ) ;
#4707 = MECHANICAL_DESIGN_GEOMETRIC_PRESENTATION_REPRESENTATION (  '', ( #4257 ), #1045 ) ;
#4708 = COLOUR_RGB ( '',1.000000000000000000, 1.000000000000000000, 1.000000000000000000 ) ;
#4709 = CIRCLE ( 'NONE', #1253, 2.774999999999996358 ) ;
#4710 = ORIENTED_EDGE ( 'NONE', *, *, #606, .F. ) ;
#4711 = STYLED_ITEM ( 'NONE', ( #2494 ), #5162 ) ;
#4712 = UNCERTAINTY_MEASURE_WITH_UNIT (LENGTH_MEASURE( 1.000000000000000082E-05 ), #1569, 'distance_accuracy_value', 'NONE');
#4713 = CIRCLE ( 'NONE', #5272, 1.000000000000001332 ) ;
#4714 = CIRCLE ( 'NONE', #6712, 1.000000000000000888 ) ;
#4715 = EDGE_CURVE ( 'NONE', #5400, #6563, #5252, .T. ) ;
#4716 = CARTESIAN_POINT ( 'NONE',  ( 11.59740949535872367, 4.832367273471390945, 9.715111331886479462 ) ) ;
#4718 = CARTESIAN_POINT ( 'NONE',  ( 8.024999999999996803, 3.000000000000000000, -8.025000000000000355 ) ) ;
#4717 = CARTESIAN_POINT ( 'NONE',  ( -10.00920742649989315, 3.000000005310119011, -6.071379517298974626 ) ) ;
#4719 =( GEOMETRIC_REPRESENTATION_CONTEXT ( 3 ) GLOBAL_UNCERTAINTY_ASSIGNED_CONTEXT ( ( #3655 ) ) GLOBAL_UNIT_ASSIGNED_CONTEXT ( ( #3604, #6872, #4692 ) ) REPRESENTATION_CONTEXT ( 'NONE', 'WORKASPACE' ) );
#4720 = ORIENTED_EDGE ( 'NONE', *, *, #1463, .T. ) ;
#4721 = CARTESIAN_POINT ( 'NONE',  ( 11.74999999999999822, 9.000000000000001776, -8.749999999999998224 ) ) ;
#4722 = SURFACE_STYLE_USAGE ( .BOTH. , #2585 ) ;
#4723 = CARTESIAN_POINT ( 'NONE',  ( -11.74999999999999467, 3.562823069469583714, 7.376002237229415393 ) ) ;
#4724 =( NAMED_UNIT ( * ) SI_UNIT ( $, .STERADIAN. ) SOLID_ANGLE_UNIT ( ) );
#4725 =( GEOMETRIC_REPRESENTATION_CONTEXT ( 3 ) GLOBAL_UNCERTAINTY_ASSIGNED_CONTEXT ( ( #457 ) ) GLOBAL_UNIT_ASSIGNED_CONTEXT ( ( #884, #1877, #5127 ) ) REPRESENTATION_CONTEXT ( 'NONE', 'WORKASPACE' ) );
#4726 = EDGE_LOOP ( 'NONE', ( #4474, #4215, #1542, #294, #753, #1306 ) ) ;
#4727 = FILL_AREA_STYLE ('',( #2069 ) ) ;
#4728 = LINE ( 'NONE', #2070, #3262 ) ;
#4730 = CARTESIAN_POINT ( 'NONE',  ( -18.20799961555358948, 9.000000000000001776, -18.20799961555358948 ) ) ;
#4729 = CARTESIAN_POINT ( 'NONE',  ( 10.77670567000654067, 2.999999994396993053, -8.427665067367041019 ) ) ;
#4731 = FACE_OUTER_BOUND ( 'NONE', #5255, .T. ) ;
#4732 = ORIENTED_EDGE ( 'NONE', *, *, #312, .F. ) ;
#4733 = UNCERTAINTY_MEASURE_WITH_UNIT (LENGTH_MEASURE( 1.000000000000000082E-05 ), #5326, 'distance_accuracy_value', 'NONE');
#4734 = CARTESIAN_POINT ( 'NONE',  ( 11.74999999999999822, 4.784118327815213512, -8.749999999999998224 ) ) ;
#4735 = PRESENTATION_STYLE_ASSIGNMENT (( #5214 ) ) ;
#4736 = ADVANCED_FACE ( 'NONE', ( #3617 ), #3935, .T. ) ;
#4737 = CARTESIAN_POINT ( 'NONE',  ( 8.951384184402861877, 3.000000013051462133, -10.64578151787672233 ) ) ;
#4738 = CARTESIAN_POINT ( 'NONE',  ( -10.51390954620003804, 3.000000005986426910, -9.265148494812702751 ) ) ;
#4739 = ORIENTED_EDGE ( 'NONE', *, *, #336, .T. ) ;
#4740 = FILL_AREA_STYLE_COLOUR ( '', #702 ) ;
#4741 = CARTESIAN_POINT ( 'NONE',  ( -16.56599923110717754, 10.00000000000000000, 19.84999999999999787 ) ) ;
#4742 = EDGE_CURVE ( 'NONE', #848, #2213, #694, .T. ) ;
#4743 = DIRECTION ( 'NONE',  ( 0.000000000000000000, 0.000000000000000000, -1.000000000000000000 ) ) ;
#4744 = CARTESIAN_POINT ( 'NONE',  ( -5.946512114410078986, 3.000000000000000000, 9.869986901028649839 ) ) ;
#4745 = LINE ( 'NONE', #4207, #4659 ) ;
#4746 = DIRECTION ( 'NONE',  ( -0.000000000000000000, -1.000000000000000000, -0.000000000000000000 ) ) ;
#4747 = SURFACE_STYLE_FILL_AREA ( #4210 ) ;
#4748 = EDGE_CURVE ( 'NONE', #3244, #3560, #6471, .T. ) ;
#4749 = VERTEX_POINT ( 'NONE', #3787 ) ;
#4750 = CARTESIAN_POINT ( 'NONE',  ( -6.344634930023511643, 4.971304314992174511, -11.74999999999999822 ) ) ;
#4751 = SURFACE_STYLE_USAGE ( .BOTH. , #1518 ) ;
#4752 = LINE ( 'NONE', #6858, #5024 ) ;
#4753 = ADVANCED_FACE ( 'NONE', ( #4866 ), #1154, .T. ) ;
#4754 =( NAMED_UNIT ( * ) PLANE_ANGLE_UNIT ( ) SI_UNIT ( $, .RADIAN. ) );
#4756 = CARTESIAN_POINT ( 'NONE',  ( 6.097892163590173276, 5.000000000000000888, -11.74999999999999822 ) ) ;
#4755 = CARTESIAN_POINT ( 'NONE',  ( -8.749999999999996447, 9.000000000000001776, -8.749999999999996447 ) ) ;
#4757 = ORIENTED_EDGE ( 'NONE', *, *, #4532, .T. ) ;
#4758 = SURFACE_SIDE_STYLE ('',( #4089 ) ) ;
#4759 = DIRECTION ( 'NONE',  ( -1.000000000000000000, 0.000000000000000000, 0.000000000000000000 ) ) ;
#4760 = EDGE_LOOP ( 'NONE', ( #267, #4956, #1494 ) ) ;
#4761 =( LENGTH_UNIT ( ) NAMED_UNIT ( * ) SI_UNIT ( .MILLI., .METRE. ) );
#4762 = CARTESIAN_POINT ( 'NONE',  ( -16.56599923110718109, 9.000000000000001776, -19.84999999999999787 ) ) ;
#4763 = ORIENTED_EDGE ( 'NONE', *, *, #1232, .T. ) ;
#4764 = FILL_AREA_STYLE ('',( #2638 ) ) ;
#4765 =( NAMED_UNIT ( * ) SI_UNIT ( $, .STERADIAN. ) SOLID_ANGLE_UNIT ( ) );
#4766 = ORIENTED_EDGE ( 'NONE', *, *, #1657, .T. ) ;
#4767 =( GEOMETRIC_REPRESENTATION_CONTEXT ( 3 ) GLOBAL_UNCERTAINTY_ASSIGNED_CONTEXT ( ( #3949 ) ) GLOBAL_UNIT_ASSIGNED_CONTEXT ( ( #4909, #5619, #2264 ) ) REPRESENTATION_CONTEXT ( 'NONE', 'WORKASPACE' ) );
#4768 = CARTESIAN_POINT ( 'NONE',  ( 9.677840315472245436, 3.516525410134280438, 11.62823236226135570 ) ) ;
#4769 = CARTESIAN_POINT ( 'NONE',  ( 20.55710678118654400, 0.9999999999999991118, 17.27310601229373077 ) ) ;
#4770 = EDGE_CURVE ( 'NONE', #3079, #4229, #90, .T. ) ;
#4771 = COLOUR_RGB ( '',1.000000000000000000, 1.000000000000000000, 1.000000000000000000 ) ;
#4772 = SURFACE_STYLE_FILL_AREA ( #2644 ) ;
#4773 = MECHANICAL_DESIGN_GEOMETRIC_PRESENTATION_REPRESENTATION (  '', ( #2873 ), #3089 ) ;
#4774 = DIRECTION ( 'NONE',  ( 0.000000000000000000, 0.000000000000000000, -1.000000000000000000 ) ) ;
#4775 = PRESENTATION_STYLE_ASSIGNMENT (( #4843 ) ) ;
#4776 = CARTESIAN_POINT ( 'NONE',  ( 18.20799961555358948, 0.9999999999999991118, -18.20799961555358948 ) ) ;
#4777 = COLOUR_RGB ( '',1.000000000000000000, 1.000000000000000000, 1.000000000000000000 ) ;
#4778 = AXIS2_PLACEMENT_3D ( 'NONE', #4877, #67, #4395 ) ;
#4779 = EDGE_LOOP ( 'NONE', ( #6119, #1467, #6522, #6462 ) ) ;
#4780 = CARTESIAN_POINT ( 'NONE',  ( -10.05155747316341852, 3.000000000837568681, 9.922849530815252450 ) ) ;
#4781 = COLOUR_RGB ( '',1.000000000000000000, 1.000000000000000000, 1.000000000000000000 ) ;
#4782 = UNCERTAINTY_MEASURE_WITH_UNIT (LENGTH_MEASURE( 1.000000000000000082E-05 ), #4259, 'distance_accuracy_value', 'NONE');
#4783 = CARTESIAN_POINT ( 'NONE',  ( 20.84999999999999432, 0.9999999999999991118, 16.56599923110718464 ) ) ;
#4784 = CARTESIAN_POINT ( 'NONE',  ( 5.000000000000002665, 4.999999999999999112, 19.84999999999999787 ) ) ;
#4785 = COLOUR_RGB ( '',1.000000000000000000, 1.000000000000000000, 1.000000000000000000 ) ;
#4786 = CARTESIAN_POINT ( 'NONE',  ( 11.67323190413850043, 4.826647537684943146, -9.529895381465673054 ) ) ;
#4787 = SURFACE_STYLE_USAGE ( .BOTH. , #4358 ) ;
#4788 = CARTESIAN_POINT ( 'NONE',  ( -8.749999999999996447, 10.00000000000000000, 12.75000000000000355 ) ) ;
#4789 = ORIENTED_EDGE ( 'NONE', *, *, #5017, .T. ) ;
#4790 = UNCERTAINTY_MEASURE_WITH_UNIT (LENGTH_MEASURE( 1.000000000000000082E-05 ), #114, 'distance_accuracy_value', 'NONE');
#4791 = DIRECTION ( 'NONE',  ( 0.000000000000000000, 0.000000000000000000, 1.000000000000000000 ) ) ;
#4792 = LINE ( 'NONE', #4265, #6572 ) ;
#4793 = FACE_OUTER_BOUND ( 'NONE', #1013, .T. ) ;
#4794 = ORIENTED_EDGE ( 'NONE', *, *, #652, .T. ) ;
#4795 =( LENGTH_UNIT ( ) NAMED_UNIT ( * ) SI_UNIT ( .MILLI., .METRE. ) );
#4796 = MECHANICAL_DESIGN_GEOMETRIC_PRESENTATION_REPRESENTATION (  '', ( #903 ), #6026 ) ;
#4797 = ORIENTED_EDGE ( 'NONE', *, *, #89, .T. ) ;
#4798 = PRESENTATION_STYLE_ASSIGNMENT (( #1086 ) ) ;
#4799 = DIRECTION ( 'NONE',  ( -0.000000000000000000, -1.000000000000000000, -0.000000000000000000 ) ) ;
#4800 = CIRCLE ( 'NONE', #6794, 1.000000000000000888 ) ;
#4801 = ORIENTED_EDGE ( 'NONE', *, *, #14, .F. ) ;
#4802 = COLOUR_RGB ( '',1.000000000000000000, 1.000000000000000000, 1.000000000000000000 ) ;
#4803 = DIRECTION ( 'NONE',  ( 0.000000000000000000, 0.000000000000000000, 1.000000000000000000 ) ) ;
#4804 = EDGE_CURVE ( 'NONE', #3605, #6125, #5590, .T. ) ;
#4805 = AXIS2_PLACEMENT_3D ( 'NONE', #630, #201, #5011 ) ;
#4806 = DIRECTION ( 'NONE',  ( 0.000000000000000000, 0.000000000000000000, 1.000000000000000000 ) ) ;
#4807 = DIRECTION ( 'NONE',  ( 0.000000000000000000, 0.000000000000000000, -1.000000000000000000 ) ) ;
#4808 = COLOUR_RGB ( '',1.000000000000000000, 1.000000000000000000, 1.000000000000000000 ) ;
#4809 = COLOUR_RGB ( '',1.000000000000000000, 1.000000000000000000, 1.000000000000000000 ) ;
#4810 = CARTESIAN_POINT ( 'NONE',  ( -11.40713420197521266, 3.510399774476071322, 10.15675655619369344 ) ) ;
#4811 = AXIS2_PLACEMENT_3D ( 'NONE', #3046, #395, #2506 ) ;
#4812 = AXIS2_PLACEMENT_3D ( 'NONE', #6160, #1829, #2454 ) ;
#4813 = ADVANCED_FACE ( 'NONE', ( #4945 ), #167, .T. ) ;
#4814 = DIRECTION ( 'NONE',  ( 0.7071067811865475727, 0.000000000000000000, -0.7071067811865475727 ) ) ;
#4815 = AXIS2_PLACEMENT_3D ( 'NONE', #5397, #1745, #3884 ) ;
#4816 = PRESENTATION_LAYER_ASSIGNMENT (  '', '', ( #5724 ) ) ;
#4817 = VECTOR ( 'NONE', #5224, 1000.000000000000000 ) ;
#4818 = CARTESIAN_POINT ( 'NONE',  ( 9.717854121198698181, 3.000000000315229176, -10.22566232963371746 ) ) ;
#4820 = DIRECTION ( 'NONE',  ( 0.000000000000000000, 0.000000000000000000, 1.000000000000000000 ) ) ;
#4819 =( NAMED_UNIT ( * ) SI_UNIT ( $, .STERADIAN. ) SOLID_ANGLE_UNIT ( ) );
#4821 = PRESENTATION_LAYER_ASSIGNMENT (  '', '', ( #1583 ) ) ;
#4822 = EDGE_LOOP ( 'NONE', ( #5191, #5350 ) ) ;
#4823 = DIRECTION ( 'NONE',  ( -0.000000000000000000, -1.000000000000000000, 0.000000000000000000 ) ) ;
#4824 = FILL_AREA_STYLE ('',( #6385 ) ) ;
#4825 = ORIENTED_EDGE ( 'NONE', *, *, #5993, .T. ) ;
#4826 = ADVANCED_FACE ( 'NONE', ( #1968 ), #6676, .T. ) ;
#4827 = PRESENTATION_LAYER_ASSIGNMENT (  '', '', ( #6378 ) ) ;
#4828 = DIRECTION ( 'NONE',  ( -0.000000000000000000, 1.000000000000000000, -0.000000000000000000 ) ) ;
#4830 = CARTESIAN_POINT ( 'NONE',  ( 6.000000000000002665, 9.000000000000001776, 20.85000000000000142 ) ) ;
#4829 = CARTESIAN_POINT ( 'NONE',  ( 11.74999999999999822, 3.581931040400616606, -7.704129835765794354 ) ) ;
#4831 = ORIENTED_EDGE ( 'NONE', *, *, #2114, .T. ) ;
#4832 = SURFACE_STYLE_USAGE ( .BOTH. , #3848 ) ;
#4833 = DIRECTION ( 'NONE',  ( 0.000000000000000000, 0.000000000000000000, 1.000000000000000000 ) ) ;
#4834 = DIRECTION ( 'NONE',  ( 0.000000000000000000, 0.000000000000000000, -1.000000000000000000 ) ) ;
#4835 = DIRECTION ( 'NONE',  ( -0.000000000000000000, -1.000000000000000000, -0.000000000000000000 ) ) ;
#4836 = STYLED_ITEM ( 'NONE', ( #4168 ), #6480 ) ;
#4837 = ORIENTED_EDGE ( 'NONE', *, *, #4046, .T. ) ;
#4838 = DIRECTION ( 'NONE',  ( 0.000000000000000000, 0.000000000000000000, -1.000000000000000000 ) ) ;
#4839 = DIRECTION ( 'NONE',  ( -2.973811673103097665E-16, 0.000000000000000000, -1.000000000000000000 ) ) ;
#4840 = EDGE_CURVE ( 'NONE', #3418, #2557, #2802, .T. ) ;
#4841 = DIRECTION ( 'NONE',  ( 1.000000000000000000, -0.000000000000000000, 0.000000000000000000 ) ) ;
#4842 = DIRECTION ( 'NONE',  ( -1.000000000000000000, -0.000000000000000000, -0.000000000000000000 ) ) ;
#4843 = SURFACE_STYLE_USAGE ( .BOTH. , #5835 ) ;
#4844 = LINE ( 'NONE', #5304, #3717 ) ;
#4845 = DIRECTION ( 'NONE',  ( -0.7071067811865474617, 0.000000000000000000, 0.7071067811865474617 ) ) ;
#4846 = LINE ( 'NONE', #1703, #1475 ) ;
#4847 = ADVANCED_FACE ( 'NONE', ( #2919 ), #5173, .F. ) ;
#4849 = CARTESIAN_POINT ( 'NONE',  ( 17.27310601229372722, 10.00000000000000000, -20.55710678118654755 ) ) ;
#4848 = CARTESIAN_POINT ( 'NONE',  ( -8.024999999999996803, 5.000000000000000000, 10.79999999999999716 ) ) ;
#4850 = UNCERTAINTY_MEASURE_WITH_UNIT (LENGTH_MEASURE( 1.000000000000000082E-05 ), #6053, 'distance_accuracy_value', 'NONE');
#4851 = CARTESIAN_POINT ( 'NONE',  ( -11.74999999999999645, 4.885989611787580067, 6.830053202116326716 ) ) ;
#4852 = CYLINDRICAL_SURFACE ( 'NONE', #3354, 1.000000000000000888 ) ;
#4853 = ORIENTED_EDGE ( 'NONE', *, *, #2192, .T. ) ;
#4854 = SURFACE_STYLE_FILL_AREA ( #4327 ) ;
#4855 = ORIENTED_EDGE ( 'NONE', *, *, #4084, .F. ) ;
#4856 = CARTESIAN_POINT ( 'NONE',  ( 8.513406125967934557, 4.740320937067195928, 11.75000000000000355 ) ) ;
#4857 = CARTESIAN_POINT ( 'NONE',  ( 0.000000000000000000, 9.000000000000001776, 19.84999999999999787 ) ) ;
#4858 = SURFACE_STYLE_USAGE ( .BOTH. , #184 ) ;
#4859 = CARTESIAN_POINT ( 'NONE',  ( -9.262202422945930991, 3.000000001770369185, -10.51514774129056740 ) ) ;
#4860 = EDGE_CURVE ( 'NONE', #5073, #4749, #5294, .T. ) ;
#4861 = ORIENTED_EDGE ( 'NONE', *, *, #1985, .T. ) ;
#4862 = FILL_AREA_STYLE_COLOUR ( '', #6579 ) ;
#4863 = EDGE_CURVE ( 'NONE', #5174, #3771, #5145, .T. ) ;
#4864 =( BOUNDED_CURVE ( )  B_SPLINE_CURVE ( 3, ( #3558, #3146, #6284, #1460 ),
 .UNSPECIFIED., .F., .F. ) 
 B_SPLINE_CURVE_WITH_KNOTS ( ( 4, 4 ),
 ( 4.712388980384689674, 6.283185307179586232 ),
 .UNSPECIFIED. ) 
 CURVE ( )  GEOMETRIC_REPRESENTATION_ITEM ( )  RATIONAL_B_SPLINE_CURVE ( ( 1.000000000000000000, 0.8047378541243649375, 0.8047378541243649375, 1.000000000000000000 ) ) 
 REPRESENTATION_ITEM ( '' )  );
#4865 =( NAMED_UNIT ( * ) PLANE_ANGLE_UNIT ( ) SI_UNIT ( $, .RADIAN. ) );
#4866 = FACE_OUTER_BOUND ( 'NONE', #161, .T. ) ;
#4867 = STYLED_ITEM ( 'NONE', ( #1666 ), #2054 ) ;
#4868 = CYLINDRICAL_SURFACE ( 'NONE', #4108, 1.699999999999994849 ) ;
#4869 = PRESENTATION_LAYER_ASSIGNMENT (  '', '', ( #6437 ) ) ;
#4870 = PRESENTATION_LAYER_ASSIGNMENT (  '', '', ( #3202 ) ) ;
#4871 = LINE ( 'NONE', #2128, #4923 ) ;
#4872 = AXIS2_PLACEMENT_3D ( 'NONE', #2501, #1456, #3105 ) ;
#4873 = EDGE_CURVE ( 'NONE', #4999, #525, #4270, .T. ) ;
#4874 = DIRECTION ( 'NONE',  ( -0.000000000000000000, -1.000000000000000000, -0.000000000000000000 ) ) ;
#4875 = COLOUR_RGB ( '',1.000000000000000000, 1.000000000000000000, 1.000000000000000000 ) ;
#4876 = MECHANICAL_DESIGN_GEOMETRIC_PRESENTATION_REPRESENTATION (  '', ( #3997 ), #6212 ) ;
#4877 = CARTESIAN_POINT ( 'NONE',  ( 18.91510639674013916, 10.00000000000000000, 18.91510639674013916 ) ) ;
#4879 = PRESENTATION_STYLE_ASSIGNMENT (( #3804 ) ) ;
#4878 = LINE ( 'NONE', #2231, #4278 ) ;
#4880 = ADVANCED_FACE ( 'NONE', ( #512 ), #622, .T. ) ;
#4881 = CARTESIAN_POINT ( 'NONE',  ( -11.74999999999999645, 5.000000000000000000, 5.851293488071615201 ) ) ;
#4882 = TOROIDAL_SURFACE ( 'NONE', #326, 3.999999999999997335, 1.000000000000000000 ) ;
#4883 = SURFACE_STYLE_USAGE ( .BOTH. , #4365 ) ;
#4884 = ORIENTED_EDGE ( 'NONE', *, *, #5972, .F. ) ;
#4885 = FILL_AREA_STYLE_COLOUR ( '', #1263 ) ;
#4887 = DIRECTION ( 'NONE',  ( 0.000000000000000000, 0.000000000000000000, -1.000000000000000000 ) ) ;
#4886 = PLANE ( 'NONE',  #2165 ) ;
#4888 = AXIS2_PLACEMENT_3D ( 'NONE', #5832, #3166, #2116 ) ;
#4889 =( GEOMETRIC_REPRESENTATION_CONTEXT ( 3 ) GLOBAL_UNCERTAINTY_ASSIGNED_CONTEXT ( ( #3314 ) ) GLOBAL_UNIT_ASSIGNED_CONTEXT ( ( #2918, #3895, #2810 ) ) REPRESENTATION_CONTEXT ( 'NONE', 'WORKASPACE' ) );
#4890 = EDGE_LOOP ( 'NONE', ( #3416, #4615 ) ) ;
#4891 = PRESENTATION_STYLE_ASSIGNMENT (( #4832 ) ) ;
#4892 = DIRECTION ( 'NONE',  ( -1.000000000000000000, 0.000000000000000000, 0.000000000000000000 ) ) ;
#4893 = FILL_AREA_STYLE_COLOUR ( '', #4708 ) ;
#4894 = DIRECTION ( 'NONE',  ( 0.000000000000000000, 0.000000000000000000, 1.000000000000000000 ) ) ;
#4895 = DIRECTION ( 'NONE',  ( 0.000000000000000000, 0.000000000000000000, -1.000000000000000000 ) ) ;
#4896 = VERTEX_POINT ( 'NONE', #3190 ) ;
#4897 = ADVANCED_FACE ( 'NONE', ( #4334 ), #3920, .T. ) ;
#4898 = ORIENTED_EDGE ( 'NONE', *, *, #5821, .F. ) ;
#4899 = SURFACE_SIDE_STYLE ('',( #1685 ) ) ;
#4900 = MECHANICAL_DESIGN_GEOMETRIC_PRESENTATION_REPRESENTATION (  '', ( #226 ), #4119 ) ;
#4901 = CARTESIAN_POINT ( 'NONE',  ( 15.37957249080740851, 0.000000000000000000, 15.37957249080740496 ) ) ;
#4902 = CARTESIAN_POINT ( 'NONE',  ( 16.56599923110718109, 9.000000000000001776, 19.84999999999999787 ) ) ;
#4903 = SURFACE_SIDE_STYLE ('',( #3930 ) ) ;
#4904 =( NAMED_UNIT ( * ) PLANE_ANGLE_UNIT ( ) SI_UNIT ( $, .RADIAN. ) );
#4905 = PRESENTATION_LAYER_ASSIGNMENT (  '', '', ( #458 ) ) ;
#4906 = VECTOR ( 'NONE', #2865, 1000.000000000000114 ) ;
#4907 = CARTESIAN_POINT ( 'NONE',  ( 5.000000000000002665, 10.00000000000000000, 11.75000000000000355 ) ) ;
#4908 = CIRCLE ( 'NONE', #5700, 1.000000000000000000 ) ;
#4909 =( LENGTH_UNIT ( ) NAMED_UNIT ( * ) SI_UNIT ( .MILLI., .METRE. ) );
#4910 = CARTESIAN_POINT ( 'NONE',  ( -13.67957249080741100, 2.999999999999999556, 15.37957249080740496 ) ) ;
#4911 = STYLED_ITEM ( 'NONE', ( #4775 ), #4647 ) ;
#4912 =( NAMED_UNIT ( * ) PLANE_ANGLE_UNIT ( ) SI_UNIT ( $, .RADIAN. ) );
#4913 = AXIS2_PLACEMENT_3D ( 'NONE', #2792, #6074, #5593 ) ;
#4914 = CARTESIAN_POINT ( 'NONE',  ( -15.37957249080740851, 0.000000000000000000, 15.37957249080740496 ) ) ;
#4915 = AXIS2_PLACEMENT_3D ( 'NONE', #5719, #1861, #3469 ) ;
#4916 = SURFACE_SIDE_STYLE ('',( #2821 ) ) ;
#4917 = UNCERTAINTY_MEASURE_WITH_UNIT (LENGTH_MEASURE( 1.000000000000000082E-05 ), #6777, 'distance_accuracy_value', 'NONE');
#4918 = ADVANCED_FACE ( 'NONE', ( #2210 ), #1744, .T. ) ;
#4919 =( LENGTH_UNIT ( ) NAMED_UNIT ( * ) SI_UNIT ( .MILLI., .METRE. ) );
#4920 = MECHANICAL_DESIGN_GEOMETRIC_PRESENTATION_REPRESENTATION (  '', ( #2363 ), #5265 ) ;
#4921 = PLANE ( 'NONE',  #4146 ) ;
#4922 = EDGE_LOOP ( 'NONE', ( #6775, #3568, #2488, #5920, #5859 ) ) ;
#4923 = VECTOR ( 'NONE', #3838, 1000.000000000000000 ) ;
#4924 =( LENGTH_UNIT ( ) NAMED_UNIT ( * ) SI_UNIT ( .MILLI., .METRE. ) );
#4926 = CARTESIAN_POINT ( 'NONE',  ( -8.025000000000000355, 7.500000000000000000, -6.250000000000000888 ) ) ;
#4925 = CARTESIAN_POINT ( 'NONE',  ( 10.70770558168473130, 3.000000004592346059, -7.291108104573501336 ) ) ;
#4927 = VECTOR ( 'NONE', #448, 1000.000000000000000 ) ;
#4928 = MECHANICAL_DESIGN_GEOMETRIC_PRESENTATION_REPRESENTATION (  '', ( #2367 ), #916 ) ;
#4929 = VERTEX_POINT ( 'NONE', #6498 ) ;
#4930 = FILL_AREA_STYLE_COLOUR ( '', #234 ) ;
#4931 = CARTESIAN_POINT ( 'NONE',  ( -3.000000000000002665, 3.000000000000000000, -8.749999999999996447 ) ) ;
#4932 =( NAMED_UNIT ( * ) PLANE_ANGLE_UNIT ( ) SI_UNIT ( $, .RADIAN. ) );
#4933 = SURFACE_STYLE_USAGE ( .BOTH. , #1717 ) ;
#4934 = AXIS2_PLACEMENT_3D ( 'NONE', #6453, #4429, #1233 ) ;
#4935 = ORIENTED_EDGE ( 'NONE', *, *, #2388, .F. ) ;
#4936 = ORIENTED_EDGE ( 'NONE', *, *, #6473, .F. ) ;
#4937 = SURFACE_SIDE_STYLE ('',( #2807 ) ) ;
#4938 = COLOUR_RGB ( '',1.000000000000000000, 1.000000000000000000, 1.000000000000000000 ) ;
#4939 = SURFACE_STYLE_FILL_AREA ( #1824 ) ;
#4940 = PRESENTATION_STYLE_ASSIGNMENT (( #2843 ) ) ;
#4941 = ADVANCED_FACE ( 'NONE', ( #3777 ), #3259, .T. ) ;
#4942 = CARTESIAN_POINT ( 'NONE',  ( 11.75000000000000355, 3.524697209923696839, 8.997208843581502080 ) ) ;
#4943 = MECHANICAL_DESIGN_GEOMETRIC_PRESENTATION_REPRESENTATION (  '', ( #6608 ), #1588 ) ;
#4944 = DIRECTION ( 'NONE',  ( -0.7071067811865474617, -0.000000000000000000, -0.7071067811865474617 ) ) ;
#4945 = FACE_OUTER_BOUND ( 'NONE', #1746, .T. ) ;
#4946 =( NAMED_UNIT ( * ) SI_UNIT ( $, .STERADIAN. ) SOLID_ANGLE_UNIT ( ) );
#4947 = COLOUR_RGB ( '',1.000000000000000000, 1.000000000000000000, 1.000000000000000000 ) ;
#4948 = CARTESIAN_POINT ( 'NONE',  ( -8.024999999999996803, 3.000000000000000000, -8.025000000000000355 ) ) ;
#4949 = CARTESIAN_POINT ( 'NONE',  ( -18.20799961555358593, 9.000000000000001776, 18.20799961555358593 ) ) ;
#4950 = ADVANCED_FACE ( 'NONE', ( #6367 ), #6826, .T. ) ;
#4951 = PRODUCT_RELATED_PRODUCT_CATEGORY ( 'part', '', ( #2743 ) ) ;
#4952 =( NAMED_UNIT ( * ) PLANE_ANGLE_UNIT ( ) SI_UNIT ( $, .RADIAN. ) );
#4953 = DIRECTION ( 'NONE',  ( 0.000000000000000000, 0.000000000000000000, -1.000000000000000000 ) ) ;
#4954 = CARTESIAN_POINT ( 'NONE',  ( -8.024999999999996803, 3.000000000000000000, 8.025000000000000355 ) ) ;
#4955 = DIRECTION ( 'NONE',  ( 0.000000000000000000, 0.000000000000000000, -1.000000000000000000 ) ) ;
#4956 = ORIENTED_EDGE ( 'NONE', *, *, #2471, .F. ) ;
#4957 = DIRECTION ( 'NONE',  ( -0.000000000000000000, -1.000000000000000000, -0.000000000000000000 ) ) ;
#4958 = CARTESIAN_POINT ( 'NONE',  ( -19.85000000000000497, 10.00000000000000000, -16.56599923110717754 ) ) ;
#4959 = ORIENTED_EDGE ( 'NONE', *, *, #2056, .T. ) ;
#4960 = CARTESIAN_POINT ( 'NONE',  ( 6.830053202116111777, 4.885989611787686648, 11.75000000000000355 ) ) ;
#4961 = DIRECTION ( 'NONE',  ( 0.000000000000000000, 1.000000000000000000, 0.000000000000000000 ) ) ;
#4962 = SURFACE_SIDE_STYLE ('',( #1934 ) ) ;
#4963 = EDGE_LOOP ( 'NONE', ( #4837, #1198, #6600, #6878, #5753 ) ) ;
#4964 = ORIENTED_EDGE ( 'NONE', *, *, #3834, .F. ) ;
#4965 = CYLINDRICAL_SURFACE ( 'NONE', #4034, 2.774999999999996358 ) ;
#4966 = ORIENTED_EDGE ( 'NONE', *, *, #1232, .F. ) ;
#4967 = FILL_AREA_STYLE ('',( #1373 ) ) ;
#4968 = DIRECTION ( 'NONE',  ( -0.7071067811865474617, 0.000000000000000000, 0.7071067811865474617 ) ) ;
#4969 = CARTESIAN_POINT ( 'NONE',  ( -9.340180939718836228, 3.521797493956537295, 11.71753119942024668 ) ) ;
#4970 = FACE_OUTER_BOUND ( 'NONE', #4963, .T. ) ;
#4971 = CARTESIAN_POINT ( 'NONE',  ( 11.75000000000000355, 4.709187535508057465, 7.796492135455815209 ) ) ;
#4972 = FACE_OUTER_BOUND ( 'NONE', #4726, .T. ) ;
#4973 = EDGE_CURVE ( 'NONE', #1857, #5708, #348, .T. ) ;
#4974 =( NAMED_UNIT ( * ) PLANE_ANGLE_UNIT ( ) SI_UNIT ( $, .RADIAN. ) );
#4975 = CARTESIAN_POINT ( 'NONE',  ( 11.75000000000000178, 4.999999988370674942, 6.098428624015251209 ) ) ;
#4976 = EDGE_CURVE ( 'NONE', #4510, #2088, #1116, .T. ) ;
#4977 = SURFACE_STYLE_FILL_AREA ( #5273 ) ;
#4978 = SURFACE_STYLE_FILL_AREA ( #5436 ) ;
#4979 = FILL_AREA_STYLE ('',( #4418 ) ) ;
#4980 = CIRCLE ( 'NONE', #6649, 3.250000000000001332 ) ;
#4981 = MECHANICAL_DESIGN_GEOMETRIC_PRESENTATION_REPRESENTATION (  '', ( #3199 ), #6200 ) ;
#4982 = PRESENTATION_STYLE_ASSIGNMENT (( #5412 ) ) ;
#4983 = FILL_AREA_STYLE_COLOUR ( '', #2657 ) ;
#4984 = PRESENTATION_LAYER_ASSIGNMENT (  '', '', ( #1103 ) ) ;
#4985 = UNCERTAINTY_MEASURE_WITH_UNIT (LENGTH_MEASURE( 1.000000000000000082E-05 ), #570, 'distance_accuracy_value', 'NONE');
#4986 = CARTESIAN_POINT ( 'NONE',  ( -15.37957249080740851, 0.000000000000000000, -15.37957249080740496 ) ) ;
#4987 = CARTESIAN_POINT ( 'NONE',  ( -8.025000000000000355, 5.000000000000000000, -8.025000000000000355 ) ) ;
#4988 =( GEOMETRIC_REPRESENTATION_CONTEXT ( 3 ) GLOBAL_UNCERTAINTY_ASSIGNED_CONTEXT ( ( #2198 ) ) GLOBAL_UNIT_ASSIGNED_CONTEXT ( ( #5652, #2428, #411 ) ) REPRESENTATION_CONTEXT ( 'NONE', 'WORKASPACE' ) );
#4989 = VERTEX_POINT ( 'NONE', #3128 ) ;
#4990 =( GEOMETRIC_REPRESENTATION_CONTEXT ( 3 ) GLOBAL_UNCERTAINTY_ASSIGNED_CONTEXT ( ( #106 ) ) GLOBAL_UNIT_ASSIGNED_CONTEXT ( ( #2893, #4952, #5052 ) ) REPRESENTATION_CONTEXT ( 'NONE', 'WORKASPACE' ) );
#4991 =( NAMED_UNIT ( * ) PLANE_ANGLE_UNIT ( ) SI_UNIT ( $, .RADIAN. ) );
#4992 = VERTEX_POINT ( 'NONE', #5300 ) ;
#4993 = CARTESIAN_POINT ( 'NONE',  ( 16.56599923110717754, 0.000000000000000000, 19.84999999999999787 ) ) ;
#4994 = LINE ( 'NONE', #2866, #4420 ) ;
#4995 = STYLED_ITEM ( 'NONE', ( #3723 ), #3483 ) ;
#4996 = SURFACE_SIDE_STYLE ('',( #1814 ) ) ;
#4997 = SURFACE_SIDE_STYLE ('',( #6056 ) ) ;
#4998 = EDGE_LOOP ( 'NONE', ( #4373, #6426, #2375, #2343 ) ) ;
#4999 = VERTEX_POINT ( 'NONE', #5797 ) ;
#5000 = VERTEX_POINT ( 'NONE', #6336 ) ;
#5001 = FACE_BOUND ( 'NONE', #2839, .T. ) ;
#5002 = AXIS2_PLACEMENT_3D ( 'NONE', #6358, #6873, #5289 ) ;
#5003 = CARTESIAN_POINT ( 'NONE',  ( -10.60627824593988322, 3.506190792135527534, 11.11366063195628406 ) ) ;
#5004 = DIRECTION ( 'NONE',  ( 0.000000000000000000, 0.000000000000000000, 1.000000000000000000 ) ) ;
#5005 = FILL_AREA_STYLE_COLOUR ( '', #4809 ) ;
#5006 = DIRECTION ( 'NONE',  ( 0.000000000000000000, 1.000000000000000000, -0.000000000000000000 ) ) ;
#5007 = ADVANCED_FACE ( 'NONE', ( #1483 ), #253, .T. ) ;
#5008 =( LENGTH_UNIT ( ) NAMED_UNIT ( * ) SI_UNIT ( .MILLI., .METRE. ) );
#5009 = FACE_OUTER_BOUND ( 'NONE', #4555, .T. ) ;
#5010 = SURFACE_STYLE_USAGE ( .BOTH. , #2292 ) ;
#5011 = DIRECTION ( 'NONE',  ( 0.000000000000000000, 0.000000000000000000, 1.000000000000000000 ) ) ;
#5012 = CARTESIAN_POINT ( 'NONE',  ( 20.55710678118654400, 10.00000000000000000, 17.27310601229373077 ) ) ;
#5013 = MECHANICAL_DESIGN_GEOMETRIC_PRESENTATION_REPRESENTATION (  '', ( #1128 ), #910 ) ;
#5014 = CARTESIAN_POINT ( 'NONE',  ( -8.024999999999996803, 3.000000000000000000, 10.79999999999999716 ) ) ;
#5015 = CYLINDRICAL_SURFACE ( 'NONE', #6765, 1.000000000000000888 ) ;
#5016 = AXIS2_PLACEMENT_3D ( 'NONE', #4910, #3440, #2852 ) ;
#5017 = EDGE_CURVE ( 'NONE', #5096, #2529, #4481, .T. ) ;
#5018 = CIRCLE ( 'NONE', #2689, 2.774999999999996358 ) ;
#5019 = MECHANICAL_DESIGN_GEOMETRIC_PRESENTATION_REPRESENTATION (  '', ( #1147 ), #803 ) ;
#5021 = FILL_AREA_STYLE_COLOUR ( '', #662 ) ;
#5020 = SURFACE_STYLE_USAGE ( .BOTH. , #775 ) ;
#5022 = ORIENTED_EDGE ( 'NONE', *, *, #1351, .T. ) ;
#5023 = CARTESIAN_POINT ( 'NONE',  ( -11.74999999999999645, 3.000000000000000000, 8.750000000000001776 ) ) ;
#5024 = VECTOR ( 'NONE', #2091, 1000.000000000000000 ) ;
#5025 = SURFACE_SIDE_STYLE ('',( #819 ) ) ;
#5026 = MECHANICAL_DESIGN_GEOMETRIC_PRESENTATION_REPRESENTATION (  '', ( #593 ), #6141 ) ;
#5027 = SURFACE_STYLE_USAGE ( .BOTH. , #3922 ) ;
#5028 = SURFACE_STYLE_FILL_AREA ( #1240 ) ;
#5029 = ORIENTED_EDGE ( 'NONE', *, *, #4332, .T. ) ;
#5030 = ORIENTED_EDGE ( 'NONE', *, *, #523, .T. ) ;
#5031 = CARTESIAN_POINT ( 'NONE',  ( -15.37957249080740851, 0.000000000000000000, 15.37957249080740496 ) ) ;
#5032 = ADVANCED_FACE ( 'NONE', ( #1184 ), #2534, .F. ) ;
#5033 = PRESENTATION_LAYER_ASSIGNMENT (  '', '', ( #2143 ) ) ;
#5034 = EDGE_LOOP ( 'NONE', ( #1368, #4181, #828, #1266 ) ) ;
#5035 = FILL_AREA_STYLE ('',( #1823 ) ) ;
#5036 = SURFACE_STYLE_FILL_AREA ( #6635 ) ;
#5037 = MECHANICAL_DESIGN_GEOMETRIC_PRESENTATION_REPRESENTATION (  '', ( #137 ), #363 ) ;
#5038 = DIRECTION ( 'NONE',  ( 1.000000000000000000, -0.000000000000000000, 0.000000000000000000 ) ) ;
#5039 = ORIENTED_EDGE ( 'NONE', *, *, #4391, .F. ) ;
#5040 = ORIENTED_EDGE ( 'NONE', *, *, #3266, .T. ) ;
#5041 =( LENGTH_UNIT ( ) NAMED_UNIT ( * ) SI_UNIT ( .MILLI., .METRE. ) );
#5042 = DIRECTION ( 'NONE',  ( -0.7071067811865474617, 0.000000000000000000, -0.7071067811865474617 ) ) ;
#5043 = DIRECTION ( 'NONE',  ( 0.000000000000000000, 0.000000000000000000, -1.000000000000000000 ) ) ;
#5044 = COLOUR_RGB ( '',1.000000000000000000, 1.000000000000000000, 1.000000000000000000 ) ;
#5045 = CARTESIAN_POINT ( 'NONE',  ( 19.84999999999999432, 9.000000000000001776, 16.56599923110718464 ) ) ;
#5046 = CARTESIAN_POINT ( 'NONE',  ( 10.58323552776716703, 3.000000000000000000, -9.100200439206485470 ) ) ;
#5047 = EDGE_CURVE ( 'NONE', #4896, #2334, #1912, .T. ) ;
#5048 = AXIS2_PLACEMENT_3D ( 'NONE', #1165, #4459, #3905 ) ;
#5049 = AXIS2_PLACEMENT_3D ( 'NONE', #526, #1159, #3725 ) ;
#5050 = CARTESIAN_POINT ( 'NONE',  ( -5.999999999999997335, 10.00000000000000000, 19.84999999999999787 ) ) ;
#5051 = DIRECTION ( 'NONE',  ( 0.000000000000000000, 1.000000000000000000, 0.000000000000000000 ) ) ;
#5052 =( NAMED_UNIT ( * ) SI_UNIT ( $, .STERADIAN. ) SOLID_ANGLE_UNIT ( ) );
#5053 =( NAMED_UNIT ( * ) SI_UNIT ( $, .STERADIAN. ) SOLID_ANGLE_UNIT ( ) );
#5054 = TOROIDAL_SURFACE ( 'NONE', #2055, 1.074999999999996181, 0.6999999999999999556 ) ;
#5055 = UNCERTAINTY_MEASURE_WITH_UNIT (LENGTH_MEASURE( 1.000000000000000082E-05 ), #3073, 'distance_accuracy_value', 'NONE');
#5056 = CARTESIAN_POINT ( 'NONE',  ( -4.999999999999999112, 9.000000000000001776, 11.75000000000000533 ) ) ;
#5057 = EDGE_CURVE ( 'NONE', #6148, #5251, #1800, .T. ) ;
#5058 = APPLICATION_CONTEXT ( 'automotive_design' ) ;
#5059 =( NAMED_UNIT ( * ) PLANE_ANGLE_UNIT ( ) SI_UNIT ( $, .RADIAN. ) );
#5060 = FILL_AREA_STYLE ('',( #3039 ) ) ;
#5061 = ORIENTED_EDGE ( 'NONE', *, *, #2857, .F. ) ;
#5062 = UNCERTAINTY_MEASURE_WITH_UNIT (LENGTH_MEASURE( 1.000000000000000082E-05 ), #1389, 'distance_accuracy_value', 'NONE');
#5063 = DIRECTION ( 'NONE',  ( 0.000000000000000000, -0.000000000000000000, 1.000000000000000000 ) ) ;
#5064 = LINE ( 'NONE', #3457, #655 ) ;
#5065 = PRESENTATION_STYLE_ASSIGNMENT (( #1782 ) ) ;
#5066 = VERTEX_POINT ( 'NONE', #1283 ) ;
#5067 = EDGE_LOOP ( 'NONE', ( #6183, #4512, #3775, #6145, #984, #4406, #1773 ) ) ;
#5068 = DIRECTION ( 'NONE',  ( 0.000000000000000000, 0.000000000000000000, -1.000000000000000000 ) ) ;
#5069 = VERTEX_POINT ( 'NONE', #836 ) ;
#5070 = CARTESIAN_POINT ( 'NONE',  ( 20.84999999999999432, 10.00000000000000000, 16.56599923110718464 ) ) ;
#5071 = FILL_AREA_STYLE ('',( #2947 ) ) ;
#5072 = CARTESIAN_POINT ( 'NONE',  ( 16.56599923110718109, 9.000000000000001776, 20.85000000000000142 ) ) ;
#5073 = VERTEX_POINT ( 'NONE', #2421 ) ;
#5074 = FILL_AREA_STYLE ('',( #2413 ) ) ;
#5075 = SURFACE_STYLE_FILL_AREA ( #4001 ) ;
#5076 = FILL_AREA_STYLE ('',( #1440 ) ) ;
#5077 = VERTEX_POINT ( 'NONE', #3397 ) ;
#5078 = ADVANCED_FACE ( 'NONE', ( #4525 ), #6573, .T. ) ;
#5079 = SURFACE_STYLE_USAGE ( .BOTH. , #1795 ) ;
#5080 = SURFACE_STYLE_USAGE ( .BOTH. , #1347 ) ;
#5081 = CARTESIAN_POINT ( 'NONE',  ( 8.024999999999996803, 3.000000000000000000, 8.025000000000000355 ) ) ;
#5082 = SPHERICAL_SURFACE ( 'NONE', #4102, 1.000000000000000000 ) ;
#5083 = CARTESIAN_POINT ( 'NONE',  ( -8.024999999999996803, 3.000000000000000000, -5.250000000000004441 ) ) ;
#5084 =( NAMED_UNIT ( * ) PLANE_ANGLE_UNIT ( ) SI_UNIT ( $, .RADIAN. ) );
#5085 = AXIS2_PLACEMENT_3D ( 'NONE', #320, #5167, #4118 ) ;
#5086 = EDGE_CURVE ( 'NONE', #505, #72, #6090, .T. ) ;
#5087 = SURFACE_STYLE_USAGE ( .BOTH. , #6204 ) ;
#5088 = PRESENTATION_LAYER_ASSIGNMENT (  '', '', ( #1747 ) ) ;
#5089 = EDGE_CURVE ( 'NONE', #1243, #505, #2848, .T. ) ;
#5091 = CARTESIAN_POINT ( 'NONE',  ( 15.37957249080740851, 10.00000000000000000, -13.67957249080740922 ) ) ;
#5090 = CARTESIAN_POINT ( 'NONE',  ( -11.74999999999989342, 3.586295622183252707, -7.873762599760215863 ) ) ;
#5092 = EDGE_LOOP ( 'NONE', ( #3329, #2511, #1425, #3384 ) ) ;
#5093 = DIRECTION ( 'NONE',  ( -1.000000000000000000, 0.000000000000000000, 9.912705577010326782E-17 ) ) ;
#5094 = DIRECTION ( 'NONE',  ( 9.912705577010326782E-17, 0.000000000000000000, 1.000000000000000000 ) ) ;
#5095 = SURFACE_STYLE_FILL_AREA ( #5635 ) ;
#5096 = VERTEX_POINT ( 'NONE', #6194 ) ;
#5097 = COLOUR_RGB ( '',1.000000000000000000, 1.000000000000000000, 1.000000000000000000 ) ;
#5098 = ORIENTED_EDGE ( 'NONE', *, *, #1363, .T. ) ;
#5099 = VECTOR ( 'NONE', #4423, 1000.000000000000000 ) ;
#5100 = EDGE_LOOP ( 'NONE', ( #158, #5022, #5106, #3547 ) ) ;
#5101 = SURFACE_STYLE_USAGE ( .BOTH. , #856 ) ;
#5102 =( LENGTH_UNIT ( ) NAMED_UNIT ( * ) SI_UNIT ( .MILLI., .METRE. ) );
#5103 = CARTESIAN_POINT ( 'NONE',  ( 16.56599923110717754, 10.00000000000000000, -19.84999999999999787 ) ) ;
#5104 = ORIENTED_EDGE ( 'NONE', *, *, #5926, .F. ) ;
#5105 = COLOUR_RGB ( '',1.000000000000000000, 1.000000000000000000, 1.000000000000000000 ) ;
#5106 = ORIENTED_EDGE ( 'NONE', *, *, #3345, .F. ) ;
#5107 =( NAMED_UNIT ( * ) PLANE_ANGLE_UNIT ( ) SI_UNIT ( $, .RADIAN. ) );
#5108 = EDGE_CURVE ( 'NONE', #2312, #1785, #3507, .T. ) ;
#5109 = CARTESIAN_POINT ( 'NONE',  ( -8.947638215693844543, 4.797049643124838170, 11.75000000000000533 ) ) ;
#5110 = ORIENTED_EDGE ( 'NONE', *, *, #4227, .T. ) ;
#5111 = DIRECTION ( 'NONE',  ( 0.000000000000000000, 0.000000000000000000, 1.000000000000000000 ) ) ;
#5112 = AXIS2_PLACEMENT_3D ( 'NONE', #4730, #2735, #24 ) ;
#5113 = CYLINDRICAL_SURFACE ( 'NONE', #5661, 2.000000000000000000 ) ;
#5114 = VECTOR ( 'NONE', #5783, 1000.000000000000000 ) ;
#5115 = COLOUR_RGB ( '',1.000000000000000000, 1.000000000000000000, 1.000000000000000000 ) ;
#5116 =( NAMED_UNIT ( * ) PLANE_ANGLE_UNIT ( ) SI_UNIT ( $, .RADIAN. ) );
#5117 = DIRECTION ( 'NONE',  ( 1.000000000000000000, -0.000000000000000000, 0.000000000000000000 ) ) ;
#5118 = PRESENTATION_STYLE_ASSIGNMENT (( #1948 ) ) ;
#5119 = CARTESIAN_POINT ( 'NONE',  ( 9.527810754943628169, 4.825339383677085259, -11.65398907294898123 ) ) ;
#5120 = UNCERTAINTY_MEASURE_WITH_UNIT (LENGTH_MEASURE( 1.000000000000000082E-05 ), #6264, 'distance_accuracy_value', 'NONE');
#5121 = COLOUR_RGB ( '',1.000000000000000000, 1.000000000000000000, 1.000000000000000000 ) ;
#5122 = FACE_OUTER_BOUND ( 'NONE', #1443, .T. ) ;
#5123 = CARTESIAN_POINT ( 'NONE',  ( -15.37957249080740851, 0.000000000000000000, -18.62957249080740496 ) ) ;
#5124 = CARTESIAN_POINT ( 'NONE',  ( 11.75000000000000355, 9.000000000000001776, 8.750000000000003553 ) ) ;
#5125 = AXIS2_PLACEMENT_3D ( 'NONE', #2364, #3862, #171 ) ;
#5126 = CARTESIAN_POINT ( 'NONE',  ( 8.750000000000001776, 10.00000000000000000, 8.750000000000003553 ) ) ;
#5128 = DIRECTION ( 'NONE',  ( 0.000000000000000000, 1.000000000000000000, 0.000000000000000000 ) ) ;
#5127 =( NAMED_UNIT ( * ) SI_UNIT ( $, .STERADIAN. ) SOLID_ANGLE_UNIT ( ) );
#5129 = VERTEX_POINT ( 'NONE', #5647 ) ;
#5130 = UNCERTAINTY_MEASURE_WITH_UNIT (LENGTH_MEASURE( 1.000000000000000082E-05 ), #4924, 'distance_accuracy_value', 'NONE');
#5131 = SURFACE_STYLE_USAGE ( .BOTH. , #291 ) ;
#5132 = CARTESIAN_POINT ( 'NONE',  ( -15.37957249080740851, 2.999999999999999112, -17.07957249080740425 ) ) ;
#5133 = CYLINDRICAL_SURFACE ( 'NONE', #1662, 1.000000000000001332 ) ;
#5134 =( LENGTH_UNIT ( ) NAMED_UNIT ( * ) SI_UNIT ( .MILLI., .METRE. ) );
#5135 = MECHANICAL_DESIGN_GEOMETRIC_PRESENTATION_REPRESENTATION (  '', ( #2157 ), #600 ) ;
#5136 = ORIENTED_EDGE ( 'NONE', *, *, #523, .F. ) ;
#5137 = ORIENTED_EDGE ( 'NONE', *, *, #3051, .T. ) ;
#5138 =( LENGTH_UNIT ( ) NAMED_UNIT ( * ) SI_UNIT ( .MILLI., .METRE. ) );
#5139 = VERTEX_POINT ( 'NONE', #6068 ) ;
#5140 = DIRECTION ( 'NONE',  ( -0.7071067811865475727, 0.000000000000000000, 0.7071067811865475727 ) ) ;
#5141 = CARTESIAN_POINT ( 'NONE',  ( 8.025000000000003908, 6.799999999999999822, 6.949999999999997513 ) ) ;
#5142 =( LENGTH_UNIT ( ) NAMED_UNIT ( * ) SI_UNIT ( .MILLI., .METRE. ) );
#5143 = CIRCLE ( 'NONE', #695, 3.249999999999997780 ) ;
#5144 = EDGE_LOOP ( 'NONE', ( #620, #5564, #2111, #3704 ) ) ;
#5145 = CIRCLE ( 'NONE', #3695, 2.774999999999996358 ) ;
#5146 = ORIENTED_EDGE ( 'NONE', *, *, #3015, .F. ) ;
#5147 =( NAMED_UNIT ( * ) PLANE_ANGLE_UNIT ( ) SI_UNIT ( $, .RADIAN. ) );
#5148 = CARTESIAN_POINT ( 'NONE',  ( -9.715111331886475909, 4.832367273471388280, 11.59740949535872190 ) ) ;
#5149 = CIRCLE ( 'NONE', #4377, 1.000000000000000888 ) ;
#5150 = ORIENTED_EDGE ( 'NONE', *, *, #1195, .F. ) ;
#5151 = CARTESIAN_POINT ( 'NONE',  ( 9.334054701751183458, 3.521849287766436021, 11.71811113005705174 ) ) ;
#5152 = PRESENTATION_STYLE_ASSIGNMENT (( #5080 ) ) ;
#5153 = AXIS2_PLACEMENT_3D ( 'NONE', #5358, #120, #4834 ) ;
#5154 = LINE ( 'NONE', #307, #2648 ) ;
#5155 = DIRECTION ( 'NONE',  ( -8.320016671351592820E-17, -0.000000000000000000, -1.000000000000000000 ) ) ;
#5156 =( LENGTH_UNIT ( ) NAMED_UNIT ( * ) SI_UNIT ( .MILLI., .METRE. ) );
#5157 = AXIS2_PLACEMENT_3D ( 'NONE', #2630, #5287, #1606 ) ;
#5158 = AXIS2_PLACEMENT_3D ( 'NONE', #368, #5819, #4689 ) ;
#5159 = CARTESIAN_POINT ( 'NONE',  ( -9.100200439206487246, 3.000000000000000000, -10.58323552776716703 ) ) ;
#5160 = CIRCLE ( 'NONE', #6716, 1.000000000000000888 ) ;
#5161 = EDGE_CURVE ( 'NONE', #5285, #5710, #5482, .T. ) ;
#5162 = ADVANCED_FACE ( 'NONE', ( #2457 ), #1543, .F. ) ;
#5163 = SURFACE_SIDE_STYLE ('',( #4397 ) ) ;
#5164 = CIRCLE ( 'NONE', #5853, 2.000000000000000888 ) ;
#5165 =( NAMED_UNIT ( * ) SI_UNIT ( $, .STERADIAN. ) SOLID_ANGLE_UNIT ( ) );
#5167 = DIRECTION ( 'NONE',  ( 1.000000000000000000, -0.000000000000000000, 0.000000000000000000 ) ) ;
#5166 = DIRECTION ( 'NONE',  ( -1.664003334270318564E-16, -0.000000000000000000, -1.000000000000000000 ) ) ;
#5168 = VERTEX_POINT ( 'NONE', #2050 ) ;
#5169 = CARTESIAN_POINT ( 'NONE',  ( 8.750000000000001776, 9.000000000000001776, 8.750000000000003553 ) ) ;
#5170 = FILL_AREA_STYLE_COLOUR ( '', #4657 ) ;
#5171 = CARTESIAN_POINT ( 'NONE',  ( -10.70013270787382709, 3.000000005603019382, 8.785058124267532520 ) ) ;
#5172 = EDGE_LOOP ( 'NONE', ( #5771, #4441, #5672, #6634 ) ) ;
#5173 =( BOUNDED_SURFACE ( )  B_SPLINE_SURFACE ( 3, 2, ( 
 ( #6848, #6394, #3714 ),
 ( #4737, #971, #2046 ),
 ( #1477, #2076, #2109 ),
 ( #5826, #6295, #6778 ),
 ( #4202, #584, #2672 ),
 ( #1501, #4174, #4241 ),
 ( #5320, #1540, #3637 ),
 ( #2600, #3609, #2558 ),
 ( #3121, #4658, #5864 ),
 ( #3680, #1610, #6361 ),
 ( #4132, #1051, #1576 ),
 ( #2007, #5888, #5788 ),
 ( #480, #2151, #442 ),
 ( #1088, #3161, #1108 ) ),
 .UNSPECIFIED., .F., .F., .F. ) 
 B_SPLINE_SURFACE_WITH_KNOTS ( ( 4, 2, 2, 2, 2, 2, 4 ),
 ( 3, 3 ),
 ( 0.003816314322258894387, 0.004176314090042246643, 0.004536313857825598032, 0.004896313625608949421, 0.005256313393392301678, 0.005976312928959005323, 0.006696312464525708968 ),
 ( 0.000000000000000000, 1.000000000000000000 ),
 .UNSPECIFIED. ) 
 GEOMETRIC_REPRESENTATION_ITEM ( )  RATIONAL_B_SPLINE_SURFACE ( (
 ( 1.000000000000000000, 0.8416108851136481217, 1.000000000000000000),
 ( 1.000000000000000000, 0.8509147131647971651, 1.000000000000000000),
 ( 1.000000000000000000, 0.8588153667384211820, 1.000000000000000000),
 ( 1.000000000000000000, 0.8698891160868390537, 1.000000000000000000),
 ( 1.000000000000000000, 0.8730162419623724857, 1.000000000000000000),
 ( 1.000000000000000000, 0.8733904137664495471, 1.000000000000000000),
 ( 1.000000000000000000, 0.8706272233014192841, 1.000000000000000000),
 ( 1.000000000000000000, 0.8599157397362618971, 1.000000000000000000),
 ( 1.000000000000000000, 0.8519843780040627923, 1.000000000000000000),
 ( 1.000000000000000000, 0.8237315677412657688, 1.000000000000000000),
 ( 1.000000000000000000, 0.7994515993950092048, 1.000000000000000000),
 ( 1.000000000000000000, 0.7519088607805272106, 1.000000000000000000),
 ( 1.000000000000000000, 0.7282801894245771734, 1.000000000000000000),
 ( 1.000000000000000000, 0.7071067811865475727, 1.000000000000000000) ) ) 
 REPRESENTATION_ITEM ( '' )  SURFACE ( )  );
#5174 = VERTEX_POINT ( 'NONE', #974 ) ;
#5175 =( NAMED_UNIT ( * ) PLANE_ANGLE_UNIT ( ) SI_UNIT ( $, .RADIAN. ) );
#5176 = LINE ( 'NONE', #1892, #91 ) ;
#5177 = FILL_AREA_STYLE_COLOUR ( '', #3545 ) ;
#5178 = ORIENTED_EDGE ( 'NONE', *, *, #4860, .T. ) ;
#5179 = VERTEX_POINT ( 'NONE', #2112 ) ;
#5180 = CARTESIAN_POINT ( 'NONE',  ( -19.84999999999999787, 0.9999999999999991118, 16.56599923110718109 ) ) ;
#5181 =( NAMED_UNIT ( * ) SI_UNIT ( $, .STERADIAN. ) SOLID_ANGLE_UNIT ( ) );
#5182 = CARTESIAN_POINT ( 'NONE',  ( -10.25347368665242698, 4.847531199309837113, 11.35341276900913599 ) ) ;
#5183 = ORIENTED_EDGE ( 'NONE', *, *, #3423, .T. ) ;
#5184 = CARTESIAN_POINT ( 'NONE',  ( 10.31357442383163914, 3.508610859951597494, 11.31751959769164984 ) ) ;
#5185 = ADVANCED_FACE ( 'NONE', ( #5219 ), #1600, .F. ) ;
#5186 = DIRECTION ( 'NONE',  ( 0.000000000000000000, 1.000000000000000000, -0.000000000000000000 ) ) ;
#5187 = CARTESIAN_POINT ( 'NONE',  ( -7.657206858957597007, 2.999999995407633957, 10.78185231215369910 ) ) ;
#5188 = EDGE_CURVE ( 'NONE', #5239, #60, #2688, .T. ) ;
#5189 = DIRECTION ( 'NONE',  ( 0.000000000000000000, 0.000000000000000000, 1.000000000000000000 ) ) ;
#5190 = DIRECTION ( 'NONE',  ( 0.000000000000000000, 0.000000000000000000, -1.000000000000000000 ) ) ;
#5191 = ORIENTED_EDGE ( 'NONE', *, *, #6128, .F. ) ;
#5192 = CARTESIAN_POINT ( 'NONE',  ( -7.916877620263499615, 4.701727787528176883, -11.74999999999999822 ) ) ;
#5193 = UNCERTAINTY_MEASURE_WITH_UNIT (LENGTH_MEASURE( 1.000000000000000082E-05 ), #6715, 'distance_accuracy_value', 'NONE');
#5194 = PLANE ( 'NONE',  #5721 ) ;
#5195 = DIRECTION ( 'NONE',  ( 0.000000000000000000, 1.000000000000000000, 0.000000000000000000 ) ) ;
#5196 =( NAMED_UNIT ( * ) SI_UNIT ( $, .STERADIAN. ) SOLID_ANGLE_UNIT ( ) );
#5197 = DIRECTION ( 'NONE',  ( 0.000000000000000000, 0.000000000000000000, 1.000000000000000000 ) ) ;
#5198 = AXIS2_PLACEMENT_3D ( 'NONE', #527, #1592, #2685 ) ;
#5199 = EDGE_LOOP ( 'NONE', ( #472, #6063, #4030, #2505 ) ) ;
#5200 = UNCERTAINTY_MEASURE_WITH_UNIT (LENGTH_MEASURE( 1.000000000000000082E-05 ), #843, 'distance_accuracy_value', 'NONE');
#5201 = CARTESIAN_POINT ( 'NONE',  ( -15.37957249080740851, 10.00000000000000000, -15.37957249080740496 ) ) ;
#5202 = SURFACE_STYLE_USAGE ( .BOTH. , #1462 ) ;
#5203 = FACE_OUTER_BOUND ( 'NONE', #6213, .T. ) ;
#5204 = DIRECTION ( 'NONE',  ( -0.000000000000000000, -1.000000000000000000, -0.000000000000000000 ) ) ;
#5205 = AXIS2_PLACEMENT_3D ( 'NONE', #644, #3819, #1714 ) ;
#5206 = ORIENTED_EDGE ( 'NONE', *, *, #5519, .T. ) ;
#5207 = FILL_AREA_STYLE_COLOUR ( '', #4938 ) ;
#5209 = SURFACE_STYLE_FILL_AREA ( #4033 ) ;
#5208 = CARTESIAN_POINT ( 'NONE',  ( 11.74999999999999822, 3.524697209923718155, -8.997208843581372406 ) ) ;
#5210 = DIRECTION ( 'NONE',  ( -0.7071067811865475727, 0.000000000000000000, -0.7071067811865475727 ) ) ;
#5211 = ORIENTED_EDGE ( 'NONE', *, *, #1764, .T. ) ;
#5212 = UNCERTAINTY_MEASURE_WITH_UNIT (LENGTH_MEASURE( 1.000000000000000082E-05 ), #1309, 'distance_accuracy_value', 'NONE');
#5213 = FACE_OUTER_BOUND ( 'NONE', #2412, .T. ) ;
#5214 = SURFACE_STYLE_USAGE ( .BOTH. , #27 ) ;
#5215 =( GEOMETRIC_REPRESENTATION_CONTEXT ( 3 ) GLOBAL_UNCERTAINTY_ASSIGNED_CONTEXT ( ( #2271 ) ) GLOBAL_UNIT_ASSIGNED_CONTEXT ( ( #1077, #3705, #3110 ) ) REPRESENTATION_CONTEXT ( 'NONE', 'WORKASPACE' ) );
#5216 = SURFACE_STYLE_USAGE ( .BOTH. , #29 ) ;
#5217 = CARTESIAN_POINT ( 'NONE',  ( -9.144742004345742359, 4.807721502457803275, 11.73032227390230986 ) ) ;
#5218 = ORIENTED_EDGE ( 'NONE', *, *, #3582, .F. ) ;
#5219 = FACE_OUTER_BOUND ( 'NONE', #5172, .T. ) ;
#5220 = VECTOR ( 'NONE', #4968, 1000.000000000000114 ) ;
#5221 = AXIS2_PLACEMENT_3D ( 'NONE', #4706, #6304, #1511 ) ;
#5222 = CARTESIAN_POINT ( 'NONE',  ( -8.951384184402904509, 3.000000013051537628, 10.64578151787686622 ) ) ;
#5223 =( NAMED_UNIT ( * ) SI_UNIT ( $, .STERADIAN. ) SOLID_ANGLE_UNIT ( ) );
#5224 = DIRECTION ( 'NONE',  ( -9.912705577010326782E-17, -0.000000000000000000, -1.000000000000000000 ) ) ;
#5225 = ADVANCED_FACE ( 'NONE', ( #3297 ), #3193, .F. ) ;
#5226 = FILL_AREA_STYLE_COLOUR ( '', #4696 ) ;
#5227 = VECTOR ( 'NONE', #55, 1000.000000000000000 ) ;
#5228 = EDGE_LOOP ( 'NONE', ( #3350, #2515, #2380, #1275, #5716, #3045, #2957, #3984, #1601, #4766, #5484, #4473, #5678, #5394, #3163, #5515 ) ) ;
#5229 = VECTOR ( 'NONE', #6191, 1000.000000000000000 ) ;
#5230 = STYLED_ITEM ( 'NONE', ( #3338 ), #3859 ) ;
#5231 = MECHANICAL_DESIGN_GEOMETRIC_PRESENTATION_REPRESENTATION (  '', ( #1324 ), #100 ) ;
#5232 = SURFACE_STYLE_FILL_AREA ( #4156 ) ;
#5233 = CYLINDRICAL_SURFACE ( 'NONE', #4872, 1.699999999999994849 ) ;
#5234 = EDGE_CURVE ( 'NONE', #3522, #2562, #4487, .T. ) ;
#5236 = CARTESIAN_POINT ( 'NONE',  ( -15.37957249080740851, 10.00000000000000000, -13.67957249080740922 ) ) ;
#5235 = DIRECTION ( 'NONE',  ( 0.000000000000000000, 1.000000000000000000, -0.000000000000000000 ) ) ;
#5237 = COLOUR_RGB ( '',1.000000000000000000, 1.000000000000000000, 1.000000000000000000 ) ;
#5238 = CIRCLE ( 'NONE', #5581, 1.074999999999999512 ) ;
#5239 = VERTEX_POINT ( 'NONE', #5990 ) ;
#5240 =( NAMED_UNIT ( * ) SI_UNIT ( $, .STERADIAN. ) SOLID_ANGLE_UNIT ( ) );
#5241 = SURFACE_STYLE_USAGE ( .BOTH. , #2548 ) ;
#5242 = ADVANCED_FACE ( 'NONE', ( #1213 ), #3331, .F. ) ;
#5243 = DIRECTION ( 'NONE',  ( 0.000000000000000000, 0.000000000000000000, 1.000000000000000000 ) ) ;
#5244 =( GEOMETRIC_REPRESENTATION_CONTEXT ( 3 ) GLOBAL_UNCERTAINTY_ASSIGNED_CONTEXT ( ( #6804 ) ) GLOBAL_UNIT_ASSIGNED_CONTEXT ( ( #4426, #6550, #6046 ) ) REPRESENTATION_CONTEXT ( 'NONE', 'WORKASPACE' ) );
#5245 = STYLED_ITEM ( 'NONE', ( #1254 ), #4430 ) ;
#5246 = VERTEX_POINT ( 'NONE', #269 ) ;
#5247 = FACE_OUTER_BOUND ( 'NONE', #3488, .T. ) ;
#5248 = EDGE_CURVE ( 'NONE', #1334, #1998, #5489, .T. ) ;
#5249 = DIRECTION ( 'NONE',  ( 0.000000000000000000, 0.000000000000000000, -1.000000000000000000 ) ) ;
#5250 = DIRECTION ( 'NONE',  ( 0.000000000000000000, 0.000000000000000000, -1.000000000000000000 ) ) ;
#5251 = VERTEX_POINT ( 'NONE', #188 ) ;
#5252 = CIRCLE ( 'NONE', #2022, 1.074999999999996181 ) ;
#5253 = DIRECTION ( 'NONE',  ( 0.000000000000000000, 0.000000000000000000, 1.000000000000000000 ) ) ;
#5254 = EDGE_CURVE ( 'NONE', #4520, #483, #3910, .T. ) ;
#5255 = EDGE_LOOP ( 'NONE', ( #6221, #290, #6529 ) ) ;
#5256 = LINE ( 'NONE', #4741, #2366 ) ;
#5257 = CIRCLE ( 'NONE', #242, 3.249999999999999556 ) ;
#5258 = CARTESIAN_POINT ( 'NONE',  ( -6.344634930023409503, 4.971304314992175399, 11.75000000000000533 ) ) ;
#5259 = DIRECTION ( 'NONE',  ( 0.000000000000000000, -0.000000000000000000, 1.000000000000000000 ) ) ;
#5260 = TOROIDAL_SURFACE ( 'NONE', #4465, 4.000000000000002665, 1.000000000000000000 ) ;
#5261 = CARTESIAN_POINT ( 'NONE',  ( -11.74999999999999822, 4.784118327815212623, -8.749999999999996447 ) ) ;
#5262 = DIRECTION ( 'NONE',  ( -0.7071067811865475727, 0.000000000000000000, 0.7071067811865475727 ) ) ;
#5263 = SURFACE_STYLE_FILL_AREA ( #3130 ) ;
#5264 = AXIS2_PLACEMENT_3D ( 'NONE', #45, #3760, #5376 ) ;
#5265 =( GEOMETRIC_REPRESENTATION_CONTEXT ( 3 ) GLOBAL_UNCERTAINTY_ASSIGNED_CONTEXT ( ( #1554 ) ) GLOBAL_UNIT_ASSIGNED_CONTEXT ( ( #5008, #4556, #2323 ) ) REPRESENTATION_CONTEXT ( 'NONE', 'WORKASPACE' ) );
#5266 = EDGE_CURVE ( 'NONE', #4545, #3844, #751, .T. ) ;
#5267 = AXIS2_PLACEMENT_3D ( 'NONE', #3863, #6002, #1223 ) ;
#5268 = AXIS2_PLACEMENT_3D ( 'NONE', #2605, #3125, #1971 ) ;
#5269 = ORIENTED_EDGE ( 'NONE', *, *, #6809, .F. ) ;
#5270 = AXIS2_PLACEMENT_3D ( 'NONE', #1850, #6025, #3962 ) ;
#5271 = CARTESIAN_POINT ( 'NONE',  ( -7.291108104573331694, 3.000000004592378922, -10.70770558168475972 ) ) ;
#5272 = AXIS2_PLACEMENT_3D ( 'NONE', #3778, #6499, #6525 ) ;
#5273 = FILL_AREA_STYLE ('',( #2849 ) ) ;
#5274 = CARTESIAN_POINT ( 'NONE',  ( 11.31751959769176352, 3.508610859951628136, -10.31357442383134249 ) ) ;
#5275 = DIRECTION ( 'NONE',  ( 0.000000000000000000, 1.000000000000000000, 0.000000000000000000 ) ) ;
#5276 = CARTESIAN_POINT ( 'NONE',  ( 8.025000000000003908, 7.500000000000000000, 9.800000000000002487 ) ) ;
#5277 = AXIS2_PLACEMENT_3D ( 'NONE', #2720, #6065, #2124 ) ;
#5278 = ORIENTED_EDGE ( 'NONE', *, *, #4690, .T. ) ;
#5279 = UNCERTAINTY_MEASURE_WITH_UNIT (LENGTH_MEASURE( 1.000000000000000082E-05 ), #6292, 'distance_accuracy_value', 'NONE');
#5280 = CARTESIAN_POINT ( 'NONE',  ( -5.999999999999997335, 4.999999999999999112, 19.84999999999999787 ) ) ;
#5281 = FILL_AREA_STYLE_COLOUR ( '', #6234 ) ;
#5282 = ADVANCED_FACE ( 'NONE', ( #5526 ), #3888, .T. ) ;
#5283 = CARTESIAN_POINT ( 'NONE',  ( 11.75000000000000000, 4.735892914036456958, -7.546605917942491359 ) ) ;
#5284 = PRESENTATION_LAYER_ASSIGNMENT (  '', '', ( #3486 ) ) ;
#5285 = VERTEX_POINT ( 'NONE', #5565 ) ;
#5286 = DIRECTION ( 'NONE',  ( -0.000000000000000000, -1.000000000000000000, -0.000000000000000000 ) ) ;
#5287 = DIRECTION ( 'NONE',  ( -2.918126931555133478E-16, -0.1926121808921674727, -0.9812749603306727408 ) ) ;
#5289 = DIRECTION ( 'NONE',  ( 0.000000000000000000, 0.000000000000000000, -1.000000000000000000 ) ) ;
#5288 = CARTESIAN_POINT ( 'NONE',  ( 11.74999999999999822, 4.709187535508115197, -7.796492135455641126 ) ) ;
#5290 = CARTESIAN_POINT ( 'NONE',  ( -8.749999999999996447, 9.000000000000001776, -12.74999999999999822 ) ) ;
#5291 = ORIENTED_EDGE ( 'NONE', *, *, #5188, .F. ) ;
#5292 = UNCERTAINTY_MEASURE_WITH_UNIT (LENGTH_MEASURE( 1.000000000000000082E-05 ), #1300, 'distance_accuracy_value', 'NONE');
#5293 = FILL_AREA_STYLE ('',( #5356 ) ) ;
#5294 = LINE ( 'NONE', #5751, #4147 ) ;
#5295 = CARTESIAN_POINT ( 'NONE',  ( -11.13691086551887111, 4.852843558837998117, -10.57790387701974311 ) ) ;
#5296 = ORIENTED_EDGE ( 'NONE', *, *, #5328, .T. ) ;
#5297 = CARTESIAN_POINT ( 'NONE',  ( 9.262202422945607694, 3.000000001770078306, 10.51514774129008067 ) ) ;
#5298 =( NAMED_UNIT ( * ) PLANE_ANGLE_UNIT ( ) SI_UNIT ( $, .RADIAN. ) );
#5299 = FILL_AREA_STYLE_COLOUR ( '', #200 ) ;
#5300 = CARTESIAN_POINT ( 'NONE',  ( 8.025000000000003908, 6.799999999999999822, 6.249999999999997335 ) ) ;
#5301 = EDGE_CURVE ( 'NONE', #5239, #2711, #2260, .T. ) ;
#5302 = CARTESIAN_POINT ( 'NONE',  ( -15.37957249080740851, 2.999999999999999112, -15.37957249080740496 ) ) ;
#5303 = VERTEX_POINT ( 'NONE', #3419 ) ;
#5304 = CARTESIAN_POINT ( 'NONE',  ( 5.000000000000002665, 9.000000000000001776, 20.85000000000000142 ) ) ;
#5305 =( NAMED_UNIT ( * ) SI_UNIT ( $, .STERADIAN. ) SOLID_ANGLE_UNIT ( ) );
#5306 =( NAMED_UNIT ( * ) SI_UNIT ( $, .STERADIAN. ) SOLID_ANGLE_UNIT ( ) );
#5307 = CARTESIAN_POINT ( 'NONE',  ( 8.750000000000003553, 5.000000000000000000, 9.750000000000005329 ) ) ;
#5308 = CARTESIAN_POINT ( 'NONE',  ( 11.75000000000000000, 4.784118327815214400, -8.749999999999998224 ) ) ;
#5309 = DIRECTION ( 'NONE',  ( 1.000000000000000000, -0.000000000000000000, 9.912705577010326782E-17 ) ) ;
#5311 = CARTESIAN_POINT ( 'NONE',  ( -15.37957249080740851, 3.000000000000000000, -18.62957249080740496 ) ) ;
#5310 = LINE ( 'NONE', #6281, #3056 ) ;
#5312 = ORIENTED_EDGE ( 'NONE', *, *, #4550, .F. ) ;
#5313 = EDGE_CURVE ( 'NONE', #5669, #4261, #4264, .T. ) ;
#5314 = CARTESIAN_POINT ( 'NONE',  ( -11.74999999999999645, 4.828844623781793466, 7.070270749635122698 ) ) ;
#5315 = FILL_AREA_STYLE_COLOUR ( '', #3134 ) ;
#5316 = ORIENTED_EDGE ( 'NONE', *, *, #4162, .F. ) ;
#5317 = DIRECTION ( 'NONE',  ( 0.000000000000000000, -0.000000000000000000, 1.000000000000000000 ) ) ;
#5318 = CARTESIAN_POINT ( 'NONE',  ( 11.75000000000000000, 3.580699138943851167, -8.376633265834453113 ) ) ;
#5319 = FILL_AREA_STYLE ('',( #479 ) ) ;
#5320 = CARTESIAN_POINT ( 'NONE',  ( 7.657206858957650297, 2.999999995407629516, -10.78185231215370088 ) ) ;
#5321 = CARTESIAN_POINT ( 'NONE',  ( -11.74999999999999822, 4.784118327815219729, -8.750000000000099476 ) ) ;
#5322 = EDGE_LOOP ( 'NONE', ( #1682, #5029, #4176, #4269 ) ) ;
#5323 = VECTOR ( 'NONE', #2281, 1000.000000000000000 ) ;
#5324 = CIRCLE ( 'NONE', #2302, 2.774999999999996358 ) ;
#5325 = CARTESIAN_POINT ( 'NONE',  ( 15.37957249080740851, 0.000000000000000000, -15.37957249080740496 ) ) ;
#5326 =( LENGTH_UNIT ( ) NAMED_UNIT ( * ) SI_UNIT ( .MILLI., .METRE. ) );
#5327 = AXIS2_PLACEMENT_3D ( 'NONE', #6865, #537, #3667 ) ;
#5328 = EDGE_CURVE ( 'NONE', #6564, #5669, #2910, .T. ) ;
#5329 = CIRCLE ( 'NONE', #6756, 1.699999999999994849 ) ;
#5330 = SURFACE_STYLE_FILL_AREA ( #2083 ) ;
#5331 = DIRECTION ( 'NONE',  ( 0.000000000000000000, 1.000000000000000000, -0.000000000000000000 ) ) ;
#5332 =( GEOMETRIC_REPRESENTATION_CONTEXT ( 3 ) GLOBAL_UNCERTAINTY_ASSIGNED_CONTEXT ( ( #1707 ) ) GLOBAL_UNIT_ASSIGNED_CONTEXT ( ( #5584, #4493, #1319 ) ) REPRESENTATION_CONTEXT ( 'NONE', 'WORKASPACE' ) );
#5333 = CIRCLE ( 'NONE', #1109, 1.000000000000001332 ) ;
#5334 = CARTESIAN_POINT ( 'NONE',  ( -10.25109625061754137, 4.847484998757929375, 11.35485817463021618 ) ) ;
#5335 =( LENGTH_UNIT ( ) NAMED_UNIT ( * ) SI_UNIT ( .MILLI., .METRE. ) );
#5336 = PRESENTATION_LAYER_ASSIGNMENT (  '', '', ( #5907 ) ) ;
#5337 = AXIS2_PLACEMENT_3D ( 'NONE', #3441, #3374, #6648 ) ;
#5338 = UNCERTAINTY_MEASURE_WITH_UNIT (LENGTH_MEASURE( 1.000000000000000082E-05 ), #5698, 'distance_accuracy_value', 'NONE');
#5339 = CARTESIAN_POINT ( 'NONE',  ( -15.37957249080740851, 2.999999999999999112, 15.37957249080740496 ) ) ;
#5340 = CIRCLE ( 'NONE', #4323, 1.774999999999998801 ) ;
#5341 = DIRECTION ( 'NONE',  ( 0.000000000000000000, 0.000000000000000000, 1.000000000000000000 ) ) ;
#5342 = PRESENTATION_STYLE_ASSIGNMENT (( #607 ) ) ;
#5343 = DIRECTION ( 'NONE',  ( -1.000000000000000000, 0.000000000000000000, 1.906289534040448473E-16 ) ) ;
#5344 = EDGE_LOOP ( 'NONE', ( #4898, #5704, #3420, #222 ) ) ;
#5345 = UNCERTAINTY_MEASURE_WITH_UNIT (LENGTH_MEASURE( 1.000000000000000082E-05 ), #532, 'distance_accuracy_value', 'NONE');
#5346 = CARTESIAN_POINT ( 'NONE',  ( -8.025000000000000355, 7.500000000000000000, -8.025000000000000355 ) ) ;
#5347 = COLOUR_RGB ( '',1.000000000000000000, 1.000000000000000000, 1.000000000000000000 ) ;
#5348 = CARTESIAN_POINT ( 'NONE',  ( 11.75000000000000178, 4.886788497158206290, 6.826102604469382662 ) ) ;
#5349 = EDGE_CURVE ( 'NONE', #6764, #3114, #140, .T. ) ;
#5350 = ORIENTED_EDGE ( 'NONE', *, *, #2927, .F. ) ;
#5351 = CYLINDRICAL_SURFACE ( 'NONE', #3588, 1.000000000000000888 ) ;
#5352 = AXIS2_PLACEMENT_3D ( 'NONE', #6728, #3183, #427 ) ;
#5354 = DIRECTION ( 'NONE',  ( 0.000000000000000000, 0.000000000000000000, -1.000000000000000000 ) ) ;
#5353 = CARTESIAN_POINT ( 'NONE',  ( 11.74999999999999822, 3.586295622183201637, -7.873762599760129710 ) ) ;
#5355 = ORIENTED_EDGE ( 'NONE', *, *, #5855, .F. ) ;
#5356 = FILL_AREA_STYLE_COLOUR ( '', #3198 ) ;
#5357 =( LENGTH_UNIT ( ) NAMED_UNIT ( * ) SI_UNIT ( .MILLI., .METRE. ) );
#5358 = CARTESIAN_POINT ( 'NONE',  ( -15.37957249080740851, 0.000000000000000000, 15.37957249080740496 ) ) ;
#5359 = CARTESIAN_POINT ( 'NONE',  ( -11.71753119942068899, 3.521797493956247749, -9.340180939719241238 ) ) ;
#5360 = CIRCLE ( 'NONE', #2012, 2.774999999999996358 ) ;
#5361 = ORIENTED_EDGE ( 'NONE', *, *, #6755, .T. ) ;
#5362 = PRESENTATION_LAYER_ASSIGNMENT (  '', '', ( #6239 ) ) ;
#5363 =( NAMED_UNIT ( * ) SI_UNIT ( $, .STERADIAN. ) SOLID_ANGLE_UNIT ( ) );
#5364 = DIRECTION ( 'NONE',  ( 0.000000000000000000, 0.000000000000000000, 1.000000000000000000 ) ) ;
#5365 = CARTESIAN_POINT ( 'NONE',  ( 19.84999999999999432, 0.9999999999999991118, 16.56599923110718464 ) ) ;
#5366 = CIRCLE ( 'NONE', #794, 2.999999999999999112 ) ;
#5367 = CARTESIAN_POINT ( 'NONE',  ( 11.75000000000000355, 3.547700697867001818, 7.215627173293947649 ) ) ;
#5368 = DIRECTION ( 'NONE',  ( 0.000000000000000000, 1.000000000000000000, -0.000000000000000000 ) ) ;
#5369 = DIRECTION ( 'NONE',  ( 0.000000000000000000, 0.000000000000000000, -1.000000000000000000 ) ) ;
#5370 = COLOUR_RGB ( '',1.000000000000000000, 1.000000000000000000, 1.000000000000000000 ) ;
#5371 = ADVANCED_FACE ( 'NONE', ( #720 ), #4965, .T. ) ;
#5372 =( GEOMETRIC_REPRESENTATION_CONTEXT ( 3 ) GLOBAL_UNCERTAINTY_ASSIGNED_CONTEXT ( ( #175 ) ) GLOBAL_UNIT_ASSIGNED_CONTEXT ( ( #2992, #5116, #6746 ) ) REPRESENTATION_CONTEXT ( 'NONE', 'WORKASPACE' ) );
#5373 = CARTESIAN_POINT ( 'NONE',  ( -9.717854121198632456, 3.000000000315249604, 10.22566232963383648 ) ) ;
#5374 = DIRECTION ( 'NONE',  ( -1.000000000000000000, 0.000000000000000000, 0.000000000000000000 ) ) ;
#5375 =( NAMED_UNIT ( * ) PLANE_ANGLE_UNIT ( ) SI_UNIT ( $, .RADIAN. ) );
#5376 = DIRECTION ( 'NONE',  ( 0.000000000000000000, 0.000000000000000000, -1.000000000000000000 ) ) ;
#5377 = MECHANICAL_DESIGN_GEOMETRIC_PRESENTATION_REPRESENTATION (  '', ( #361 ), #2362 ) ;
#5378 =( GEOMETRIC_REPRESENTATION_CONTEXT ( 3 ) GLOBAL_UNCERTAINTY_ASSIGNED_CONTEXT ( ( #611 ) ) GLOBAL_UNIT_ASSIGNED_CONTEXT ( ( #3367, #5468, #4447 ) ) REPRESENTATION_CONTEXT ( 'NONE', 'WORKASPACE' ) );
#5379 = CARTESIAN_POINT ( 'NONE',  ( -11.74999999999999289, 4.737042187912222424, 8.510167622307877267 ) ) ;
#5380 =( NAMED_UNIT ( * ) PLANE_ANGLE_UNIT ( ) SI_UNIT ( $, .RADIAN. ) );
#5381 = DIRECTION ( 'NONE',  ( 0.000000000000000000, 1.000000000000000000, 0.000000000000000000 ) ) ;
#5382 = EDGE_CURVE ( 'NONE', #6637, #276, #353, .T. ) ;
#5383 = ORIENTED_EDGE ( 'NONE', *, *, #6399, .T. ) ;
#5384 = AXIS2_PLACEMENT_3D ( 'NONE', #5792, #1444, #2080 ) ;
#5385 = PRESENTATION_LAYER_ASSIGNMENT (  '', '', ( #2367 ) ) ;
#5386 = EDGE_CURVE ( 'NONE', #4113, #578, #1920, .T. ) ;
#5387 = FILL_AREA_STYLE ('',( #5880 ) ) ;
#5388 = SURFACE_STYLE_FILL_AREA ( #2626 ) ;
#5389 = STYLED_ITEM ( 'NONE', ( #2617 ), #987 ) ;
#5390 = ORIENTED_EDGE ( 'NONE', *, *, #732, .F. ) ;
#5391 = MECHANICAL_DESIGN_GEOMETRIC_PRESENTATION_REPRESENTATION (  '', ( #3826 ), #2371 ) ;
#5392 = FACE_OUTER_BOUND ( 'NONE', #186, .T. ) ;
#5393 = SURFACE_STYLE_FILL_AREA ( #5420 ) ;
#5394 = ORIENTED_EDGE ( 'NONE', *, *, #2625, .F. ) ;
#5395 = DIRECTION ( 'NONE',  ( 1.000000000000000000, 0.000000000000000000, 0.000000000000000000 ) ) ;
#5396 =( LENGTH_UNIT ( ) NAMED_UNIT ( * ) SI_UNIT ( .MILLI., .METRE. ) );
#5397 = CARTESIAN_POINT ( 'NONE',  ( -12.74999999999999822, 9.000000000000001776, -8.749999999999996447 ) ) ;
#5398 = CARTESIAN_POINT ( 'NONE',  ( -10.11175162409249673, 2.999999999684752616, -9.856430428804770827 ) ) ;
#5399 =( GEOMETRIC_REPRESENTATION_CONTEXT ( 3 ) GLOBAL_UNCERTAINTY_ASSIGNED_CONTEXT ( ( #5410 ) ) GLOBAL_UNIT_ASSIGNED_CONTEXT ( ( #5142, #1434, #2509 ) ) REPRESENTATION_CONTEXT ( 'NONE', 'WORKASPACE' ) );
#5400 = VERTEX_POINT ( 'NONE', #1931 ) ;
#5401 = CARTESIAN_POINT ( 'NONE',  ( 10.51390954620046614, 3.000000005986648954, 9.265148494812809332 ) ) ;
#5402 = CYLINDRICAL_SURFACE ( 'NONE', #6487, 3.249999999999999556 ) ;
#5403 =( NAMED_UNIT ( * ) SI_UNIT ( $, .STERADIAN. ) SOLID_ANGLE_UNIT ( ) );
#5404 = FILL_AREA_STYLE_COLOUR ( '', #92 ) ;
#5405 = ADVANCED_FACE ( 'NONE', ( #471 ), #6185, .T. ) ;
#5406 =( BOUNDED_SURFACE ( )  B_SPLINE_SURFACE ( 3, 2, ( 
 ( #579, #5208, #506 ),
 ( #5781, #1044, #3739 ),
 ( #1005, #3118, #5857 ),
 ( #1083, #5318, #4729 ),
 ( #544, #3215, #6323 ),
 ( #3156, #5353, #2701 ),
 ( #5288, #4829, #54 ),
 ( #2631, #4326, #4925 ),
 ( #2204, #4399, #6455 ),
 ( #1710, #4293, #3846 ),
 ( #3290, #2734, #6049 ),
 ( #5924, #1269, #6520 ),
 ( #1639, #3914, #6418 ),
 ( #1176, #3385, #3814 ) ),
 .UNSPECIFIED., .F., .F., .F. ) 
 B_SPLINE_SURFACE_WITH_KNOTS ( ( 4, 2, 2, 2, 2, 2, 4 ),
 ( 3, 3 ),
 ( 0.003816314322259010180, 0.004176314090042344655, 0.004536313857825679564, 0.004896313625609014474, 0.005256313393392349383, 0.005976312928959019201, 0.006696312464525689019 ),
 ( 0.000000000000000000, 1.000000000000000000 ),
 .UNSPECIFIED. ) 
 GEOMETRIC_REPRESENTATION_ITEM ( )  RATIONAL_B_SPLINE_SURFACE ( (
 ( 1.000000000000000000, 0.8416108851136561153, 1.000000000000000000),
 ( 1.000000000000000000, 0.8509147131648046036, 1.000000000000000000),
 ( 1.000000000000000000, 0.8588153667384250678, 1.000000000000000000),
 ( 1.000000000000000000, 0.8698891160868422734, 1.000000000000000000),
 ( 1.000000000000000000, 0.8730162419623718195, 1.000000000000000000),
 ( 1.000000000000000000, 0.8733904137664488809, 1.000000000000000000),
 ( 1.000000000000000000, 0.8706272233014226147, 1.000000000000000000),
 ( 1.000000000000000000, 0.8599157397362521271, 1.000000000000000000),
 ( 1.000000000000000000, 0.8519843780040450287, 1.000000000000000000),
 ( 1.000000000000000000, 0.8237315677412903048, 1.000000000000000000),
 ( 1.000000000000000000, 0.7994515993950066512, 1.000000000000000000),
 ( 1.000000000000000000, 0.7519088607805268776, 1.000000000000000000),
 ( 1.000000000000000000, 0.7282801894245783947, 1.000000000000000000),
 ( 1.000000000000000000, 0.7071067811865493491, 1.000000000000000000) ) ) 
 REPRESENTATION_ITEM ( '' )  SURFACE ( )  );
#5407 = EDGE_CURVE ( 'NONE', #4999, #3079, #5257, .T. ) ;
#5408 = CARTESIAN_POINT ( 'NONE',  ( -10.51514774129038088, 3.000000001770229296, 9.262202422945659208 ) ) ;
#5409 = CARTESIAN_POINT ( 'NONE',  ( 8.025000000000003908, 5.000000000000000000, 8.025000000000000355 ) ) ;
#5410 = UNCERTAINTY_MEASURE_WITH_UNIT (LENGTH_MEASURE( 1.000000000000000082E-05 ), #5142, 'distance_accuracy_value', 'NONE');
#5411 = CARTESIAN_POINT ( 'NONE',  ( 16.56599923110718109, 9.000000000000001776, -19.84999999999999787 ) ) ;
#5412 = SURFACE_STYLE_USAGE ( .BOTH. , #733 ) ;
#5413 = CARTESIAN_POINT ( 'NONE',  ( -2.999999999999997335, 2.000000000000000000, 20.85000000000000142 ) ) ;
#5414 = EDGE_CURVE ( 'NONE', #4688, #5422, #1140, .T. ) ;
#5415 = UNCERTAINTY_MEASURE_WITH_UNIT (LENGTH_MEASURE( 1.000000000000000082E-05 ), #4248, 'distance_accuracy_value', 'NONE');
#5416 = DIRECTION ( 'NONE',  ( -0.000000000000000000, 1.000000000000000000, -0.000000000000000000 ) ) ;
#5417 = DIRECTION ( 'NONE',  ( -0.000000000000000000, -1.000000000000000000, -0.000000000000000000 ) ) ;
#5418 = ORIENTED_EDGE ( 'NONE', *, *, #797, .T. ) ;
#5419 = DIRECTION ( 'NONE',  ( 9.912705577010326782E-17, -0.000000000000000000, 1.000000000000000000 ) ) ;
#5421 = FACE_OUTER_BOUND ( 'NONE', #6692, .T. ) ;
#5420 = FILL_AREA_STYLE ('',( #1674 ) ) ;
#5422 = VERTEX_POINT ( 'NONE', #1001 ) ;
#5423 = CARTESIAN_POINT ( 'NONE',  ( 7.118877448778399675, 2.999999993085912031, 10.65315475726385230 ) ) ;
#5424 = LINE ( 'NONE', #4405, #3439 ) ;
#5425 = EDGE_LOOP ( 'NONE', ( #1047, #1129, #5312 ) ) ;
#5426 = CARTESIAN_POINT ( 'NONE',  ( 5.000000000000002665, 10.00000000000000000, 19.84999999999999787 ) ) ;
#5427 = DIRECTION ( 'NONE',  ( -0.000000000000000000, -1.000000000000000000, -0.000000000000000000 ) ) ;
#5428 =( NAMED_UNIT ( * ) SI_UNIT ( $, .STERADIAN. ) SOLID_ANGLE_UNIT ( ) );
#5429 = DIRECTION ( 'NONE',  ( 0.7071067811865475727, 0.000000000000000000, -0.7071067811865475727 ) ) ;
#5430 = AXIS2_PLACEMENT_3D ( 'NONE', #3861, #766, #3974 ) ;
#5431 =( GEOMETRIC_REPRESENTATION_CONTEXT ( 3 ) GLOBAL_UNCERTAINTY_ASSIGNED_CONTEXT ( ( #1844 ) ) GLOBAL_UNIT_ASSIGNED_CONTEXT ( ( #2029, #3763, #5913 ) ) REPRESENTATION_CONTEXT ( 'NONE', 'WORKASPACE' ) );
#5432 = DIRECTION ( 'NONE',  ( -1.000000000000000000, 0.000000000000000000, -9.912705577010326782E-17 ) ) ;
#5433 = PRESENTATION_LAYER_ASSIGNMENT (  '', '', ( #4208 ) ) ;
#5434 = ADVANCED_FACE ( 'NONE', ( #3184 ), #3918, .T. ) ;
#5435 = CARTESIAN_POINT ( 'NONE',  ( -2.999999999999997335, 4.999999999999999112, 20.85000000000000142 ) ) ;
#5436 = FILL_AREA_STYLE ('',( #4351 ) ) ;
#5437 = CIRCLE ( 'NONE', #6329, 1.774999999999998801 ) ;
#5438 =( LENGTH_UNIT ( ) NAMED_UNIT ( * ) SI_UNIT ( .MILLI., .METRE. ) );
#5439 = MECHANICAL_DESIGN_GEOMETRIC_PRESENTATION_REPRESENTATION (  '', ( #3319 ), #550 ) ;
#5440 = CARTESIAN_POINT ( 'NONE',  ( -11.74999999999999645, 4.830038410195045095, 7.065160834320152183 ) ) ;
#5441 = STYLED_ITEM ( 'NONE', ( #369 ), #1384 ) ;
#5442 = VECTOR ( 'NONE', #2391, 1000.000000000000000 ) ;
#5443 = FILL_AREA_STYLE ('',( #2230 ) ) ;
#5444 = CARTESIAN_POINT ( 'NONE',  ( -11.74999999999999645, 3.414246218433227398, 6.504916941037923728 ) ) ;
#5445 = COLOUR_RGB ( '',1.000000000000000000, 1.000000000000000000, 1.000000000000000000 ) ;
#5446 = CIRCLE ( 'NONE', #3435, 2.000000000000000000 ) ;
#5447 = DIRECTION ( 'NONE',  ( -1.664003334270318564E-16, -0.000000000000000000, -1.000000000000000000 ) ) ;
#5448 = ORIENTED_EDGE ( 'NONE', *, *, #2254, .F. ) ;
#5449 = EDGE_CURVE ( 'NONE', #3108, #904, #1264, .T. ) ;
#5450 = DIRECTION ( 'NONE',  ( -0.000000000000000000, 1.000000000000000000, -0.000000000000000000 ) ) ;
#5451 = FACE_BOUND ( 'NONE', #783, .T. ) ;
#5452 = CIRCLE ( 'NONE', #6, 1.699999999999994849 ) ;
#5453 =( GEOMETRIC_REPRESENTATION_CONTEXT ( 3 ) GLOBAL_UNCERTAINTY_ASSIGNED_CONTEXT ( ( #6448 ) ) GLOBAL_UNIT_ASSIGNED_CONTEXT ( ( #2377, #6526, #5495 ) ) REPRESENTATION_CONTEXT ( 'NONE', 'WORKASPACE' ) );
#5454 = EDGE_LOOP ( 'NONE', ( #4057, #5891, #750 ) ) ;
#5455 = CARTESIAN_POINT ( 'NONE',  ( 9.100200439206494352, 2.999999999999999112, 10.58323552776716348 ) ) ;
#5456 = CARTESIAN_POINT ( 'NONE',  ( -8.024999999999996803, 7.500000000000000000, 8.025000000000000355 ) ) ;
#5457 = EDGE_CURVE ( 'NONE', #5066, #1138, #6575, .T. ) ;
#5458 =( NAMED_UNIT ( * ) PLANE_ANGLE_UNIT ( ) SI_UNIT ( $, .RADIAN. ) );
#5459 = EDGE_LOOP ( 'NONE', ( #3318, #3652, #1303 ) ) ;
#5460 = ORIENTED_EDGE ( 'NONE', *, *, #2182, .T. ) ;
#5461 = CARTESIAN_POINT ( 'NONE',  ( 10.58323552776714394, 3.000000000000000000, 9.100200439206535208 ) ) ;
#5462 = STYLED_ITEM ( 'NONE', ( #4508 ), #240 ) ;
#5463 = PRESENTATION_LAYER_ASSIGNMENT (  '', '', ( #1549 ) ) ;
#5464 = FACE_OUTER_BOUND ( 'NONE', #3352, .T. ) ;
#5465 = CARTESIAN_POINT ( 'NONE',  ( 8.025000000000000355, 6.799999999999999822, -8.025000000000000355 ) ) ;
#5466 = FILL_AREA_STYLE ('',( #192 ) ) ;
#5467 = EDGE_CURVE ( 'NONE', #3192, #4749, #470, .T. ) ;
#5468 =( NAMED_UNIT ( * ) PLANE_ANGLE_UNIT ( ) SI_UNIT ( $, .RADIAN. ) );
#5469 = PRODUCT_DEFINITION ( 'UNKNOWN', '', #284, #97 ) ;
#5470 = COLOUR_RGB ( '',1.000000000000000000, 1.000000000000000000, 1.000000000000000000 ) ;
#5471 = VECTOR ( 'NONE', #546, 1000.000000000000000 ) ;
#5472 = CARTESIAN_POINT ( 'NONE',  ( 0.000000000000000000, 10.00000000000000000, -20.85000000000000142 ) ) ;
#5473 = CARTESIAN_POINT ( 'NONE',  ( 8.024999999999996803, 5.000000000000000000, 8.025000000000000355 ) ) ;
#5474 = VECTOR ( 'NONE', #6401, 1000.000000000000000 ) ;
#5475 =( NAMED_UNIT ( * ) PLANE_ANGLE_UNIT ( ) SI_UNIT ( $, .RADIAN. ) );
#5476 = PRESENTATION_LAYER_ASSIGNMENT (  '', '', ( #1566 ) ) ;
#5478 = DIRECTION ( 'NONE',  ( 0.000000000000000000, 1.000000000000000000, -0.000000000000000000 ) ) ;
#5477 = SURFACE_STYLE_USAGE ( .BOTH. , #4916 ) ;
#5479 = UNCERTAINTY_MEASURE_WITH_UNIT (LENGTH_MEASURE( 1.000000000000000082E-05 ), #1049, 'distance_accuracy_value', 'NONE');
#5480 = CYLINDRICAL_SURFACE ( 'NONE', #15, 1.000000000000000888 ) ;
#5481 = AXIS2_PLACEMENT_3D ( 'NONE', #3554, #1626, #2129 ) ;
#5482 = CIRCLE ( 'NONE', #699, 1.699999999999994849 ) ;
#5483 = SURFACE_STYLE_USAGE ( .BOTH. , #1265 ) ;
#5484 = ORIENTED_EDGE ( 'NONE', *, *, #1979, .F. ) ;
#5485 = STYLED_ITEM ( 'NONE', ( #1144 ), #664 ) ;
#5486 = LINE ( 'NONE', #3952, #2590 ) ;
#5487 =( LENGTH_UNIT ( ) NAMED_UNIT ( * ) SI_UNIT ( .MILLI., .METRE. ) );
#5488 = STYLED_ITEM ( 'NONE', ( #6091 ), #5872 ) ;
#5489 = CIRCLE ( 'NONE', #3036, 3.250000000000001332 ) ;
#5490 = ORIENTED_EDGE ( 'NONE', *, *, #3361, .F. ) ;
#5491 = CARTESIAN_POINT ( 'NONE',  ( 7.554772149253180302, 4.737447233600455831, 11.75000000000000355 ) ) ;
#5492 = EDGE_CURVE ( 'NONE', #1568, #6730, #1567, .T. ) ;
#5493 = PRESENTATION_STYLE_ASSIGNMENT (( #6524 ) ) ;
#5494 = DIRECTION ( 'NONE',  ( 0.000000000000000000, 0.000000000000000000, -1.000000000000000000 ) ) ;
#5495 =( NAMED_UNIT ( * ) SI_UNIT ( $, .STERADIAN. ) SOLID_ANGLE_UNIT ( ) );
#5496 = CIRCLE ( 'NONE', #1695, 1.000000000000000888 ) ;
#5497 = EDGE_LOOP ( 'NONE', ( #5813, #4028, #942, #5448 ) ) ;
#5498 = ORIENTED_EDGE ( 'NONE', *, *, #2090, .F. ) ;
#5499 = DIRECTION ( 'NONE',  ( 0.000000000000000000, 1.000000000000000000, -0.000000000000000000 ) ) ;
#5500 = ORIENTED_EDGE ( 'NONE', *, *, #1591, .T. ) ;
#5501 = DIRECTION ( 'NONE',  ( -0.000000000000000000, -1.000000000000000000, -0.000000000000000000 ) ) ;
#5502 = CARTESIAN_POINT ( 'NONE',  ( -12.74999999999999822, 10.00000000000000000, -8.749999999999996447 ) ) ;
#5503 = SURFACE_STYLE_USAGE ( .BOTH. , #1653 ) ;
#5504 = COLOUR_RGB ( '',1.000000000000000000, 1.000000000000000000, 1.000000000000000000 ) ;
#5505 =( LENGTH_UNIT ( ) NAMED_UNIT ( * ) SI_UNIT ( .MILLI., .METRE. ) );
#5506 = DIRECTION ( 'NONE',  ( -0.000000000000000000, 1.000000000000000000, -0.000000000000000000 ) ) ;
#5507 = FILL_AREA_STYLE_COLOUR ( '', #929 ) ;
#5508 =( NAMED_UNIT ( * ) SI_UNIT ( $, .STERADIAN. ) SOLID_ANGLE_UNIT ( ) );
#5509 = CARTESIAN_POINT ( 'NONE',  ( -16.56599923110718109, 0.000000000000000000, 19.84999999999999787 ) ) ;
#5510 = AXIS2_PLACEMENT_3D ( 'NONE', #352, #4608, #3947 ) ;
#5511 = CARTESIAN_POINT ( 'NONE',  ( 8.024999999999996803, 3.000000000000000000, 8.025000000000000355 ) ) ;
#5512 = SURFACE_SIDE_STYLE ('',( #69 ) ) ;
#5513 = FILL_AREA_STYLE_COLOUR ( '', #4686 ) ;
#5514 = CARTESIAN_POINT ( 'NONE',  ( -11.75000000000000000, 4.701831874940744171, -7.788641904947349204 ) ) ;
#5515 = ORIENTED_EDGE ( 'NONE', *, *, #1115, .T. ) ;
#5516 = DIRECTION ( 'NONE',  ( -0.000000000000000000, 1.000000000000000000, -0.000000000000000000 ) ) ;
#5518 = DIRECTION ( 'NONE',  ( 0.000000000000000000, 0.000000000000000000, -1.000000000000000000 ) ) ;
#5517 = DIRECTION ( 'NONE',  ( 0.000000000000000000, 1.000000000000000000, -0.000000000000000000 ) ) ;
#5519 = EDGE_CURVE ( 'NONE', #5422, #4407, #4470, .T. ) ;
#5520 = ORIENTED_EDGE ( 'NONE', *, *, #3117, .F. ) ;
#5521 = CARTESIAN_POINT ( 'NONE',  ( 8.750000000000003553, 5.000000000000000000, 9.750000000000005329 ) ) ;
#5522 = CARTESIAN_POINT ( 'NONE',  ( 16.56599923110718109, 9.000000000000001776, 19.84999999999999787 ) ) ;
#5523 = CARTESIAN_POINT ( 'NONE',  ( 15.37957249080740851, 0.000000000000000000, 15.37957249080740496 ) ) ;
#5524 = ORIENTED_EDGE ( 'NONE', *, *, #6516, .F. ) ;
#5525 = ORIENTED_EDGE ( 'NONE', *, *, #1616, .T. ) ;
#5526 = FACE_OUTER_BOUND ( 'NONE', #501, .T. ) ;
#5527 = ORIENTED_EDGE ( 'NONE', *, *, #1872, .F. ) ;
#5528 = CARTESIAN_POINT ( 'NONE',  ( -15.37957249080740851, 0.000000000000000000, 13.67957249080740922 ) ) ;
#5529 = CARTESIAN_POINT ( 'NONE',  ( -10.74561475354617457, 3.505530396878075550, 10.99715376187243088 ) ) ;
#5530 = CYLINDRICAL_SURFACE ( 'NONE', #1879, 3.249999999999999556 ) ;
#5531 = FILL_AREA_STYLE ('',( #231 ) ) ;
#5532 = CARTESIAN_POINT ( 'NONE',  ( 8.025000000000003908, 5.000000000000000000, 9.800000000000002487 ) ) ;
#5533 = DIRECTION ( 'NONE',  ( 0.000000000000000000, 0.000000000000000000, 1.000000000000000000 ) ) ;
#5534 = DIRECTION ( 'NONE',  ( 0.7071067811865475727, 0.000000000000000000, -0.7071067811865475727 ) ) ;
#5535 = B_SPLINE_CURVE_WITH_KNOTS ( 'NONE', 3,
 ( #6004, #5379, #6484, #1191, #3309, #5440, #768, #3403, #5544, #2892 ),
 .UNSPECIFIED., .F., .F.,
 ( 4, 2, 2, 2, 4 ),
 ( 1.734723475976807094E-18, 0.0007220672724036064638, 0.001444134544807211193, 0.002166201817210815922, 0.002888269089614420651 ),
 .UNSPECIFIED. ) ;
#5536 = FACE_OUTER_BOUND ( 'NONE', #2154, .T. ) ;
#5537 = EDGE_CURVE ( 'NONE', #6340, #25, #5143, .T. ) ;
#5538 = PRESENTATION_LAYER_ASSIGNMENT (  '', '', ( #982 ) ) ;
#5539 = DIRECTION ( 'NONE',  ( -0.000000000000000000, 1.000000000000000000, -0.000000000000000000 ) ) ;
#5540 = COLOUR_RGB ( '',1.000000000000000000, 1.000000000000000000, 1.000000000000000000 ) ;
#5541 =( NAMED_UNIT ( * ) SI_UNIT ( $, .STERADIAN. ) SOLID_ANGLE_UNIT ( ) );
#5542 = DIRECTION ( 'NONE',  ( -0.7071067811865475727, 0.000000000000000000, 0.7071067811865475727 ) ) ;
#5543 = ADVANCED_FACE ( 'NONE', ( #4793 ), #4852, .T. ) ;
#5544 = CARTESIAN_POINT ( 'NONE',  ( -11.74999999999999645, 4.999999999999999112, 6.097892163590170611 ) ) ;
#5545 = SURFACE_STYLE_USAGE ( .BOTH. , #1356 ) ;
#5546 = CARTESIAN_POINT ( 'NONE',  ( 10.57851687278823505, 4.852846324720426985, -11.13636066390325041 ) ) ;
#5547 = MECHANICAL_DESIGN_GEOMETRIC_PRESENTATION_REPRESENTATION (  '', ( #3202 ), #3317 ) ;
#5548 = UNCERTAINTY_MEASURE_WITH_UNIT (LENGTH_MEASURE( 1.000000000000000082E-05 ), #2611, 'distance_accuracy_value', 'NONE');
#5549 = EDGE_CURVE ( 'NONE', #1942, #2666, #132, .T. ) ;
#5550 = DIRECTION ( 'NONE',  ( -0.000000000000000000, -1.000000000000000000, -0.000000000000000000 ) ) ;
#5551 = FILL_AREA_STYLE_COLOUR ( '', #802 ) ;
#5552 = STYLED_ITEM ( 'NONE', ( #5690 ), #3333 ) ;
#5553 =( GEOMETRIC_REPRESENTATION_CONTEXT ( 3 ) GLOBAL_UNCERTAINTY_ASSIGNED_CONTEXT ( ( #5345 ) ) GLOBAL_UNIT_ASSIGNED_CONTEXT ( ( #532, #3178, #1597 ) ) REPRESENTATION_CONTEXT ( 'NONE', 'WORKASPACE' ) );
#5554 =( NAMED_UNIT ( * ) PLANE_ANGLE_UNIT ( ) SI_UNIT ( $, .RADIAN. ) );
#5555 = LINE ( 'NONE', #4539, #983 ) ;
#5556 = EDGE_LOOP ( 'NONE', ( #6528, #642 ) ) ;
#5557 = UNCERTAINTY_MEASURE_WITH_UNIT (LENGTH_MEASURE( 1.000000000000000082E-05 ), #2860, 'distance_accuracy_value', 'NONE');
#5558 = CYLINDRICAL_SURFACE ( 'NONE', #2900, 2.000000000000000000 ) ;
#5559 =( GEOMETRIC_REPRESENTATION_CONTEXT ( 3 ) GLOBAL_UNCERTAINTY_ASSIGNED_CONTEXT ( ( #3182 ) ) GLOBAL_UNIT_ASSIGNED_CONTEXT ( ( #5102, #967, #3499 ) ) REPRESENTATION_CONTEXT ( 'NONE', 'WORKASPACE' ) );
#5560 =( GEOMETRIC_REPRESENTATION_CONTEXT ( 3 ) GLOBAL_UNCERTAINTY_ASSIGNED_CONTEXT ( ( #4498 ) ) GLOBAL_UNIT_ASSIGNED_CONTEXT ( ( #5720, #5616, #1941 ) ) REPRESENTATION_CONTEXT ( 'NONE', 'WORKASPACE' ) );
#5561 =( NAMED_UNIT ( * ) PLANE_ANGLE_UNIT ( ) SI_UNIT ( $, .RADIAN. ) );
#5562 = EDGE_CURVE ( 'NONE', #2769, #743, #3909, .T. ) ;
#5563 = ORIENTED_EDGE ( 'NONE', *, *, #1463, .F. ) ;
#5564 = ORIENTED_EDGE ( 'NONE', *, *, #6309, .F. ) ;
#5565 = CARTESIAN_POINT ( 'NONE',  ( 15.37957249080740851, 10.00000000000000000, 17.07957249080740070 ) ) ;
#5566 = ORIENTED_EDGE ( 'NONE', *, *, #6174, .T. ) ;
#5567 = FACE_OUTER_BOUND ( 'NONE', #6023, .T. ) ;
#5568 = CARTESIAN_POINT ( 'NONE',  ( 15.37957249080740851, 0.000000000000000000, -13.67957249080740922 ) ) ;
#5569 = VECTOR ( 'NONE', #4503, 1000.000000000000114 ) ;
#5570 = PRESENTATION_LAYER_ASSIGNMENT (  '', '', ( #2434 ) ) ;
#5571 = FILL_AREA_STYLE_COLOUR ( '', #826 ) ;
#5572 = FILL_AREA_STYLE_COLOUR ( '', #4562 ) ;
#5573 = ORIENTED_EDGE ( 'NONE', *, *, #3509, .T. ) ;
#5574 = CARTESIAN_POINT ( 'NONE',  ( 19.84999999999999432, 10.00000000000000000, -16.56599923110718819 ) ) ;
#5575 = PRESENTATION_STYLE_ASSIGNMENT (( #2289 ) ) ;
#5576 = SURFACE_SIDE_STYLE ('',( #2812 ) ) ;
#5577 = AXIS2_PLACEMENT_3D ( 'NONE', #2845, #4387, #2882 ) ;
#5578 = CARTESIAN_POINT ( 'NONE',  ( 16.56599923110718109, 10.00000000000000000, 20.85000000000000142 ) ) ;
#5579 = SURFACE_SIDE_STYLE ('',( #765 ) ) ;
#5580 = TOROIDAL_SURFACE ( 'NONE', #5691, 1.075000000000003064, 0.6999999999999999556 ) ;
#5581 = AXIS2_PLACEMENT_3D ( 'NONE', #1438, #4655, #3055 ) ;
#5582 = DIRECTION ( 'NONE',  ( 0.000000000000000000, 0.000000000000000000, -1.000000000000000000 ) ) ;
#5583 = LINE ( 'NONE', #800, #354 ) ;
#5584 =( LENGTH_UNIT ( ) NAMED_UNIT ( * ) SI_UNIT ( .MILLI., .METRE. ) );
#5585 = ADVANCED_FACE ( 'NONE', ( #6140 ), #6586, .T. ) ;
#5586 = AXIS2_PLACEMENT_3D ( 'NONE', #3285, #612, #3348 ) ;
#5587 = VECTOR ( 'NONE', #3837, 1000.000000000000000 ) ;
#5588 = DIRECTION ( 'NONE',  ( -1.000000000000000000, 0.000000000000000000, 0.000000000000000000 ) ) ;
#5589 = CARTESIAN_POINT ( 'NONE',  ( 9.144742004345745912, 4.807721502457801499, -11.73032227390230098 ) ) ;
#5590 =( BOUNDED_CURVE ( )  B_SPLINE_CURVE ( 3, ( #4388, #2811, #6508, #3857 ),
 .UNSPECIFIED., .F., .F. ) 
 B_SPLINE_CURVE_WITH_KNOTS ( ( 4, 4 ),
 ( 3.141592653589793116, 4.712388980384689674 ),
 .UNSPECIFIED. ) 
 CURVE ( )  GEOMETRIC_REPRESENTATION_ITEM ( )  RATIONAL_B_SPLINE_CURVE ( ( 1.000000000000000000, 0.8047378541243649375, 0.8047378541243649375, 1.000000000000000000 ) ) 
 REPRESENTATION_ITEM ( '' )  );
#5591 =( GEOMETRIC_REPRESENTATION_CONTEXT ( 3 ) GLOBAL_UNCERTAINTY_ASSIGNED_CONTEXT ( ( #4571 ) ) GLOBAL_UNIT_ASSIGNED_CONTEXT ( ( #1586, #5798, #3129 ) ) REPRESENTATION_CONTEXT ( 'NONE', 'WORKASPACE' ) );
#5592 = CARTESIAN_POINT ( 'NONE',  ( 15.37957249080740851, 0.000000000000000000, 15.37957249080740496 ) ) ;
#5593 = DIRECTION ( 'NONE',  ( 0.000000000000000000, 0.000000000000000000, -1.000000000000000000 ) ) ;
#5594 = PRESENTATION_LAYER_ASSIGNMENT (  '', '', ( #4355 ) ) ;
#5595 = AXIS2_PLACEMENT_3D ( 'NONE', #255, #2373, #4501 ) ;
#5597 = PRESENTATION_STYLE_ASSIGNMENT (( #4020 ) ) ;
#5596 = PRESENTATION_STYLE_ASSIGNMENT (( #5020 ) ) ;
#5598 = EDGE_CURVE ( 'NONE', #2213, #3619, #3407, .T. ) ;
#5599 = ORIENTED_EDGE ( 'NONE', *, *, #350, .F. ) ;
#5600 = CARTESIAN_POINT ( 'NONE',  ( -20.55710678118655110, 1.000000000000000000, -17.27310601229372367 ) ) ;
#5601 = LINE ( 'NONE', #2440, #3417 ) ;
#5602 = MECHANICAL_DESIGN_GEOMETRIC_PRESENTATION_REPRESENTATION (  '', ( #2465 ), #3135 ) ;
#5603 = FILL_AREA_STYLE_COLOUR ( '', #1770 ) ;
#5604 =( LENGTH_UNIT ( ) NAMED_UNIT ( * ) SI_UNIT ( .MILLI., .METRE. ) );
#5605 = ORIENTED_EDGE ( 'NONE', *, *, #3733, .F. ) ;
#5606 = EDGE_LOOP ( 'NONE', ( #779, #2284, #5733, #2176 ) ) ;
#5607 = MECHANICAL_DESIGN_GEOMETRIC_PRESENTATION_REPRESENTATION (  '', ( #2143 ), #3583 ) ;
#5608 = ORIENTED_EDGE ( 'NONE', *, *, #3766, .T. ) ;
#5609 = STYLED_ITEM ( 'NONE', ( #722 ), #6070 ) ;
#5610 = FILL_AREA_STYLE ('',( #397 ) ) ;
#5611 = FACE_OUTER_BOUND ( 'NONE', #3955, .T. ) ;
#5612 = ORIENTED_EDGE ( 'NONE', *, *, #3472, .T. ) ;
#5613 = ORIENTED_EDGE ( 'NONE', *, *, #5785, .F. ) ;
#5614 = COLOUR_RGB ( '',1.000000000000000000, 1.000000000000000000, 1.000000000000000000 ) ;
#5615 = SURFACE_STYLE_USAGE ( .BOTH. , #4628 ) ;
#5616 =( NAMED_UNIT ( * ) PLANE_ANGLE_UNIT ( ) SI_UNIT ( $, .RADIAN. ) );
#5617 = CARTESIAN_POINT ( 'NONE',  ( 16.56599923110718109, 0.9999999999999995559, -19.84999999999999787 ) ) ;
#5618 = MECHANICAL_DESIGN_GEOMETRIC_PRESENTATION_REPRESENTATION (  '', ( #2715 ), #2370 ) ;
#5619 =( NAMED_UNIT ( * ) PLANE_ANGLE_UNIT ( ) SI_UNIT ( $, .RADIAN. ) );
#5620 = EDGE_CURVE ( 'NONE', #5168, #899, #1565, .T. ) ;
#5621 = DIRECTION ( 'NONE',  ( 1.000000000000000000, -0.000000000000000000, 0.000000000000000000 ) ) ;
#5622 =( GEOMETRIC_REPRESENTATION_CONTEXT ( 3 ) GLOBAL_UNCERTAINTY_ASSIGNED_CONTEXT ( ( #4782 ) ) GLOBAL_UNIT_ASSIGNED_CONTEXT ( ( #4259, #4225, #959 ) ) REPRESENTATION_CONTEXT ( 'NONE', 'WORKASPACE' ) );
#5623 = EDGE_CURVE ( 'NONE', #2088, #1857, #3343, .T. ) ;
#5624 = SURFACE_STYLE_USAGE ( .BOTH. , #842 ) ;
#5625 = CARTESIAN_POINT ( 'NONE',  ( -5.999999999999997335, 9.000000000000001776, 20.85000000000000142 ) ) ;
#5626 = UNCERTAINTY_MEASURE_WITH_UNIT (LENGTH_MEASURE( 1.000000000000000082E-05 ), #265, 'distance_accuracy_value', 'NONE');
#5627 = PRESENTATION_STYLE_ASSIGNMENT (( #1291 ) ) ;
#5628 =( NAMED_UNIT ( * ) SI_UNIT ( $, .STERADIAN. ) SOLID_ANGLE_UNIT ( ) );
#5629 = ADVANCED_FACE ( 'NONE', ( #3383 ), #4921, .F. ) ;
#5630 = CARTESIAN_POINT ( 'NONE',  ( -11.74999999999999822, 4.701727787528178659, -7.916877620263568893 ) ) ;
#5631 = ORIENTED_EDGE ( 'NONE', *, *, #3647, .T. ) ;
#5632 = DIRECTION ( 'NONE',  ( 1.000000000000000000, 0.000000000000000000, -9.912705577010326782E-17 ) ) ;
#5633 = CARTESIAN_POINT ( 'NONE',  ( -15.37957249080740851, 0.000000000000000000, -18.62957249080740496 ) ) ;
#5634 = DIRECTION ( 'NONE',  ( 0.7071067811865475727, 0.000000000000000000, -0.7071067811865475727 ) ) ;
#5635 = FILL_AREA_STYLE ('',( #3492 ) ) ;
#5636 = ORIENTED_EDGE ( 'NONE', *, *, #3496, .T. ) ;
#5637 = ORIENTED_EDGE ( 'NONE', *, *, #1553, .F. ) ;
#5638 = ORIENTED_EDGE ( 'NONE', *, *, #6510, .T. ) ;
#5639 = SURFACE_STYLE_FILL_AREA ( #4967 ) ;
#5641 =( NAMED_UNIT ( * ) PLANE_ANGLE_UNIT ( ) SI_UNIT ( $, .RADIAN. ) );
#5640 = SURFACE_SIDE_STYLE ('',( #1402 ) ) ;
#5642 = EDGE_LOOP ( 'NONE', ( #5490, #268 ) ) ;
#5643 = ORIENTED_EDGE ( 'NONE', *, *, #3621, .F. ) ;
#5644 =( NAMED_UNIT ( * ) PLANE_ANGLE_UNIT ( ) SI_UNIT ( $, .RADIAN. ) );
#5645 = SURFACE_STYLE_FILL_AREA ( #1379 ) ;
#5646 = EDGE_LOOP ( 'NONE', ( #6677, #6290 ) ) ;
#5647 = CARTESIAN_POINT ( 'NONE',  ( -4.999999999999997335, 4.999999999999999112, 19.84999999999999787 ) ) ;
#5648 = DIRECTION ( 'NONE',  ( 1.000000000000000000, -0.000000000000000000, -1.906289534040448473E-16 ) ) ;
#5649 = CARTESIAN_POINT ( 'NONE',  ( -7.554772149253280666, 4.737447233600451391, 11.75000000000000533 ) ) ;
#5650 = FILL_AREA_STYLE ('',( #668 ) ) ;
#5651 = PRESENTATION_STYLE_ASSIGNMENT (( #4633 ) ) ;
#5652 =( LENGTH_UNIT ( ) NAMED_UNIT ( * ) SI_UNIT ( .MILLI., .METRE. ) );
#5653 = CARTESIAN_POINT ( 'NONE',  ( -8.513406125967925675, 4.740320937067241225, -11.74999999999999822 ) ) ;
#5654 = CARTESIAN_POINT ( 'NONE',  ( 19.84999999999999432, 0.000000000000000000, 16.56599923110718464 ) ) ;
#5655 = VECTOR ( 'NONE', #3510, 1000.000000000000000 ) ;
#5656 =( LENGTH_UNIT ( ) NAMED_UNIT ( * ) SI_UNIT ( .MILLI., .METRE. ) );
#5657 = PRESENTATION_LAYER_ASSIGNMENT (  '', '', ( #639 ) ) ;
#5658 =( NAMED_UNIT ( * ) SI_UNIT ( $, .STERADIAN. ) SOLID_ANGLE_UNIT ( ) );
#5659 = SURFACE_STYLE_FILL_AREA ( #1455 ) ;
#5660 = STYLED_ITEM ( 'NONE', ( #1539 ), #2776 ) ;
#5661 = AXIS2_PLACEMENT_3D ( 'NONE', #6851, #5259, #2607 ) ;
#5662 = ORIENTED_EDGE ( 'NONE', *, *, #2691, .T. ) ;
#5663 = CARTESIAN_POINT ( 'NONE',  ( -16.56599923110718109, 9.000000000000001776, -19.84999999999999787 ) ) ;
#5664 = PRESENTATION_STYLE_ASSIGNMENT (( #6664 ) ) ;
#5665 =( NAMED_UNIT ( * ) SI_UNIT ( $, .STERADIAN. ) SOLID_ANGLE_UNIT ( ) );
#5666 = ORIENTED_EDGE ( 'NONE', *, *, #3647, .F. ) ;
#5667 = MECHANICAL_DESIGN_GEOMETRIC_PRESENTATION_REPRESENTATION (  '', ( #2311 ), #5332 ) ;
#5668 = ADVANCED_FACE ( 'NONE', ( #4184 ), #4081, .T. ) ;
#5669 = VERTEX_POINT ( 'NONE', #1421 ) ;
#5670 = AXIS2_PLACEMENT_3D ( 'NONE', #1192, #5912, #3311 ) ;
#5671 = CARTESIAN_POINT ( 'NONE',  ( 11.74999999999999822, 4.784118327815213512, -8.749999999999998224 ) ) ;
#5672 = ORIENTED_EDGE ( 'NONE', *, *, #4511, .F. ) ;
#5673 = FACE_BOUND ( 'NONE', #1409, .T. ) ;
#5674 = CARTESIAN_POINT ( 'NONE',  ( -6.826102604469378221, 4.886788497158206290, 11.75000000000000355 ) ) ;
#5675 = LINE ( 'NONE', #5103, #437 ) ;
#5676 = ORIENTED_EDGE ( 'NONE', *, *, #3495, .F. ) ;
#5677 = AXIS2_PLACEMENT_3D ( 'NONE', #6268, #6718, #4076 ) ;
#5678 = ORIENTED_EDGE ( 'NONE', *, *, #5770, .T. ) ;
#5679 = PRESENTATION_STYLE_ASSIGNMENT (( #5615 ) ) ;
#5680 = DIRECTION ( 'NONE',  ( 0.000000000000000000, 0.000000000000000000, 1.000000000000000000 ) ) ;
#5681 = VERTEX_POINT ( 'NONE', #5123 ) ;
#5682 = CARTESIAN_POINT ( 'NONE',  ( 9.529895381465308901, 4.826647537685002654, 11.67323190413865852 ) ) ;
#5683 = PRESENTATION_LAYER_ASSIGNMENT (  '', '', ( #4995 ) ) ;
#5684 = DIRECTION ( 'NONE',  ( -0.000000000000000000, -1.000000000000000000, -0.000000000000000000 ) ) ;
#5685 = ADVANCED_FACE ( 'NONE', ( #419 ), #1388, .T. ) ;
#5686 = SURFACE_STYLE_FILL_AREA ( #2990 ) ;
#5687 = PRESENTATION_LAYER_ASSIGNMENT (  '', '', ( #2890 ) ) ;
#5688 = AXIS2_PLACEMENT_3D ( 'NONE', #5523, #3885, #4895 ) ;
#5689 =( NAMED_UNIT ( * ) SI_UNIT ( $, .STERADIAN. ) SOLID_ANGLE_UNIT ( ) );
#5690 = PRESENTATION_STYLE_ASSIGNMENT (( #3544 ) ) ;
#5691 = AXIS2_PLACEMENT_3D ( 'NONE', #1367, #2441, #747 ) ;
#5692 = PRESENTATION_LAYER_ASSIGNMENT (  '', '', ( #226 ) ) ;
#5693 = ORIENTED_EDGE ( 'NONE', *, *, #98, .F. ) ;
#5694 =( NAMED_UNIT ( * ) PLANE_ANGLE_UNIT ( ) SI_UNIT ( $, .RADIAN. ) );
#5695 = UNCERTAINTY_MEASURE_WITH_UNIT (LENGTH_MEASURE( 1.000000000000000082E-05 ), #1686, 'distance_accuracy_value', 'NONE');
#5696 = STYLED_ITEM ( 'NONE', ( #3806 ), #400 ) ;
#5697 = CARTESIAN_POINT ( 'NONE',  ( 15.37957249080740851, 3.000000000000000000, -15.37957249080740496 ) ) ;
#5698 =( LENGTH_UNIT ( ) NAMED_UNIT ( * ) SI_UNIT ( .MILLI., .METRE. ) );
#5699 = CARTESIAN_POINT ( 'NONE',  ( 17.07957249080740425, 2.999999999999999556, -15.37957249080740496 ) ) ;
#5700 = AXIS2_PLACEMENT_3D ( 'NONE', #4668, #4111, #4564 ) ;
#5701 =( LENGTH_UNIT ( ) NAMED_UNIT ( * ) SI_UNIT ( .MILLI., .METRE. ) );
#5703 = CARTESIAN_POINT ( 'NONE',  ( -16.56599923110717754, 9.000000000000001776, 19.84999999999999787 ) ) ;
#5702 = CARTESIAN_POINT ( 'NONE',  ( -10.70013270787367432, 3.000000005602952768, -8.785058124267656865 ) ) ;
#5704 = ORIENTED_EDGE ( 'NONE', *, *, #5562, .F. ) ;
#5705 = UNCERTAINTY_MEASURE_WITH_UNIT (LENGTH_MEASURE( 1.000000000000000082E-05 ), #6346, 'distance_accuracy_value', 'NONE');
#5706 = CYLINDRICAL_SURFACE ( 'NONE', #2757, 2.774999999999996358 ) ;
#5707 = FILL_AREA_STYLE ('',( #5281 ) ) ;
#5708 = VERTEX_POINT ( 'NONE', #3205 ) ;
#5709 = CARTESIAN_POINT ( 'NONE',  ( 11.74999999999999289, 4.737042187912224200, -8.510167622307871937 ) ) ;
#5710 = VERTEX_POINT ( 'NONE', #1557 ) ;
#5711 = ADVANCED_FACE ( 'NONE', ( #530 ), #4283, .T. ) ;
#5712 = DIRECTION ( 'NONE',  ( -0.000000000000000000, -1.000000000000000000, -0.000000000000000000 ) ) ;
#5713 = PRESENTATION_LAYER_ASSIGNMENT (  '', '', ( #1796 ) ) ;
#5714 = CARTESIAN_POINT ( 'NONE',  ( -19.84999999999999787, 9.000000000000001776, 16.56599923110718109 ) ) ;
#5715 = AXIS2_PLACEMENT_3D ( 'NONE', #2708, #4961, #3293 ) ;
#5716 = ORIENTED_EDGE ( 'NONE', *, *, #4458, .F. ) ;
#5717 = CARTESIAN_POINT ( 'NONE',  ( -4.999999999999999112, 10.00000000000000000, 12.75000000000000355 ) ) ;
#5718 = FILL_AREA_STYLE_COLOUR ( '', #567 ) ;
#5719 = CARTESIAN_POINT ( 'NONE',  ( 18.20799961555358593, 1.000000000000000000, 18.20799961555358593 ) ) ;
#5720 =( LENGTH_UNIT ( ) NAMED_UNIT ( * ) SI_UNIT ( .MILLI., .METRE. ) );
#5721 = AXIS2_PLACEMENT_3D ( 'NONE', #6857, #2474, #3100 ) ;
#5722 = ORIENTED_EDGE ( 'NONE', *, *, #732, .T. ) ;
#5723 = CARTESIAN_POINT ( 'NONE',  ( 10.07335775984065052, 4.843349695600682736, 11.44946376755103401 ) ) ;
#5724 = STYLED_ITEM ( 'NONE', ( #199 ), #5711 ) ;
#5725 = MECHANICAL_DESIGN_GEOMETRIC_PRESENTATION_REPRESENTATION (  '', ( #1566 ), #3585 ) ;
#5726 = CARTESIAN_POINT ( 'NONE',  ( 8.750000000000001776, 4.784118327815211735, -11.74999999999999645 ) ) ;
#5727 = STYLED_ITEM ( 'NONE', ( #4536 ), #957 ) ;
#5728 = CARTESIAN_POINT ( 'NONE',  ( -7.873762599760216752, 3.586295622183174103, 11.75000000000000533 ) ) ;
#5729 = DIRECTION ( 'NONE',  ( -0.000000000000000000, 1.000000000000000000, -0.000000000000000000 ) ) ;
#5730 = CARTESIAN_POINT ( 'NONE',  ( 15.37957249080740851, 0.000000000000000000, -15.37957249080740496 ) ) ;
#5731 = CARTESIAN_POINT ( 'NONE',  ( -19.84999999999999787, 0.9999999999999991118, 16.56599923110718109 ) ) ;
#5732 =( GEOMETRIC_REPRESENTATION_CONTEXT ( 3 ) GLOBAL_UNCERTAINTY_ASSIGNED_CONTEXT ( ( #2622 ) ) GLOBAL_UNIT_ASSIGNED_CONTEXT ( ( #1988, #5059, #3593 ) ) REPRESENTATION_CONTEXT ( 'NONE', 'WORKASPACE' ) );
#5733 = ORIENTED_EDGE ( 'NONE', *, *, #1766, .F. ) ;
#5734 = CARTESIAN_POINT ( 'NONE',  ( -6.093800287197028709, 3.232026073433470259, -11.75000000000000178 ) ) ;
#5735 =( LENGTH_UNIT ( ) NAMED_UNIT ( * ) SI_UNIT ( .MILLI., .METRE. ) );
#5736 = VECTOR ( 'NONE', #3312, 1000.000000000000000 ) ;
#5737 = PLANE ( 'NONE',  #3470 ) ;
#5738 = VERTEX_POINT ( 'NONE', #1595 ) ;
#5739 = DIRECTION ( 'NONE',  ( 0.000000000000000000, -0.000000000000000000, 1.000000000000000000 ) ) ;
#5740 = FACE_OUTER_BOUND ( 'NONE', #4477, .T. ) ;
#5741 = CARTESIAN_POINT ( 'NONE',  ( -8.025000000000000355, 7.500000000000000000, -8.025000000000000355 ) ) ;
#5742 = DIRECTION ( 'NONE',  ( 0.000000000000000000, 0.000000000000000000, 1.000000000000000000 ) ) ;
#5743 = ORIENTED_EDGE ( 'NONE', *, *, #3223, .T. ) ;
#5744 = CARTESIAN_POINT ( 'NONE',  ( -15.37957249080740851, 0.000000000000000000, -17.07957249080740070 ) ) ;
#5745 = ADVANCED_FACE ( 'NONE', ( #3696 ), #2615, .F. ) ;
#5746 = DIRECTION ( 'NONE',  ( -0.000000000000000000, -1.000000000000000000, -0.000000000000000000 ) ) ;
#5747 = SURFACE_STYLE_FILL_AREA ( #4170 ) ;
#5748 = VERTEX_POINT ( 'NONE', #4784 ) ;
#5749 = PRESENTATION_STYLE_ASSIGNMENT (( #3606 ) ) ;
#5750 = CARTESIAN_POINT ( 'NONE',  ( 11.75000000000000355, 4.758173303003960797, 7.433184714726708719 ) ) ;
#5751 = CARTESIAN_POINT ( 'NONE',  ( 8.024999999999996803, 5.000000000000000000, 10.79999999999999716 ) ) ;
#5752 = DIRECTION ( 'NONE',  ( 0.000000000000000000, 1.000000000000000000, 0.000000000000000000 ) ) ;
#5753 = ORIENTED_EDGE ( 'NONE', *, *, #1390, .T. ) ;
#5754 = CARTESIAN_POINT ( 'NONE',  ( 9.421465201697651892, 3.000000001031860375, 10.42968320157060980 ) ) ;
#5755 = DIRECTION ( 'NONE',  ( 0.000000000000000000, 1.000000000000000000, -0.000000000000000000 ) ) ;
#5756 = CARTESIAN_POINT ( 'NONE',  ( 8.025000000000003908, 7.500000000000000000, 8.025000000000000355 ) ) ;
#5757 = CARTESIAN_POINT ( 'NONE',  ( -11.74999999999999822, 5.000000000000000000, -8.749999999999996447 ) ) ;
#5758 = SURFACE_STYLE_FILL_AREA ( #3690 ) ;
#5759 = EDGE_CURVE ( 'NONE', #3626, #3683, #4752, .T. ) ;
#5760 = ORIENTED_EDGE ( 'NONE', *, *, #603, .T. ) ;
#5761 = CARTESIAN_POINT ( 'NONE',  ( -8.427665067367032137, 2.999999994397043679, -10.77670567000663304 ) ) ;
#5762 = EDGE_CURVE ( 'NONE', #2711, #2338, #1071, .T. ) ;
#5763 = UNCERTAINTY_MEASURE_WITH_UNIT (LENGTH_MEASURE( 1.000000000000000082E-05 ), #3825, 'distance_accuracy_value', 'NONE');
#5764 = FILL_AREA_STYLE ('',( #4114 ) ) ;
#5765 =( NAMED_UNIT ( * ) PLANE_ANGLE_UNIT ( ) SI_UNIT ( $, .RADIAN. ) );
#5766 = CARTESIAN_POINT ( 'NONE',  ( 9.675334263797260803, 3.516554732404601147, -11.62961925984622624 ) ) ;
#5767 = PRESENTATION_STYLE_ASSIGNMENT (( #4083 ) ) ;
#5769 = DIRECTION ( 'NONE',  ( -0.000000000000000000, 1.000000000000000000, -0.000000000000000000 ) ) ;
#5768 = CARTESIAN_POINT ( 'NONE',  ( -10.70770558168484676, 3.000000004592406455, -7.291108104573527982 ) ) ;
#5770 = EDGE_CURVE ( 'NONE', #1008, #4090, #9, .T. ) ;
#5771 = ORIENTED_EDGE ( 'NONE', *, *, #827, .T. ) ;
#5772 = MECHANICAL_DESIGN_GEOMETRIC_PRESENTATION_REPRESENTATION (  '', ( #4867 ), #5780 ) ;
#5773 = DIRECTION ( 'NONE',  ( 0.000000000000000000, 0.000000000000000000, -1.000000000000000000 ) ) ;
#5774 = CARTESIAN_POINT ( 'NONE',  ( -10.58323552776716170, 3.000000000000000000, 9.100200439206494352 ) ) ;
#5775 = SURFACE_STYLE_FILL_AREA ( #3629 ) ;
#5776 = CARTESIAN_POINT ( 'NONE',  ( -8.025000000000000355, 7.500000000000000000, -8.025000000000000355 ) ) ;
#5777 = AXIS2_PLACEMENT_3D ( 'NONE', #3323, #182, #1271 ) ;
#5778 = ORIENTED_EDGE ( 'NONE', *, *, #2266, .T. ) ;
#5779 = SURFACE_STYLE_USAGE ( .BOTH. , #3631 ) ;
#5780 =( GEOMETRIC_REPRESENTATION_CONTEXT ( 3 ) GLOBAL_UNCERTAINTY_ASSIGNED_CONTEXT ( ( #4642 ) ) GLOBAL_UNIT_ASSIGNED_CONTEXT ( ( #1262, #142, #2269 ) ) REPRESENTATION_CONTEXT ( 'NONE', 'WORKASPACE' ) );
#5782 = LINE ( 'NONE', #1895, #6114 ) ;
#5781 = CARTESIAN_POINT ( 'NONE',  ( 11.74999999999999822, 4.760915839510716729, -8.631793546517355864 ) ) ;
#5783 = DIRECTION ( 'NONE',  ( 9.912705577010326782E-17, -0.000000000000000000, 1.000000000000000000 ) ) ;
#5784 = ORIENTED_EDGE ( 'NONE', *, *, #6086, .F. ) ;
#5785 = EDGE_CURVE ( 'NONE', #3360, #3844, #5941, .T. ) ;
#5786 = CARTESIAN_POINT ( 'NONE',  ( 19.84999999999999432, 9.000000000000001776, -16.56599923110718819 ) ) ;
#5787 = SURFACE_STYLE_USAGE ( .BOTH. , #3636 ) ;
#5788 = CARTESIAN_POINT ( 'NONE',  ( 6.344634930023406838, 4.971304314992173623, -11.74999999999999645 ) ) ;
#5789 = CARTESIAN_POINT ( 'NONE',  ( 11.74999999999999822, 3.000000000000000000, -8.749999999999998224 ) ) ;
#5790 = VERTEX_POINT ( 'NONE', #5046 ) ;
#5791 =( LENGTH_UNIT ( ) NAMED_UNIT ( * ) SI_UNIT ( .MILLI., .METRE. ) );
#5792 = CARTESIAN_POINT ( 'NONE',  ( 16.56599923110717754, 1.000000000000000000, 19.84999999999999787 ) ) ;
#5793 =( GEOMETRIC_REPRESENTATION_CONTEXT ( 3 ) GLOBAL_UNCERTAINTY_ASSIGNED_CONTEXT ( ( #3871 ) ) GLOBAL_UNIT_ASSIGNED_CONTEXT ( ( #2887, #4008, #5508 ) ) REPRESENTATION_CONTEXT ( 'NONE', 'WORKASPACE' ) );
#5794 = FILL_AREA_STYLE_COLOUR ( '', #6341 ) ;
#5795 = CARTESIAN_POINT ( 'NONE',  ( -6.657999802957131230, 3.000000013828151069, 10.46271572104924985 ) ) ;
#5796 = DIRECTION ( 'NONE',  ( 1.000000000000000000, -0.000000000000000000, -1.224646799147353207E-16 ) ) ;
#5797 = CARTESIAN_POINT ( 'NONE',  ( -15.37957249080740851, 3.000000000000000000, 18.62957249080740496 ) ) ;
#5798 =( NAMED_UNIT ( * ) PLANE_ANGLE_UNIT ( ) SI_UNIT ( $, .RADIAN. ) );
#5799 = CYLINDRICAL_SURFACE ( 'NONE', #202, 1.000000000000001332 ) ;
#5800 = B_SPLINE_CURVE_WITH_KNOTS ( 'NONE', 3,
 ( #2487, #434, #332, #5674, #2551, #4651, #2447, #4548, #6215, #6812 ),
 .UNSPECIFIED., .F., .F.,
 ( 4, 2, 2, 2, 4 ),
 ( 0.000000000000000000, 0.0007393883215136515339, 0.001478776643027303068, 0.002218164964540954819, 0.002957553286054606136 ),
 .UNSPECIFIED. ) ;
#5801 = MECHANICAL_DESIGN_GEOMETRIC_PRESENTATION_REPRESENTATION (  '', ( #4443 ), #2429 ) ;
#5802 = CIRCLE ( 'NONE', #770, 2.774999999999996358 ) ;
#5803 = ORIENTED_EDGE ( 'NONE', *, *, #6516, .T. ) ;
#5804 = VECTOR ( 'NONE', #476, 1000.000000000000000 ) ;
#5805 = COLOUR_RGB ( '',1.000000000000000000, 1.000000000000000000, 1.000000000000000000 ) ;
#5806 = CARTESIAN_POINT ( 'NONE',  ( -8.749999999999998224, 4.784118327815212623, -11.74999999999999822 ) ) ;
#5807 = AXIS2_PLACEMENT_3D ( 'NONE', #5574, #4553, #758 ) ;
#5808 = CARTESIAN_POINT ( 'NONE',  ( 10.74561475354617812, 3.505530396878078658, -10.99715376187248239 ) ) ;
#5809 =( LENGTH_UNIT ( ) NAMED_UNIT ( * ) SI_UNIT ( .MILLI., .METRE. ) );
#5810 = DIRECTION ( 'NONE',  ( 0.000000000000000000, 1.000000000000000000, -0.000000000000000000 ) ) ;
#5811 = CIRCLE ( 'NONE', #1550, 3.250000000000001332 ) ;
#5812 = MECHANICAL_DESIGN_GEOMETRIC_PRESENTATION_REPRESENTATION (  '', ( #1889 ), #1134 ) ;
#5813 = ORIENTED_EDGE ( 'NONE', *, *, #6298, .T. ) ;
#5814 = PRESENTATION_STYLE_ASSIGNMENT (( #3666 ) ) ;
#5815 = DIRECTION ( 'NONE',  ( -0.000000000000000000, -1.000000000000000000, -0.000000000000000000 ) ) ;
#5816 = CARTESIAN_POINT ( 'NONE',  ( -10.65315475726384342, 2.999999993085920469, 7.118877448778351713 ) ) ;
#5817 = FILL_AREA_STYLE ('',( #4684 ) ) ;
#5818 = VERTEX_POINT ( 'NONE', #1410 ) ;
#5819 = DIRECTION ( 'NONE',  ( 0.000000000000000000, 1.000000000000000000, -0.000000000000000000 ) ) ;
#5820 = SURFACE_STYLE_USAGE ( .BOTH. , #4195 ) ;
#5821 = EDGE_CURVE ( 'NONE', #743, #4066, #2922, .T. ) ;
#5822 =( LENGTH_UNIT ( ) NAMED_UNIT ( * ) SI_UNIT ( .MILLI., .METRE. ) );
#5823 = FACE_OUTER_BOUND ( 'NONE', #1295, .T. ) ;
#5824 = EDGE_LOOP ( 'NONE', ( #6457, #1818, #6519, #636 ) ) ;
#5825 = VECTOR ( 'NONE', #196, 1000.000000000000000 ) ;
#5826 = CARTESIAN_POINT ( 'NONE',  ( 8.427665067367176022, 2.999999994396989056, -10.77670567000651758 ) ) ;
#5827 = CARTESIAN_POINT ( 'NONE',  ( -9.644326166700491143, 2.999999999484064706, -10.28030609800575590 ) ) ;
#5828 = VERTEX_POINT ( 'NONE', #837 ) ;
#5829 =( NAMED_UNIT ( * ) SI_UNIT ( $, .STERADIAN. ) SOLID_ANGLE_UNIT ( ) );
#5830 = DIRECTION ( 'NONE',  ( -0.000000000000000000, -1.000000000000000000, -0.000000000000000000 ) ) ;
#5831 = STYLED_ITEM ( 'NONE', ( #1486 ), #5629 ) ;
#5832 = CARTESIAN_POINT ( 'NONE',  ( 19.84999999999999432, 10.00000000000000000, 16.56599923110718464 ) ) ;
#5833 = DIRECTION ( 'NONE',  ( -1.906289534040448473E-16, 0.000000000000000000, -1.000000000000000000 ) ) ;
#5834 = SURFACE_SIDE_STYLE ('',( #2608 ) ) ;
#5835 = SURFACE_SIDE_STYLE ('',( #5758 ) ) ;
#5836 = DIRECTION ( 'NONE',  ( -0.000000000000000000, -1.000000000000000000, -0.000000000000000000 ) ) ;
#5837 = AXIS2_PLACEMENT_3D ( 'NONE', #4072, #5648, #2458 ) ;
#5838 = AXIS2_PLACEMENT_3D ( 'NONE', #5339, #2723, #3203 ) ;
#5839 = ORIENTED_EDGE ( 'NONE', *, *, #3288, .T. ) ;
#5840 = ADVANCED_FACE ( 'NONE', ( #6195 ), #2359, .T. ) ;
#5841 = LINE ( 'NONE', #65, #3086 ) ;
#5842 = UNCERTAINTY_MEASURE_WITH_UNIT (LENGTH_MEASURE( 1.000000000000000082E-05 ), #5874, 'distance_accuracy_value', 'NONE');
#5843 =( NAMED_UNIT ( * ) SI_UNIT ( $, .STERADIAN. ) SOLID_ANGLE_UNIT ( ) );
#5844 = MECHANICAL_DESIGN_GEOMETRIC_PRESENTATION_REPRESENTATION (  '', ( #1923 ), #3270 ) ;
#5845 = SURFACE_STYLE_USAGE ( .BOTH. , #5910 ) ;
#5846 = SURFACE_STYLE_FILL_AREA ( #1704 ) ;
#5848 = FILL_AREA_STYLE ('',( #2728 ) ) ;
#5847 = CARTESIAN_POINT ( 'NONE',  ( -10.46271572104907044, 3.000000013828115097, -6.657999802956897639 ) ) ;
#5849 = PRESENTATION_LAYER_ASSIGNMENT (  '', '', ( #6491 ) ) ;
#5850 = ORIENTED_EDGE ( 'NONE', *, *, #4218, .T. ) ;
#5851 = FACE_OUTER_BOUND ( 'NONE', #5606, .T. ) ;
#5852 = CARTESIAN_POINT ( 'NONE',  ( -10.79862929450322540, 3.000000000830887359, 8.236555335838389169 ) ) ;
#5853 = AXIS2_PLACEMENT_3D ( 'NONE', #1777, #6590, #1293 ) ;
#5854 = VERTEX_POINT ( 'NONE', #3436 ) ;
#5855 = EDGE_CURVE ( 'NONE', #5708, #712, #1354, .T. ) ;
#5856 = SURFACE_STYLE_USAGE ( .BOTH. , #4268 ) ;
#5858 = LINE ( 'NONE', #6390, #4222 ) ;
#5857 = CARTESIAN_POINT ( 'NONE',  ( 10.70013270787380577, 3.000000005603006503, -8.785058124267520085 ) ) ;
#5859 = ORIENTED_EDGE ( 'NONE', *, *, #5449, .F. ) ;
#5860 = UNCERTAINTY_MEASURE_WITH_UNIT (LENGTH_MEASURE( 1.000000000000000082E-05 ), #2342, 'distance_accuracy_value', 'NONE');
#5861 = SURFACE_SIDE_STYLE ('',( #1574 ) ) ;
#5862 = AXIS2_PLACEMENT_3D ( 'NONE', #3242, #5381, #2789 ) ;
#5863 = FILL_AREA_STYLE ('',( #4173 ) ) ;
#5864 = CARTESIAN_POINT ( 'NONE',  ( 7.433184714726486675, 4.758173303003957244, -11.74999999999999645 ) ) ;
#5865 = CARTESIAN_POINT ( 'NONE',  ( -11.00991375622456658, 4.854180461680756231, -10.73288360482526294 ) ) ;
#5866 = ORIENTED_EDGE ( 'NONE', *, *, #6763, .F. ) ;
#5867 = SURFACE_STYLE_USAGE ( .BOTH. , #1314 ) ;
#5868 =( NAMED_UNIT ( * ) PLANE_ANGLE_UNIT ( ) SI_UNIT ( $, .RADIAN. ) );
#5869 = VERTEX_POINT ( 'NONE', #1865 ) ;
#5870 = CARTESIAN_POINT ( 'NONE',  ( -10.28030609800581097, 2.999999999484058044, 9.644326166700382785 ) ) ;
#5871 = PLANE ( 'NONE',  #3307 ) ;
#5872 = ADVANCED_FACE ( 'NONE', ( #5009 ), #1797, .F. ) ;
#5873 = CARTESIAN_POINT ( 'NONE',  ( 18.20799961555358593, 10.00000000000000000, 18.20799961555358593 ) ) ;
#5874 =( LENGTH_UNIT ( ) NAMED_UNIT ( * ) SI_UNIT ( .MILLI., .METRE. ) );
#5875 = SURFACE_SIDE_STYLE ('',( #5232 ) ) ;
#5876 = CYLINDRICAL_SURFACE ( 'NONE', #5670, 2.774999999999996358 ) ;
#5878 = LINE ( 'NONE', #4849, #871 ) ;
#5877 = PRESENTATION_STYLE_ASSIGNMENT (( #3179 ) ) ;
#5879 = ORIENTED_EDGE ( 'NONE', *, *, #3933, .T. ) ;
#5880 = FILL_AREA_STYLE_COLOUR ( '', #6238 ) ;
#5881 = CARTESIAN_POINT ( 'NONE',  ( 7.065160834320152183, 4.830038410195045095, 11.75000000000000178 ) ) ;
#5882 = ORIENTED_EDGE ( 'NONE', *, *, #6473, .T. ) ;
#5883 = DIRECTION ( 'NONE',  ( 1.000000000000000000, 0.000000000000000000, -8.320016671351592820E-17 ) ) ;
#5885 = CARTESIAN_POINT ( 'NONE',  ( -20.85000000000000142, 9.000000000000001776, 16.56599923110718109 ) ) ;
#5884 = DIRECTION ( 'NONE',  ( 0.000000000000000000, 0.000000000000000000, 1.000000000000000000 ) ) ;
#5886 = VERTEX_POINT ( 'NONE', #3398 ) ;
#5887 = CARTESIAN_POINT ( 'NONE',  ( 0.000000000000000000, 10.00000000000000000, 20.85000000000000142 ) ) ;
#5888 = CARTESIAN_POINT ( 'NONE',  ( 6.093800287196797782, 3.232026073433411195, -11.74999999999999645 ) ) ;
#5889 = DIRECTION ( 'NONE',  ( 1.000000000000000000, 0.000000000000000000, 0.000000000000000000 ) ) ;
#5890 = CARTESIAN_POINT ( 'NONE',  ( -11.74999999999998401, 4.809796727309469944, -9.142460951144101955 ) ) ;
#5891 = ORIENTED_EDGE ( 'NONE', *, *, #2831, .F. ) ;
#5892 = CIRCLE ( 'NONE', #5205, 2.000000000000000000 ) ;
#5893 = CARTESIAN_POINT ( 'NONE',  ( 10.27911480400791255, 2.999999998438788396, 9.646049804798677130 ) ) ;
#5894 = FILL_AREA_STYLE_COLOUR ( '', #139 ) ;
#5895 = FILL_AREA_STYLE_COLOUR ( '', #2001 ) ;
#5896 = PRESENTATION_LAYER_ASSIGNMENT (  '', '', ( #3757 ) ) ;
#5897 = PRESENTATION_LAYER_ASSIGNMENT (  '', '', ( #2873 ) ) ;
#5898 = CARTESIAN_POINT ( 'NONE',  ( -9.145276567021713987, 4.809980967308889355, -11.75000000000000178 ) ) ;
#5899 = DIRECTION ( 'NONE',  ( 0.000000000000000000, 0.000000000000000000, -1.000000000000000000 ) ) ;
#5900 = CARTESIAN_POINT ( 'NONE',  ( -15.37957249080740851, 0.000000000000000000, -15.37957249080740496 ) ) ;
#5901 = PRESENTATION_LAYER_ASSIGNMENT (  '', '', ( #5552 ) ) ;
#5902 =( BOUNDED_SURFACE ( )  B_SPLINE_SURFACE ( 3, 2, ( 
 ( #257, #1841, #2936 ),
 ( #4614, #2374, #4466 ),
 ( #5702, #6207, #1810 ),
 ( #4019, #6625, #6108 ),
 ( #1952, #1423, #6144 ),
 ( #1362, #5090, #5630 ),
 ( #319, #925, #3624 ),
 ( #5768, #4677, #422 ),
 ( #6861, #6312, #1489 ),
 ( #5847, #2579, #6801 ),
 ( #3106, #2658, #1033 ),
 ( #4717, #2133, #3663 ),
 ( #4187, #2542, #1096 ),
 ( #533, #12, #6757 ) ),
 .UNSPECIFIED., .F., .F., .F. ) 
 B_SPLINE_SURFACE_WITH_KNOTS ( ( 4, 2, 2, 2, 2, 2, 4 ),
 ( 3, 3 ),
 ( 0.003816314322258904795, 0.004176314090042254450, 0.004536313857825604104, 0.004896313625608953758, 0.005256313393392303412, 0.005976312928959002721, 0.006696312464525702030 ),
 ( 0.000000000000000000, 1.000000000000000000 ),
 .UNSPECIFIED. ) 
 GEOMETRIC_REPRESENTATION_ITEM ( )  RATIONAL_B_SPLINE_SURFACE ( (
 ( 1.000000000000000000, 0.8416108851136481217, 1.000000000000000000),
 ( 1.000000000000000000, 0.8509147131648074902, 1.000000000000000000),
 ( 1.000000000000000000, 0.8588153667384075263, 1.000000000000000000),
 ( 1.000000000000000000, 0.8698891160868518213, 1.000000000000000000),
 ( 1.000000000000000000, 0.8730162419623651582, 1.000000000000000000),
 ( 1.000000000000000000, 0.8733904137664555423, 1.000000000000000000),
 ( 1.000000000000000000, 0.8706272233014118456, 1.000000000000000000),
 ( 1.000000000000000000, 0.8599157397362680033, 1.000000000000000000),
 ( 1.000000000000000000, 0.8519843780040687875, 1.000000000000000000),
 ( 1.000000000000000000, 0.8237315677412514470, 1.000000000000000000),
 ( 1.000000000000000000, 0.7994515993949677934, 1.000000000000000000),
 ( 1.000000000000000000, 0.7519088607805681779, 1.000000000000000000),
 ( 1.000000000000000000, 0.7282801894245460872, 1.000000000000000000),
 ( 1.000000000000000000, 0.7071067811865482389, 1.000000000000000000) ) ) 
 REPRESENTATION_ITEM ( '' )  SURFACE ( )  );
#5903 = ADVANCED_FACE ( 'NONE', ( #5536 ), #2886, .T. ) ;
#5904 = CARTESIAN_POINT ( 'NONE',  ( -8.750000000000099476, 4.784118327815221505, 11.75000000000000533 ) ) ;
#5905 = FACE_OUTER_BOUND ( 'NONE', #275, .T. ) ;
#5906 = EDGE_CURVE ( 'NONE', #891, #4189, #40, .T. ) ;
#5907 = STYLED_ITEM ( 'NONE', ( #1854 ), #1323 ) ;
#5908 = COLOUR_RGB ( '',1.000000000000000000, 1.000000000000000000, 1.000000000000000000 ) ;
#5909 = PRESENTATION_STYLE_ASSIGNMENT (( #6405 ) ) ;
#5910 = SURFACE_SIDE_STYLE ('',( #4977 ) ) ;
#5911 = CARTESIAN_POINT ( 'NONE',  ( 9.646049804798622063, 2.999999998438794169, -10.27911480400796762 ) ) ;
#5912 = DIRECTION ( 'NONE',  ( -0.000000000000000000, -1.000000000000000000, -0.000000000000000000 ) ) ;
#5913 =( NAMED_UNIT ( * ) SI_UNIT ( $, .STERADIAN. ) SOLID_ANGLE_UNIT ( ) );
#5914 = VERTEX_POINT ( 'NONE', #5726 ) ;
#5915 = UNCERTAINTY_MEASURE_WITH_UNIT (LENGTH_MEASURE( 1.000000000000000082E-05 ), #5357, 'distance_accuracy_value', 'NONE');
#5916 = DIRECTION ( 'NONE',  ( 0.7071067811865475727, 0.000000000000000000, -0.7071067811865475727 ) ) ;
#5917 = AXIS2_PLACEMENT_3D ( 'NONE', #5714, #4099, #2949 ) ;
#5918 = CARTESIAN_POINT ( 'NONE',  ( -9.869986901028502402, 3.000000000000000000, 5.946512114410287708 ) ) ;
#5919 = CARTESIAN_POINT ( 'NONE',  ( 8.270093811502068348, 4.702583853350594367, 11.75000000000000711 ) ) ;
#5920 = ORIENTED_EDGE ( 'NONE', *, *, #1041, .F. ) ;
#5921 = CARTESIAN_POINT ( 'NONE',  ( 0.000000000000000000, 0.9999999999999991118, 19.84999999999999787 ) ) ;
#5922 = STYLED_ITEM ( 'NONE', ( #5065 ), #244 ) ;
#5923 = VECTOR ( 'NONE', #849, 1000.000000000000000 ) ;
#5925 = SURFACE_SIDE_STYLE ('',( #4854 ) ) ;
#5924 = CARTESIAN_POINT ( 'NONE',  ( 11.74999999999999822, 4.971304314992175399, -6.344634930023411279 ) ) ;
#5926 = EDGE_CURVE ( 'NONE', #5886, #3171, #2475, .T. ) ;
#5927 = ORIENTED_EDGE ( 'NONE', *, *, #1294, .T. ) ;
#5928 = CARTESIAN_POINT ( 'NONE',  ( 8.951384184402886746, 3.000000013051490555, 10.64578151787676497 ) ) ;
#5929 = SURFACE_STYLE_USAGE ( .BOTH. , #3679 ) ;
#5930 = FACE_OUTER_BOUND ( 'NONE', #115, .T. ) ;
#5931 = CARTESIAN_POINT ( 'NONE',  ( -9.529895381464960735, 4.826647537684942257, -11.67323190413878997 ) ) ;
#5932 = ORIENTED_EDGE ( 'NONE', *, *, #4121, .F. ) ;
#5933 = EDGE_CURVE ( 'NONE', #3875, #3192, #2642, .T. ) ;
#5934 = FILL_AREA_STYLE_COLOUR ( '', #1581 ) ;
#5935 = SURFACE_STYLE_FILL_AREA ( #162 ) ;
#5936 = SPHERICAL_SURFACE ( 'NONE', #2676, 1.000000000000000000 ) ;
#5937 = AXIS2_PLACEMENT_3D ( 'NONE', #6316, #3794, #5739 ) ;
#5938 = EDGE_CURVE ( 'NONE', #5818, #5886, #6228, .T. ) ;
#5939 = CARTESIAN_POINT ( 'NONE',  ( 15.37957249080740851, 0.000000000000000000, 12.12957249080740496 ) ) ;
#5940 = FILL_AREA_STYLE_COLOUR ( '', #74 ) ;
#5941 = CIRCLE ( 'NONE', #5264, 1.699999999999994849 ) ;
#5942 = VECTOR ( 'NONE', #4799, 1000.000000000000000 ) ;
#5943 = CARTESIAN_POINT ( 'NONE',  ( 11.74999999999999822, 5.000000000000000000, -5.851293488071591220 ) ) ;
#5944 = FILL_AREA_STYLE ('',( #5507 ) ) ;
#5945 = AXIS2_PLACEMENT_3D ( 'NONE', #4701, #5755, #6880 ) ;
#5946 = LINE ( 'NONE', #2788, #1683 ) ;
#5947 = FACE_OUTER_BOUND ( 'NONE', #831, .T. ) ;
#5948 = CYLINDRICAL_SURFACE ( 'NONE', #614, 1.774999999999998801 ) ;
#5949 = VECTOR ( 'NONE', #3849, 1000.000000000000000 ) ;
#5950 = VECTOR ( 'NONE', #2382, 1000.000000000000114 ) ;
#5951 = CARTESIAN_POINT ( 'NONE',  ( -11.74999999999999645, 4.999999988370674942, 6.098428624015416410 ) ) ;
#5952 = CARTESIAN_POINT ( 'NONE',  ( 11.75000000000000355, 4.702583853350600585, 8.270093811502107428 ) ) ;
#5953 = MECHANICAL_DESIGN_GEOMETRIC_PRESENTATION_REPRESENTATION (  '', ( #944 ), #5732 ) ;
#5954 = EDGE_LOOP ( 'NONE', ( #6554, #5211, #477, #1377 ) ) ;
#5955 = AXIS2_PLACEMENT_3D ( 'NONE', #6250, #5746, #5249 ) ;
#5956 = CARTESIAN_POINT ( 'NONE',  ( -20.55710678118655466, 9.000000000000001776, -17.27310601229372367 ) ) ;
#5957 = VERTEX_POINT ( 'NONE', #4769 ) ;
#5958 = CARTESIAN_POINT ( 'NONE',  ( 7.215627173293727381, 3.547700697866861486, 11.75000000000000355 ) ) ;
#5959 = DIRECTION ( 'NONE',  ( 0.000000000000000000, 0.000000000000000000, 1.000000000000000000 ) ) ;
#5960 = CYLINDRICAL_SURFACE ( 'NONE', #2781, 2.000000000000000000 ) ;
#5961 = TOROIDAL_SURFACE ( 'NONE', #2270, 1.074999999999996181, 0.6999999999999999556 ) ;
#5962 = ORIENTED_EDGE ( 'NONE', *, *, #2396, .T. ) ;
#5963 = DIRECTION ( 'NONE',  ( 0.000000000000000000, 1.000000000000000000, 0.000000000000000000 ) ) ;
#5964 = EDGE_CURVE ( 'NONE', #5077, #4582, #485, .T. ) ;
#5965 = MECHANICAL_DESIGN_GEOMETRIC_PRESENTATION_REPRESENTATION (  '', ( #4390 ), #157 ) ;
#5966 = CARTESIAN_POINT ( 'NONE',  ( 11.75000000000000533, 3.580699138943919113, 8.376633265834367847 ) ) ;
#5967 = DIRECTION ( 'NONE',  ( 0.000000000000000000, 0.000000000000000000, 1.000000000000000000 ) ) ;
#5968 = CARTESIAN_POINT ( 'NONE',  ( 15.37957249080740851, 0.000000000000000000, -15.37957249080740496 ) ) ;
#5969 =( NAMED_UNIT ( * ) SI_UNIT ( $, .STERADIAN. ) SOLID_ANGLE_UNIT ( ) );
#5970 = SURFACE_SIDE_STYLE ('',( #4978 ) ) ;
#5971 = UNCERTAINTY_MEASURE_WITH_UNIT (LENGTH_MEASURE( 1.000000000000000082E-05 ), #5138, 'distance_accuracy_value', 'NONE');
#5972 = EDGE_CURVE ( 'NONE', #3990, #2670, #6822, .T. ) ;
#5973 = CARTESIAN_POINT ( 'NONE',  ( -19.84999999999999787, 0.9999999999999991118, 16.56599923110718109 ) ) ;
#5974 = DIRECTION ( 'NONE',  ( 0.7071067811865475727, -0.000000000000000000, 0.7071067811865475727 ) ) ;
#5976 = FACE_OUTER_BOUND ( 'NONE', #2962, .T. ) ;
#5975 = CARTESIAN_POINT ( 'NONE',  ( -8.749999999999996447, 10.00000000000000000, 12.75000000000000355 ) ) ;
#5977 = UNCERTAINTY_MEASURE_WITH_UNIT (LENGTH_MEASURE( 1.000000000000000082E-05 ), #5604, 'distance_accuracy_value', 'NONE');
#5978 = CARTESIAN_POINT ( 'NONE',  ( 7.546605917942494912, 4.735892914036456069, 11.75000000000000178 ) ) ;
#5979 = EDGE_LOOP ( 'NONE', ( #4580, #6420, #3968, #5110 ) ) ;
#5980 = EDGE_CURVE ( 'NONE', #483, #1243, #976, .T. ) ;
#5981 = CARTESIAN_POINT ( 'NONE',  ( -5.851293488071584115, 5.000000000000000000, -11.74999999999999822 ) ) ;
#5983 = LINE ( 'NONE', #6591, #3892 ) ;
#5982 = DIRECTION ( 'NONE',  ( 0.000000000000000000, 1.000000000000000000, 0.000000000000000000 ) ) ;
#5984 = ORIENTED_EDGE ( 'NONE', *, *, #4391, .T. ) ;
#5985 = CARTESIAN_POINT ( 'NONE',  ( 8.209039814143910263, 3.585684018395392858, 11.75000000000000355 ) ) ;
#5986 = FILL_AREA_STYLE ('',( #2739 ) ) ;
#5987 = CARTESIAN_POINT ( 'NONE',  ( 15.37957249080740851, 3.000000000000000000, -12.12957249080740674 ) ) ;
#5988 = EDGE_LOOP ( 'NONE', ( #3678, #4583, #4120, #176 ) ) ;
#5989 = ORIENTED_EDGE ( 'NONE', *, *, #1660, .F. ) ;
#5990 = CARTESIAN_POINT ( 'NONE',  ( -20.55710678118655466, 0.9999999999999991118, -17.27310601229372367 ) ) ;
#5991 = LINE ( 'NONE', #591, #6265 ) ;
#5992 = DIRECTION ( 'NONE',  ( -0.000000000000000000, -1.000000000000000000, 0.000000000000000000 ) ) ;
#5993 = EDGE_CURVE ( 'NONE', #25, #6340, #1693, .T. ) ;
#5994 = PRESENTATION_STYLE_ASSIGNMENT (( #724 ) ) ;
#5995 = PLANE ( 'NONE',  #2680 ) ;
#5996 = FILL_AREA_STYLE ('',( #5005 ) ) ;
#5997 = AXIS2_PLACEMENT_3D ( 'NONE', #5703, #2436, #358 ) ;
#5998 = FILL_AREA_STYLE_COLOUR ( '', #4785 ) ;
#5999 = AXIS2_PLACEMENT_3D ( 'NONE', #6360, #1050, #441 ) ;
#6000 = SURFACE_SIDE_STYLE ('',( #3902 ) ) ;
#6001 = STYLED_ITEM ( 'NONE', ( #6836 ), #3137 ) ;
#6002 = DIRECTION ( 'NONE',  ( -0.000000000000000000, -1.000000000000000000, -0.000000000000000000 ) ) ;
#6003 = VECTOR ( 'NONE', #2194, 1000.000000000000000 ) ;
#6004 = CARTESIAN_POINT ( 'NONE',  ( -11.74999999999999645, 4.784118327815213512, 8.750000000000001776 ) ) ;
#6005 = EDGE_CURVE ( 'NONE', #5669, #4520, #5256, .T. ) ;
#6006 = AXIS2_PLACEMENT_3D ( 'NONE', #6568, #2349, #2383 ) ;
#6007 = CIRCLE ( 'NONE', #5677, 1.000000000000000888 ) ;
#6009 = CARTESIAN_POINT ( 'NONE',  ( 8.750000000000001776, 9.000000000000001776, 11.75000000000000355 ) ) ;
#6008 = DIRECTION ( 'NONE',  ( 1.000000000000000000, 0.000000000000000000, 0.000000000000000000 ) ) ;
#6010 = VECTOR ( 'NONE', #3501, 1000.000000000000000 ) ;
#6011 =( GEOMETRIC_REPRESENTATION_CONTEXT ( 3 ) GLOBAL_UNCERTAINTY_ASSIGNED_CONTEXT ( ( #809 ) ) GLOBAL_UNIT_ASSIGNED_CONTEXT ( ( #4069, #1089, #4765 ) ) REPRESENTATION_CONTEXT ( 'NONE', 'WORKASPACE' ) );
#6012 = DIRECTION ( 'NONE',  ( 1.000000000000000000, -0.000000000000000000, 0.000000000000000000 ) ) ;
#6013 = ORIENTED_EDGE ( 'NONE', *, *, #4052, .F. ) ;
#6014 = PRESENTATION_STYLE_ASSIGNMENT (( #2761 ) ) ;
#6016 = SURFACE_SIDE_STYLE ('',( #1842 ) ) ;
#6015 = PRESENTATION_STYLE_ASSIGNMENT (( #679 ) ) ;
#6017 = ORIENTED_EDGE ( 'NONE', *, *, #5938, .F. ) ;
#6018 =( NAMED_UNIT ( * ) SI_UNIT ( $, .STERADIAN. ) SOLID_ANGLE_UNIT ( ) );
#6019 = DIRECTION ( 'NONE',  ( -0.000000000000000000, 1.000000000000000000, -0.000000000000000000 ) ) ;
#6020 =( LENGTH_UNIT ( ) NAMED_UNIT ( * ) SI_UNIT ( .MILLI., .METRE. ) );
#6021 = CARTESIAN_POINT ( 'NONE',  ( -8.749999999999996447, 9.000000000000001776, 12.75000000000000355 ) ) ;
#6022 = CARTESIAN_POINT ( 'NONE',  ( 8.024999999999996803, 5.000000000000000000, -10.79999999999999716 ) ) ;
#6023 = EDGE_LOOP ( 'NONE', ( #2507, #5030, #1552, #5383, #2943, #4654, #5927, #5296, #2315, #708, #5605, #3912, #6599, #4626, #1672, #688, #3093, #5743, #6661, #610 ) ) ;
#6024 = ORIENTED_EDGE ( 'NONE', *, *, #4015, .T. ) ;
#6025 = DIRECTION ( 'NONE',  ( 1.000000000000000000, -0.000000000000000000, 0.000000000000000000 ) ) ;
#6026 =( GEOMETRIC_REPRESENTATION_CONTEXT ( 3 ) GLOBAL_UNCERTAINTY_ASSIGNED_CONTEXT ( ( #5212 ) ) GLOBAL_UNIT_ASSIGNED_CONTEXT ( ( #1309, #4865, #86 ) ) REPRESENTATION_CONTEXT ( 'NONE', 'WORKASPACE' ) );
#6027 = CIRCLE ( 'NONE', #5577, 1.000000000000000888 ) ;
#6028 = ORIENTED_EDGE ( 'NONE', *, *, #4228, .T. ) ;
#6029 = FILL_AREA_STYLE_COLOUR ( '', #4875 ) ;
#6030 = CARTESIAN_POINT ( 'NONE',  ( 11.75000000000000355, 4.701727787528180436, 7.916877620263475634 ) ) ;
#6031 = SURFACE_STYLE_USAGE ( .BOTH. , #3831 ) ;
#6032 = PRESENTATION_LAYER_ASSIGNMENT (  '', '', ( #1888 ) ) ;
#6033 = AXIS2_PLACEMENT_3D ( 'NONE', #5786, #3160, #6817 ) ;
#6034 = CARTESIAN_POINT ( 'NONE',  ( -8.024999999999996803, 3.000000000000000000, 8.025000000000000355 ) ) ;
#6035 = SURFACE_STYLE_USAGE ( .BOTH. , #5970 ) ;
#6036 = DIRECTION ( 'NONE',  ( 2.973811673103097665E-16, -0.000000000000000000, 1.000000000000000000 ) ) ;
#6037 =( GEOMETRIC_REPRESENTATION_CONTEXT ( 3 ) GLOBAL_UNCERTAINTY_ASSIGNED_CONTEXT ( ( #1634 ) ) GLOBAL_UNIT_ASSIGNED_CONTEXT ( ( #5505, #2846, #2321 ) ) REPRESENTATION_CONTEXT ( 'NONE', 'WORKASPACE' ) );
#6038 = ADVANCED_FACE ( 'NONE', ( #950 ), #6823, .F. ) ;
#6039 = CARTESIAN_POINT ( 'NONE',  ( 9.100200439206540537, 3.000000000000000000, -10.58323552776714394 ) ) ;
#6040 = COLOUR_RGB ( '',1.000000000000000000, 1.000000000000000000, 1.000000000000000000 ) ;
#6041 = DIRECTION ( 'NONE',  ( -0.000000000000000000, -1.000000000000000000, -0.000000000000000000 ) ) ;
#6043 = CARTESIAN_POINT ( 'NONE',  ( -8.025000000000000355, 6.799999999999999822, -6.950000000000001066 ) ) ;
#6042 = LINE ( 'NONE', #3208, #4049 ) ;
#6044 = UNCERTAINTY_MEASURE_WITH_UNIT (LENGTH_MEASURE( 1.000000000000000082E-05 ), #4103, 'distance_accuracy_value', 'NONE');
#6045 = STYLED_ITEM ( 'NONE', ( #6479 ), #556 ) ;
#6046 =( NAMED_UNIT ( * ) SI_UNIT ( $, .STERADIAN. ) SOLID_ANGLE_UNIT ( ) );
#6047 = VERTEX_POINT ( 'NONE', #6430 ) ;
#6048 = PRESENTATION_LAYER_ASSIGNMENT (  '', '', ( #3823 ) ) ;
#6049 = CARTESIAN_POINT ( 'NONE',  ( 10.30423112829241106, 2.999999994689891647, -6.425369620531177439 ) ) ;
#6050 = VERTEX_POINT ( 'NONE', #3298 ) ;
#6051 = UNCERTAINTY_MEASURE_WITH_UNIT (LENGTH_MEASURE( 1.000000000000000082E-05 ), #3967, 'distance_accuracy_value', 'NONE');
#6052 = DIRECTION ( 'NONE',  ( -0.000000000000000000, 1.000000000000000000, -0.000000000000000000 ) ) ;
#6053 =( LENGTH_UNIT ( ) NAMED_UNIT ( * ) SI_UNIT ( .MILLI., .METRE. ) );
#6054 = CARTESIAN_POINT ( 'NONE',  ( -16.56599923110718109, 0.9999999999999991118, -19.84999999999999787 ) ) ;
#6055 = PRESENTATION_STYLE_ASSIGNMENT (( #5027 ) ) ;
#6056 = SURFACE_STYLE_FILL_AREA ( #3415 ) ;
#6057 = COLOUR_RGB ( '',1.000000000000000000, 1.000000000000000000, 1.000000000000000000 ) ;
#6058 = ORIENTED_EDGE ( 'NONE', *, *, #1766, .T. ) ;
#6059 = EDGE_CURVE ( 'NONE', #3963, #2597, #5991, .T. ) ;
#6060 = VERTEX_POINT ( 'NONE', #5426 ) ;
#6061 = DIRECTION ( 'NONE',  ( 0.000000000000000000, 0.000000000000000000, -1.000000000000000000 ) ) ;
#6062 = COLOUR_RGB ( '',1.000000000000000000, 1.000000000000000000, 1.000000000000000000 ) ;
#6063 = ORIENTED_EDGE ( 'NONE', *, *, #4121, .T. ) ;
#6064 = DIRECTION ( 'NONE',  ( 0.000000000000000000, 1.000000000000000000, -0.000000000000000000 ) ) ;
#6065 = DIRECTION ( 'NONE',  ( 0.000000000000000000, 1.000000000000000000, 0.000000000000000000 ) ) ;
#6066 = CARTESIAN_POINT ( 'NONE',  ( 11.75000000000000355, 4.702730040580032522, 8.156515923091065545 ) ) ;
#6067 = SURFACE_STYLE_FILL_AREA ( #3395 ) ;
#6068 = CARTESIAN_POINT ( 'NONE',  ( -2.999999999999996891, 1.999999999999999112, 20.85000000000000142 ) ) ;
#6069 = COLOUR_RGB ( '',1.000000000000000000, 1.000000000000000000, 1.000000000000000000 ) ;
#6070 = ADVANCED_FACE ( 'NONE', ( #4275 ), #1614, .F. ) ;
#6071 = CARTESIAN_POINT ( 'NONE',  ( 8.024999999999996803, 5.000000000000000000, 8.025000000000000355 ) ) ;
#6072 = CARTESIAN_POINT ( 'NONE',  ( -16.56599923110718109, 1.000000000000000000, 19.84999999999999787 ) ) ;
#6073 = ADVANCED_FACE ( 'NONE', ( #5464 ), #5402, .F. ) ;
#6074 = DIRECTION ( 'NONE',  ( -0.000000000000000000, -1.000000000000000000, -0.000000000000000000 ) ) ;
#6075 = CARTESIAN_POINT ( 'NONE',  ( -16.56599923110718109, 9.000000000000001776, 19.84999999999999787 ) ) ;
#6076 = EDGE_LOOP ( 'NONE', ( #2489, #4645, #6178, #5136 ) ) ;
#6077 = DIRECTION ( 'NONE',  ( 0.000000000000000000, 0.000000000000000000, -1.000000000000000000 ) ) ;
#6078 = DIRECTION ( 'NONE',  ( 0.000000000000000000, 0.000000000000000000, 1.000000000000000000 ) ) ;
#6079 = PRESENTATION_STYLE_ASSIGNMENT (( #219 ) ) ;
#6080 = SURFACE_STYLE_FILL_AREA ( #6561 ) ;
#6081 = ORIENTED_EDGE ( 'NONE', *, *, #6763, .T. ) ;
#6082 = ORIENTED_EDGE ( 'NONE', *, *, #5620, .T. ) ;
#6083 = EDGE_LOOP ( 'NONE', ( #6159, #189 ) ) ;
#6084 = DIRECTION ( 'NONE',  ( 0.7071067811865492381, 0.000000000000000000, 0.7071067811865457964 ) ) ;
#6085 = SURFACE_SIDE_STYLE ('',( #4939 ) ) ;
#6086 = EDGE_CURVE ( 'NONE', #4243, #5129, #3890, .T. ) ;
#6087 = ORIENTED_EDGE ( 'NONE', *, *, #6475, .T. ) ;
#6088 = CARTESIAN_POINT ( 'NONE',  ( -8.024999999999996803, 7.500000000000000000, 8.025000000000000355 ) ) ;
#6089 = SURFACE_STYLE_FILL_AREA ( #194 ) ;
#6090 = LINE ( 'NONE', #5578, #1156 ) ;
#6091 = PRESENTATION_STYLE_ASSIGNMENT (( #3973 ) ) ;
#6092 = CARTESIAN_POINT ( 'NONE',  ( 17.27310601229372722, 0.9999999999999991118, 20.55710678118654755 ) ) ;
#6093 = AXIS2_PLACEMENT_3D ( 'NONE', #2297, #2232, #2822 ) ;
#6094 =( NAMED_UNIT ( * ) SI_UNIT ( $, .STERADIAN. ) SOLID_ANGLE_UNIT ( ) );
#6095 = FILL_AREA_STYLE ('',( #3479 ) ) ;
#6096 = EDGE_CURVE ( 'NONE', #1637, #4896, #947, .T. ) ;
#6097 = AXIS2_PLACEMENT_3D ( 'NONE', #1228, #6681, #3283 ) ;
#6098 = EDGE_CURVE ( 'NONE', #6666, #5957, #3154, .T. ) ;
#6099 = FILL_AREA_STYLE ('',( #4983 ) ) ;
#6100 = CARTESIAN_POINT ( 'NONE',  ( -4.999999999999997335, 10.00000000000000000, 19.84999999999999787 ) ) ;
#6101 = CIRCLE ( 'NONE', #313, 1.699999999999998401 ) ;
#6102 = PRESENTATION_LAYER_ASSIGNMENT (  '', '', ( #6542 ) ) ;
#6103 = UNCERTAINTY_MEASURE_WITH_UNIT (LENGTH_MEASURE( 1.000000000000000082E-05 ), #1281, 'distance_accuracy_value', 'NONE');
#6104 = FILL_AREA_STYLE ('',( #3980 ) ) ;
#6105 = MECHANICAL_DESIGN_GEOMETRIC_PRESENTATION_REPRESENTATION (  '', ( #1758 ), #998 ) ;
#6106 =( GEOMETRIC_REPRESENTATION_CONTEXT ( 3 ) GLOBAL_UNCERTAINTY_ASSIGNED_CONTEXT ( ( #5548 ) ) GLOBAL_UNIT_ASSIGNED_CONTEXT ( ( #2611, #1619, #2682 ) ) REPRESENTATION_CONTEXT ( 'NONE', 'WORKASPACE' ) );
#6107 = CIRCLE ( 'NONE', #2189, 2.774999999999996358 ) ;
#6109 = FILL_AREA_STYLE_COLOUR ( '', #6417 ) ;
#6108 = CARTESIAN_POINT ( 'NONE',  ( -11.74999999999999822, 4.711159729501281035, -8.275771039781105287 ) ) ;
#6110 = ORIENTED_EDGE ( 'NONE', *, *, #2438, .F. ) ;
#6111 = UNCERTAINTY_MEASURE_WITH_UNIT (LENGTH_MEASURE( 1.000000000000000082E-05 ), #2399, 'distance_accuracy_value', 'NONE');
#6112 = CARTESIAN_POINT ( 'NONE',  ( -11.74999999999999822, 3.000000000000000000, -8.749999999999996447 ) ) ;
#6113 = SURFACE_SIDE_STYLE ('',( #1993 ) ) ;
#6114 = VECTOR ( 'NONE', #2977, 1000.000000000000000 ) ;
#6115 = SURFACE_SIDE_STYLE ('',( #1928 ) ) ;
#6116 = EDGE_LOOP ( 'NONE', ( #4504, #3389, #3481, #1055 ) ) ;
#6117 = ORIENTED_EDGE ( 'NONE', *, *, #6827, .T. ) ;
#6118 =( LENGTH_UNIT ( ) NAMED_UNIT ( * ) SI_UNIT ( .MILLI., .METRE. ) );
#6119 = ORIENTED_EDGE ( 'NONE', *, *, #669, .T. ) ;
#6120 = CARTESIAN_POINT ( 'NONE',  ( -20.85000000000000142, 0.9999999999999991118, 16.56599923110718109 ) ) ;
#6121 = DIRECTION ( 'NONE',  ( 0.000000000000000000, 0.000000000000000000, 1.000000000000000000 ) ) ;
#6122 =( GEOMETRIC_REPRESENTATION_CONTEXT ( 3 ) GLOBAL_UNCERTAINTY_ASSIGNED_CONTEXT ( ( #4733 ) ) GLOBAL_UNIT_ASSIGNED_CONTEXT ( ( #5326, #1615, #3784 ) ) REPRESENTATION_CONTEXT ( 'NONE', 'WORKASPACE' ) );
#6123 = EDGE_CURVE ( 'NONE', #1573, #2312, #4714, .T. ) ;
#6124 = FILL_AREA_STYLE_COLOUR ( '', #4386 ) ;
#6125 = VERTEX_POINT ( 'NONE', #1852 ) ;
#6126 = VERTEX_POINT ( 'NONE', #6120 ) ;
#6127 = PRESENTATION_STYLE_ASSIGNMENT (( #4002 ) ) ;
#6128 = EDGE_CURVE ( 'NONE', #5681, #966, #2038, .T. ) ;
#6129 = CARTESIAN_POINT ( 'NONE',  ( -8.749999999999996447, 9.000000000000001776, -11.74999999999999822 ) ) ;
#6130 = AXIS2_PLACEMENT_3D ( 'NONE', #6254, #1476, #278 ) ;
#6131 = CARTESIAN_POINT ( 'NONE',  ( 11.75000000000000355, 3.483709452501362769, 6.762146660526891395 ) ) ;
#6132 = MECHANICAL_DESIGN_GEOMETRIC_PRESENTATION_REPRESENTATION (  '', ( #3229 ), #671 ) ;
#6133 =( GEOMETRIC_REPRESENTATION_CONTEXT ( 3 ) GLOBAL_UNCERTAINTY_ASSIGNED_CONTEXT ( ( #5479 ) ) GLOBAL_UNIT_ASSIGNED_CONTEXT ( ( #1049, #6847, #440 ) ) REPRESENTATION_CONTEXT ( 'NONE', 'WORKASPACE' ) );
#6134 = DIRECTION ( 'NONE',  ( 0.000000000000000000, 0.000000000000000000, 1.000000000000000000 ) ) ;
#6135 = PLANE ( 'NONE',  #28 ) ;
#6136 = DIRECTION ( 'NONE',  ( -0.9812749603306718527, -0.1926121808921709422, -9.727089771850437532E-17 ) ) ;
#6137 = CIRCLE ( 'NONE', #5125, 2.774999999999996358 ) ;
#6138 = EDGE_CURVE ( 'NONE', #1787, #3244, #6188, .T. ) ;
#6139 = FILL_AREA_STYLE ('',( #1665 ) ) ;
#6140 = FACE_OUTER_BOUND ( 'NONE', #1436, .T. ) ;
#6141 =( GEOMETRIC_REPRESENTATION_CONTEXT ( 3 ) GLOBAL_UNCERTAINTY_ASSIGNED_CONTEXT ( ( #736 ) ) GLOBAL_UNIT_ASSIGNED_CONTEXT ( ( #4629, #4068, #6739 ) ) REPRESENTATION_CONTEXT ( 'NONE', 'WORKASPACE' ) );
#6142 =( NAMED_UNIT ( * ) PLANE_ANGLE_UNIT ( ) SI_UNIT ( $, .RADIAN. ) );
#6143 =( GEOMETRIC_REPRESENTATION_CONTEXT ( 3 ) GLOBAL_UNCERTAINTY_ASSIGNED_CONTEXT ( ( #5705 ) ) GLOBAL_UNIT_ASSIGNED_CONTEXT ( ( #6346, #4754, #5196 ) ) REPRESENTATION_CONTEXT ( 'NONE', 'WORKASPACE' ) );
#6144 = CARTESIAN_POINT ( 'NONE',  ( -11.74999999999999822, 4.702730040580029858, -8.156515923090950082 ) ) ;
#6145 = ORIENTED_EDGE ( 'NONE', *, *, #2625, .T. ) ;
#6146 = CARTESIAN_POINT ( 'NONE',  ( -4.999999999999997335, 10.00000000000000000, 19.84999999999999787 ) ) ;
#6147 = STYLED_ITEM ( 'NONE', ( #355 ), #5668 ) ;
#6148 = VERTEX_POINT ( 'NONE', #4478 ) ;
#6149 = ORIENTED_EDGE ( 'NONE', *, *, #2045, .T. ) ;
#6150 = SURFACE_STYLE_USAGE ( .BOTH. , #4029 ) ;
#6151 = COLOUR_RGB ( '',1.000000000000000000, 1.000000000000000000, 1.000000000000000000 ) ;
#6152 = EDGE_LOOP ( 'NONE', ( #6849, #6192, #2805, #1719 ) ) ;
#6153 = PLANE ( 'NONE',  #5158 ) ;
#6154 = DIRECTION ( 'NONE',  ( 0.000000000000000000, 0.000000000000000000, -1.000000000000000000 ) ) ;
#6155 =( GEOMETRIC_REPRESENTATION_CONTEXT ( 3 ) GLOBAL_UNCERTAINTY_ASSIGNED_CONTEXT ( ( #2470 ) ) GLOBAL_UNIT_ASSIGNED_CONTEXT ( ( #5791, #6742, #5829 ) ) REPRESENTATION_CONTEXT ( 'NONE', 'WORKASPACE' ) );
#6157 = CARTESIAN_POINT ( 'NONE',  ( 15.37957249080740851, 2.999999999999999112, 13.67957249080740922 ) ) ;
#6156 = LINE ( 'NONE', #1935, #2602 ) ;
#6158 = SURFACE_STYLE_USAGE ( .BOTH. , #1896 ) ;
#6159 = ORIENTED_EDGE ( 'NONE', *, *, #1856, .F. ) ;
#6160 = CARTESIAN_POINT ( 'NONE',  ( -18.20799961555358593, 1.000000000000000000, -18.20799961555358593 ) ) ;
#6161 = CARTESIAN_POINT ( 'NONE',  ( -9.749999999999996447, 5.000000000000157208, 5.851293488071602766 ) ) ;
#6162 = VERTEX_POINT ( 'NONE', #4515 ) ;
#6163 = ADVANCED_FACE ( 'NONE', ( #2912 ), #2876, .T. ) ;
#6164 = CARTESIAN_POINT ( 'NONE',  ( 0.000000000000000000, 0.9999999999999991118, 20.85000000000000142 ) ) ;
#6165 = DIRECTION ( 'NONE',  ( 0.1926121808921458789, 0.9812749603306768487, 0.000000000000000000 ) ) ;
#6166 = CIRCLE ( 'NONE', #3946, 1.000000000000000888 ) ;
#6167 = CARTESIAN_POINT ( 'NONE',  ( -9.100200439206615144, 2.999999999999999556, 10.58323552776711374 ) ) ;
#6168 = SURFACE_SIDE_STYLE ('',( #1194 ) ) ;
#6169 = SURFACE_STYLE_FILL_AREA ( #6682 ) ;
#6170 = SURFACE_STYLE_USAGE ( .BOTH. , #4045 ) ;
#6171 = MECHANICAL_DESIGN_GEOMETRIC_PRESENTATION_REPRESENTATION (  '', ( #3165 ), #1272 ) ;
#6172 = CARTESIAN_POINT ( 'NONE',  ( -8.749999999999996447, 9.000000000000001776, 8.750000000000001776 ) ) ;
#6173 =( NAMED_UNIT ( * ) PLANE_ANGLE_UNIT ( ) SI_UNIT ( $, .RADIAN. ) );
#6174 = EDGE_CURVE ( 'NONE', #6148, #545, #2974, .T. ) ;
#6175 = UNCERTAINTY_MEASURE_WITH_UNIT (LENGTH_MEASURE( 1.000000000000000082E-05 ), #2942, 'distance_accuracy_value', 'NONE');
#6176 = SURFACE_SIDE_STYLE ('',( #4048 ) ) ;
#6177 = PRESENTATION_STYLE_ASSIGNMENT (( #2435 ) ) ;
#6178 = ORIENTED_EDGE ( 'NONE', *, *, #1417, .T. ) ;
#6179 = UNCERTAINTY_MEASURE_WITH_UNIT (LENGTH_MEASURE( 1.000000000000000082E-05 ), #5701, 'distance_accuracy_value', 'NONE');
#6180 =( LENGTH_UNIT ( ) NAMED_UNIT ( * ) SI_UNIT ( .MILLI., .METRE. ) );
#6181 = CARTESIAN_POINT ( 'NONE',  ( -15.37957249080740851, 2.999999999999999112, 17.07957249080740425 ) ) ;
#6182 = PRESENTATION_STYLE_ASSIGNMENT (( #293 ) ) ;
#6183 = ORIENTED_EDGE ( 'NONE', *, *, #6679, .F. ) ;
#6184 = VERTEX_POINT ( 'NONE', #2408 ) ;
#6185 = CYLINDRICAL_SURFACE ( 'NONE', #4811, 1.774999999999998801 ) ;
#6186 = ADVANCED_FACE ( 'NONE', ( #5673, #5001, #3498, #4547, #5567 ), #6153, .T. ) ;
#6187 = ORIENTED_EDGE ( 'NONE', *, *, #6827, .F. ) ;
#6188 = LINE ( 'NONE', #2446, #5950 ) ;
#6189 = PRESENTATION_STYLE_ASSIGNMENT (( #3167 ) ) ;
#6190 =( LENGTH_UNIT ( ) NAMED_UNIT ( * ) SI_UNIT ( .MILLI., .METRE. ) );
#6191 = DIRECTION ( 'NONE',  ( 1.000000000000000000, 0.000000000000000000, 0.000000000000000000 ) ) ;
#6192 = ORIENTED_EDGE ( 'NONE', *, *, #456, .F. ) ;
#6193 = ORIENTED_EDGE ( 'NONE', *, *, #5386, .F. ) ;
#6194 = CARTESIAN_POINT ( 'NONE',  ( 5.851293488071583226, 5.000000000000000000, -11.74999999999999645 ) ) ;
#6195 = FACE_OUTER_BOUND ( 'NONE', #1399, .T. ) ;
#6196 =( NAMED_UNIT ( * ) PLANE_ANGLE_UNIT ( ) SI_UNIT ( $, .RADIAN. ) );
#6197 = FACE_OUTER_BOUND ( 'NONE', #1364, .T. ) ;
#6198 = FILL_AREA_STYLE_COLOUR ( '', #2528 ) ;
#6199 =( GEOMETRIC_REPRESENTATION_CONTEXT ( 3 ) GLOBAL_UNCERTAINTY_ASSIGNED_CONTEXT ( ( #3805 ) ) GLOBAL_UNIT_ASSIGNED_CONTEXT ( ( #2637, #1141, #2707 ) ) REPRESENTATION_CONTEXT ( 'NONE', 'WORKASPACE' ) );
#6200 =( GEOMETRIC_REPRESENTATION_CONTEXT ( 3 ) GLOBAL_UNCERTAINTY_ASSIGNED_CONTEXT ( ( #4505 ) ) GLOBAL_UNIT_ASSIGNED_CONTEXT ( ( #4678, #1922, #3556 ) ) REPRESENTATION_CONTEXT ( 'NONE', 'WORKASPACE' ) );
#6201 = EDGE_CURVE ( 'NONE', #1334, #966, #2628, .T. ) ;
#6202 = CARTESIAN_POINT ( 'NONE',  ( 6.000000000000002665, -10.52072483264118574, 19.84999999999999787 ) ) ;
#6203 = ADVANCED_FACE ( 'NONE', ( #1534 ), #6768, .T. ) ;
#6204 = SURFACE_SIDE_STYLE ('',( #3487 ) ) ;
#6205 = VECTOR ( 'NONE', #5093, 1000.000000000000000 ) ;
#6206 = AXIS2_PLACEMENT_3D ( 'NONE', #5756, #1508, #3127 ) ;
#6207 = CARTESIAN_POINT ( 'NONE',  ( -11.74999999999999822, 3.560749770959489080, -8.698061147985036712 ) ) ;
#6208 = ORIENTED_EDGE ( 'NONE', *, *, #517, .F. ) ;
#6209 = CARTESIAN_POINT ( 'NONE',  ( -15.37957249080740851, 2.999999999999999112, 13.67957249080740745 ) ) ;
#6210 = DIRECTION ( 'NONE',  ( 0.000000000000000000, 0.000000000000000000, -1.000000000000000000 ) ) ;
#6211 = CARTESIAN_POINT ( 'NONE',  ( -2.999999999999996891, 3.000000000000000000, 19.84999999999999787 ) ) ;
#6212 =( GEOMETRIC_REPRESENTATION_CONTEXT ( 3 ) GLOBAL_UNCERTAINTY_ASSIGNED_CONTEXT ( ( #5415 ) ) GLOBAL_UNIT_ASSIGNED_CONTEXT ( ( #4248, #3788, #628 ) ) REPRESENTATION_CONTEXT ( 'NONE', 'WORKASPACE' ) );
#6213 = EDGE_LOOP ( 'NONE', ( #6372, #3256, #495, #3824 ) ) ;
#6214 = EDGE_LOOP ( 'NONE', ( #6397, #2740, #1035 ) ) ;
#6215 = CARTESIAN_POINT ( 'NONE',  ( -8.510167622307969637, 4.737042187912667401, 11.75000000000000711 ) ) ;
#6217 =( LENGTH_UNIT ( ) NAMED_UNIT ( * ) SI_UNIT ( .MILLI., .METRE. ) );
#6216 = DIRECTION ( 'NONE',  ( 0.000000000000000000, 0.000000000000000000, 1.000000000000000000 ) ) ;
#6218 = EDGE_LOOP ( 'NONE', ( #3886, #4366, #4763, #573 ) ) ;
#6219 = MECHANICAL_DESIGN_GEOMETRIC_PRESENTATION_REPRESENTATION (  '', ( #3654 ), #1320 ) ;
#6220 = AXIS2_PLACEMENT_3D ( 'NONE', #6854, #3170, #2120 ) ;
#6221 = ORIENTED_EDGE ( 'NONE', *, *, #6790, .T. ) ;
#6222 = LINE ( 'NONE', #943, #5471 ) ;
#6223 = FILL_AREA_STYLE ('',( #1757 ) ) ;
#6224 = CARTESIAN_POINT ( 'NONE',  ( -11.35239049452331273, 4.847573141624703652, 10.25533786589565111 ) ) ;
#6225 = ORIENTED_EDGE ( 'NONE', *, *, #1696, .F. ) ;
#6226 = CIRCLE ( 'NONE', #6782, 3.249999999999999556 ) ;
#6227 = MECHANICAL_DESIGN_GEOMETRIC_PRESENTATION_REPRESENTATION (  '', ( #4006 ), #6011 ) ;
#6228 = LINE ( 'NONE', #2115, #3590 ) ;
#6229 = FILL_AREA_STYLE_COLOUR ( '', #6533 ) ;
#6230 = CYLINDRICAL_SURFACE ( 'NONE', #3981, 2.999999999999999112 ) ;
#6231 = TOROIDAL_SURFACE ( 'NONE', #6670, 3.000000000000000000, 1.000000000000000000 ) ;
#6232 = MECHANICAL_DESIGN_GEOMETRIC_PRESENTATION_REPRESENTATION (  '', ( #4671 ), #3552 ) ;
#6233 = CARTESIAN_POINT ( 'NONE',  ( -16.56599923110718109, 0.9999999999999991118, -19.84999999999999787 ) ) ;
#6234 = COLOUR_RGB ( '',1.000000000000000000, 1.000000000000000000, 1.000000000000000000 ) ;
#6235 = AXIS2_PLACEMENT_3D ( 'NONE', #6088, #4000, #1966 ) ;
#6236 = ORIENTED_EDGE ( 'NONE', *, *, #5964, .T. ) ;
#6237 = CARTESIAN_POINT ( 'NONE',  ( -8.275771039781018246, 4.711159729501217086, -11.74999999999999822 ) ) ;
#6238 = COLOUR_RGB ( '',1.000000000000000000, 1.000000000000000000, 1.000000000000000000 ) ;
#6239 = STYLED_ITEM ( 'NONE', ( #4798 ), #4075 ) ;
#6240 = CARTESIAN_POINT ( 'NONE',  ( 16.56599923110718109, 0.9999999999999991118, 20.85000000000000142 ) ) ;
#6241 = ADVANCED_FACE ( 'NONE', ( #5247 ), #1003, .F. ) ;
#6242 = PRESENTATION_LAYER_ASSIGNMENT (  '', '', ( #2233 ) ) ;
#6243 = SURFACE_STYLE_USAGE ( .BOTH. , #387 ) ;
#6244 = EDGE_LOOP ( 'NONE', ( #6732, #792, #3010, #1779 ) ) ;
#6245 = CARTESIAN_POINT ( 'NONE',  ( -11.74999999999999645, 4.760915839510674985, 8.631793546517354088 ) ) ;
#6246 = FACE_OUTER_BOUND ( 'NONE', #3924, .T. ) ;
#6247 = DIRECTION ( 'NONE',  ( -0.000000000000000000, -1.000000000000000000, 0.000000000000000000 ) ) ;
#6248 = ORIENTED_EDGE ( 'NONE', *, *, #2898, .F. ) ;
#6249 = DIRECTION ( 'NONE',  ( -0.000000000000000000, -1.000000000000000000, 0.000000000000000000 ) ) ;
#6250 = CARTESIAN_POINT ( 'NONE',  ( -15.37957249080740851, 0.000000000000000000, -15.37957249080740496 ) ) ;
#6251 = VERTEX_POINT ( 'NONE', #3565 ) ;
#6252 = ORIENTED_EDGE ( 'NONE', *, *, #4863, .T. ) ;
#6253 = FILL_AREA_STYLE ('',( #4129 ) ) ;
#6254 = CARTESIAN_POINT ( 'NONE',  ( 8.750000000000001776, 3.000000000000000000, -8.749999999999998224 ) ) ;
#6255 = EDGE_CURVE ( 'NONE', #3536, #3048, #4649, .T. ) ;
#6256 = DIRECTION ( 'NONE',  ( -0.000000000000000000, -1.000000000000000000, -0.000000000000000000 ) ) ;
#6257 = FACE_OUTER_BOUND ( 'NONE', #6627, .T. ) ;
#6258 =( GEOMETRIC_REPRESENTATION_CONTEXT ( 3 ) GLOBAL_UNCERTAINTY_ASSIGNED_CONTEXT ( ( #3042 ) ) GLOBAL_UNIT_ASSIGNED_CONTEXT ( ( #5438, #4912, #5843 ) ) REPRESENTATION_CONTEXT ( 'NONE', 'WORKASPACE' ) );
#6259 = EDGE_LOOP ( 'NONE', ( #1431, #4540, #864, #4552 ) ) ;
#6260 = CARTESIAN_POINT ( 'NONE',  ( 9.922849530815300412, 3.000000000837600211, 10.05155747316347714 ) ) ;
#6261 = VECTOR ( 'NONE', #5501, 1000.000000000000000 ) ;
#6262 = DIRECTION ( 'NONE',  ( 0.7071067811865475727, 0.000000000000000000, -0.7071067811865475727 ) ) ;
#6263 = PRESENTATION_STYLE_ASSIGNMENT (( #449 ) ) ;
#6264 =( LENGTH_UNIT ( ) NAMED_UNIT ( * ) SI_UNIT ( .MILLI., .METRE. ) );
#6265 = VECTOR ( 'NONE', #4410, 1000.000000000000000 ) ;
#6266 =( GEOMETRIC_REPRESENTATION_CONTEXT ( 3 ) GLOBAL_UNCERTAINTY_ASSIGNED_CONTEXT ( ( #4079 ) ) GLOBAL_UNIT_ASSIGNED_CONTEXT ( ( #1997, #6318, #4724 ) ) REPRESENTATION_CONTEXT ( 'NONE', 'WORKASPACE' ) );
#6267 = FILL_AREA_STYLE_COLOUR ( '', #1348 ) ;
#6268 = CARTESIAN_POINT ( 'NONE',  ( -16.56599923110718109, 0.9999999999999991118, -19.84999999999999787 ) ) ;
#6269 = AXIS2_PLACEMENT_3D ( 'NONE', #1259, #2725, #1226 ) ;
#6270 = ADVANCED_FACE ( 'NONE', ( #4621 ), #3747, .F. ) ;
#6271 = VECTOR ( 'NONE', #3755, 1000.000000000000000 ) ;
#6272 = ORIENTED_EDGE ( 'NONE', *, *, #2695, .F. ) ;
#6273 = DIRECTION ( 'NONE',  ( 0.000000000000000000, 0.000000000000000000, -1.000000000000000000 ) ) ;
#6274 = VECTOR ( 'NONE', #1742, 1000.000000000000000 ) ;
#6275 = DIRECTION ( 'NONE',  ( -0.000000000000000000, -1.000000000000000000, -0.000000000000000000 ) ) ;
#6276 = SURFACE_STYLE_USAGE ( .BOTH. , #5163 ) ;
#6277 = EDGE_CURVE ( 'NONE', #25, #4239, #564, .T. ) ;
#6278 = STYLED_ITEM ( 'NONE', ( #1990 ), #6624 ) ;
#6279 = CARTESIAN_POINT ( 'NONE',  ( 11.75000000000000000, 4.809351732042225436, -9.135659856108430787 ) ) ;
#6280 = CARTESIAN_POINT ( 'NONE',  ( 11.65398907294898834, 4.825339383677088811, 9.527810754943631721 ) ) ;
#6282 = PLANE ( 'NONE',  #6315 ) ;
#6281 = CARTESIAN_POINT ( 'NONE',  ( -19.85000000000000142, 0.000000000000000000, 3.303046618526583072E-15 ) ) ;
#6283 = ORIENTED_EDGE ( 'NONE', *, *, #5537, .F. ) ;
#6284 = CARTESIAN_POINT ( 'NONE',  ( 5.000000000000003553, 3.828427124746188959, 11.75000000000000533 ) ) ;
#6285 = CARTESIAN_POINT ( 'NONE',  ( -8.749999999999996447, 10.00000000000000000, -8.749999999999996447 ) ) ;
#6286 =( NAMED_UNIT ( * ) SI_UNIT ( $, .STERADIAN. ) SOLID_ANGLE_UNIT ( ) );
#6287 =( LENGTH_UNIT ( ) NAMED_UNIT ( * ) SI_UNIT ( .MILLI., .METRE. ) );
#6288 = CIRCLE ( 'NONE', #1944, 1.000000000000000888 ) ;
#6289 = DIRECTION ( 'NONE',  ( -0.000000000000000000, -1.000000000000000000, -0.000000000000000000 ) ) ;
#6290 = ORIENTED_EDGE ( 'NONE', *, *, #5407, .T. ) ;
#6291 = DIRECTION ( 'NONE',  ( 0.000000000000000000, 0.000000000000000000, 1.000000000000000000 ) ) ;
#6292 =( LENGTH_UNIT ( ) NAMED_UNIT ( * ) SI_UNIT ( .MILLI., .METRE. ) );
#6293 = DIRECTION ( 'NONE',  ( 1.000000000000000000, 0.000000000000000000, 0.000000000000000000 ) ) ;
#6294 = ORIENTED_EDGE ( 'NONE', *, *, #6686, .F. ) ;
#6295 = CARTESIAN_POINT ( 'NONE',  ( 8.376633265834573905, 3.580699138943845838, -11.74999999999999645 ) ) ;
#6296 = SURFACE_STYLE_FILL_AREA ( #3539 ) ;
#6297 = EDGE_LOOP ( 'NONE', ( #6735, #2101, #6082, #1085, #2439, #4680, #3085 ) ) ;
#6298 = EDGE_CURVE ( 'NONE', #1903, #973, #270, .T. ) ;
#6299 = SURFACE_SIDE_STYLE ('',( #2643 ) ) ;
#6300 = CARTESIAN_POINT ( 'NONE',  ( -8.156515923090950082, 4.702730040580031634, 11.75000000000000533 ) ) ;
#6301 = CARTESIAN_POINT ( 'NONE',  ( -8.024999999999996803, 6.799999999999999822, 9.099999999999997868 ) ) ;
#6302 = CARTESIAN_POINT ( 'NONE',  ( -10.73237526363372218, 4.854172542989264372, -11.01025795066251689 ) ) ;
#6303 = DIRECTION ( 'NONE',  ( 8.320016671351592820E-17, 0.000000000000000000, 1.000000000000000000 ) ) ;
#6304 = DIRECTION ( 'NONE',  ( -0.000000000000000000, -1.000000000000000000, -0.000000000000000000 ) ) ;
#6305 = ORIENTED_EDGE ( 'NONE', *, *, #2416, .T. ) ;
#6306 = CARTESIAN_POINT ( 'NONE',  ( -8.236555335838378511, 3.000000000830887359, -10.79862929450322895 ) ) ;
#6307 = UNCERTAINTY_MEASURE_WITH_UNIT (LENGTH_MEASURE( 1.000000000000000082E-05 ), #3977, 'distance_accuracy_value', 'NONE');
#6308 = LINE ( 'NONE', #3517, #677 ) ;
#6309 = EDGE_CURVE ( 'NONE', #210, #3412, #3172, .T. ) ;
#6310 = CARTESIAN_POINT ( 'NONE',  ( 10.05155747316347714, 3.000000000837597991, -9.922849530815293306 ) ) ;
#6311 = CARTESIAN_POINT ( 'NONE',  ( -20.85000000000000497, 10.00000000000000000, 3.469446951953614978E-15 ) ) ;
#6312 = CARTESIAN_POINT ( 'NONE',  ( -11.75000000000000000, 3.547700697866947639, -7.215627173293881036 ) ) ;
#6313 = STYLED_ITEM ( 'NONE', ( #6476 ), #2588 ) ;
#6314 = EDGE_LOOP ( 'NONE', ( #3292, #6452 ) ) ;
#6315 = AXIS2_PLACEMENT_3D ( 'NONE', #3243, #5343, #4158 ) ;
#6316 = CARTESIAN_POINT ( 'NONE',  ( 8.025000000000003908, 7.500000000000000000, 8.025000000000000355 ) ) ;
#6317 = SURFACE_STYLE_USAGE ( .BOTH. , #1078 ) ;
#6318 =( NAMED_UNIT ( * ) PLANE_ANGLE_UNIT ( ) SI_UNIT ( $, .RADIAN. ) );
#6319 = STYLED_ITEM ( 'NONE', ( #1010 ), #2816 ) ;
#6320 = ORIENTED_EDGE ( 'NONE', *, *, #2759, .F. ) ;
#6321 = FILL_AREA_STYLE ('',( #6841 ) ) ;
#6322 = CARTESIAN_POINT ( 'NONE',  ( 20.84999999999999432, 10.00000000000000000, -1.734723475976806503E-15 ) ) ;
#6324 = SURFACE_STYLE_USAGE ( .BOTH. , #5925 ) ;
#6323 = CARTESIAN_POINT ( 'NONE',  ( 10.79862929450322540, 3.000000000830887359, -8.236555335838392722 ) ) ;
#6325 = EDGE_LOOP ( 'NONE', ( #4739, #1076, #2973, #4801 ) ) ;
#6326 = UNCERTAINTY_MEASURE_WITH_UNIT (LENGTH_MEASURE( 1.000000000000000082E-05 ), #3458, 'distance_accuracy_value', 'NONE');
#6327 = CARTESIAN_POINT ( 'NONE',  ( -8.749999999999996447, 3.000000000000000000, -11.74999999999999822 ) ) ;
#6328 = CYLINDRICAL_SURFACE ( 'NONE', #5999, 1.000000000000000888 ) ;
#6329 = AXIS2_PLACEMENT_3D ( 'NONE', #2905, #4578, #3007 ) ;
#6330 = DIRECTION ( 'NONE',  ( -0.000000000000000000, 1.000000000000000000, -0.000000000000000000 ) ) ;
#6331 = ORIENTED_EDGE ( 'NONE', *, *, #2056, .F. ) ;
#6332 = EDGE_CURVE ( 'NONE', #899, #5790, #2263, .T. ) ;
#6333 = CIRCLE ( 'NONE', #6220, 1.699999999999994849 ) ;
#6334 = FILL_AREA_STYLE ('',( #3227 ) ) ;
#6335 = EDGE_CURVE ( 'NONE', #72, #210, #4844, .T. ) ;
#6336 = CARTESIAN_POINT ( 'NONE',  ( -5.851293488071591220, 3.000000000000000000, 9.750000000000007105 ) ) ;
#6337 = DIRECTION ( 'NONE',  ( -0.7071067811865475727, 0.000000000000000000, 0.7071067811865475727 ) ) ;
#6338 = CIRCLE ( 'NONE', #1222, 1.774999999999999689 ) ;
#6339 = MECHANICAL_DESIGN_GEOMETRIC_PRESENTATION_REPRESENTATION (  '', ( #3103 ), #5560 ) ;
#6340 = VERTEX_POINT ( 'NONE', #63 ) ;
#6341 = COLOUR_RGB ( '',1.000000000000000000, 1.000000000000000000, 1.000000000000000000 ) ;
#6342 =( GEOMETRIC_REPRESENTATION_CONTEXT ( 3 ) GLOBAL_UNCERTAINTY_ASSIGNED_CONTEXT ( ( #5626 ) ) GLOBAL_UNIT_ASSIGNED_CONTEXT ( ( #265, #3822, #6562 ) ) REPRESENTATION_CONTEXT ( 'NONE', 'WORKASPACE' ) );
#6343 = EDGE_CURVE ( 'NONE', #2379, #2597, #6381, .T. ) ;
#6344 = PRESENTATION_STYLE_ASSIGNMENT (( #1485 ) ) ;
#6345 = COLOUR_RGB ( '',1.000000000000000000, 1.000000000000000000, 1.000000000000000000 ) ;
#6346 =( LENGTH_UNIT ( ) NAMED_UNIT ( * ) SI_UNIT ( .MILLI., .METRE. ) );
#6347 =( NAMED_UNIT ( * ) SI_UNIT ( $, .STERADIAN. ) SOLID_ANGLE_UNIT ( ) );
#6349 = CARTESIAN_POINT ( 'NONE',  ( -8.025000000000000355, 5.000000000000000000, -9.799999999999998934 ) ) ;
#6348 = CARTESIAN_POINT ( 'NONE',  ( 8.025000000000003908, 7.500000000000000000, 8.025000000000000355 ) ) ;
#6350 = PRESENTATION_LAYER_ASSIGNMENT (  '', '', ( #1128 ) ) ;
#6351 = EDGE_LOOP ( 'NONE', ( #1820, #6780, #1957, #1784, #5361, #2794, #2385, #3610 ) ) ;
#6352 = PLANE ( 'NONE',  #3542 ) ;
#6353 = DIRECTION ( 'NONE',  ( 0.000000000000000000, 0.000000000000000000, -1.000000000000000000 ) ) ;
#6354 = ORIENTED_EDGE ( 'NONE', *, *, #5161, .F. ) ;
#6355 = PRESENTATION_STYLE_ASSIGNMENT (( #1999 ) ) ;
#6356 = DIRECTION ( 'NONE',  ( 0.000000000000000000, 1.000000000000000000, 0.000000000000000000 ) ) ;
#6358 = CARTESIAN_POINT ( 'NONE',  ( -19.84999999999999787, 10.00000000000000000, 16.56599923110718109 ) ) ;
#6357 = CARTESIAN_POINT ( 'NONE',  ( -19.85000000000000497, 9.000000000000001776, -16.56599923110717754 ) ) ;
#6359 = EDGE_LOOP ( 'NONE', ( #4, #2503, #4576, #5039 ) ) ;
#6360 = CARTESIAN_POINT ( 'NONE',  ( -8.749999999999996447, 9.000000000000001776, 12.75000000000000355 ) ) ;
#6361 = CARTESIAN_POINT ( 'NONE',  ( 7.070270749635144014, 4.828844623781679779, -11.74999999999999645 ) ) ;
#6362 = CARTESIAN_POINT ( 'NONE',  ( -11.44759384431315929, 4.843469560871215940, -10.07755068993504644 ) ) ;
#6363 = ORIENTED_EDGE ( 'NONE', *, *, #6679, .T. ) ;
#6364 = SURFACE_STYLE_USAGE ( .BOTH. , #3611 ) ;
#6365 = FILL_AREA_STYLE_COLOUR ( '', #6703 ) ;
#6366 = FILL_AREA_STYLE ('',( #5794 ) ) ;
#6367 = FACE_OUTER_BOUND ( 'NONE', #3780, .T. ) ;
#6368 = DIRECTION ( 'NONE',  ( -0.000000000000000000, -1.000000000000000000, -0.000000000000000000 ) ) ;
#6369 = PRESENTATION_LAYER_ASSIGNMENT (  '', '', ( #2466 ) ) ;
#6370 = MECHANICAL_DESIGN_GEOMETRIC_PRESENTATION_REPRESENTATION (  '', ( #4711 ), #4258 ) ;
#6371 = PRESENTATION_LAYER_ASSIGNMENT (  '', '', ( #5609 ) ) ;
#6372 = ORIENTED_EDGE ( 'NONE', *, *, #4674, .T. ) ;
#6373 = CARTESIAN_POINT ( 'NONE',  ( -10.31436818229860819, 3.508603887488058071, 11.31698343383195038 ) ) ;
#6374 = AXIS2_PLACEMENT_3D ( 'NONE', #297, #1750, #1821 ) ;
#6375 = FILL_AREA_STYLE ('',( #5940 ) ) ;
#6376 = UNCERTAINTY_MEASURE_WITH_UNIT (LENGTH_MEASURE( 1.000000000000000082E-05 ), #4761, 'distance_accuracy_value', 'NONE');
#6377 = CIRCLE ( 'NONE', #2153, 1.699999999999994849 ) ;
#6378 = STYLED_ITEM ( 'NONE', ( #6355 ), #6241 ) ;
#6379 = DIRECTION ( 'NONE',  ( 0.000000000000000000, 1.000000000000000000, -0.000000000000000000 ) ) ;
#6380 = CARTESIAN_POINT ( 'NONE',  ( 8.750000000000001776, 4.784118327815211735, -11.74999999999999645 ) ) ;
#6381 = CIRCLE ( 'NONE', #5049, 1.774999999999999689 ) ;
#6382 = ORIENTED_EDGE ( 'NONE', *, *, #5623, .F. ) ;
#6383 = UNCERTAINTY_MEASURE_WITH_UNIT (LENGTH_MEASURE( 1.000000000000000082E-05 ), #5134, 'distance_accuracy_value', 'NONE');
#6384 = CARTESIAN_POINT ( 'NONE',  ( -8.749999999999996447, 9.000000000000001776, -12.74999999999999822 ) ) ;
#6385 = FILL_AREA_STYLE_COLOUR ( '', #5370 ) ;
#6386 = AXIS2_PLACEMENT_3D ( 'NONE', #6408, #68, #6486 ) ;
#6387 = VERTEX_POINT ( 'NONE', #6705 ) ;
#6388 = FILL_AREA_STYLE ('',( #2174 ) ) ;
#6390 = CARTESIAN_POINT ( 'NONE',  ( 18.91510639674013916, 9.000000000000001776, 18.91510639674013916 ) ) ;
#6389 = SURFACE_SIDE_STYLE ('',( #1470 ) ) ;
#6391 = EDGE_LOOP ( 'NONE', ( #4171, #2123, #1473, #3185, #2591 ) ) ;
#6392 = CARTESIAN_POINT ( 'NONE',  ( 6.093800287197145948, 3.232026073433358349, 11.75000000000000178 ) ) ;
#6393 =( NAMED_UNIT ( * ) PLANE_ANGLE_UNIT ( ) SI_UNIT ( $, .RADIAN. ) );
#6394 = CARTESIAN_POINT ( 'NONE',  ( 8.997208843581502080, 3.524697209923699059, -11.74999999999999822 ) ) ;
#6395 = CARTESIAN_POINT ( 'NONE',  ( -10.05050179272683764, 2.999999999162402897, -9.923976171076514419 ) ) ;
#6396 = EDGE_CURVE ( 'NONE', #5066, #4582, #2932, .T. ) ;
#6397 = ORIENTED_EDGE ( 'NONE', *, *, #3401, .F. ) ;
#6399 = EDGE_CURVE ( 'NONE', #1491, #1649, #6156, .T. ) ;
#6398 =( LENGTH_UNIT ( ) NAMED_UNIT ( * ) SI_UNIT ( .MILLI., .METRE. ) );
#6400 = CARTESIAN_POINT ( 'NONE',  ( -9.537921115251133841, 4.826958425284975540, -11.67095326538869493 ) ) ;
#6401 = DIRECTION ( 'NONE',  ( 0.000000000000000000, -1.000000000000000000, 0.000000000000000000 ) ) ;
#6402 = DIRECTION ( 'NONE',  ( -1.000000000000000000, -0.000000000000000000, -0.000000000000000000 ) ) ;
#6403 = CARTESIAN_POINT ( 'NONE',  ( -10.58323552776716348, 3.000000000000000000, 9.100200439206492575 ) ) ;
#6404 = FILL_AREA_STYLE_COLOUR ( '', #4639 ) ;
#6405 = SURFACE_STYLE_USAGE ( .BOTH. , #2166 ) ;
#6406 =( NAMED_UNIT ( * ) SI_UNIT ( $, .STERADIAN. ) SOLID_ANGLE_UNIT ( ) );
#6407 = ADVANCED_FACE ( 'NONE', ( #2948 ), #3052, .F. ) ;
#6409 = SURFACE_STYLE_USAGE ( .BOTH. , #3107 ) ;
#6408 = CARTESIAN_POINT ( 'NONE',  ( -15.37957249080740851, 3.000000000000000000, -15.37957249080740496 ) ) ;
#6410 = ORIENTED_EDGE ( 'NONE', *, *, #6790, .F. ) ;
#6411 = ADVANCED_FACE ( 'NONE', ( #5611 ), #4032, .T. ) ;
#6412 = CARTESIAN_POINT ( 'NONE',  ( 8.750000000000110134, 4.784118327815120253, -9.749999999999996447 ) ) ;
#6413 = CARTESIAN_POINT ( 'NONE',  ( -20.85000000000000853, 9.000000000000001776, -16.56599923110717754 ) ) ;
#6414 = ORIENTED_EDGE ( 'NONE', *, *, #3217, .T. ) ;
#6415 =( LENGTH_UNIT ( ) NAMED_UNIT ( * ) SI_UNIT ( .MILLI., .METRE. ) );
#6416 = AXIS2_PLACEMENT_3D ( 'NONE', #1868, #2361, #239 ) ;
#6417 = COLOUR_RGB ( '',1.000000000000000000, 1.000000000000000000, 1.000000000000000000 ) ;
#6419 = CARTESIAN_POINT ( 'NONE',  ( 5.000000000000002665, 10.00000000000000000, 19.84999999999999787 ) ) ;
#6418 = CARTESIAN_POINT ( 'NONE',  ( 9.869986901028800830, 3.000000000000000000, -5.946512114410268168 ) ) ;
#6420 = ORIENTED_EDGE ( 'NONE', *, *, #3310, .T. ) ;
#6421 =( LENGTH_UNIT ( ) NAMED_UNIT ( * ) SI_UNIT ( .MILLI., .METRE. ) );
#6422 = DIRECTION ( 'NONE',  ( 0.000000000000000000, 1.000000000000000000, -0.000000000000000000 ) ) ;
#6423 = DIRECTION ( 'NONE',  ( 1.000000000000000000, -0.000000000000000000, 0.000000000000000000 ) ) ;
#6424 = FILL_AREA_STYLE_COLOUR ( '', #250 ) ;
#6425 = CARTESIAN_POINT ( 'NONE',  ( -9.717478022909416424, 2.999999999316262489, -10.22596654526678606 ) ) ;
#6426 = ORIENTED_EDGE ( 'NONE', *, *, #4873, .T. ) ;
#6427 = CIRCLE ( 'NONE', #5777, 0.7000000000000000666 ) ;
#6428 = AXIS2_PLACEMENT_3D ( 'NONE', #463, #5275, #1422 ) ;
#6429 = B_SPLINE_CURVE_WITH_KNOTS ( 'NONE', 3,
 ( #3247, #1802, #3975, #4010, #1287, #2818, #1350, #2853, #730, #1763 ),
 .UNSPECIFIED., .F., .F.,
 ( 4, 2, 2, 2, 4 ),
 ( 1.734723475976807094E-18, 0.0007220672724036064638, 0.001444134544807211193, 0.002166201817210815922, 0.002888269089614420651 ),
 .UNSPECIFIED. ) ;
#6430 = CARTESIAN_POINT ( 'NONE',  ( -15.37957249080740851, 2.999999999999999112, -13.67957249080740745 ) ) ;
#6431 =( GEOMETRIC_REPRESENTATION_CONTEXT ( 3 ) GLOBAL_UNCERTAINTY_ASSIGNED_CONTEXT ( ( #2693 ) ) GLOBAL_UNIT_ASSIGNED_CONTEXT ( ( #2481, #2402, #6727 ) ) REPRESENTATION_CONTEXT ( 'NONE', 'WORKASPACE' ) );
#6432 = STYLED_ITEM ( 'NONE', ( #5118 ), #2497 ) ;
#6433 = DIRECTION ( 'NONE',  ( 0.000000000000000000, 0.000000000000000000, -1.000000000000000000 ) ) ;
#6434 = FILL_AREA_STYLE ('',( #5404 ) ) ;
#6435 = CIRCLE ( 'NONE', #203, 1.000000000000000888 ) ;
#6436 = AXIS2_PLACEMENT_3D ( 'NONE', #3065, #4180, #5190 ) ;
#6437 = STYLED_ITEM ( 'NONE', ( #6263 ), #2766 ) ;
#6438 = CARTESIAN_POINT ( 'NONE',  ( -11.31751959769164628, 3.508610859951656558, 10.31357442383146505 ) ) ;
#6439 = CIRCLE ( 'NONE', #96, 0.9999999999999988898 ) ;
#6440 =( NAMED_UNIT ( * ) PLANE_ANGLE_UNIT ( ) SI_UNIT ( $, .RADIAN. ) );
#6441 = UNCERTAINTY_MEASURE_WITH_UNIT (LENGTH_MEASURE( 1.000000000000000082E-05 ), #190, 'distance_accuracy_value', 'NONE');
#6442 = DIRECTION ( 'NONE',  ( 0.7071067811865474617, -0.000000000000000000, -0.7071067811865474617 ) ) ;
#6443 = CIRCLE ( 'NONE', #3438, 1.000000000000000888 ) ;
#6444 = CARTESIAN_POINT ( 'NONE',  ( -9.750000000000003553, 3.000000000000000000, -5.851293488071594773 ) ) ;
#6445 = CYLINDRICAL_SURFACE ( 'NONE', #4214, 1.000000000000000888 ) ;
#6447 =( LENGTH_UNIT ( ) NAMED_UNIT ( * ) SI_UNIT ( .MILLI., .METRE. ) );
#6446 = CARTESIAN_POINT ( 'NONE',  ( 8.750000000000001776, 4.784118327815211735, -11.74999999999999645 ) ) ;
#6448 = UNCERTAINTY_MEASURE_WITH_UNIT (LENGTH_MEASURE( 1.000000000000000082E-05 ), #2377, 'distance_accuracy_value', 'NONE');
#6449 = EDGE_CURVE ( 'NONE', #5748, #3412, #5160, .T. ) ;
#6450 = DIRECTION ( 'NONE',  ( -0.000000000000000000, -1.000000000000000000, -0.000000000000000000 ) ) ;
#6451 = CARTESIAN_POINT ( 'NONE',  ( 7.788641904947295913, 4.701831874940745948, 11.75000000000000000 ) ) ;
#6452 = ORIENTED_EDGE ( 'NONE', *, *, #3518, .T. ) ;
#6453 = CARTESIAN_POINT ( 'NONE',  ( 8.750000000000001776, 5.000000000000000000, -9.749999999999996447 ) ) ;
#6454 = CIRCLE ( 'NONE', #2782, 0.6999999999999992895 ) ;
#6456 = DIRECTION ( 'NONE',  ( -0.7071067811865474617, 0.000000000000000000, 0.7071067811865474617 ) ) ;
#6455 = CARTESIAN_POINT ( 'NONE',  ( 10.65315475726387540, 2.999999993085906702, -7.118877448778494710 ) ) ;
#6457 = ORIENTED_EDGE ( 'NONE', *, *, #3266, .F. ) ;
#6458 = CARTESIAN_POINT ( 'NONE',  ( 7.291108104573448934, 3.000000004592362490, 10.70770558168475617 ) ) ;
#6459 = FILL_AREA_STYLE ('',( #119 ) ) ;
#6460 = DIRECTION ( 'NONE',  ( -1.000000000000000000, -3.252606517456257317E-15, -9.912705577010325549E-17 ) ) ;
#6461 =( GEOMETRIC_REPRESENTATION_CONTEXT ( 3 ) GLOBAL_UNCERTAINTY_ASSIGNED_CONTEXT ( ( #5200 ) ) GLOBAL_UNIT_ASSIGNED_CONTEXT ( ( #843, #5084, #2897 ) ) REPRESENTATION_CONTEXT ( 'NONE', 'WORKASPACE' ) );
#6462 = ORIENTED_EDGE ( 'NONE', *, *, #3095, .F. ) ;
#6463 = COLOUR_RGB ( '',1.000000000000000000, 1.000000000000000000, 1.000000000000000000 ) ;
#6464 = CARTESIAN_POINT ( 'NONE',  ( 11.74999999999999645, 3.524697209923715047, 8.997208843581464777 ) ) ;
#6465 = FILL_AREA_STYLE ('',( #5895 ) ) ;
#6466 = PRESENTATION_LAYER_ASSIGNMENT (  '', '', ( #2238 ) ) ;
#6467 = ADVANCED_FACE ( 'NONE', ( #6770 ), #1308, .F. ) ;
#6468 = PRESENTATION_STYLE_ASSIGNMENT (( #5503 ) ) ;
#6469 = DIRECTION ( 'NONE',  ( 0.000000000000000000, 0.000000000000000000, 1.000000000000000000 ) ) ;
#6470 = PRODUCT_DEFINITION_SHAPE ( 'NONE', 'NONE',  #5469 ) ;
#6471 = LINE ( 'NONE', #6534, #5825 ) ;
#6472 = FACE_OUTER_BOUND ( 'NONE', #1405, .T. ) ;
#6473 = EDGE_CURVE ( 'NONE', #6730, #848, #3830, .T. ) ;
#6474 =( GEOMETRIC_REPRESENTATION_CONTEXT ( 3 ) GLOBAL_UNCERTAINTY_ASSIGNED_CONTEXT ( ( #5062 ) ) GLOBAL_UNIT_ASSIGNED_CONTEXT ( ( #1389, #6142, #5628 ) ) REPRESENTATION_CONTEXT ( 'NONE', 'WORKASPACE' ) );
#6475 = EDGE_CURVE ( 'NONE', #6148, #1491, #6166, .T. ) ;
#6476 = PRESENTATION_STYLE_ASSIGNMENT (( #3201 ) ) ;
#6477 = VECTOR ( 'NONE', #1381, 1000.000000000000000 ) ;
#6478 =( LENGTH_UNIT ( ) NAMED_UNIT ( * ) SI_UNIT ( .MILLI., .METRE. ) );
#6479 = PRESENTATION_STYLE_ASSIGNMENT (( #4354 ) ) ;
#6480 = ADVANCED_FACE ( 'NONE', ( #4197 ), #5406, .F. ) ;
#6481 = EDGE_CURVE ( 'NONE', #6126, #1568, #640, .T. ) ;
#6482 = COLOUR_RGB ( '',1.000000000000000000, 1.000000000000000000, 1.000000000000000000 ) ;
#6483 = AXIS2_PLACEMENT_3D ( 'NONE', #1019, #4842, #129 ) ;
#6484 = CARTESIAN_POINT ( 'NONE',  ( -11.74999999999999822, 4.702583853350593479, 8.270093811502068348 ) ) ;
#6485 = FILL_AREA_STYLE_COLOUR ( '', #1983 ) ;
#6486 = DIRECTION ( 'NONE',  ( 0.000000000000000000, 0.000000000000000000, -1.000000000000000000 ) ) ;
#6487 = AXIS2_PLACEMENT_3D ( 'NONE', #4901, #4383, #3749 ) ;
#6488 =( NAMED_UNIT ( * ) PLANE_ANGLE_UNIT ( ) SI_UNIT ( $, .RADIAN. ) );
#6489 = EDGE_CURVE ( 'NONE', #4189, #891, #609, .T. ) ;
#6490 = EDGE_LOOP ( 'NONE', ( #2480, #6713, #2544, #5879 ) ) ;
#6491 = STYLED_ITEM ( 'NONE', ( #1374 ), #6411 ) ;
#6492 = CARTESIAN_POINT ( 'NONE',  ( 9.749999999999998224, 3.000000000000000000, -5.851293488071590332 ) ) ;
#6494 =( NAMED_UNIT ( * ) SI_UNIT ( $, .STERADIAN. ) SOLID_ANGLE_UNIT ( ) );
#6493 = DIRECTION ( 'NONE',  ( 0.000000000000000000, -5.204170427930426016E-15, -1.000000000000000000 ) ) ;
#6495 = ORIENTED_EDGE ( 'NONE', *, *, #1133, .F. ) ;
#6496 = CARTESIAN_POINT ( 'NONE',  ( 6.098428624015251209, 4.999999988370674942, 11.75000000000000355 ) ) ;
#6497 = PRESENTATION_STYLE_ASSIGNMENT (( #6523 ) ) ;
#6498 = CARTESIAN_POINT ( 'NONE',  ( -8.024999999999996803, 5.000000000000000000, -5.250000000000004441 ) ) ;
#6499 = DIRECTION ( 'NONE',  ( -0.7071067811865475727, 0.000000000000000000, 0.7071067811865475727 ) ) ;
#6500 = CARTESIAN_POINT ( 'NONE',  ( -2.999999999999999112, 4.999999999999999112, 11.75000000000000533 ) ) ;
#6501 = CIRCLE ( 'NONE', #4172, 0.9999999999999991118 ) ;
#6502 = ORIENTED_EDGE ( 'NONE', *, *, #4196, .T. ) ;
#6503 = VERTEX_POINT ( 'NONE', #2862 ) ;
#6504 = CARTESIAN_POINT ( 'NONE',  ( 11.00991375622485791, 4.854180461680759784, 10.73288360482498227 ) ) ;
#6505 = CARTESIAN_POINT ( 'NONE',  ( 16.56599923110718109, 0.9999999999999991118, -19.84999999999999787 ) ) ;
#6506 = DIRECTION ( 'NONE',  ( -0.000000000000000000, -1.000000000000000000, -0.000000000000000000 ) ) ;
#6507 = LINE ( 'NONE', #1725, #4339 ) ;
#6508 = CARTESIAN_POINT ( 'NONE',  ( -4.171572875253808377, 2.999999999999998668, 10.92157287525381371 ) ) ;
#6509 = DIRECTION ( 'NONE',  ( 0.000000000000000000, 1.000000000000000000, 0.000000000000000000 ) ) ;
#6510 = EDGE_CURVE ( 'NONE', #3567, #1736, #4431, .T. ) ;
#6511 = SPHERICAL_SURFACE ( 'NONE', #4805, 1.000000000000000000 ) ;
#6512 = CARTESIAN_POINT ( 'NONE',  ( 11.74999999999999822, 9.000000000000001776, -8.749999999999998224 ) ) ;
#6514 = DIRECTION ( 'NONE',  ( -1.000000000000000000, 0.000000000000000000, 0.000000000000000000 ) ) ;
#6513 = CARTESIAN_POINT ( 'NONE',  ( -20.85000000000000853, 9.000000000000001776, -16.56599923110717754 ) ) ;
#6515 = UNCERTAINTY_MEASURE_WITH_UNIT (LENGTH_MEASURE( 1.000000000000000082E-05 ), #3094, 'distance_accuracy_value', 'NONE');
#6516 = EDGE_CURVE ( 'NONE', #4648, #2529, #148, .T. ) ;
#6517 = CARTESIAN_POINT ( 'NONE',  ( -4.999999999999999112, -10.52072483264118574, 11.75000000000000533 ) ) ;
#6518 = DIRECTION ( 'NONE',  ( 0.000000000000000000, 1.000000000000000000, 0.000000000000000000 ) ) ;
#6519 = ORIENTED_EDGE ( 'NONE', *, *, #6174, .F. ) ;
#6521 = FACE_OUTER_BOUND ( 'NONE', #6214, .T. ) ;
#6520 = CARTESIAN_POINT ( 'NONE',  ( 10.00920742649967110, 3.000000005310109241, -6.071379517298765904 ) ) ;
#6522 = ORIENTED_EDGE ( 'NONE', *, *, #371, .F. ) ;
#6523 = SURFACE_STYLE_USAGE ( .BOTH. , #4471 ) ;
#6524 = SURFACE_STYLE_USAGE ( .BOTH. , #3883 ) ;
#6525 = DIRECTION ( 'NONE',  ( 0.7071067811865475727, 0.000000000000000000, 0.7071067811865475727 ) ) ;
#6526 =( NAMED_UNIT ( * ) PLANE_ANGLE_UNIT ( ) SI_UNIT ( $, .RADIAN. ) );
#6527 = ORIENTED_EDGE ( 'NONE', *, *, #1729, .F. ) ;
#6528 = ORIENTED_EDGE ( 'NONE', *, *, #431, .F. ) ;
#6529 = ORIENTED_EDGE ( 'NONE', *, *, #6098, .F. ) ;
#6530 =( NAMED_UNIT ( * ) SI_UNIT ( $, .STERADIAN. ) SOLID_ANGLE_UNIT ( ) );
#6531 = LINE ( 'NONE', #5528, #4313 ) ;
#6532 =( LENGTH_UNIT ( ) NAMED_UNIT ( * ) SI_UNIT ( .MILLI., .METRE. ) );
#6533 = COLOUR_RGB ( '',1.000000000000000000, 1.000000000000000000, 1.000000000000000000 ) ;
#6534 = CARTESIAN_POINT ( 'NONE',  ( 20.55710678118654045, 0.000000000000000000, -17.27310601229373432 ) ) ;
#6535 = CARTESIAN_POINT ( 'NONE',  ( 8.025000000000000355, 7.500000000000000000, -6.950000000000001066 ) ) ;
#6536 = ADVANCED_FACE ( 'NONE', ( #5451, #2830 ), #4886, .T. ) ;
#6537 = MECHANICAL_DESIGN_GEOMETRIC_PRESENTATION_REPRESENTATION (  '', ( #648 ), #6751 ) ;
#6538 = CIRCLE ( 'NONE', #3204, 1.000000000000001332 ) ;
#6539 = CARTESIAN_POINT ( 'NONE',  ( 8.750000000000001776, 3.000000000000000000, -11.74999999999999645 ) ) ;
#6540 = DIRECTION ( 'NONE',  ( 0.9812749603306770707, 0.1926121808921442136, 1.702240710073833927E-15 ) ) ;
#6541 = DIRECTION ( 'NONE',  ( -0.7071067811865475727, 0.000000000000000000, -0.7071067811865475727 ) ) ;
#6542 = STYLED_ITEM ( 'NONE', ( #3730 ), #2330 ) ;
#6543 = CARTESIAN_POINT ( 'NONE',  ( 15.37957249080740851, 0.000000000000000000, 15.37957249080740496 ) ) ;
#6544 = AXIS2_PLACEMENT_3D ( 'NONE', #372, #859, #6771 ) ;
#6545 = COLOUR_RGB ( '',1.000000000000000000, 1.000000000000000000, 1.000000000000000000 ) ;
#6546 = PRESENTATION_STYLE_ASSIGNMENT (( #5545 ) ) ;
#6548 = SURFACE_STYLE_USAGE ( .BOTH. , #6168 ) ;
#6547 =( NAMED_UNIT ( * ) PLANE_ANGLE_UNIT ( ) SI_UNIT ( $, .RADIAN. ) );
#6549 = EDGE_CURVE ( 'NONE', #4631, #1302, #6501, .T. ) ;
#6550 =( NAMED_UNIT ( * ) PLANE_ANGLE_UNIT ( ) SI_UNIT ( $, .RADIAN. ) );
#6551 = PRESENTATION_LAYER_ASSIGNMENT (  '', '', ( #3659 ) ) ;
#6552 = VECTOR ( 'NONE', #6330, 1000.000000000000000 ) ;
#6553 = CARTESIAN_POINT ( 'NONE',  ( -11.74999999999999822, 4.784118327815212623, -8.749999999999996447 ) ) ;
#6554 = ORIENTED_EDGE ( 'NONE', *, *, #5086, .F. ) ;
#6555 = FACE_OUTER_BOUND ( 'NONE', #4438, .T. ) ;
#6556 = CARTESIAN_POINT ( 'NONE',  ( -15.37957249080740851, 10.00000000000000000, 15.37957249080740496 ) ) ;
#6557 = COLOUR_RGB ( '',1.000000000000000000, 1.000000000000000000, 1.000000000000000000 ) ;
#6558 = ORIENTED_EDGE ( 'NONE', *, *, #1893, .F. ) ;
#6559 = DIRECTION ( 'NONE',  ( -0.000000000000000000, -1.000000000000000000, 0.000000000000000000 ) ) ;
#6560 = DIRECTION ( 'NONE',  ( 0.000000000000000000, 0.000000000000000000, -1.000000000000000000 ) ) ;
#6561 = FILL_AREA_STYLE ('',( #5603 ) ) ;
#6562 =( NAMED_UNIT ( * ) SI_UNIT ( $, .STERADIAN. ) SOLID_ANGLE_UNIT ( ) );
#6563 = VERTEX_POINT ( 'NONE', #3321 ) ;
#6564 = VERTEX_POINT ( 'NONE', #4958 ) ;
#6565 = CARTESIAN_POINT ( 'NONE',  ( -19.84999999999999787, 10.00000000000000000, 16.56599923110718109 ) ) ;
#6566 = ORIENTED_EDGE ( 'NONE', *, *, #2665, .T. ) ;
#6567 =( LENGTH_UNIT ( ) NAMED_UNIT ( * ) SI_UNIT ( .MILLI., .METRE. ) );
#6568 = CARTESIAN_POINT ( 'NONE',  ( -8.024999999999996803, 5.000000000000000000, -8.025000000000000355 ) ) ;
#6569 = CARTESIAN_POINT ( 'NONE',  ( 6.000000000000002665, 10.00000000000000000, 20.85000000000000142 ) ) ;
#6570 = CARTESIAN_POINT ( 'NONE',  ( 10.70013270787367254, 3.000000005602952768, 8.785058124267665747 ) ) ;
#6571 = FACE_OUTER_BOUND ( 'NONE', #6351, .T. ) ;
#6572 = VECTOR ( 'NONE', #6450, 1000.000000000000000 ) ;
#6573 = CYLINDRICAL_SURFACE ( 'NONE', #3032, 1.000000000000000888 ) ;
#6574 = ADVANCED_FACE ( 'NONE', ( #178 ), #5961, .T. ) ;
#6575 = B_SPLINE_CURVE_WITH_KNOTS ( 'NONE', 3,
 ( #2200, #4266, #1132, #5348, #2236, #2664, #1197, #5952, #576, #3316 ),
 .UNSPECIFIED., .F., .F.,
 ( 4, 2, 2, 2, 4 ),
 ( 0.000000000000000000, 0.0007393883215136571718, 0.001478776643027314344, 0.002218164964540971298, 0.002957553286054628687 ),
 .UNSPECIFIED. ) ;
#6576 = CIRCLE ( 'NONE', #3570, 2.000000000000000000 ) ;
#6577 = CYLINDRICAL_SURFACE ( 'NONE', #93, 1.000000000000000888 ) ;
#6578 = CARTESIAN_POINT ( 'NONE',  ( 20.55710678118654045, 9.000000000000001776, -17.27310601229373432 ) ) ;
#6579 = COLOUR_RGB ( '',1.000000000000000000, 1.000000000000000000, 1.000000000000000000 ) ;
#6580 = CIRCLE ( 'NONE', #6269, 2.000000000000000000 ) ;
#6581 = FILL_AREA_STYLE ('',( #3280 ) ) ;
#6582 = UNCERTAINTY_MEASURE_WITH_UNIT (LENGTH_MEASURE( 1.000000000000000082E-05 ), #2495, 'distance_accuracy_value', 'NONE');
#6583 = CIRCLE ( 'NONE', #595, 2.774999999999996358 ) ;
#6584 = COLOUR_RGB ( '',1.000000000000000000, 1.000000000000000000, 1.000000000000000000 ) ;
#6585 = AXIS2_PLACEMENT_3D ( 'NONE', #5045, #727, #280 ) ;
#6586 = CYLINDRICAL_SURFACE ( 'NONE', #4913, 2.774999999999996358 ) ;
#6587 =( GEOMETRIC_REPRESENTATION_CONTEXT ( 3 ) GLOBAL_UNCERTAINTY_ASSIGNED_CONTEXT ( ( #5279 ) ) GLOBAL_UNIT_ASSIGNED_CONTEXT ( ( #6292, #3673, #2594 ) ) REPRESENTATION_CONTEXT ( 'NONE', 'WORKASPACE' ) );
#6588 =( BOUNDED_CURVE ( )  B_SPLINE_CURVE ( 3, ( #2959, #2393, #4497, #5625 ),
 .UNSPECIFIED., .F., .F. ) 
 B_SPLINE_CURVE_WITH_KNOTS ( ( 4, 4 ),
 ( 3.141592653589793116, 4.712388980384689674 ),
 .UNSPECIFIED. ) 
 CURVE ( )  GEOMETRIC_REPRESENTATION_ITEM ( )  RATIONAL_B_SPLINE_CURVE ( ( 1.000000000000000000, 0.8047378541243649375, 0.8047378541243649375, 1.000000000000000000 ) ) 
 REPRESENTATION_ITEM ( '' )  );
#6589 = SURFACE_STYLE_FILL_AREA ( #2300 ) ;
#6591 = CARTESIAN_POINT ( 'NONE',  ( 8.750000000000001776, 3.000000000000000000, -9.749999999999996447 ) ) ;
#6590 = DIRECTION ( 'NONE',  ( 9.727089771850446160E-17, -0.1926121808921681111, 0.9812749603306726298 ) ) ;
#6592 = AXIS2_PLACEMENT_3D ( 'NONE', #344, #5684, #3941 ) ;
#6593 = AXIS2_PLACEMENT_3D ( 'NONE', #3363, #5499, #6061 ) ;
#6594 = ORIENTED_EDGE ( 'NONE', *, *, #1512, .T. ) ;
#6595 = UNCERTAINTY_MEASURE_WITH_UNIT (LENGTH_MEASURE( 1.000000000000000082E-05 ), #4919, 'distance_accuracy_value', 'NONE');
#6596 = DIRECTION ( 'NONE',  ( 0.000000000000000000, 0.000000000000000000, 1.000000000000000000 ) ) ;
#6597 = FILL_AREA_STYLE_COLOUR ( '', #539 ) ;
#6598 = SURFACE_STYLE_FILL_AREA ( #2966 ) ;
#6599 = ORIENTED_EDGE ( 'NONE', *, *, #1333, .T. ) ;
#6600 = ORIENTED_EDGE ( 'NONE', *, *, #383, .F. ) ;
#6601 =( NAMED_UNIT ( * ) SI_UNIT ( $, .STERADIAN. ) SOLID_ANGLE_UNIT ( ) );
#6602 = AXIS2_PLACEMENT_3D ( 'NONE', #3014, #5140, #3603 ) ;
#6603 = EDGE_LOOP ( 'NONE', ( #4439, #3540, #1843, #1533 ) ) ;
#6604 = SURFACE_STYLE_USAGE ( .BOTH. , #3463 ) ;
#6605 = CYLINDRICAL_SURFACE ( 'NONE', #1869, 3.250000000000001332 ) ;
#6606 = ORIENTED_EDGE ( 'NONE', *, *, #3015, .T. ) ;
#6607 = SURFACE_SIDE_STYLE ('',( #4483 ) ) ;
#6608 = STYLED_ITEM ( 'NONE', ( #6015 ), #6536 ) ;
#6609 = EDGE_CURVE ( 'NONE', #1857, #3693, #5164, .T. ) ;
#6610 = FILL_AREA_STYLE_COLOUR ( '', #6345 ) ;
#6611 = SPHERICAL_SURFACE ( 'NONE', #208, 1.000000000000000000 ) ;
#6612 = ADVANCED_FACE ( 'NONE', ( #1921 ), #5902, .F. ) ;
#6613 = CARTESIAN_POINT ( 'NONE',  ( 10.46271572104906866, 3.000000013828131529, 6.657999802956807933 ) ) ;
#6614 = FILL_AREA_STYLE ('',( #4488 ) ) ;
#6615 = PRESENTATION_LAYER_ASSIGNMENT (  '', '', ( #3165 ) ) ;
#6616 = CARTESIAN_POINT ( 'NONE',  ( -8.025000000000000355, 5.000000000000000000, -6.250000000000000888 ) ) ;
#6617 = SURFACE_STYLE_USAGE ( .BOTH. , #6000 ) ;
#6618 = CARTESIAN_POINT ( 'NONE',  ( 12.75000000000000178, 10.00000000000000000, 8.750000000000003553 ) ) ;
#6619 = CARTESIAN_POINT ( 'NONE',  ( -19.84999999999999787, 9.000000000000001776, 16.56599923110718109 ) ) ;
#6620 = DIRECTION ( 'NONE',  ( 1.000000000000000000, -0.000000000000000000, 0.000000000000000000 ) ) ;
#6621 = SURFACE_STYLE_USAGE ( .BOTH. , #6176 ) ;
#6622 = EDGE_CURVE ( 'NONE', #6251, #2711, #5310, .T. ) ;
#6623 = CARTESIAN_POINT ( 'NONE',  ( -11.74999999999999822, 5.000000000000000000, -5.851293488071594773 ) ) ;
#6624 = ADVANCED_FACE ( 'NONE', ( #3142 ), #4157, .T. ) ;
#6626 = CARTESIAN_POINT ( 'NONE',  ( -8.024999999999996803, 5.000000000000000000, -8.025000000000000355 ) ) ;
#6625 = CARTESIAN_POINT ( 'NONE',  ( -11.75000000000000000, 3.580699138943947979, -8.376633265834565023 ) ) ;
#6627 = EDGE_LOOP ( 'NONE', ( #147, #6252 ) ) ;
#6628 = DIRECTION ( 'NONE',  ( -0.7071067811865474617, -0.000000000000000000, 0.7071067811865474617 ) ) ;
#6629 = DIRECTION ( 'NONE',  ( 0.000000000000000000, 0.000000000000000000, -1.000000000000000000 ) ) ;
#6630 = SURFACE_SIDE_STYLE ('',( #6080 ) ) ;
#6631 = DIRECTION ( 'NONE',  ( 0.000000000000000000, 0.000000000000000000, 1.000000000000000000 ) ) ;
#6632 = EDGE_LOOP ( 'NONE', ( #4193, #6633, #718, #1709 ) ) ;
#6633 = ORIENTED_EDGE ( 'NONE', *, *, #4380, .T. ) ;
#6634 = ORIENTED_EDGE ( 'NONE', *, *, #2265, .F. ) ;
#6635 = FILL_AREA_STYLE ('',( #6029 ) ) ;
#6636 = SURFACE_STYLE_FILL_AREA ( #4517 ) ;
#6637 = VERTEX_POINT ( 'NONE', #499 ) ;
#6638 = ORIENTED_EDGE ( 'NONE', *, *, #2062, .T. ) ;
#6639 =( NAMED_UNIT ( * ) PLANE_ANGLE_UNIT ( ) SI_UNIT ( $, .RADIAN. ) );
#6640 = CARTESIAN_POINT ( 'NONE',  ( -11.74999999999999822, 3.000000000000000000, -8.749999999999996447 ) ) ;
#6641 = EDGE_CURVE ( 'NONE', #893, #1274, #717, .T. ) ;
#6642 = CARTESIAN_POINT ( 'NONE',  ( -8.024999999999996803, 5.000000000000000000, 8.025000000000000355 ) ) ;
#6643 =( NAMED_UNIT ( * ) PLANE_ANGLE_UNIT ( ) SI_UNIT ( $, .RADIAN. ) );
#6644 = CIRCLE ( 'NONE', #3640, 2.774999999999996358 ) ;
#6645 = FILL_AREA_STYLE_COLOUR ( '', #2406 ) ;
#6646 = AXIS2_PLACEMENT_3D ( 'NONE', #3595, #5128, #847 ) ;
#6647 = SURFACE_STYLE_FILL_AREA ( #2498 ) ;
#6648 = DIRECTION ( 'NONE',  ( 0.000000000000000000, 1.000000000000000000, -3.035766082959412415E-15 ) ) ;
#6649 = AXIS2_PLACEMENT_3D ( 'NONE', #2340, #4403, #6560 ) ;
#6650 = STYLED_ITEM ( 'NONE', ( #5767 ), #2261 ) ;
#6651 = DIRECTION ( 'NONE',  ( 0.000000000000000000, -1.000000000000000000, 0.000000000000000000 ) ) ;
#6652 = CARTESIAN_POINT ( 'NONE',  ( 9.715111331886481238, 4.832367273471386504, -11.59740949535871479 ) ) ;
#6653 = AXIS2_PLACEMENT_3D ( 'NONE', #6285, #4823, #4791 ) ;
#6654 = PRESENTATION_LAYER_ASSIGNMENT (  '', '', ( #314 ) ) ;
#6655 = UNCERTAINTY_MEASURE_WITH_UNIT (LENGTH_MEASURE( 1.000000000000000082E-05 ), #6421, 'distance_accuracy_value', 'NONE');
#6656 = CIRCLE ( 'NONE', #4669, 1.699999999999994849 ) ;
#6657 = FILL_AREA_STYLE ('',( #4082 ) ) ;
#6659 =( NAMED_UNIT ( * ) PLANE_ANGLE_UNIT ( ) SI_UNIT ( $, .RADIAN. ) );
#6658 = CARTESIAN_POINT ( 'NONE',  ( -8.024999999999996803, 6.799999999999999822, 8.025000000000000355 ) ) ;
#6660 = ADVANCED_FACE ( 'NONE', ( #386 ), #5054, .T. ) ;
#6661 = ORIENTED_EDGE ( 'NONE', *, *, #2254, .T. ) ;
#6662 = UNCERTAINTY_MEASURE_WITH_UNIT (LENGTH_MEASURE( 1.000000000000000082E-05 ), #1413, 'distance_accuracy_value', 'NONE');
#6663 = FACE_OUTER_BOUND ( 'NONE', #3023, .T. ) ;
#6664 = SURFACE_STYLE_USAGE ( .BOTH. , #5025 ) ;
#6665 = PRESENTATION_LAYER_ASSIGNMENT (  '', '', ( #4443 ) ) ;
#6666 = VERTEX_POINT ( 'NONE', #992 ) ;
#6667 = ORIENTED_EDGE ( 'NONE', *, *, #1100, .T. ) ;
#6668 = SURFACE_STYLE_FILL_AREA ( #1887 ) ;
#6669 = ORIENTED_EDGE ( 'NONE', *, *, #1417, .F. ) ;
#6670 = AXIS2_PLACEMENT_3D ( 'NONE', #1091, #4743, #1114 ) ;
#6671 = MECHANICAL_DESIGN_GEOMETRIC_PRESENTATION_REPRESENTATION (  '', ( #2434 ), #2113 ) ;
#6672 = DIRECTION ( 'NONE',  ( -4.336808689942017736E-16, 4.336808689942017736E-16, -1.000000000000000000 ) ) ;
#6673 = CARTESIAN_POINT ( 'NONE',  ( 15.37957249080740851, 2.999999999999999112, 15.37957249080740496 ) ) ;
#6674 = ORIENTED_EDGE ( 'NONE', *, *, #4519, .F. ) ;
#6675 = SURFACE_STYLE_FILL_AREA ( #5074 ) ;
#6676 = CYLINDRICAL_SURFACE ( 'NONE', #4915, 1.000000000000001332 ) ;
#6677 = ORIENTED_EDGE ( 'NONE', *, *, #1526, .T. ) ;
#6678 = AXIS2_PLACEMENT_3D ( 'NONE', #658, #1250, #5004 ) ;
#6679 = EDGE_CURVE ( 'NONE', #5854, #1178, #4424, .T. ) ;
#6680 = AXIS2_PLACEMENT_3D ( 'NONE', #673, #2199, #1734 ) ;
#6681 = DIRECTION ( 'NONE',  ( -1.664003334270318564E-16, 0.000000000000000000, -1.000000000000000000 ) ) ;
#6682 = FILL_AREA_STYLE ('',( #6267 ) ) ;
#6683 = ADVANCED_FACE ( 'NONE', ( #2268 ), #5948, .T. ) ;
#6684 = CARTESIAN_POINT ( 'NONE',  ( 8.024999999999996803, 5.000000000000000000, 5.250000000000004441 ) ) ;
#6685 = COLOUR_RGB ( '',1.000000000000000000, 1.000000000000000000, 1.000000000000000000 ) ;
#6686 = EDGE_CURVE ( 'NONE', #3560, #2334, #6042, .T. ) ;
#6687 = DIRECTION ( 'NONE',  ( 0.000000000000000000, 0.000000000000000000, 1.000000000000000000 ) ) ;
#6688 = STYLED_ITEM ( 'NONE', ( #3561 ), #5405 ) ;
#6689 = PRESENTATION_LAYER_ASSIGNMENT (  '', '', ( #1352 ) ) ;
#6690 = FACE_OUTER_BOUND ( 'NONE', #4336, .T. ) ;
#6691 = SURFACE_STYLE_FILL_AREA ( #4051 ) ;
#6692 = EDGE_LOOP ( 'NONE', ( #398, #2242, #4959, #2938 ) ) ;
#6693 = DIRECTION ( 'NONE',  ( 1.000000000000000000, 0.000000000000000000, 0.000000000000000000 ) ) ;
#6694 = PRESENTATION_LAYER_ASSIGNMENT (  '', '', ( #6147 ) ) ;
#6695 = MECHANICAL_DESIGN_GEOMETRIC_PRESENTATION_REPRESENTATION (  '', ( #4598 ), #1694 ) ;
#6696 = FILL_AREA_STYLE_COLOUR ( '', #5237 ) ;
#6697 = ORIENTED_EDGE ( 'NONE', *, *, #4380, .F. ) ;
#6698 = ORIENTED_EDGE ( 'NONE', *, *, #5349, .T. ) ;
#6699 = DIRECTION ( 'NONE',  ( 0.000000000000000000, 0.000000000000000000, -1.000000000000000000 ) ) ;
#6700 =( GEOMETRIC_REPRESENTATION_CONTEXT ( 3 ) GLOBAL_UNCERTAINTY_ASSIGNED_CONTEXT ( ( #1036 ) ) GLOBAL_UNIT_ASSIGNED_CONTEXT ( ( #1661, #5375, #5306 ) ) REPRESENTATION_CONTEXT ( 'NONE', 'WORKASPACE' ) );
#6701 = VERTEX_POINT ( 'NONE', #5975 ) ;
#6702 = CARTESIAN_POINT ( 'NONE',  ( 19.84999999999999432, 0.9999999999999995559, -16.56599923110718819 ) ) ;
#6703 = COLOUR_RGB ( '',1.000000000000000000, 1.000000000000000000, 1.000000000000000000 ) ;
#6704 = DIRECTION ( 'NONE',  ( -1.000000000000000000, 0.000000000000000000, 0.000000000000000000 ) ) ;
#6706 = CYLINDRICAL_SURFACE ( 'NONE', #5002, 1.000000000000000888 ) ;
#6705 = CARTESIAN_POINT ( 'NONE',  ( 8.750000000000001776, 9.000000000000001776, 11.75000000000000355 ) ) ;
#6707 = ORIENTED_EDGE ( 'NONE', *, *, #2935, .T. ) ;
#6708 = PRESENTATION_LAYER_ASSIGNMENT (  '', '', ( #143 ) ) ;
#6709 = CYLINDRICAL_SURFACE ( 'NONE', #3004, 2.774999999999996358 ) ;
#6710 = PRESENTATION_STYLE_ASSIGNMENT (( #2417 ) ) ;
#6711 = DIRECTION ( 'NONE',  ( 0.7071067811865492381, 0.000000000000000000, 0.7071067811865457964 ) ) ;
#6712 = AXIS2_PLACEMENT_3D ( 'NONE', #6702, #1339, #2840 ) ;
#6713 = ORIENTED_EDGE ( 'NONE', *, *, #2291, .T. ) ;
#6714 = CARTESIAN_POINT ( 'NONE',  ( 11.75000000000000355, 3.414246218433333535, 6.504916941037937939 ) ) ;
#6715 =( LENGTH_UNIT ( ) NAMED_UNIT ( * ) SI_UNIT ( .MILLI., .METRE. ) );
#6716 = AXIS2_PLACEMENT_3D ( 'NONE', #1962, #4097, #6216 ) ;
#6717 = CARTESIAN_POINT ( 'NONE',  ( -8.853446772640825913, 3.545471696833116138, 11.75000000000000533 ) ) ;
#6718 = DIRECTION ( 'NONE',  ( -0.000000000000000000, 1.000000000000000000, -0.000000000000000000 ) ) ;
#6719 = EDGE_CURVE ( 'NONE', #1998, #1334, #1939, .T. ) ;
#6720 = CARTESIAN_POINT ( 'NONE',  ( -8.997208843581368853, 3.524697209923718599, -11.74999999999999645 ) ) ;
#6721 = DIRECTION ( 'NONE',  ( -2.973811673103097665E-16, 0.000000000000000000, -1.000000000000000000 ) ) ;
#6722 = FILL_AREA_STYLE ('',( #460 ) ) ;
#6723 = FILL_AREA_STYLE_COLOUR ( '', #38 ) ;
#6724 = SURFACE_SIDE_STYLE ('',( #3521 ) ) ;
#6725 = EDGE_LOOP ( 'NONE', ( #2911, #2603 ) ) ;
#6726 = FACE_OUTER_BOUND ( 'NONE', #5646, .T. ) ;
#6727 =( NAMED_UNIT ( * ) SI_UNIT ( $, .STERADIAN. ) SOLID_ANGLE_UNIT ( ) );
#6728 = CARTESIAN_POINT ( 'NONE',  ( 16.56599923110718109, 0.9999999999999995559, 19.84999999999999787 ) ) ;
#6729 = DIRECTION ( 'NONE',  ( -0.000000000000000000, -1.000000000000000000, -0.000000000000000000 ) ) ;
#6730 = VERTEX_POINT ( 'NONE', #6513 ) ;
#6731 = SURFACE_STYLE_USAGE ( .BOTH. , #2484 ) ;
#6732 = ORIENTED_EDGE ( 'NONE', *, *, #1188, .T. ) ;
#6733 = SURFACE_STYLE_FILL_AREA ( #6321 ) ;
#6734 = FILL_AREA_STYLE ('',( #6124 ) ) ;
#6735 = ORIENTED_EDGE ( 'NONE', *, *, #4863, .F. ) ;
#6736 = ORIENTED_EDGE ( 'NONE', *, *, #4046, .F. ) ;
#6737 = SURFACE_SIDE_STYLE ('',( #6675 ) ) ;
#6738 = DIRECTION ( 'NONE',  ( -0.000000000000000000, -1.000000000000000000, -0.000000000000000000 ) ) ;
#6739 =( NAMED_UNIT ( * ) SI_UNIT ( $, .STERADIAN. ) SOLID_ANGLE_UNIT ( ) );
#6740 = FACE_OUTER_BOUND ( 'NONE', #2621, .T. ) ;
#6741 = ORIENTED_EDGE ( 'NONE', *, *, #1764, .F. ) ;
#6742 =( NAMED_UNIT ( * ) PLANE_ANGLE_UNIT ( ) SI_UNIT ( $, .RADIAN. ) );
#6743 =( NAMED_UNIT ( * ) SI_UNIT ( $, .STERADIAN. ) SOLID_ANGLE_UNIT ( ) );
#6744 = CARTESIAN_POINT ( 'NONE',  ( -8.236555335838509961, 3.000000000830898017, 10.79862929450323783 ) ) ;
#6745 = EDGE_CURVE ( 'NONE', #4545, #1743, #3380, .T. ) ;
#6746 =( NAMED_UNIT ( * ) SI_UNIT ( $, .STERADIAN. ) SOLID_ANGLE_UNIT ( ) );
#6747 = FILL_AREA_STYLE ('',( #2526 ) ) ;
#6748 = STYLED_ITEM ( 'NONE', ( #1317 ), #2719 ) ;
#6749 = EDGE_LOOP ( 'NONE', ( #2404, #1890, #1965, #331 ) ) ;
#6750 = CARTESIAN_POINT ( 'NONE',  ( -8.785058124267518309, 3.000000005602954989, -10.70013270787372051 ) ) ;
#6751 =( GEOMETRIC_REPRESENTATION_CONTEXT ( 3 ) GLOBAL_UNCERTAINTY_ASSIGNED_CONTEXT ( ( #1290 ) ) GLOBAL_UNIT_ASSIGNED_CONTEXT ( ( #2108, #6393, #2044 ) ) REPRESENTATION_CONTEXT ( 'NONE', 'WORKASPACE' ) );
#6752 =( NAMED_UNIT ( * ) SI_UNIT ( $, .STERADIAN. ) SOLID_ANGLE_UNIT ( ) );
#6753 = DIRECTION ( 'NONE',  ( 0.000000000000000000, -0.000000000000000000, 1.000000000000000000 ) ) ;
#6754 =( NAMED_UNIT ( * ) PLANE_ANGLE_UNIT ( ) SI_UNIT ( $, .RADIAN. ) );
#6755 = EDGE_CURVE ( 'NONE', #2338, #4896, #3282, .T. ) ;
#6756 = AXIS2_PLACEMENT_3D ( 'NONE', #2015, #4141, #3687 ) ;
#6758 = FACE_OUTER_BOUND ( 'NONE', #2411, .T. ) ;
#6757 = CARTESIAN_POINT ( 'NONE',  ( -11.74999999999999822, 5.000000000000000000, -5.851293488071593885 ) ) ;
#6759 = EDGE_LOOP ( 'NONE', ( #5146, #2037, #6024, #5278, #2009, #2041, #49 ) ) ;
#6760 = CARTESIAN_POINT ( 'NONE',  ( 8.024999999999996803, 5.000000000000000000, 8.025000000000000355 ) ) ;
#6761 = CARTESIAN_POINT ( 'NONE',  ( -10.80124311984461727, 2.999999999169112641, 7.851076890519970597 ) ) ;
#6762 = AXIS2_PLACEMENT_3D ( 'NONE', #6412, #6136, #4528 ) ;
#6763 = EDGE_CURVE ( 'NONE', #2557, #3418, #2722, .T. ) ;
#6764 = VERTEX_POINT ( 'NONE', #1732 ) ;
#6765 = AXIS2_PLACEMENT_3D ( 'NONE', #2368, #286, #4496 ) ;
#6766 = DIRECTION ( 'NONE',  ( 0.000000000000000000, 0.000000000000000000, -1.000000000000000000 ) ) ;
#6767 = EDGE_LOOP ( 'NONE', ( #4325, #6208, #6816, #1932, #1392 ) ) ;
#6768 = CYLINDRICAL_SURFACE ( 'NONE', #2479, 1.000000000000000888 ) ;
#6769 = CARTESIAN_POINT ( 'NONE',  ( 15.37957249080740851, 0.000000000000000000, -15.37957249080740496 ) ) ;
#6771 = DIRECTION ( 'NONE',  ( 0.000000000000000000, 0.000000000000000000, -1.000000000000000000 ) ) ;
#6770 = FACE_OUTER_BOUND ( 'NONE', #3187, .T. ) ;
#6772 = DIRECTION ( 'NONE',  ( 0.000000000000000000, 0.000000000000000000, -1.000000000000000000 ) ) ;
#6773 = CIRCLE ( 'NONE', #1531, 4.000000000000001776 ) ;
#6774 = AXIS2_PLACEMENT_3D ( 'NONE', #6818, #5752, #972 ) ;
#6775 = ORIENTED_EDGE ( 'NONE', *, *, #4511, .T. ) ;
#6776 = PLANE ( 'NONE',  #3012 ) ;
#6777 =( LENGTH_UNIT ( ) NAMED_UNIT ( * ) SI_UNIT ( .MILLI., .METRE. ) );
#6778 = CARTESIAN_POINT ( 'NONE',  ( 8.275771039781108840, 4.711159729501279259, -11.74999999999999645 ) ) ;
#6779 = EDGE_CURVE ( 'NONE', #5710, #1498, #4878, .T. ) ;
#6780 = ORIENTED_EDGE ( 'NONE', *, *, #3939, .T. ) ;
#6781 = DIRECTION ( 'NONE',  ( -0.000000000000000000, 0.000000000000000000, -1.000000000000000000 ) ) ;
#6782 = AXIS2_PLACEMENT_3D ( 'NONE', #3566, #5712, #335 ) ;
#6783 = CARTESIAN_POINT ( 'NONE',  ( -8.209039814144215796, 3.585684018395394634, 11.75000000000000533 ) ) ;
#6784 = DIRECTION ( 'NONE',  ( 0.000000000000000000, 0.000000000000000000, -1.000000000000000000 ) ) ;
#6785 = CARTESIAN_POINT ( 'NONE',  ( -10.25533786589564578, 4.847573141624702764, -11.35239049452331450 ) ) ;
#6786 = STYLED_ITEM ( 'NONE', ( #4940 ), #185 ) ;
#6787 = COLOUR_RGB ( '',1.000000000000000000, 1.000000000000000000, 1.000000000000000000 ) ;
#6788 = SURFACE_SIDE_STYLE ('',( #6647 ) ) ;
#6789 = SURFACE_SIDE_STYLE ('',( #913 ) ) ;
#6790 = EDGE_CURVE ( 'NONE', #6666, #545, #6288, .T. ) ;
#6791 = MECHANICAL_DESIGN_GEOMETRIC_PRESENTATION_REPRESENTATION (  '', ( #6239 ), #6133 ) ;
#6792 = ORIENTED_EDGE ( 'NONE', *, *, #2360, .F. ) ;
#6793 = CARTESIAN_POINT ( 'NONE',  ( -7.118877448778444084, 2.999999993085954664, -10.65315475726395889 ) ) ;
#6794 = AXIS2_PLACEMENT_3D ( 'NONE', #6384, #2755, #3315 ) ;
#6795 = STYLED_ITEM ( 'NONE', ( #5814 ), #4422 ) ;
#6796 = CARTESIAN_POINT ( 'NONE',  ( -16.56599923110718109, 9.000000000000001776, 20.85000000000000142 ) ) ;
#6797 = SURFACE_STYLE_USAGE ( .BOTH. , #2476 ) ;
#6798 = CARTESIAN_POINT ( 'NONE',  ( 11.71811113005683858, 3.521849287766384062, -9.334054701751059113 ) ) ;
#6799 = AXIS2_PLACEMENT_3D ( 'NONE', #6072, #1728, #2784 ) ;
#6800 = CARTESIAN_POINT ( 'NONE',  ( 11.75000000000000355, 4.797049643124839946, 8.947638215693851649 ) ) ;
#6802 = CARTESIAN_POINT ( 'NONE',  ( 12.74999999999999822, 9.000000000000001776, -8.749999999999998224 ) ) ;
#6801 = CARTESIAN_POINT ( 'NONE',  ( -11.74999999999999822, 4.828844623781682444, -7.070270749635147567 ) ) ;
#6803 = ORIENTED_EDGE ( 'NONE', *, *, #4280, .F. ) ;
#6804 = UNCERTAINTY_MEASURE_WITH_UNIT (LENGTH_MEASURE( 1.000000000000000082E-05 ), #4426, 'distance_accuracy_value', 'NONE');
#6805 = DIRECTION ( 'NONE',  ( 0.000000000000000000, -1.000000000000000000, 0.000000000000000000 ) ) ;
#6806 = SURFACE_STYLE_FILL_AREA ( #2694 ) ;
#6807 = CARTESIAN_POINT ( 'NONE',  ( -11.74999999999999645, 4.740320937067243001, 8.513406125967934557 ) ) ;
#6808 = PRESENTATION_LAYER_ASSIGNMENT (  '', '', ( #6688 ) ) ;
#6809 = EDGE_CURVE ( 'NONE', #4243, #3683, #6588, .T. ) ;
#6810 = ORIENTED_EDGE ( 'NONE', *, *, #4213, .F. ) ;
#6811 = CIRCLE ( 'NONE', #4489, 2.000000000000000444 ) ;
#6812 = CARTESIAN_POINT ( 'NONE',  ( -8.749999999999996447, 4.784118327815214400, 11.75000000000000533 ) ) ;
#6813 = FACE_OUTER_BOUND ( 'NONE', #6490, .T. ) ;
#6814 = DIRECTION ( 'NONE',  ( 1.000000000000000000, 0.000000000000000000, 9.912705577010326782E-17 ) ) ;
#6815 =( GEOMETRIC_REPRESENTATION_CONTEXT ( 3 ) GLOBAL_UNCERTAINTY_ASSIGNED_CONTEXT ( ( #3734 ) ) GLOBAL_UNIT_ASSIGNED_CONTEXT ( ( #5396, #3357, #1207 ) ) REPRESENTATION_CONTEXT ( 'NONE', 'WORKASPACE' ) );
#6816 = ORIENTED_EDGE ( 'NONE', *, *, #2744, .T. ) ;
#6817 = DIRECTION ( 'NONE',  ( 1.000000000000000000, 0.000000000000000000, 0.000000000000000000 ) ) ;
#6818 = CARTESIAN_POINT ( 'NONE',  ( 8.024999999999996803, 5.000000000000000000, -8.025000000000000355 ) ) ;
#6819 =( GEOMETRIC_REPRESENTATION_CONTEXT ( 3 ) GLOBAL_UNCERTAINTY_ASSIGNED_CONTEXT ( ( #6864 ) ) GLOBAL_UNIT_ASSIGNED_CONTEXT ( ( #2709, #3745, #3220 ) ) REPRESENTATION_CONTEXT ( 'NONE', 'WORKASPACE' ) );
#6820 = ORIENTED_EDGE ( 'NONE', *, *, #5057, .F. ) ;
#6821 = SURFACE_STYLE_FILL_AREA ( #3087 ) ;
#6822 = CIRCLE ( 'NONE', #5384, 1.000000000000001332 ) ;
#6823 = CYLINDRICAL_SURFACE ( 'NONE', #1257, 2.000000000000000000 ) ;
#6824 =( GEOMETRIC_REPRESENTATION_CONTEXT ( 3 ) GLOBAL_UNCERTAINTY_ASSIGNED_CONTEXT ( ( #5557 ) ) GLOBAL_UNIT_ASSIGNED_CONTEXT ( ( #2860, #2829, #1267 ) ) REPRESENTATION_CONTEXT ( 'NONE', 'WORKASPACE' ) );
#6825 = CARTESIAN_POINT ( 'NONE',  ( -8.631793546517460669, 4.760915839510718506, 11.75000000000000533 ) ) ;
#6826 = SPHERICAL_SURFACE ( 'NONE', #597, 1.000000000000000000 ) ;
#6827 = EDGE_CURVE ( 'NONE', #5914, #4113, #3328, .T. ) ;
#6828 = TOROIDAL_SURFACE ( 'NONE', #5595, 4.000000000000001776, 1.000000000000000000 ) ;
#6829 = ORIENTED_EDGE ( 'NONE', *, *, #4748, .T. ) ;
#6830 = COLOUR_RGB ( '',1.000000000000000000, 1.000000000000000000, 1.000000000000000000 ) ;
#6831 = SURFACE_SIDE_STYLE ('',( #919 ) ) ;
#6832 = CARTESIAN_POINT ( 'NONE',  ( 10.07953438174945227, 4.843506489007262772, 11.44639300610222676 ) ) ;
#6833 = SURFACE_SIDE_STYLE ('',( #1598 ) ) ;
#6834 = ORIENTED_EDGE ( 'NONE', *, *, #5785, .T. ) ;
#6835 = CARTESIAN_POINT ( 'NONE',  ( 17.27310601229372722, 0.000000000000000000, 20.55710678118654755 ) ) ;
#6836 = PRESENTATION_STYLE_ASSIGNMENT (( #4722 ) ) ;
#6837 = EDGE_CURVE ( 'NONE', #4520, #4243, #807, .T. ) ;
#6838 = CARTESIAN_POINT ( 'NONE',  ( -8.025000000000000355, 7.500000000000000000, -6.950000000000001066 ) ) ;
#6839 = DIRECTION ( 'NONE',  ( 0.000000000000000000, 1.000000000000000000, 0.000000000000000000 ) ) ;
#6840 = ORIENTED_EDGE ( 'NONE', *, *, #6277, .T. ) ;
#6841 = FILL_AREA_STYLE_COLOUR ( '', #6062 ) ;
#6842 = EDGE_CURVE ( 'NONE', #1573, #6666, #1836, .T. ) ;
#6844 = CARTESIAN_POINT ( 'NONE',  ( 19.84999999999999076, 0.000000000000000000, -16.56599923110718819 ) ) ;
#6843 =( NAMED_UNIT ( * ) SI_UNIT ( $, .STERADIAN. ) SOLID_ANGLE_UNIT ( ) );
#6845 = LINE ( 'NONE', #3158, #5804 ) ;
#6846 = ORIENTED_EDGE ( 'NONE', *, *, #4312, .T. ) ;
#6847 =( NAMED_UNIT ( * ) PLANE_ANGLE_UNIT ( ) SI_UNIT ( $, .RADIAN. ) );
#6848 = CARTESIAN_POINT ( 'NONE',  ( 9.100200439206625802, 3.000000000000000444, -10.58323552776711018 ) ) ;
#6849 = ORIENTED_EDGE ( 'NONE', *, *, #3300, .T. ) ;
#6850 = SURFACE_STYLE_USAGE ( .BOTH. , #555 ) ;
#6851 = CARTESIAN_POINT ( 'NONE',  ( 3.000000000000002665, 4.999999999999999112, 11.75000000000000355 ) ) ;
#6852 = EDGE_CURVE ( 'NONE', #6730, #60, #2369, .T. ) ;
#6853 =( NAMED_UNIT ( * ) SI_UNIT ( $, .STERADIAN. ) SOLID_ANGLE_UNIT ( ) );
#6854 = CARTESIAN_POINT ( 'NONE',  ( 15.37957249080740851, 2.999999999999999112, -15.37957249080740496 ) ) ;
#6855 = EDGE_LOOP ( 'NONE', ( #3811, #5662 ) ) ;
#6856 = UNCERTAINTY_MEASURE_WITH_UNIT (LENGTH_MEASURE( 1.000000000000000082E-05 ), #4795, 'distance_accuracy_value', 'NONE');
#6857 = CARTESIAN_POINT ( 'NONE',  ( 17.07957249080740425, 2.999999999999999556, 15.37957249080740496 ) ) ;
#6858 = CARTESIAN_POINT ( 'NONE',  ( -5.999999999999997335, 10.00000000000000000, 20.85000000000000142 ) ) ;
#6859 = CARTESIAN_POINT ( 'NONE',  ( 11.40713420197532635, 3.510399774476057555, -10.15675655619352113 ) ) ;
#6860 =( NAMED_UNIT ( * ) PLANE_ANGLE_UNIT ( ) SI_UNIT ( $, .RADIAN. ) );
#6861 = CARTESIAN_POINT ( 'NONE',  ( -10.65315475726397310, 2.999999993085942229, -7.118877448778561323 ) ) ;
#6862 = ORIENTED_EDGE ( 'NONE', *, *, #5598, .T. ) ;
#6863 = MECHANICAL_DESIGN_GEOMETRIC_PRESENTATION_REPRESENTATION (  '', ( #2517 ), #2087 ) ;
#6864 = UNCERTAINTY_MEASURE_WITH_UNIT (LENGTH_MEASURE( 1.000000000000000082E-05 ), #2709, 'distance_accuracy_value', 'NONE');
#6865 = CARTESIAN_POINT ( 'NONE',  ( -8.024999999999996803, 7.500000000000000000, 8.025000000000000355 ) ) ;
#6866 = DIRECTION ( 'NONE',  ( 0.000000000000000000, 0.000000000000000000, 1.000000000000000000 ) ) ;
#6867 = DIRECTION ( 'NONE',  ( 0.000000000000000000, 0.000000000000000000, 1.000000000000000000 ) ) ;
#6868 = MECHANICAL_DESIGN_GEOMETRIC_PRESENTATION_REPRESENTATION (  '', ( #1747 ), #4308 ) ;
#6869 = ORIENTED_EDGE ( 'NONE', *, *, #6123, .T. ) ;
#6870 = AXIS2_PLACEMENT_3D ( 'NONE', #1907, #5478, #704 ) ;
#6871 = PLANE ( 'NONE',  #3150 ) ;
#6873 = DIRECTION ( 'NONE',  ( 0.000000000000000000, -1.000000000000000000, 0.000000000000000000 ) ) ;
#6872 =( NAMED_UNIT ( * ) PLANE_ANGLE_UNIT ( ) SI_UNIT ( $, .RADIAN. ) );
#6874 = EDGE_LOOP ( 'NONE', ( #4595, #1430, #3847, #4053 ) ) ;
#6875 = LINE ( 'NONE', #6327, #2122 ) ;
#6876 = VECTOR ( 'NONE', #5309, 1000.000000000000000 ) ;
#6877 = CARTESIAN_POINT ( 'NONE',  ( -11.11366063195633558, 3.506190792135527978, -10.60627824593982638 ) ) ;
#6878 = ORIENTED_EDGE ( 'NONE', *, *, #2560, .T. ) ;
#6879 = SURFACE_SIDE_STYLE ('',( #6821 ) ) ;
#6880 = DIRECTION ( 'NONE',  ( 0.000000000000000000, 0.000000000000000000, -1.000000000000000000 ) ) ;
#6881 = CIRCLE ( 'NONE', #1651, 0.7000000000000000666 ) ;
#6882 = AXIS2_PLACEMENT_3D ( 'NONE', #2365, #1255, #5916 ) ;
#6883 =( NAMED_UNIT ( * ) PLANE_ANGLE_UNIT ( ) SI_UNIT ( $, .RADIAN. ) );
#6884 = SURFACE_SIDE_STYLE ('',( #4772 ) ) ;
#6885 = DIRECTION ( 'NONE',  ( 1.000000000000000000, -0.000000000000000000, 0.000000000000000000 ) ) ;
#6886 = FACE_OUTER_BOUND ( 'NONE', #455, .T. ) ;
#6887 = FACE_OUTER_BOUND ( 'NONE', #2979, .T. ) ;
ENDSEC;
END-ISO-10303-21;
